# Created by FreeCAD <https://www.freecad.org>
v -15.720470 -5.900000 -17.850000
v -19.620470 -5.900000 -17.850000
v -15.720470 5.900000 -17.850000
v -19.620470 5.900000 -17.850000
v -15.720470 1.459133 1.469176
v -15.720470 1.498889 1.428593
v -15.720470 5.900000 5.950000
v -15.720470 1.418278 1.508653
v -15.720470 1.537517 1.386935
v -15.720470 1.376356 1.546994
v -15.720470 1.574987 1.344232
v -15.720470 1.333397 1.584171
v -15.720470 1.611272 1.300518
v -15.720470 1.289435 1.620155
v -15.720470 1.646344 1.255825
v -15.720470 1.244502 1.654920
v -15.720470 1.680177 1.210186
v -15.720470 1.198633 1.688438
v -15.720470 1.712745 1.163637
v -15.720470 1.151861 1.720686
v -15.720470 1.744023 1.116211
v -15.720470 1.104222 1.751639
v -15.720470 1.773989 1.067945
v -15.720470 1.055752 1.781273
v -15.720470 1.802620 1.018876
v -15.720470 1.006487 1.809566
v -15.720470 1.829893 0.969039
v -15.720470 0.956465 1.836497
v -15.720470 1.855789 0.918473
v -15.720470 0.905722 1.862045
v -15.720470 1.880288 0.867216
v -15.720470 0.854298 1.886192
v -15.720470 1.903371 0.815305
v -15.720470 0.802230 1.908919
v -15.720470 1.925022 0.762781
v -15.720470 0.749559 1.930209
v -15.720470 1.945224 0.709683
v -15.720470 0.696323 1.950046
v -15.720470 1.963961 0.656050
v -15.720470 0.642564 1.968415
v -15.720470 1.981220 0.601924
v -15.720470 0.588320 1.985302
v -15.720470 1.996987 0.547345
v -15.720470 0.533634 2.000695
v -15.720470 2.011252 0.492353
v -15.720470 0.478546 2.014582
v -15.720470 2.024002 0.436991
v -15.720470 0.423098 2.026952
v -15.720470 2.035228 0.381300
v -15.720470 0.367331 2.037796
v -15.720470 2.044923 0.325322
v -15.720470 0.311288 2.047107
v -15.720470 2.053078 0.269099
v -15.720470 0.255010 2.054876
v -15.720470 2.059688 0.212674
v -15.720470 0.198540 2.061098
v -15.720470 2.064747 0.156088
v -15.720470 0.141921 2.065769
v -15.720470 2.068252 0.099385
v -15.720470 0.085196 2.068885
v -15.720470 2.070200 0.042607
v -15.720470 0.028406 2.070444
v -15.720470 2.070590 -0.014203
v -15.720470 2.069421 -0.071002
v -15.720470 2.066694 -0.127748
v -15.720470 2.062412 -0.184398
v -15.720470 2.056577 -0.240909
v -15.720470 2.049194 -0.297239
v -15.720470 2.040268 -0.353344
v -15.720470 2.029806 -0.409184
v -15.720470 2.017817 -0.464716
v -15.720470 2.004308 -0.519898
v -15.720470 1.989291 -0.574688
v -15.720470 1.972776 -0.629046
v -15.720470 -5.900000 5.950000
v -15.720470 -0.028406 2.070444
v -15.720470 -0.085196 2.068885
v -15.720470 -0.141921 2.065769
v -15.720470 -0.198540 2.061098
v -15.720470 -0.255010 2.054876
v -15.720470 -0.311288 2.047107
v -15.720470 -0.367331 2.037796
v -15.720470 -0.423098 2.026952
v -15.720470 -0.478546 2.014582
v -15.720470 -0.533634 2.000695
v -15.720470 -0.588320 1.985302
v -15.720470 -0.642564 1.968415
v -15.720470 -0.696323 1.950046
v -15.720470 -0.749559 1.930209
v -15.720470 -0.802230 1.908919
v -15.720470 -0.854298 1.886192
v -15.720470 -0.905722 1.862045
v -15.720470 -0.956465 1.836497
v -15.720470 -1.006487 1.809566
v -15.720470 -1.055752 1.781273
v -15.720470 -1.104222 1.751639
v -15.720470 -1.151861 1.720686
v -15.720470 -1.198633 1.688438
v -15.720470 -1.244502 1.654920
v -15.720470 -1.289435 1.620155
v -15.720470 -1.333397 1.584171
v -15.720470 -1.376356 1.546994
v -15.720470 -1.418278 1.508653
v -15.720470 -1.459133 1.469176
v -15.720470 -1.498889 1.428593
v -15.720470 -1.537517 1.386935
v -15.720470 -1.574987 1.344232
v -15.720470 -1.611272 1.300518
v -15.720470 -1.646344 1.255825
v -15.720470 -1.680177 1.210186
v -15.720470 -1.712745 1.163637
v -15.720470 -1.744023 1.116211
v -15.720470 -1.773989 1.067945
v -15.720470 -1.802620 1.018876
v -15.720470 -1.829893 0.969039
v -15.720470 -1.855789 0.918473
v -15.720470 -1.880288 0.867216
v -15.720470 -1.903371 0.815305
v -15.720470 -1.925022 0.762781
v -15.720470 -1.945224 0.709683
v -15.720470 -1.963961 0.656050
v -15.720470 -1.981220 0.601924
v -15.720470 -1.996987 0.547345
v -15.720470 -2.011252 0.492353
v -15.720470 -2.024002 0.436991
v -15.720470 -2.035228 0.381300
v -15.720470 -2.044923 0.325322
v -15.720470 -2.053078 0.269099
v -15.720470 -2.059688 0.212674
v -15.720470 -2.064747 0.156088
v -15.720470 -2.068252 0.099385
v -15.720470 -2.070200 0.042607
v -15.720470 -2.070590 -0.014203
v -15.720470 -2.069421 -0.071002
v -15.720470 -2.066694 -0.127748
v -15.720470 -2.062412 -0.184398
v -15.720470 -2.056577 -0.240909
v -15.720470 -2.049194 -0.297239
v -15.720470 -2.040268 -0.353344
v -15.720470 -2.029806 -0.409184
v -15.720470 -2.017817 -0.464716
v -15.720470 -2.004308 -0.519898
v -15.720470 -1.989291 -0.574688
v -15.720470 0.000000 -2.070639
v -15.720470 0.056806 -2.069860
v -15.720470 0.113569 -2.067522
v -15.720470 0.170247 -2.063628
v -15.720470 0.226797 -2.058181
v -15.720470 0.283175 -2.051184
v -15.720470 0.339341 -2.042644
v -15.720470 0.395251 -2.032565
v -15.720470 0.450864 -2.020957
v -15.720470 0.506137 -2.007827
v -15.720470 0.561030 -1.993186
v -15.720470 0.615500 -1.977044
v -15.720470 0.669506 -1.959415
v -15.720470 0.723009 -1.940310
v -15.720470 0.775968 -1.919745
v -15.720470 0.828342 -1.897734
v -15.720470 0.880093 -1.874295
v -15.720470 0.931181 -1.849445
v -15.720470 0.981568 -1.823203
v -15.720470 1.031217 -1.795588
v -15.720470 1.080089 -1.766622
v -15.720470 1.128148 -1.736326
v -15.720470 1.175358 -1.704723
v -15.720470 1.221683 -1.671836
v -15.720470 1.267088 -1.637691
v -15.720470 1.311540 -1.602314
v -15.720470 1.355004 -1.565730
v -15.720470 1.397448 -1.527967
v -15.720470 1.438841 -1.489054
v -15.720470 1.479150 -1.449021
v -15.720470 1.518346 -1.407896
v -15.720470 1.556398 -1.365712
v -15.720470 1.593280 -1.322500
v -15.720470 1.628961 -1.278292
v -15.720470 1.663417 -1.233122
v -15.720470 1.696620 -1.187023
v -15.720470 1.728547 -1.140031
v -15.720470 1.759172 -1.092181
v -15.720470 1.788473 -1.043509
v -15.720470 1.816427 -0.994051
v -15.720470 1.843014 -0.943845
v -15.720470 1.868214 -0.892928
v -15.720470 1.892008 -0.841340
v -15.720470 1.914377 -0.789117
v -15.720470 1.935305 -0.736301
v -15.720470 1.954776 -0.682931
v -15.720470 -1.593280 -1.322500
v -15.720470 -1.556398 -1.365712
v -15.720470 -1.518346 -1.407896
v -15.720470 -1.479150 -1.449021
v -15.720470 -1.438841 -1.489054
v -15.720470 -1.397448 -1.527967
v -15.720470 -1.355004 -1.565730
v -15.720470 -1.311540 -1.602314
v -15.720470 -1.267088 -1.637691
v -15.720470 -1.221683 -1.671836
v -15.720470 -1.175358 -1.704723
v -15.720470 -1.128148 -1.736326
v -15.720470 -1.080089 -1.766622
v -15.720470 -1.031217 -1.795588
v -15.720470 -0.981568 -1.823203
v -15.720470 -0.931181 -1.849445
v -15.720470 -0.880093 -1.874295
v -15.720470 -0.828342 -1.897734
v -15.720470 -0.775968 -1.919745
v -15.720470 -0.723009 -1.940310
v -15.720470 -0.669506 -1.959415
v -15.720470 -0.615500 -1.977044
v -15.720470 -0.561030 -1.993186
v -15.720470 -0.506137 -2.007827
v -15.720470 -0.450864 -2.020957
v -15.720470 -0.395251 -2.032565
v -15.720470 -0.339341 -2.042644
v -15.720470 -0.283175 -2.051184
v -15.720470 -0.226797 -2.058181
v -15.720470 -0.170247 -2.063628
v -15.720470 -0.113569 -2.067522
v -15.720470 -0.056806 -2.069860
v -15.720470 -1.892008 -0.841340
v -15.720470 -1.868214 -0.892928
v -15.720470 -1.843014 -0.943845
v -15.720470 -1.816427 -0.994051
v -15.720470 -1.788473 -1.043509
v -15.720470 -1.759172 -1.092181
v -15.720470 -1.728547 -1.140031
v -15.720470 -1.696620 -1.187023
v -15.720470 -1.663417 -1.233122
v -15.720470 -1.628961 -1.278292
v -15.720470 -1.972776 -0.629046
v -15.720470 -1.954776 -0.682931
v -15.720470 -1.935305 -0.736301
v -15.720470 -1.914377 -0.789117
v -19.620470 0.694878 -19.180872
v -19.620470 0.714345 -19.200207
v -19.620470 0.733274 -19.220066
v -19.620470 0.674887 -19.162079
v -19.620470 0.751651 -19.240438
v -19.620470 0.654389 -19.143843
v -19.620470 0.769463 -19.261309
v -19.620470 0.633399 -19.126175
v -19.620470 0.786695 -19.282658
v -19.620470 0.611931 -19.109089
v -19.620470 0.803335 -19.304472
v -19.620470 0.590003 -19.092598
v -19.620470 0.819371 -19.326736
v -19.620470 0.567630 -19.076717
v -19.620470 0.834789 -19.349430
v -19.620470 0.544831 -19.061455
v -19.620470 0.849579 -19.372540
v -19.620470 0.521621 -19.046824
v -19.620470 0.863730 -19.396046
v -19.620470 0.498019 -19.032833
v -19.620470 0.877230 -19.419930
v -19.620470 0.474041 -19.019497
v -19.620470 0.890070 -19.444178
v -19.620470 0.449707 -19.006824
v -19.620470 0.902240 -19.468767
v -19.620470 0.425034 -18.994823
v -19.620470 0.913731 -19.493681
v -19.620470 0.400042 -18.983503
v -19.620470 0.924534 -19.518902
v -19.620470 0.374748 -18.972874
v -19.620470 0.934642 -19.544409
v -19.620470 0.349172 -18.962942
v -19.620470 0.944045 -19.570183
v -19.620470 0.323333 -18.953714
v -19.620470 0.952738 -19.596207
v -19.620470 0.297251 -18.945200
v -19.620470 0.960714 -19.622458
v -19.620470 0.270945 -18.937405
v -19.620470 0.967966 -19.648918
v -19.620470 0.244435 -18.930334
v -19.620470 0.974490 -19.675570
v -19.620470 0.217742 -18.923994
v -19.620470 0.980280 -19.702387
v -19.620470 0.190884 -18.918386
v -19.620470 0.985333 -19.729355
v -19.620470 0.163882 -18.913521
v -19.620470 0.989643 -19.756451
v -19.620470 0.136758 -18.909395
v -19.620470 0.993209 -19.783655
v -19.620470 0.109530 -18.906017
v -19.620470 0.996027 -19.810946
v -19.620470 0.998095 -19.838305
v -19.620470 0.999412 -19.865709
v -19.620470 0.999976 -19.893141
v -19.620470 5.900000 -21.950001
v -19.620470 0.999788 -19.920576
v -19.620470 0.998847 -19.947998
v -19.620470 0.997155 -19.975382
v -19.620470 0.994711 -20.002708
v -19.620470 0.991519 -20.029959
v -19.620470 0.987581 -20.057112
v -19.620470 0.982899 -20.084146
v -19.620470 0.977477 -20.111042
v -19.620470 0.971319 -20.137779
v -19.620470 0.964431 -20.164335
v -19.620470 0.956816 -20.190695
v -19.620470 0.948481 -20.216835
v -19.620470 0.939432 -20.242737
v -19.620470 0.929675 -20.268379
v -19.620470 0.919219 -20.293745
v -19.620470 0.908071 -20.318815
v -19.620470 0.896240 -20.343571
v -19.620470 0.883734 -20.367990
v -19.620470 0.870562 -20.392059
v -19.620470 0.856735 -20.415756
v -19.620470 0.842263 -20.439066
v -19.620470 0.827158 -20.461969
v -19.620470 0.811429 -20.484451
v -19.620470 0.795090 -20.506491
v -19.620470 0.778152 -20.528076
v -19.620470 0.760629 -20.549187
v -19.620470 0.742533 -20.569811
v -19.620470 0.723877 -20.589928
v -19.620470 0.704677 -20.609528
v -19.620470 0.684947 -20.628593
v -19.620470 0.664701 -20.647110
v -19.620470 0.643955 -20.665064
v -19.620470 0.622723 -20.682442
v -19.620470 0.601023 -20.699232
v -19.620470 0.578871 -20.715420
v -19.620470 0.556283 -20.730993
v -19.620470 0.533276 -20.745941
v -19.620470 0.509868 -20.760252
v -19.620470 0.486076 -20.773916
v -19.620470 0.461918 -20.786922
v -19.620470 0.437412 -20.799261
v -19.620470 0.412577 -20.810923
v -19.620470 0.387431 -20.821899
v -19.620470 0.361994 -20.832180
v -19.620470 0.336284 -20.841761
v -19.620470 0.310321 -20.850632
v -19.620470 0.284125 -20.858788
v -19.620470 0.257715 -20.866220
v -19.620470 0.231110 -20.872927
v -19.620470 0.204332 -20.878902
v -19.620470 0.177400 -20.884138
v -19.620470 0.150334 -20.888636
v -19.620470 0.123155 -20.892387
v -19.620470 0.095884 -20.895393
v -19.620470 -0.751651 -19.240438
v -19.620470 -0.769463 -19.261309
v -19.620470 -0.733274 -19.220066
v -19.620470 -0.714345 -19.200207
v -19.620470 -0.694878 -19.180872
v -19.620470 -0.674887 -19.162079
v -19.620470 -0.654389 -19.143843
v -19.620470 -0.633399 -19.126175
v -19.620470 -0.611931 -19.109089
v -19.620470 -0.590003 -19.092598
v -19.620470 -0.567630 -19.076717
v -19.620470 -0.544831 -19.061455
v -19.620470 -0.521621 -19.046824
v -19.620470 -0.498019 -19.032833
v -19.620470 -0.474041 -19.019497
v -19.620470 -0.449707 -19.006824
v -19.620470 -0.425034 -18.994823
v -19.620470 -0.400042 -18.983503
v -19.620470 -0.374748 -18.972874
v -19.620470 -0.349172 -18.962942
v -19.620470 -0.323333 -18.953714
v -19.620470 -0.297251 -18.945200
v -19.620470 -0.270945 -18.937405
v -19.620470 -0.244435 -18.930334
v -19.620470 -0.217742 -18.923994
v -19.620470 -0.190884 -18.918386
v -19.620470 -0.163882 -18.913521
v -19.620470 -0.136758 -18.909395
v -19.620470 -0.109530 -18.906017
v -19.620470 -0.082220 -18.903385
v -19.620470 -0.999412 -19.865709
v -19.620470 -0.999976 -19.893141
v -19.620470 -0.998095 -19.838305
v -19.620470 -0.996027 -19.810946
v -19.620470 -0.993209 -19.783655
v -19.620470 -0.989643 -19.756451
v -19.620470 -0.985333 -19.729355
v -19.620470 -0.980280 -19.702387
v -19.620470 -0.974490 -19.675570
v -19.620470 -0.967966 -19.648918
v -19.620470 -0.960714 -19.622458
v -19.620470 -0.952738 -19.596207
v -19.620470 -0.944045 -19.570183
v -19.620470 -0.934642 -19.544409
v -19.620470 -0.924534 -19.518902
v -19.620470 -0.913731 -19.493681
v -19.620470 -0.902240 -19.468767
v -19.620470 -0.890070 -19.444178
v -19.620470 -0.877230 -19.419930
v -19.620470 -0.863730 -19.396046
v -19.620470 -0.849579 -19.372540
v -19.620470 -0.834789 -19.349430
v -19.620470 -0.819371 -19.326736
v -19.620470 -0.803335 -19.304472
v -19.620470 -0.786695 -19.282658
v -19.620470 -0.095884 -20.895393
v -19.620470 -5.900000 -21.950001
v -19.620470 -0.068540 -20.897648
v -19.620470 -0.123155 -20.892387
v -19.620470 -0.150334 -20.888636
v -19.620470 -0.177400 -20.884138
v -19.620470 -0.204332 -20.878902
v -19.620470 -0.231110 -20.872927
v -19.620470 -0.257715 -20.866220
v -19.620470 -0.284125 -20.858788
v -19.620470 -0.310321 -20.850632
v -19.620470 -0.336284 -20.841761
v -19.620470 -0.361994 -20.832180
v -19.620470 -0.387431 -20.821899
v -19.620470 -0.412577 -20.810923
v -19.620470 -0.437412 -20.799261
v -19.620470 -0.461918 -20.786922
v -19.620470 -0.486076 -20.773916
v -19.620470 -0.509868 -20.760252
v -19.620470 -0.533276 -20.745941
v -19.620470 -0.556283 -20.730993
v -19.620470 -0.578871 -20.715420
v -19.620470 -0.601023 -20.699232
v -19.620470 -0.622723 -20.682442
v -19.620470 -0.643955 -20.665064
v -19.620470 -0.664701 -20.647110
v -19.620470 -0.684947 -20.628593
v -19.620470 -0.704677 -20.609528
v -19.620470 -0.723877 -20.589928
v -19.620470 -0.742533 -20.569811
v -19.620470 -0.760629 -20.549187
v -19.620470 -0.778152 -20.528076
v -19.620470 -0.795090 -20.506491
v -19.620470 -0.811429 -20.484451
v -19.620470 -0.827158 -20.461969
v -19.620470 -0.842263 -20.439066
v -19.620470 -0.856735 -20.415756
v -19.620470 -0.870562 -20.392059
v -19.620470 -0.883734 -20.367990
v -19.620470 -0.896240 -20.343571
v -19.620470 -0.908071 -20.318815
v -19.620470 -0.919219 -20.293745
v -19.620470 -0.929675 -20.268379
v -19.620470 -0.939432 -20.242737
v -19.620470 -0.948481 -20.216835
v -19.620470 -0.956816 -20.190695
v -19.620470 -0.964431 -20.164335
v -19.620470 -0.971319 -20.137779
v -19.620470 -0.977477 -20.111042
v -19.620470 -0.982899 -20.084146
v -19.620470 -0.987581 -20.057112
v -19.620470 -0.991519 -20.029959
v -19.620470 -0.994711 -20.002708
v -19.620470 -0.997155 -19.975382
v -19.620470 -0.998847 -19.947998
v -19.620470 -0.999788 -19.920576
v -19.620470 0.000000 -18.900000
v -19.620470 0.027434 -18.900377
v -19.620470 0.054847 -18.901505
v -19.620470 0.082220 -18.903385
v -19.620470 -0.027434 -18.900377
v -19.620470 -0.054847 -18.901505
v -19.620470 0.013718 -20.899906
v -19.620470 -0.013718 -20.899906
v -19.620470 -0.041145 -20.899153
v -19.620470 0.041145 -20.899153
v -19.620470 0.068540 -20.897648
v -21.320469 -5.900000 -21.950001
v -21.320469 -5.900000 -17.850000
v -19.620470 -5.900000 5.950000
v -21.320471 -5.900000 5.950000
v -19.620470 -5.900000 10.050000
v -21.320471 -5.900000 10.050000
v -36.520470 -5.900000 5.950000
v -36.520470 -5.900000 -17.850000
v -21.320469 5.900000 -21.950001
v -21.320469 5.900000 -17.850000
v -19.620470 5.900000 5.950000
v -21.320471 5.900000 5.950000
v -19.620470 5.900000 10.050000
v -21.320471 5.900000 10.050000
v -36.520470 5.900000 5.950000
v -36.520470 5.900000 -17.850000
v -9.520470 0.000000 -2.070639
v -9.520470 0.056806 -2.069860
v -9.520470 0.113569 -2.067522
v -9.520470 0.170247 -2.063628
v -9.520470 0.226797 -2.058181
v -9.520470 0.283175 -2.051184
v -9.520470 0.339341 -2.042644
v -9.520470 0.395251 -2.032565
v -9.520470 0.450864 -2.020957
v -9.520470 0.506137 -2.007827
v -9.520470 0.561030 -1.993186
v -9.520470 0.615500 -1.977044
v -9.520470 0.669506 -1.959415
v -9.520470 0.723009 -1.940310
v -9.520470 0.775968 -1.919745
v -9.520470 0.828342 -1.897734
v -9.520470 0.880093 -1.874295
v -9.520470 0.931181 -1.849445
v -9.520470 0.981568 -1.823203
v -9.520470 1.031217 -1.795588
v -9.520470 1.080089 -1.766622
v -9.520470 1.128148 -1.736326
v -9.520470 1.175358 -1.704723
v -9.520470 1.221683 -1.671836
v -9.520470 1.267088 -1.637691
v -9.520470 1.311540 -1.602314
v -9.520470 1.355004 -1.565730
v -9.520470 1.397448 -1.527967
v -9.520470 1.438841 -1.489054
v -9.520470 1.479150 -1.449021
v -9.520470 1.518346 -1.407896
v -9.520470 1.556398 -1.365712
v -9.520470 1.593280 -1.322500
v -9.520470 1.628961 -1.278292
v -9.520470 1.663417 -1.233122
v -9.520470 1.696620 -1.187023
v -9.520470 1.728547 -1.140031
v -9.520470 1.759172 -1.092181
v -9.520470 1.788473 -1.043509
v -9.520470 1.816427 -0.994051
v -9.520470 1.843014 -0.943845
v -9.520470 1.868214 -0.892928
v -9.520470 1.892008 -0.841340
v -9.520470 1.914377 -0.789117
v -9.520470 1.935305 -0.736301
v -9.520470 1.954776 -0.682931
v -9.520470 1.972776 -0.629046
v -9.520470 1.989291 -0.574688
v -9.520470 2.004308 -0.519898
v -9.520470 2.017817 -0.464716
v -9.520470 2.029806 -0.409184
v -9.520470 2.040268 -0.353344
v -9.520470 2.049194 -0.297239
v -9.520470 2.056577 -0.240909
v -9.520470 2.062412 -0.184398
v -9.520470 2.066694 -0.127748
v -9.520470 2.069421 -0.071002
v -9.520470 2.070590 -0.014203
v -9.520470 2.070200 0.042607
v -9.520470 2.068252 0.099385
v -9.520470 2.064747 0.156088
v -9.520470 2.059688 0.212674
v -9.520470 2.053078 0.269099
v -9.520470 2.044923 0.325322
v -9.520470 2.035228 0.381300
v -9.520470 2.024002 0.436991
v -9.520470 2.011252 0.492353
v -9.520470 1.996987 0.547345
v -9.520470 1.981220 0.601924
v -9.520470 1.963961 0.656050
v -9.520470 1.945224 0.709683
v -9.520470 1.925022 0.762781
v -9.520470 1.903371 0.815305
v -9.520470 1.880288 0.867216
v -9.520470 1.855789 0.918473
v -9.520470 1.829893 0.969039
v -9.520470 1.802620 1.018876
v -9.520470 1.773989 1.067945
v -9.520470 1.744023 1.116211
v -9.520470 1.712745 1.163637
v -9.520470 1.680177 1.210186
v -9.520470 1.646344 1.255825
v -9.520470 1.611272 1.300518
v -9.520470 1.574987 1.344232
v -9.520470 1.537517 1.386935
v -9.520470 1.498889 1.428593
v -9.520470 1.459133 1.469176
v -9.520470 1.418278 1.508653
v -9.520470 1.376356 1.546994
v -9.520470 1.333397 1.584171
v -9.520470 1.289435 1.620155
v -9.520470 1.244502 1.654920
v -9.520470 1.198633 1.688438
v -9.520470 1.151861 1.720686
v -9.520470 1.104222 1.751639
v -9.520470 1.055752 1.781273
v -9.520470 1.006487 1.809566
v -9.520470 0.956465 1.836497
v -9.520470 0.905722 1.862045
v -9.520470 0.854298 1.886192
v -9.520470 0.802230 1.908919
v -9.520470 0.749559 1.930209
v -9.520470 0.696323 1.950046
v -9.520470 0.642564 1.968415
v -9.520470 0.588320 1.985302
v -9.520470 0.533634 2.000695
v -9.520470 0.478546 2.014582
v -9.520470 0.423098 2.026952
v -9.520470 0.367331 2.037796
v -9.520470 0.311288 2.047107
v -9.520470 0.255010 2.054876
v -9.520470 0.198540 2.061098
v -9.520470 0.141921 2.065769
v -9.520470 0.085196 2.068885
v -9.520470 0.028406 2.070444
v -9.520470 -0.028406 2.070444
v -9.520470 -0.085196 2.068885
v -9.520470 -0.141921 2.065769
v -9.520470 -0.198540 2.061098
v -9.520470 -0.255010 2.054876
v -9.520470 -0.311288 2.047107
v -9.520470 -0.367331 2.037796
v -9.520470 -0.423098 2.026952
v -9.520470 -0.478546 2.014582
v -9.520470 -0.533634 2.000695
v -9.520470 -0.588320 1.985302
v -9.520470 -0.642564 1.968415
v -9.520470 -0.696323 1.950046
v -9.520470 -0.749559 1.930209
v -9.520470 -0.802230 1.908919
v -9.520470 -0.854298 1.886192
v -9.520470 -0.905722 1.862045
v -9.520470 -0.956465 1.836497
v -9.520470 -1.006487 1.809566
v -9.520470 -1.055752 1.781273
v -9.520470 -1.104222 1.751639
v -9.520470 -1.151861 1.720686
v -9.520470 -1.198633 1.688438
v -9.520470 -1.244502 1.654920
v -9.520470 -1.289435 1.620155
v -9.520470 -1.333397 1.584171
v -9.520470 -1.376356 1.546994
v -9.520470 -1.418278 1.508653
v -9.520470 -1.459133 1.469176
v -9.520470 -1.498889 1.428593
v -9.520470 -1.537517 1.386935
v -9.520470 -1.574987 1.344232
v -9.520470 -1.611272 1.300518
v -9.520470 -1.646344 1.255825
v -9.520470 -1.680177 1.210186
v -9.520470 -1.712745 1.163637
v -9.520470 -1.744023 1.116211
v -9.520470 -1.773989 1.067945
v -9.520470 -1.802620 1.018876
v -9.520470 -1.829893 0.969039
v -9.520470 -1.855789 0.918473
v -9.520470 -1.880288 0.867216
v -9.520470 -1.903371 0.815305
v -9.520470 -1.925022 0.762781
v -9.520470 -1.945224 0.709683
v -9.520470 -1.963961 0.656050
v -9.520470 -1.981220 0.601924
v -9.520470 -1.996987 0.547345
v -9.520470 -2.011252 0.492353
v -9.520470 -2.024002 0.436991
v -9.520470 -2.035228 0.381300
v -9.520470 -2.044923 0.325322
v -9.520470 -2.053078 0.269099
v -9.520470 -2.059688 0.212674
v -9.520470 -2.064747 0.156088
v -9.520470 -2.068252 0.099385
v -9.520470 -2.070200 0.042607
v -9.520470 -2.070590 -0.014203
v -9.520470 -2.069421 -0.071002
v -9.520470 -2.066694 -0.127748
v -9.520470 -2.062412 -0.184398
v -9.520470 -2.056577 -0.240909
v -9.520470 -2.049194 -0.297239
v -9.520470 -2.040268 -0.353344
v -9.520470 -2.029806 -0.409184
v -9.520470 -2.017817 -0.464716
v -9.520470 -2.004308 -0.519898
v -9.520470 -1.989291 -0.574688
v -9.520470 -1.972776 -0.629046
v -9.520470 -1.954776 -0.682931
v -9.520470 -1.935305 -0.736301
v -9.520470 -1.914377 -0.789117
v -9.520470 -1.892008 -0.841340
v -9.520470 -1.868214 -0.892928
v -9.520470 -1.843014 -0.943845
v -9.520470 -1.816427 -0.994051
v -9.520470 -1.788473 -1.043509
v -9.520470 -1.759172 -1.092181
v -9.520470 -1.728547 -1.140031
v -9.520470 -1.696620 -1.187023
v -9.520470 -1.663417 -1.233122
v -9.520470 -1.628961 -1.278292
v -9.520470 -1.593280 -1.322500
v -9.520470 -1.556398 -1.365712
v -9.520470 -1.518346 -1.407896
v -9.520470 -1.479150 -1.449021
v -9.520470 -1.438841 -1.489054
v -9.520470 -1.397448 -1.527967
v -9.520470 -1.355004 -1.565730
v -9.520470 -1.311540 -1.602314
v -9.520470 -1.267088 -1.637691
v -9.520470 -1.221683 -1.671836
v -9.520470 -1.175358 -1.704723
v -9.520470 -1.128148 -1.736326
v -9.520470 -1.080089 -1.766622
v -9.520470 -1.031217 -1.795588
v -9.520470 -0.981568 -1.823203
v -9.520470 -0.931181 -1.849445
v -9.520470 -0.880093 -1.874295
v -9.520470 -0.828342 -1.897734
v -9.520470 -0.775968 -1.919745
v -9.520470 -0.723009 -1.940310
v -9.520470 -0.669506 -1.959415
v -9.520470 -0.615500 -1.977044
v -9.520470 -0.561030 -1.993186
v -9.520470 -0.506137 -2.007827
v -9.520470 -0.450864 -2.020957
v -9.520470 -0.395251 -2.032565
v -9.520470 -0.339341 -2.042644
v -9.520470 -0.283175 -2.051184
v -9.520470 -0.226797 -2.058181
v -9.520470 -0.170247 -2.063628
v -9.520470 -0.113569 -2.067522
v -9.520470 -0.056806 -2.069860
v -21.320469 0.000000 -18.900000
v -21.320469 0.027434 -18.900377
v -21.320469 0.054847 -18.901505
v -21.320469 0.082220 -18.903385
v -21.320469 0.109530 -18.906017
v -21.320469 0.136758 -18.909395
v -21.320469 0.163882 -18.913521
v -21.320469 0.190884 -18.918386
v -21.320469 0.217742 -18.923994
v -21.320469 0.244435 -18.930334
v -21.320469 0.270945 -18.937405
v -21.320469 0.297251 -18.945200
v -21.320469 0.323333 -18.953714
v -21.320469 0.349172 -18.962942
v -21.320469 0.374748 -18.972874
v -21.320469 0.400042 -18.983503
v -21.320469 0.425034 -18.994823
v -21.320469 0.449707 -19.006824
v -21.320469 0.474041 -19.019497
v -21.320469 0.498019 -19.032833
v -21.320469 0.521621 -19.046824
v -21.320469 0.544831 -19.061455
v -21.320469 0.567630 -19.076717
v -21.320469 0.590003 -19.092598
v -21.320469 0.611931 -19.109089
v -21.320469 0.633399 -19.126175
v -21.320469 0.654389 -19.143843
v -21.320469 0.674887 -19.162079
v -21.320469 0.694878 -19.180872
v -21.320469 0.714345 -19.200207
v -21.320469 0.733274 -19.220066
v -21.320469 0.751651 -19.240438
v -21.320469 0.769463 -19.261309
v -21.320469 0.786695 -19.282658
v -21.320469 0.803335 -19.304472
v -21.320469 0.819371 -19.326736
v -21.320469 0.834789 -19.349430
v -21.320469 0.849579 -19.372540
v -21.320469 0.863730 -19.396046
v -21.320469 0.877230 -19.419930
v -21.320469 0.890070 -19.444178
v -21.320469 0.902240 -19.468767
v -21.320469 0.913731 -19.493681
v -21.320469 0.924534 -19.518902
v -21.320469 0.934642 -19.544409
v -21.320469 0.944045 -19.570183
v -21.320469 0.952738 -19.596207
v -21.320469 0.960714 -19.622458
v -21.320469 0.967966 -19.648918
v -21.320469 0.974490 -19.675570
v -21.320469 0.980280 -19.702387
v -21.320469 0.985333 -19.729355
v -21.320469 0.989643 -19.756451
v -21.320469 0.993209 -19.783655
v -21.320469 0.996027 -19.810946
v -21.320469 0.998095 -19.838305
v -21.320469 0.999412 -19.865709
v -21.320469 0.999976 -19.893141
v -21.320469 0.999788 -19.920576
v -21.320469 0.998847 -19.947998
v -21.320469 0.997155 -19.975382
v -21.320469 0.994711 -20.002708
v -21.320469 0.991519 -20.029959
v -21.320469 0.987581 -20.057112
v -21.320469 0.982899 -20.084146
v -21.320469 0.977477 -20.111042
v -21.320469 0.971319 -20.137779
v -21.320469 0.964431 -20.164335
v -21.320469 0.956816 -20.190695
v -21.320469 0.948481 -20.216835
v -21.320469 0.939432 -20.242737
v -21.320469 0.929675 -20.268379
v -21.320469 0.919219 -20.293745
v -21.320469 0.908071 -20.318815
v -21.320469 0.896240 -20.343571
v -21.320469 0.883734 -20.367990
v -21.320469 0.870562 -20.392059
v -21.320469 0.856735 -20.415756
v -21.320469 0.842263 -20.439066
v -21.320469 0.827158 -20.461969
v -21.320469 0.811429 -20.484451
v -21.320469 0.795090 -20.506491
v -21.320469 0.778152 -20.528076
v -21.320469 0.760629 -20.549187
v -21.320469 0.742533 -20.569811
v -21.320469 0.723877 -20.589928
v -21.320469 0.704677 -20.609528
v -21.320469 0.684947 -20.628593
v -21.320469 0.664701 -20.647110
v -21.320469 0.643955 -20.665064
v -21.320469 0.622723 -20.682442
v -21.320469 0.601023 -20.699232
v -21.320469 0.578871 -20.715420
v -21.320469 0.556283 -20.730993
v -21.320469 0.533276 -20.745941
v -21.320469 0.509868 -20.760252
v -21.320469 0.486076 -20.773916
v -21.320469 0.461918 -20.786922
v -21.320469 0.437412 -20.799261
v -21.320469 0.412577 -20.810923
v -21.320469 0.387431 -20.821899
v -21.320469 0.361994 -20.832180
v -21.320469 0.336284 -20.841761
v -21.320469 0.310321 -20.850632
v -21.320469 0.284125 -20.858788
v -21.320469 0.257715 -20.866220
v -21.320469 0.231110 -20.872927
v -21.320469 0.204332 -20.878902
v -21.320469 0.177400 -20.884138
v -21.320469 0.150334 -20.888636
v -21.320469 0.123155 -20.892387
v -21.320469 0.095884 -20.895393
v -21.320469 0.068540 -20.897648
v -21.320469 0.041145 -20.899153
v -21.320469 0.013718 -20.899906
v -21.320469 -0.013718 -20.899906
v -21.320469 -0.041145 -20.899153
v -21.320469 -0.068540 -20.897648
v -21.320469 -0.095884 -20.895393
v -21.320469 -0.123155 -20.892387
v -21.320469 -0.150334 -20.888636
v -21.320469 -0.177400 -20.884138
v -21.320469 -0.204332 -20.878902
v -21.320469 -0.231110 -20.872927
v -21.320469 -0.257715 -20.866220
v -21.320469 -0.284125 -20.858788
v -21.320469 -0.310321 -20.850632
v -21.320469 -0.336284 -20.841761
v -21.320469 -0.361994 -20.832180
v -21.320469 -0.387431 -20.821899
v -21.320469 -0.412577 -20.810923
v -21.320469 -0.437412 -20.799261
v -21.320469 -0.461918 -20.786922
v -21.320469 -0.486076 -20.773916
v -21.320469 -0.509868 -20.760252
v -21.320469 -0.533276 -20.745941
v -21.320469 -0.556283 -20.730993
v -21.320469 -0.578871 -20.715420
v -21.320469 -0.601023 -20.699232
v -21.320469 -0.622723 -20.682442
v -21.320469 -0.643955 -20.665064
v -21.320469 -0.664701 -20.647110
v -21.320469 -0.684947 -20.628593
v -21.320469 -0.704677 -20.609528
v -21.320469 -0.723877 -20.589928
v -21.320469 -0.742533 -20.569811
v -21.320469 -0.760629 -20.549187
v -21.320469 -0.778152 -20.528076
v -21.320469 -0.795090 -20.506491
v -21.320469 -0.811429 -20.484451
v -21.320469 -0.827158 -20.461969
v -21.320469 -0.842263 -20.439066
v -21.320469 -0.856735 -20.415756
v -21.320469 -0.870562 -20.392059
v -21.320469 -0.883734 -20.367990
v -21.320469 -0.896240 -20.343571
v -21.320469 -0.908071 -20.318815
v -21.320469 -0.919219 -20.293745
v -21.320469 -0.929675 -20.268379
v -21.320469 -0.939432 -20.242737
v -21.320469 -0.948481 -20.216835
v -21.320469 -0.956816 -20.190695
v -21.320469 -0.964431 -20.164335
v -21.320469 -0.971319 -20.137779
v -21.320469 -0.977477 -20.111042
v -21.320469 -0.982899 -20.084146
v -21.320469 -0.987581 -20.057112
v -21.320469 -0.991519 -20.029959
v -21.320469 -0.994711 -20.002708
v -21.320469 -0.997155 -19.975382
v -21.320469 -0.998847 -19.947998
v -21.320469 -0.999788 -19.920576
v -21.320469 -0.999976 -19.893141
v -21.320469 -0.999412 -19.865709
v -21.320469 -0.998095 -19.838305
v -21.320469 -0.996027 -19.810946
v -21.320469 -0.993209 -19.783655
v -21.320469 -0.989643 -19.756451
v -21.320469 -0.985333 -19.729355
v -21.320469 -0.980280 -19.702387
v -21.320469 -0.974490 -19.675570
v -21.320469 -0.967966 -19.648918
v -21.320469 -0.960714 -19.622458
v -21.320469 -0.952738 -19.596207
v -21.320469 -0.944045 -19.570183
v -21.320469 -0.934642 -19.544409
v -21.320469 -0.924534 -19.518902
v -21.320469 -0.913731 -19.493681
v -21.320469 -0.902240 -19.468767
v -21.320469 -0.890070 -19.444178
v -21.320469 -0.877230 -19.419930
v -21.320469 -0.863730 -19.396046
v -21.320469 -0.849579 -19.372540
v -21.320469 -0.834789 -19.349430
v -21.320469 -0.819371 -19.326736
v -21.320469 -0.803335 -19.304472
v -21.320469 -0.786695 -19.282658
v -21.320469 -0.769463 -19.261309
v -21.320469 -0.751651 -19.240438
v -21.320469 -0.733274 -19.220066
v -21.320469 -0.714345 -19.200207
v -21.320469 -0.694878 -19.180872
v -21.320469 -0.674887 -19.162079
v -21.320469 -0.654389 -19.143843
v -21.320469 -0.633399 -19.126175
v -21.320469 -0.611931 -19.109089
v -21.320469 -0.590003 -19.092598
v -21.320469 -0.567630 -19.076717
v -21.320469 -0.544831 -19.061455
v -21.320469 -0.521621 -19.046824
v -21.320469 -0.498019 -19.032833
v -21.320469 -0.474041 -19.019497
v -21.320469 -0.449707 -19.006824
v -21.320469 -0.425034 -18.994823
v -21.320469 -0.400042 -18.983503
v -21.320469 -0.374748 -18.972874
v -21.320469 -0.349172 -18.962942
v -21.320469 -0.323333 -18.953714
v -21.320469 -0.297251 -18.945200
v -21.320469 -0.270945 -18.937405
v -21.320469 -0.244435 -18.930334
v -21.320469 -0.217742 -18.923994
v -21.320469 -0.190884 -18.918386
v -21.320469 -0.163882 -18.913521
v -21.320469 -0.136758 -18.909395
v -21.320469 -0.109530 -18.906017
v -21.320469 -0.082220 -18.903385
v -21.320469 -0.054847 -18.901505
v -21.320469 -0.027434 -18.900377
vn 0.000000 0.000000 -1.000000
vn -0.000000 0.000000 -1.000000
vn 1.000000 -0.000000 0.000000
vn 1.000000 0.000000 0.000000
vn 1.000000 -0.000000 0.000000
vn 1.000000 0.000000 0.000000
vn 1.000000 -0.000000 0.000000
vn 1.000000 0.000000 0.000000
vn 1.000000 -0.000000 0.000000
vn 1.000000 0.000000 0.000000
vn 1.000000 -0.000000 0.000000
vn 1.000000 0.000000 0.000000
vn 1.000000 -0.000000 0.000000
vn 1.000000 0.000000 0.000000
vn 1.000000 -0.000000 0.000000
vn 1.000000 0.000000 0.000000
vn 1.000000 -0.000000 0.000000
vn 1.000000 0.000000 0.000000
vn 1.000000 -0.000000 0.000000
vn 1.000000 0.000000 0.000000
vn 1.000000 -0.000000 0.000000
vn 1.000000 0.000000 0.000000
vn 1.000000 -0.000000 0.000000
vn 1.000000 0.000000 0.000000
vn 1.000000 -0.000000 0.000000
vn 1.000000 0.000000 0.000000
vn 1.000000 -0.000000 0.000000
vn 1.000000 0.000000 0.000000
vn 1.000000 -0.000000 0.000000
vn 1.000000 0.000000 0.000000
vn 1.000000 -0.000000 0.000000
vn 1.000000 0.000000 0.000000
vn 1.000000 -0.000000 0.000000
vn 1.000000 0.000000 0.000000
vn 1.000000 -0.000000 0.000000
vn 1.000000 0.000000 0.000000
vn 1.000000 -0.000000 0.000000
vn 1.000000 0.000000 0.000000
vn 1.000000 -0.000000 0.000000
vn 1.000000 0.000000 0.000000
vn 1.000000 -0.000000 0.000000
vn 1.000000 0.000000 0.000000
vn 1.000000 -0.000000 0.000000
vn 1.000000 0.000000 0.000000
vn 1.000000 -0.000000 0.000000
vn 1.000000 0.000000 0.000000
vn 1.000000 -0.000000 0.000000
vn 1.000000 0.000000 0.000000
vn 1.000000 -0.000000 0.000000
vn 1.000000 0.000000 0.000000
vn 1.000000 -0.000000 0.000000
vn 1.000000 0.000000 0.000000
vn 1.000000 -0.000000 0.000000
vn 1.000000 0.000000 0.000000
vn 1.000000 -0.000000 0.000000
vn 1.000000 0.000000 0.000000
vn 1.000000 -0.000000 0.000000
vn 1.000000 0.000000 0.000000
vn 1.000000 -0.000000 0.000000
vn 1.000000 -0.000000 0.000000
vn 1.000000 -0.000000 0.000000
vn 1.000000 -0.000000 0.000000
vn 1.000000 -0.000000 0.000000
vn 1.000000 -0.000000 0.000000
vn 1.000000 -0.000000 0.000000
vn 1.000000 -0.000000 0.000000
vn 1.000000 -0.000000 0.000000
vn 1.000000 -0.000000 0.000000
vn 1.000000 -0.000000 0.000000
vn 1.000000 -0.000000 0.000000
vn 1.000000 0.000000 0.000000
vn 1.000000 0.000000 0.000000
vn 1.000000 0.000000 0.000000
vn 1.000000 0.000000 0.000000
vn 1.000000 0.000000 0.000000
vn 1.000000 0.000000 0.000000
vn 1.000000 0.000000 0.000000
vn 1.000000 0.000000 0.000000
vn 1.000000 0.000000 0.000000
vn 1.000000 0.000000 0.000000
vn 1.000000 0.000000 0.000000
vn 1.000000 0.000000 0.000000
vn 1.000000 0.000000 0.000000
vn 1.000000 0.000000 0.000000
vn 1.000000 0.000000 0.000000
vn 1.000000 0.000000 0.000000
vn 1.000000 0.000000 0.000000
vn 1.000000 0.000000 0.000000
vn 1.000000 0.000000 0.000000
vn 1.000000 0.000000 0.000000
vn 1.000000 0.000000 0.000000
vn 1.000000 0.000000 0.000000
vn 1.000000 0.000000 0.000000
vn 1.000000 0.000000 0.000000
vn 1.000000 0.000000 0.000000
vn 1.000000 0.000000 0.000000
vn 1.000000 0.000000 0.000000
vn 1.000000 0.000000 0.000000
vn 1.000000 0.000000 0.000000
vn 1.000000 0.000000 0.000000
vn 1.000000 0.000000 0.000000
vn 1.000000 0.000000 0.000000
vn 1.000000 0.000000 0.000000
vn 1.000000 0.000000 0.000000
vn 1.000000 0.000000 0.000000
vn 1.000000 0.000000 0.000000
vn 1.000000 0.000000 0.000000
vn 1.000000 0.000000 0.000000
vn 1.000000 0.000000 0.000000
vn 1.000000 0.000000 0.000000
vn 1.000000 0.000000 0.000000
vn 1.000000 0.000000 0.000000
vn 1.000000 0.000000 0.000000
vn 1.000000 0.000000 0.000000
vn 1.000000 0.000000 0.000000
vn 1.000000 0.000000 0.000000
vn 1.000000 0.000000 0.000000
vn 1.000000 0.000000 0.000000
vn 1.000000 0.000000 0.000000
vn 1.000000 0.000000 0.000000
vn 1.000000 0.000000 0.000000
vn 1.000000 0.000000 0.000000
vn 1.000000 0.000000 0.000000
vn 1.000000 0.000000 0.000000
vn 1.000000 0.000000 0.000000
vn 1.000000 0.000000 0.000000
vn 1.000000 0.000000 0.000000
vn 1.000000 0.000000 0.000000
vn 1.000000 0.000000 0.000000
vn 1.000000 0.000000 0.000000
vn 1.000000 0.000000 0.000000
vn 1.000000 0.000000 0.000000
vn 1.000000 0.000000 0.000000
vn 1.000000 0.000000 0.000000
vn 1.000000 0.000000 0.000000
vn 1.000000 0.000000 0.000000
vn 1.000000 0.000000 0.000000
vn 1.000000 0.000000 0.000000
vn 1.000000 0.000000 0.000000
vn 1.000000 -0.000000 0.000000
vn 1.000000 -0.000000 0.000000
vn 1.000000 -0.000000 0.000000
vn 1.000000 -0.000000 0.000000
vn 1.000000 -0.000000 0.000000
vn 1.000000 -0.000000 0.000000
vn 1.000000 -0.000000 0.000000
vn 1.000000 -0.000000 0.000000
vn 1.000000 -0.000000 0.000000
vn 1.000000 -0.000000 0.000000
vn 1.000000 -0.000000 0.000000
vn 1.000000 -0.000000 0.000000
vn 1.000000 -0.000000 0.000000
vn 1.000000 -0.000000 0.000000
vn 1.000000 -0.000000 0.000000
vn 1.000000 -0.000000 0.000000
vn 1.000000 -0.000000 0.000000
vn 1.000000 -0.000000 0.000000
vn 1.000000 -0.000000 0.000000
vn 1.000000 -0.000000 0.000000
vn 1.000000 -0.000000 0.000000
vn 1.000000 -0.000000 0.000000
vn 1.000000 -0.000000 0.000000
vn 1.000000 -0.000000 0.000000
vn 1.000000 -0.000000 0.000000
vn 1.000000 -0.000000 0.000000
vn 1.000000 -0.000000 0.000000
vn 1.000000 -0.000000 0.000000
vn 1.000000 -0.000000 0.000000
vn 1.000000 -0.000000 0.000000
vn 1.000000 -0.000000 0.000000
vn 1.000000 -0.000000 0.000000
vn 1.000000 -0.000000 0.000000
vn 1.000000 -0.000000 0.000000
vn 1.000000 -0.000000 0.000000
vn 1.000000 -0.000000 0.000000
vn 1.000000 -0.000000 0.000000
vn 1.000000 -0.000000 0.000000
vn 1.000000 -0.000000 0.000000
vn 1.000000 -0.000000 0.000000
vn 1.000000 -0.000000 0.000000
vn 1.000000 -0.000000 0.000000
vn 1.000000 -0.000000 0.000000
vn 1.000000 -0.000000 0.000000
vn 1.000000 -0.000000 0.000000
vn 1.000000 -0.000000 0.000000
vn 1.000000 -0.000000 0.000000
vn 1.000000 0.000000 0.000000
vn 1.000000 0.000000 0.000000
vn 1.000000 0.000000 0.000000
vn 1.000000 0.000000 0.000000
vn 1.000000 0.000000 0.000000
vn 1.000000 0.000000 0.000000
vn 1.000000 0.000000 0.000000
vn 1.000000 0.000000 0.000000
vn 1.000000 0.000000 0.000000
vn 1.000000 0.000000 0.000000
vn 1.000000 0.000000 0.000000
vn 1.000000 0.000000 0.000000
vn 1.000000 0.000000 0.000000
vn 1.000000 0.000000 0.000000
vn 1.000000 0.000000 0.000000
vn 1.000000 0.000000 0.000000
vn 1.000000 0.000000 0.000000
vn 1.000000 0.000000 0.000000
vn 1.000000 0.000000 0.000000
vn 1.000000 0.000000 0.000000
vn 1.000000 0.000000 0.000000
vn 1.000000 0.000000 0.000000
vn 1.000000 0.000000 0.000000
vn 1.000000 0.000000 0.000000
vn 1.000000 0.000000 0.000000
vn 1.000000 0.000000 0.000000
vn 1.000000 0.000000 0.000000
vn 1.000000 0.000000 0.000000
vn 1.000000 0.000000 0.000000
vn 1.000000 0.000000 0.000000
vn 1.000000 0.000000 0.000000
vn 1.000000 0.000000 0.000000
vn 1.000000 0.000000 0.000000
vn 1.000000 0.000000 0.000000
vn 1.000000 0.000000 0.000000
vn 1.000000 0.000000 0.000000
vn 1.000000 0.000000 0.000000
vn 1.000000 0.000000 0.000000
vn 1.000000 0.000000 0.000000
vn 1.000000 0.000000 0.000000
vn 1.000000 0.000000 0.000000
vn 1.000000 0.000000 0.000000
vn 1.000000 0.000000 0.000000
vn 1.000000 0.000000 0.000000
vn 1.000000 0.000000 0.000000
vn 1.000000 0.000000 0.000000
vn 1.000000 0.000000 0.000000
vn 1.000000 0.000000 0.000000
vn 1.000000 0.000000 0.000000
vn 1.000000 0.000000 0.000000
vn 1.000000 -0.000000 0.000000
vn 1.000000 0.000000 0.000000
vn 1.000000 -0.000000 0.000000
vn 1.000000 0.000000 0.000000
vn 1.000000 -0.000000 0.000000
vn 1.000000 0.000000 0.000000
vn 1.000000 -0.000000 0.000000
vn 1.000000 0.000000 0.000000
vn 1.000000 -0.000000 0.000000
vn 1.000000 0.000000 0.000000
vn 1.000000 -0.000000 0.000000
vn 1.000000 0.000000 0.000000
vn 1.000000 -0.000000 0.000000
vn 1.000000 0.000000 0.000000
vn 1.000000 -0.000000 0.000000
vn 1.000000 0.000000 0.000000
vn 1.000000 -0.000000 0.000000
vn 1.000000 0.000000 0.000000
vn 1.000000 -0.000000 0.000000
vn 1.000000 0.000000 0.000000
vn 1.000000 -0.000000 0.000000
vn 1.000000 0.000000 0.000000
vn 1.000000 -0.000000 0.000000
vn 1.000000 0.000000 0.000000
vn 1.000000 -0.000000 0.000000
vn 1.000000 0.000000 0.000000
vn 1.000000 -0.000000 0.000000
vn 1.000000 0.000000 0.000000
vn 1.000000 -0.000000 0.000000
vn 1.000000 0.000000 0.000000
vn 1.000000 -0.000000 0.000000
vn 1.000000 0.000000 0.000000
vn 1.000000 -0.000000 0.000000
vn 1.000000 0.000000 0.000000
vn 1.000000 -0.000000 0.000000
vn 1.000000 0.000000 0.000000
vn 1.000000 -0.000000 0.000000
vn 1.000000 0.000000 0.000000
vn 1.000000 -0.000000 0.000000
vn 1.000000 0.000000 0.000000
vn 1.000000 -0.000000 0.000000
vn 1.000000 0.000000 0.000000
vn 1.000000 -0.000000 0.000000
vn 1.000000 0.000000 0.000000
vn 1.000000 -0.000000 0.000000
vn 1.000000 0.000000 0.000000
vn 1.000000 -0.000000 0.000000
vn 1.000000 0.000000 0.000000
vn 1.000000 -0.000000 0.000000
vn 1.000000 -0.000000 0.000000
vn 1.000000 -0.000000 0.000000
vn 1.000000 0.000000 0.000000
vn 1.000000 -0.000000 0.000000
vn 1.000000 0.000000 0.000000
vn 1.000000 0.000000 0.000000
vn 1.000000 0.000000 0.000000
vn 1.000000 0.000000 0.000000
vn 1.000000 0.000000 0.000000
vn 1.000000 0.000000 0.000000
vn 1.000000 0.000000 0.000000
vn 1.000000 0.000000 0.000000
vn 1.000000 0.000000 0.000000
vn 1.000000 0.000000 0.000000
vn 1.000000 0.000000 0.000000
vn 1.000000 0.000000 0.000000
vn 1.000000 0.000000 0.000000
vn 1.000000 0.000000 0.000000
vn 1.000000 0.000000 0.000000
vn 1.000000 0.000000 0.000000
vn 1.000000 0.000000 0.000000
vn 1.000000 0.000000 0.000000
vn 1.000000 0.000000 0.000000
vn 1.000000 0.000000 0.000000
vn 1.000000 0.000000 0.000000
vn 1.000000 0.000000 0.000000
vn 1.000000 0.000000 0.000000
vn 1.000000 0.000000 0.000000
vn 1.000000 0.000000 0.000000
vn 1.000000 0.000000 0.000000
vn 1.000000 0.000000 0.000000
vn 1.000000 0.000000 0.000000
vn 1.000000 0.000000 0.000000
vn 1.000000 0.000000 0.000000
vn 1.000000 0.000000 0.000000
vn 1.000000 0.000000 0.000000
vn 1.000000 0.000000 0.000000
vn 1.000000 0.000000 0.000000
vn 1.000000 0.000000 0.000000
vn 1.000000 0.000000 0.000000
vn 1.000000 0.000000 0.000000
vn 1.000000 0.000000 0.000000
vn 1.000000 0.000000 0.000000
vn 1.000000 0.000000 0.000000
vn 1.000000 0.000000 0.000000
vn 1.000000 0.000000 0.000000
vn 1.000000 0.000000 0.000000
vn 1.000000 0.000000 0.000000
vn 1.000000 0.000000 0.000000
vn 1.000000 0.000000 0.000000
vn 1.000000 0.000000 0.000000
vn 1.000000 0.000000 0.000000
vn 1.000000 0.000000 0.000000
vn 1.000000 0.000000 0.000000
vn 1.000000 0.000000 0.000000
vn 1.000000 0.000000 0.000000
vn 1.000000 0.000000 0.000000
vn 1.000000 0.000000 0.000000
vn 1.000000 0.000000 0.000000
vn 1.000000 0.000000 0.000000
vn 1.000000 0.000000 0.000000
vn 1.000000 0.000000 0.000000
vn 1.000000 0.000000 0.000000
vn 1.000000 0.000000 0.000000
vn 1.000000 0.000000 0.000000
vn 1.000000 0.000000 0.000000
vn 1.000000 0.000000 0.000000
vn 1.000000 0.000000 0.000000
vn 1.000000 0.000000 0.000000
vn 1.000000 0.000000 0.000000
vn 1.000000 0.000000 0.000000
vn 1.000000 0.000000 0.000000
vn 1.000000 0.000000 0.000000
vn 1.000000 0.000000 0.000000
vn 1.000000 0.000000 0.000000
vn 1.000000 0.000000 0.000000
vn 1.000000 0.000000 0.000000
vn 1.000000 0.000000 0.000000
vn 1.000000 0.000000 0.000000
vn 1.000000 0.000000 0.000000
vn 1.000000 0.000000 0.000000
vn 1.000000 0.000000 0.000000
vn 1.000000 0.000000 0.000000
vn 1.000000 0.000000 0.000000
vn 1.000000 0.000000 0.000000
vn 1.000000 0.000000 0.000000
vn 1.000000 0.000000 0.000000
vn 1.000000 0.000000 0.000000
vn 1.000000 0.000000 0.000000
vn 1.000000 0.000000 0.000000
vn 1.000000 0.000000 0.000000
vn 1.000000 0.000000 0.000000
vn 1.000000 0.000000 0.000000
vn 1.000000 0.000000 0.000000
vn 1.000000 0.000000 0.000000
vn 1.000000 0.000000 0.000000
vn 1.000000 0.000000 0.000000
vn 1.000000 0.000000 0.000000
vn 1.000000 0.000000 0.000000
vn 1.000000 0.000000 0.000000
vn 1.000000 0.000000 0.000000
vn 1.000000 0.000000 0.000000
vn 1.000000 0.000000 0.000000
vn 1.000000 0.000000 0.000000
vn 1.000000 0.000000 0.000000
vn 1.000000 0.000000 0.000000
vn 1.000000 0.000000 0.000000
vn 1.000000 0.000000 0.000000
vn 1.000000 0.000000 0.000000
vn 1.000000 0.000000 0.000000
vn 1.000000 0.000000 0.000000
vn 1.000000 0.000000 0.000000
vn 1.000000 0.000000 0.000000
vn 1.000000 0.000000 0.000000
vn 1.000000 0.000000 0.000000
vn 1.000000 0.000000 0.000000
vn 1.000000 0.000000 0.000000
vn 1.000000 0.000000 0.000000
vn 1.000000 0.000000 0.000000
vn 1.000000 0.000000 0.000000
vn 1.000000 0.000000 0.000000
vn 1.000000 0.000000 0.000000
vn 1.000000 0.000000 0.000000
vn 1.000000 0.000000 0.000000
vn 1.000000 0.000000 0.000000
vn 1.000000 0.000000 0.000000
vn 1.000000 0.000000 0.000000
vn 1.000000 0.000000 0.000000
vn 1.000000 0.000000 0.000000
vn 1.000000 0.000000 0.000000
vn 1.000000 0.000000 0.000000
vn 1.000000 0.000000 0.000000
vn 1.000000 0.000000 0.000000
vn 1.000000 0.000000 0.000000
vn 1.000000 0.000000 0.000000
vn 1.000000 0.000000 0.000000
vn 1.000000 0.000000 0.000000
vn 1.000000 0.000000 0.000000
vn 1.000000 0.000000 0.000000
vn 1.000000 0.000000 0.000000
vn 1.000000 0.000000 0.000000
vn 1.000000 0.000000 0.000000
vn 1.000000 0.000000 0.000000
vn 1.000000 0.000000 0.000000
vn 1.000000 0.000000 0.000000
vn 1.000000 0.000000 0.000000
vn 1.000000 0.000000 0.000000
vn 1.000000 0.000000 0.000000
vn 1.000000 0.000000 0.000000
vn 1.000000 0.000000 0.000000
vn 1.000000 0.000000 0.000000
vn 1.000000 0.000000 0.000000
vn 1.000000 0.000000 0.000000
vn 1.000000 0.000000 0.000000
vn 1.000000 0.000000 0.000000
vn 1.000000 0.000000 0.000000
vn 1.000000 0.000000 0.000000
vn 1.000000 0.000000 0.000000
vn 1.000000 0.000000 0.000000
vn 1.000000 0.000000 0.000000
vn 1.000000 0.000000 0.000000
vn 1.000000 0.000000 0.000000
vn 1.000000 0.000000 0.000000
vn 1.000000 0.000000 0.000000
vn 1.000000 0.000000 0.000000
vn 1.000000 0.000000 0.000000
vn 1.000000 0.000000 0.000000
vn 1.000000 0.000000 0.000000
vn 1.000000 0.000000 0.000000
vn 1.000000 0.000000 0.000000
vn 1.000000 0.000000 0.000000
vn 1.000000 0.000000 0.000000
vn 1.000000 0.000000 0.000000
vn 1.000000 0.000000 0.000000
vn 1.000000 0.000000 0.000000
vn 1.000000 0.000000 0.000000
vn 1.000000 0.000000 0.000000
vn 1.000000 0.000000 0.000000
vn 1.000000 0.000000 0.000000
vn 1.000000 0.000000 0.000000
vn 1.000000 -0.000000 0.000000
vn 1.000000 -0.000000 0.000000
vn 1.000000 -0.000000 0.000000
vn 0.000000 -1.000000 0.000000
vn -0.000000 -1.000000 0.000000
vn 0.000000 -1.000000 0.000000
vn -0.000000 -1.000000 -0.000000
vn 0.000000 -1.000000 0.000000
vn -0.000000 -1.000000 0.000000
vn 0.000000 -1.000000 0.000000
vn -0.000000 -1.000000 0.000000
vn 0.000000 -1.000000 0.000000
vn -0.000000 -1.000000 -0.000000
vn 0.000000 1.000000 0.000000
vn -0.000000 1.000000 0.000000
vn 0.000000 1.000000 0.000000
vn -0.000000 1.000000 0.000000
vn 0.000000 1.000000 0.000000
vn -0.000000 1.000000 0.000000
vn 0.000000 1.000000 0.000000
vn -0.000000 1.000000 0.000000
vn 0.000000 1.000000 0.000000
vn -0.000000 1.000000 0.000000
vn 0.000000 0.000000 1.000000
vn -0.000000 0.000000 1.000000
vn 0.000000 0.013719 -0.999906
vn 0.000000 0.013719 -0.999906
vn 0.000000 0.041144 -0.999153
vn 0.000000 0.041144 -0.999153
vn 0.000000 0.068540 -0.997648
vn 0.000000 0.068540 -0.997648
vn 0.000000 0.095886 -0.995392
vn 0.000000 0.095886 -0.995392
vn 0.000000 0.123156 -0.992387
vn 0.000000 0.123156 -0.992387
vn 0.000000 0.150333 -0.988635
vn 0.000000 0.150333 -0.988635
vn 0.000000 0.177402 -0.984139
vn 0.000000 0.177402 -0.984139
vn 0.000000 0.204332 -0.978902
vn 0.000000 0.204332 -0.978902
vn 0.000000 0.231111 -0.972928
vn 0.000000 0.231111 -0.972928
vn 0.000000 0.257714 -0.966221
vn 0.000000 0.257714 -0.966221
vn 0.000000 0.284125 -0.958787
vn 0.000000 0.284125 -0.958787
vn 0.000000 0.310321 -0.950632
vn 0.000000 0.310321 -0.950632
vn 0.000000 0.336284 -0.941761
vn 0.000000 0.336284 -0.941761
vn 0.000000 0.361994 -0.932180
vn 0.000000 0.361994 -0.932180
vn 0.000000 0.387431 -0.921899
vn 0.000000 0.387431 -0.921899
vn 0.000000 0.412577 -0.910923
vn 0.000000 0.412577 -0.910923
vn 0.000000 0.437412 -0.899261
vn 0.000000 0.437412 -0.899261
vn 0.000000 0.461917 -0.886923
vn 0.000000 0.486075 -0.873917
vn 0.000000 0.461917 -0.886923
vn 0.000000 0.486075 -0.873917
vn 0.000000 0.509868 -0.860252
vn 0.000000 0.509868 -0.860252
vn 0.000000 0.533278 -0.845940
vn 0.000000 0.556282 -0.830994
vn 0.000000 0.533278 -0.845940
vn 0.000000 0.556282 -0.830994
vn 0.000000 0.578871 -0.815419
vn 0.000000 0.578871 -0.815419
vn 0.000000 0.601023 -0.799232
vn 0.000000 0.601023 -0.799232
vn 0.000000 0.622724 -0.782441
vn 0.000000 0.622724 -0.782441
vn 0.000000 0.643954 -0.765064
vn 0.000000 0.664700 -0.747110
vn 0.000000 0.643954 -0.765064
vn 0.000000 0.664700 -0.747110
vn 0.000000 0.684947 -0.728593
vn 0.000000 0.704678 -0.709527
vn 0.000000 0.684947 -0.728593
vn 0.000000 0.723877 -0.689928
vn 0.000000 0.704678 -0.709527
vn 0.000000 0.723877 -0.689928
vn 0.000000 0.742532 -0.669810
vn 0.000000 0.742532 -0.669810
vn 0.000000 0.760629 -0.649187
vn 0.000000 0.760629 -0.649187
vn 0.000000 0.778152 -0.628076
vn 0.000000 0.778152 -0.628076
vn 0.000000 0.795090 -0.606492
vn 0.000000 0.795090 -0.606492
vn 0.000000 0.811430 -0.584450
vn 0.000000 0.811430 -0.584450
vn 0.000000 0.827158 -0.561970
vn 0.000000 0.827158 -0.561970
vn 0.000000 0.842263 -0.539066
vn 0.000000 0.842263 -0.539066
vn 0.000000 0.856736 -0.515756
vn 0.000000 0.856736 -0.515756
vn 0.000000 0.870562 -0.492059
vn 0.000000 0.870562 -0.492059
vn 0.000000 0.883733 -0.467991
vn 0.000000 0.883733 -0.467991
vn 0.000000 0.896240 -0.443569
vn 0.000000 0.896240 -0.443569
vn 0.000000 0.908071 -0.418816
vn 0.000000 0.908071 -0.418816
vn 0.000000 0.919219 -0.393746
vn 0.000000 0.919219 -0.393746
vn 0.000000 0.929675 -0.368380
vn 0.000000 0.929675 -0.368380
vn 0.000000 0.939432 -0.342736
vn 0.000000 0.939432 -0.342736
vn 0.000000 0.948481 -0.316834
vn 0.000000 0.948481 -0.316834
vn 0.000000 0.956816 -0.290695
vn 0.000000 0.956816 -0.290695
vn 0.000000 0.964430 -0.264338
vn 0.000000 0.964430 -0.264338
vn 0.000000 0.971319 -0.237779
vn 0.000000 0.971319 -0.237779
vn 0.000000 0.977478 -0.211038
vn 0.000000 0.982898 -0.184150
vn 0.000000 0.977478 -0.211038
vn 0.000000 0.982898 -0.184150
vn 0.000000 0.987581 -0.157111
vn 0.000000 0.991519 -0.129958
vn 0.000000 0.987581 -0.157111
vn 0.000000 0.991519 -0.129958
vn 0.000000 0.994711 -0.102709
vn 0.000000 0.994711 -0.102709
vn 0.000000 0.997155 -0.075381
vn 0.000000 0.997155 -0.075381
vn 0.000000 0.998847 -0.047997
vn 0.000000 0.999788 -0.020576
vn 0.000000 0.998847 -0.047997
vn 0.000000 0.999788 -0.020576
vn 0.000000 0.999976 0.006857
vn 0.000000 0.999412 0.034291
vn -0.000000 0.999976 0.006857
vn 0.000000 0.999412 0.034291
vn 0.000000 0.998095 0.061695
vn -0.000000 0.998095 0.061695
vn 0.000000 0.996027 0.089053
vn 0.000000 0.993209 0.116344
vn -0.000000 0.996027 0.089053
vn 0.000000 0.993209 0.116344
vn -0.000000 0.989643 0.143551
vn 0.000000 0.989643 0.143551
vn -0.000000 0.985333 0.170645
vn 0.000000 0.985333 0.170645
vn -0.000000 0.980280 0.197613
vn 0.000000 0.980280 0.197613
vn -0.000000 0.974490 0.224430
vn 0.000000 0.974490 0.224430
vn -0.000000 0.967966 0.251081
vn 0.000000 0.967966 0.251081
vn 0.000000 0.960713 0.277543
vn 0.000000 0.960713 0.277543
vn -0.000000 0.952738 0.303793
vn 0.000000 0.952738 0.303793
vn 0.000000 0.944045 0.329816
vn 0.000000 0.944045 0.329816
vn -0.000000 0.934641 0.355592
vn 0.000000 0.934641 0.355592
vn 0.000000 0.924535 0.381098
vn 0.000000 0.924535 0.381098
vn -0.000000 0.913731 0.406319
vn 0.000000 0.913731 0.406319
vn -0.000000 0.902240 0.431233
vn 0.000000 0.902240 0.431233
vn -0.000000 0.890071 0.455822
vn 0.000000 0.890071 0.455822
vn -0.000000 0.877230 0.480069
vn 0.000000 0.877230 0.480069
vn -0.000000 0.863730 0.503955
vn 0.000000 0.863730 0.503955
vn -0.000000 0.849579 0.527461
vn 0.000000 0.849579 0.527461
vn -0.000000 0.834789 0.550570
vn 0.000000 0.834789 0.550570
vn 0.000000 0.819370 0.573265
vn 0.000000 0.819370 0.573265
vn -0.000000 0.803335 0.595527
vn 0.000000 0.803335 0.595527
vn 0.000000 0.786695 0.617342
vn -0.000000 0.786695 0.617342
vn 0.000000 0.769463 0.638692
vn -0.000000 0.769463 0.638692
vn 0.000000 0.751652 0.659560
vn -0.000000 0.751652 0.659560
vn 0.000000 0.733273 0.679934
vn -0.000000 0.733273 0.679934
vn -0.000000 0.714345 0.699793
vn 0.000000 0.714345 0.699793
vn -0.000000 0.694878 0.719128
vn 0.000000 0.694878 0.719128
vn -0.000000 0.674888 0.737920
vn 0.000000 0.674888 0.737920
vn 0.000000 0.654389 0.756158
vn 0.000000 0.654389 0.756158
vn -0.000000 0.633398 0.773827
vn 0.000000 0.633398 0.773827
vn -0.000000 0.611931 0.790911
vn 0.000000 0.611931 0.790911
vn -0.000000 0.590004 0.807400
vn 0.000000 0.590004 0.807400
vn 0.000000 0.567629 0.823284
vn 0.000000 0.567629 0.823284
vn -0.000000 0.544831 0.838546
vn 0.000000 0.544831 0.838546
vn -0.000000 0.521620 0.853178
vn 0.000000 0.521620 0.853178
vn 0.000000 0.498020 0.867166
vn 0.000000 0.498020 0.867166
vn -0.000000 0.474041 0.880503
vn 0.000000 0.474041 0.880503
vn -0.000000 0.449707 0.893176
vn 0.000000 0.449707 0.893176
vn 0.000000 0.425034 0.905177
vn 0.000000 0.425034 0.905177
vn 0.000000 0.400042 0.916497
vn 0.000000 0.374748 0.927127
vn -0.000000 0.400042 0.916497
vn 0.000000 0.349171 0.937059
vn 0.000000 0.374748 0.927127
vn 0.000000 0.349171 0.937059
vn 0.000000 0.323334 0.946285
vn 0.000000 0.297250 0.954800
vn -0.000000 0.323334 0.946285
vn 0.000000 0.270944 0.962595
vn 0.000000 0.297250 0.954800
vn 0.000000 0.270944 0.962595
vn 0.000000 0.244439 0.969665
vn 0.000000 0.217740 0.976007
vn -0.000000 0.244439 0.969665
vn 0.000000 0.217740 0.976007
vn 0.000000 0.190881 0.981613
vn -0.000000 0.190881 0.981613
vn 0.000000 0.163884 0.986480
vn 0.000000 0.136757 0.990605
vn -0.000000 0.163884 0.986480
vn 0.000000 0.136757 0.990605
vn -0.000000 0.109529 0.993984
vn 0.000000 0.109529 0.993984
vn -0.000000 0.082221 0.996614
vn 0.000000 0.082221 0.996614
vn -0.000000 0.054846 0.998495
vn 0.000000 0.054846 0.998495
vn 0.000000 0.027434 0.999624
vn 0.000000 0.000000 1.000000
vn 0.000000 0.027434 0.999624
vn 0.000000 0.000000 1.000000
vn 0.000000 -0.027434 0.999624
vn 0.000000 -0.054846 0.998495
vn 0.000000 -0.027434 0.999624
vn 0.000000 -0.054846 0.998495
vn 0.000000 -0.082221 0.996614
vn 0.000000 -0.082221 0.996614
vn 0.000000 -0.109529 0.993984
vn 0.000000 -0.136757 0.990605
vn 0.000000 -0.109529 0.993984
vn 0.000000 -0.163884 0.986480
vn 0.000000 -0.136757 0.990605
vn 0.000000 -0.190881 0.981613
vn 0.000000 -0.163884 0.986480
vn 0.000000 -0.217740 0.976007
vn 0.000000 -0.190881 0.981613
vn 0.000000 -0.244439 0.969665
vn 0.000000 -0.217740 0.976007
vn 0.000000 -0.244439 0.969665
vn 0.000000 -0.270944 0.962595
vn 0.000000 -0.270944 0.962595
vn 0.000000 -0.297250 0.954800
vn 0.000000 -0.297250 0.954800
vn 0.000000 -0.323334 0.946285
vn 0.000000 -0.349171 0.937059
vn 0.000000 -0.323334 0.946285
vn 0.000000 -0.349171 0.937059
vn 0.000000 -0.374748 0.927127
vn 0.000000 -0.374748 0.927127
vn 0.000000 -0.400042 0.916497
vn 0.000000 -0.425034 0.905177
vn 0.000000 -0.400042 0.916497
vn 0.000000 -0.425034 0.905177
vn 0.000000 -0.449707 0.893176
vn 0.000000 -0.449707 0.893176
vn 0.000000 -0.474041 0.880503
vn 0.000000 -0.498020 0.867166
vn 0.000000 -0.474041 0.880503
vn 0.000000 -0.498020 0.867166
vn 0.000000 -0.521620 0.853178
vn 0.000000 -0.544831 0.838546
vn 0.000000 -0.521620 0.853178
vn 0.000000 -0.544831 0.838546
vn 0.000000 -0.567629 0.823284
vn 0.000000 -0.567629 0.823284
vn 0.000000 -0.590004 0.807400
vn 0.000000 -0.590004 0.807400
vn 0.000000 -0.611931 0.790911
vn 0.000000 -0.611931 0.790911
vn 0.000000 -0.633398 0.773827
vn 0.000000 -0.633398 0.773827
vn 0.000000 -0.654389 0.756158
vn 0.000000 -0.654389 0.756158
vn 0.000000 -0.674888 0.737920
vn 0.000000 -0.674888 0.737920
vn 0.000000 -0.694878 0.719128
vn 0.000000 -0.694878 0.719128
vn 0.000000 -0.714345 0.699793
vn 0.000000 -0.714345 0.699793
vn 0.000000 -0.733273 0.679934
vn 0.000000 -0.733273 0.679934
vn 0.000000 -0.751652 0.659560
vn 0.000000 -0.751652 0.659560
vn 0.000000 -0.769463 0.638692
vn 0.000000 -0.769463 0.638692
vn 0.000000 -0.786695 0.617342
vn 0.000000 -0.786695 0.617342
vn 0.000000 -0.803335 0.595527
vn 0.000000 -0.803335 0.595527
vn 0.000000 -0.819370 0.573265
vn 0.000000 -0.819370 0.573265
vn 0.000000 -0.834789 0.550570
vn 0.000000 -0.849579 0.527461
vn 0.000000 -0.834789 0.550570
vn 0.000000 -0.849579 0.527461
vn 0.000000 -0.863730 0.503955
vn 0.000000 -0.863730 0.503955
vn 0.000000 -0.877230 0.480069
vn 0.000000 -0.877230 0.480069
vn 0.000000 -0.890071 0.455822
vn 0.000000 -0.890071 0.455822
vn 0.000000 -0.902240 0.431233
vn 0.000000 -0.902240 0.431233
vn 0.000000 -0.913731 0.406319
vn 0.000000 -0.913731 0.406319
vn 0.000000 -0.924535 0.381098
vn 0.000000 -0.924535 0.381098
vn 0.000000 -0.934641 0.355592
vn 0.000000 -0.934641 0.355592
vn 0.000000 -0.944045 0.329816
vn 0.000000 -0.952738 0.303793
vn 0.000000 -0.944045 0.329816
vn 0.000000 -0.952738 0.303793
vn 0.000000 -0.960713 0.277543
vn 0.000000 -0.960713 0.277543
vn 0.000000 -0.967966 0.251081
vn 0.000000 -0.967966 0.251081
vn 0.000000 -0.974490 0.224430
vn 0.000000 -0.974490 0.224430
vn 0.000000 -0.980280 0.197613
vn 0.000000 -0.980280 0.197613
vn 0.000000 -0.985333 0.170645
vn 0.000000 -0.985333 0.170645
vn 0.000000 -0.989643 0.143551
vn 0.000000 -0.989643 0.143551
vn 0.000000 -0.993209 0.116344
vn 0.000000 -0.993209 0.116344
vn 0.000000 -0.996027 0.089053
vn 0.000000 -0.996027 0.089053
vn 0.000000 -0.998095 0.061695
vn 0.000000 -0.998095 0.061695
vn 0.000000 -0.999412 0.034291
vn 0.000000 -0.999412 0.034291
vn 0.000000 -0.999976 0.006857
vn 0.000000 -0.999976 0.006857
vn 0.000000 -0.999788 -0.020576
vn 0.000000 -0.999788 -0.020576
vn 0.000000 -0.998847 -0.047997
vn 0.000000 -0.998847 -0.047997
vn 0.000000 -0.997155 -0.075381
vn 0.000000 -0.997155 -0.075381
vn 0.000000 -0.994711 -0.102709
vn 0.000000 -0.994711 -0.102709
vn -0.000000 -0.991519 -0.129958
vn 0.000000 -0.991519 -0.129958
vn 0.000000 -0.987581 -0.157111
vn 0.000000 -0.987581 -0.157111
vn 0.000000 -0.982898 -0.184150
vn 0.000000 -0.982898 -0.184150
vn 0.000000 -0.977478 -0.211038
vn 0.000000 -0.977478 -0.211038
vn 0.000000 -0.971319 -0.237779
vn 0.000000 -0.971319 -0.237779
vn 0.000000 -0.964430 -0.264338
vn 0.000000 -0.964430 -0.264338
vn 0.000000 -0.956816 -0.290695
vn 0.000000 -0.956816 -0.290695
vn 0.000000 -0.948481 -0.316834
vn 0.000000 -0.948481 -0.316834
vn 0.000000 -0.939432 -0.342736
vn -0.000000 -0.929675 -0.368380
vn 0.000000 -0.939432 -0.342736
vn 0.000000 -0.929675 -0.368380
vn 0.000000 -0.919219 -0.393746
vn 0.000000 -0.919219 -0.393746
vn 0.000000 -0.908071 -0.418816
vn 0.000000 -0.908071 -0.418816
vn 0.000000 -0.896240 -0.443569
vn 0.000000 -0.896240 -0.443569
vn -0.000000 -0.883733 -0.467991
vn 0.000000 -0.883733 -0.467991
vn 0.000000 -0.870562 -0.492059
vn 0.000000 -0.870562 -0.492059
vn 0.000000 -0.856736 -0.515756
vn 0.000000 -0.856736 -0.515756
vn -0.000000 -0.842263 -0.539066
vn 0.000000 -0.842263 -0.539066
vn 0.000000 -0.827158 -0.561970
vn 0.000000 -0.827158 -0.561970
vn -0.000000 -0.811430 -0.584450
vn 0.000000 -0.811430 -0.584450
vn 0.000000 -0.795090 -0.606492
vn 0.000000 -0.795090 -0.606492
vn -0.000000 -0.778152 -0.628076
vn 0.000000 -0.778152 -0.628076
vn 0.000000 -0.760629 -0.649187
vn 0.000000 -0.760629 -0.649187
vn 0.000000 -0.742532 -0.669810
vn 0.000000 -0.742532 -0.669810
vn -0.000000 -0.723877 -0.689928
vn 0.000000 -0.723877 -0.689928
vn 0.000000 -0.704678 -0.709527
vn -0.000000 -0.684947 -0.728593
vn 0.000000 -0.704678 -0.709527
vn 0.000000 -0.684947 -0.728593
vn 0.000000 -0.664700 -0.747110
vn -0.000000 -0.643954 -0.765064
vn 0.000000 -0.664700 -0.747110
vn -0.000000 -0.622724 -0.782441
vn 0.000000 -0.643954 -0.765064
vn 0.000000 -0.622724 -0.782441
vn 0.000000 -0.601023 -0.799232
vn 0.000000 -0.601023 -0.799232
vn 0.000000 -0.578871 -0.815419
vn 0.000000 -0.578871 -0.815419
vn 0.000000 -0.556282 -0.830994
vn -0.000000 -0.533278 -0.845940
vn 0.000000 -0.556282 -0.830994
vn 0.000000 -0.533278 -0.845940
vn 0.000000 -0.509868 -0.860252
vn 0.000000 -0.509868 -0.860252
vn 0.000000 -0.486075 -0.873917
vn 0.000000 -0.486075 -0.873917
vn 0.000000 -0.461917 -0.886923
vn 0.000000 -0.461917 -0.886923
vn 0.000000 -0.437412 -0.899261
vn 0.000000 -0.437412 -0.899261
vn -0.000000 -0.412577 -0.910923
vn 0.000000 -0.412577 -0.910923
vn -0.000000 -0.387431 -0.921899
vn 0.000000 -0.387431 -0.921899
vn 0.000000 -0.361994 -0.932180
vn -0.000000 -0.336284 -0.941761
vn 0.000000 -0.361994 -0.932180
vn 0.000000 -0.336284 -0.941761
vn 0.000000 -0.310321 -0.950632
vn -0.000000 -0.284125 -0.958787
vn 0.000000 -0.310321 -0.950632
vn 0.000000 -0.284125 -0.958787
vn 0.000000 -0.257714 -0.966221
vn 0.000000 -0.257714 -0.966221
vn 0.000000 -0.231111 -0.972928
vn -0.000000 -0.204332 -0.978902
vn 0.000000 -0.231111 -0.972928
vn 0.000000 -0.204332 -0.978902
vn 0.000000 -0.177402 -0.984139
vn 0.000000 -0.177402 -0.984139
vn 0.000000 -0.150333 -0.988635
vn -0.000000 -0.123156 -0.992387
vn 0.000000 -0.150333 -0.988635
vn 0.000000 -0.123156 -0.992387
vn 0.000000 -0.095886 -0.995392
vn 0.000000 -0.095886 -0.995392
vn 0.000000 -0.068540 -0.997648
vn 0.000000 -0.068540 -0.997648
vn 0.000000 -0.041144 -0.999153
vn 0.000000 -0.041144 -0.999153
vn 0.000000 -0.013719 -0.999906
vn 0.000000 -0.013719 -0.999906
vn 0.000000 0.000000 -1.000000
vn -0.000000 0.000000 -1.000000
vn -0.000000 -0.013765 -0.999905
vn 0.000000 -0.013765 -0.999905
vn 0.000000 -0.041085 -0.999156
vn 0.000000 -0.041085 -0.999156
vn 0.000000 -0.068545 -0.997648
vn 0.000000 -0.068545 -0.997648
vn 0.000000 -0.095935 -0.995388
vn 0.000000 -0.095935 -0.995388
vn 0.000000 -0.123118 -0.992392
vn 0.000000 -0.123118 -0.992392
vn 0.000000 -0.150367 -0.988630
vn 0.000000 -0.150367 -0.988630
vn 0.000000 -0.177343 -0.984149
vn 0.000000 -0.177343 -0.984149
vn 0.000000 -0.204382 -0.978891
vn 0.000000 -0.204382 -0.978891
vn 0.000000 -0.231081 -0.972935
vn -0.000000 -0.257705 -0.966224
vn 0.000000 -0.231081 -0.972935
vn 0.000000 -0.257705 -0.966224
vn 0.000000 -0.284122 -0.958788
vn 0.000000 -0.284122 -0.958788
vn 0.000000 -0.310329 -0.950629
vn 0.000000 -0.310329 -0.950629
vn 0.000000 -0.336325 -0.941746
vn 0.000000 -0.336325 -0.941746
vn -0.000000 -0.361983 -0.932185
vn 0.000000 -0.361983 -0.932185
vn 0.000000 -0.387427 -0.921900
vn 0.000000 -0.387427 -0.921900
vn 0.000000 -0.412589 -0.910917
vn 0.000000 -0.412589 -0.910917
vn -0.000000 -0.437410 -0.899262
vn 0.000000 -0.437410 -0.899262
vn 0.000000 -0.461888 -0.886938
vn 0.000000 -0.461888 -0.886938
vn -0.000000 -0.486073 -0.873918
vn 0.000000 -0.486073 -0.873918
vn 0.000000 -0.509904 -0.860231
vn 0.000000 -0.509904 -0.860231
vn 0.000000 -0.533275 -0.845942
vn 0.000000 -0.533275 -0.845942
vn -0.000000 -0.556285 -0.830991
vn -0.000000 -0.578830 -0.815448
vn 0.000000 -0.556285 -0.830991
vn 0.000000 -0.578830 -0.815448
vn 0.000000 -0.601044 -0.799216
vn 0.000000 -0.601044 -0.799216
vn -0.000000 -0.622736 -0.782432
vn -0.000000 -0.643952 -0.765066
vn 0.000000 -0.622736 -0.782432
vn -0.000000 -0.664681 -0.747127
vn 0.000000 -0.643952 -0.765066
vn 0.000000 -0.664681 -0.747127
vn 0.000000 -0.684956 -0.728585
vn 0.000000 -0.684956 -0.728585
vn 0.000000 -0.704692 -0.709513
vn 0.000000 -0.704692 -0.709513
vn 0.000000 -0.723853 -0.689955
vn -0.000000 -0.742529 -0.669814
vn 0.000000 -0.723853 -0.689955
vn -0.000000 -0.760646 -0.649166
vn 0.000000 -0.742529 -0.669814
vn 0.000000 -0.760646 -0.649166
vn 0.000000 -0.778139 -0.628092
vn 0.000000 -0.778139 -0.628092
vn 0.000000 -0.795087 -0.606495
vn -0.000000 -0.811449 -0.584424
vn 0.000000 -0.795087 -0.606495
vn -0.000000 -0.827149 -0.561982
vn 0.000000 -0.811449 -0.584424
vn 0.000000 -0.827149 -0.561982
vn 0.000000 -0.842269 -0.539057
vn 0.000000 -0.842269 -0.539057
vn 0.000000 -0.856738 -0.515753
vn 0.000000 -0.856738 -0.515753
vn 0.000000 -0.870549 -0.492082
vn 0.000000 -0.870549 -0.492082
vn 0.000000 -0.883745 -0.467969
vn 0.000000 -0.883745 -0.467969
vn 0.000000 -0.896239 -0.443572
vn 0.000000 -0.896239 -0.443572
vn 0.000000 -0.908067 -0.418824
vn 0.000000 -0.908067 -0.418824
vn 0.000000 -0.919222 -0.393739
vn 0.000000 -0.919222 -0.393739
vn 0.000000 -0.929675 -0.368382
vn 0.000000 -0.929675 -0.368382
vn 0.000000 -0.939428 -0.342746
vn 0.000000 -0.939428 -0.342746
vn 0.000000 -0.948484 -0.316826
vn 0.000000 -0.948484 -0.316826
vn 0.000000 -0.956813 -0.290705
vn 0.000000 -0.956813 -0.290705
vn 0.000000 -0.964431 -0.264336
vn 0.000000 -0.964431 -0.264336
vn 0.000000 -0.971323 -0.237765
vn 0.000000 -0.971323 -0.237765
vn 0.000000 -0.977475 -0.211053
vn 0.000000 -0.977475 -0.211053
vn 0.000000 -0.982900 -0.184142
vn 0.000000 -0.982900 -0.184142
vn 0.000000 -0.987581 -0.157112
vn 0.000000 -0.987581 -0.157112
vn 0.000000 -0.991520 -0.129957
vn 0.000000 -0.991520 -0.129957
vn 0.000000 -0.994711 -0.102713
vn 0.000000 -0.994711 -0.102713
vn 0.000000 -0.997155 -0.075381
vn 0.000000 -0.997155 -0.075381
vn 0.000000 -0.998847 -0.047998
vn 0.000000 -0.998847 -0.047998
vn 0.000000 -0.999788 -0.020575
vn 0.000000 -0.999788 -0.020575
vn 0.000000 -0.999976 0.006859
vn 0.000000 -0.999976 0.006859
vn 0.000000 -0.999412 0.034288
vn 0.000000 -0.998095 0.061697
vn 0.000000 -0.999412 0.034288
vn 0.000000 -0.998095 0.061697
vn 0.000000 -0.996027 0.089056
vn 0.000000 -0.996027 0.089056
vn 0.000000 -0.993209 0.116345
vn 0.000000 -0.993209 0.116345
vn 0.000000 -0.989643 0.143548
vn 0.000000 -0.989643 0.143548
vn 0.000000 -0.985333 0.170640
vn 0.000000 -0.985333 0.170640
vn 0.000000 -0.980280 0.197613
vn 0.000000 -0.980280 0.197613
vn 0.000000 -0.974491 0.224427
vn 0.000000 -0.974491 0.224427
vn 0.000000 -0.967962 0.251096
vn 0.000000 -0.967962 0.251096
vn 0.000000 -0.960716 0.277535
vn 0.000000 -0.960716 0.277535
vn 0.000000 -0.952739 0.303790
vn 0.000000 -0.952739 0.303790
vn 0.000000 -0.944046 0.329812
vn 0.000000 -0.944046 0.329812
vn 0.000000 -0.934637 0.355603
vn 0.000000 -0.934637 0.355603
vn 0.000000 -0.924533 0.381103
vn 0.000000 -0.924533 0.381103
vn 0.000000 -0.913734 0.406313
vn 0.000000 -0.913734 0.406313
vn 0.000000 -0.902248 0.431218
vn 0.000000 -0.890065 0.455834
vn 0.000000 -0.902248 0.431218
vn 0.000000 -0.877235 0.480061
vn 0.000000 -0.890065 0.455834
vn 0.000000 -0.877235 0.480061
vn 0.000000 -0.863722 0.503969
vn 0.000000 -0.863722 0.503969
vn 0.000000 -0.849580 0.527460
vn 0.000000 -0.849580 0.527460
vn 0.000000 -0.834785 0.550576
vn 0.000000 -0.834785 0.550576
vn 0.000000 -0.819385 0.573244
vn 0.000000 -0.819385 0.573244
vn 0.000000 -0.803316 0.595553
vn 0.000000 -0.803316 0.595553
vn 0.000000 -0.786713 0.617319
vn 0.000000 -0.769448 0.638709
vn 0.000000 -0.786713 0.617319
vn 0.000000 -0.769448 0.638709
vn 0.000000 -0.751674 0.659535
vn 0.000000 -0.733245 0.679965
vn 0.000000 -0.751674 0.659535
vn 0.000000 -0.733245 0.679965
vn 0.000000 -0.714357 0.699782
vn 0.000000 -0.714357 0.699782
vn 0.000000 -0.694892 0.719114
vn 0.000000 -0.694892 0.719114
vn 0.000000 -0.674886 0.737922
vn 0.000000 -0.674886 0.737922
vn 0.000000 -0.654382 0.756164
vn 0.000000 -0.654382 0.756164
vn 0.000000 -0.633388 0.773834
vn 0.000000 -0.633388 0.773834
vn 0.000000 -0.611955 0.790893
vn 0.000000 -0.611955 0.790893
vn 0.000000 -0.590002 0.807401
vn 0.000000 -0.590002 0.807401
vn 0.000000 -0.567621 0.823290
vn 0.000000 -0.567621 0.823290
vn 0.000000 -0.544820 0.838553
vn 0.000000 -0.544820 0.838553
vn 0.000000 -0.521603 0.853188
vn 0.000000 -0.498026 0.867162
vn 0.000000 -0.521603 0.853188
vn 0.000000 -0.498026 0.867162
vn 0.000000 -0.474044 0.880501
vn 0.000000 -0.474044 0.880501
vn 0.000000 -0.449713 0.893173
vn 0.000000 -0.449713 0.893173
vn 0.000000 -0.425035 0.905177
vn 0.000000 -0.425035 0.905177
vn 0.000000 -0.400072 0.916484
vn 0.000000 -0.400072 0.916484
vn 0.000000 -0.374710 0.927142
vn 0.000000 -0.374710 0.927142
vn 0.000000 -0.349188 0.937052
vn 0.000000 -0.349188 0.937052
vn 0.000000 -0.323330 0.946286
vn 0.000000 -0.323330 0.946286
vn 0.000000 -0.297260 0.954797
vn 0.000000 -0.270915 0.962603
vn 0.000000 -0.297260 0.954797
vn 0.000000 -0.270915 0.962603
vn 0.000000 -0.244427 0.969668
vn 0.000000 -0.217798 0.975994
vn 0.000000 -0.244427 0.969668
vn 0.000000 -0.190830 0.981623
vn 0.000000 -0.217798 0.975994
vn 0.000000 -0.190830 0.981623
vn 0.000000 -0.163923 0.986473
vn 0.000000 -0.136743 0.990607
vn 0.000000 -0.163923 0.986473
vn 0.000000 -0.109561 0.993980
vn 0.000000 -0.136743 0.990607
vn 0.000000 -0.109561 0.993980
vn 0.000000 -0.082171 0.996618
vn 0.000000 -0.082171 0.996618
vn 0.000000 -0.054850 0.998495
vn 0.000000 -0.054850 0.998495
vn 0.000000 -0.027460 0.999623
vn 0.000000 -0.027460 0.999623
vn 0.000000 0.000000 1.000000
vn 0.000000 0.000000 1.000000
vn 0.000000 0.027460 0.999623
vn 0.000000 0.027460 0.999623
vn -0.000000 0.054850 0.998495
vn 0.000000 0.054850 0.998495
vn 0.000000 0.082171 0.996618
vn 0.000000 0.082171 0.996618
vn -0.000000 0.109561 0.993980
vn 0.000000 0.109561 0.993980
vn 0.000000 0.136743 0.990607
vn 0.000000 0.136743 0.990607
vn -0.000000 0.163923 0.986473
vn 0.000000 0.163923 0.986473
vn -0.000000 0.190830 0.981623
vn 0.000000 0.190830 0.981623
vn 0.000000 0.217798 0.975994
vn -0.000000 0.217798 0.975994
vn 0.000000 0.244427 0.969668
vn 0.000000 0.244427 0.969668
vn -0.000000 0.270915 0.962603
vn 0.000000 0.270915 0.962603
vn 0.000000 0.297260 0.954797
vn -0.000000 0.297260 0.954797
vn 0.000000 0.323330 0.946286
vn -0.000000 0.323330 0.946286
vn 0.000000 0.349188 0.937052
vn -0.000000 0.349188 0.937052
vn 0.000000 0.374710 0.927142
vn 0.000000 0.400072 0.916484
vn -0.000000 0.374710 0.927142
vn 0.000000 0.400072 0.916484
vn 0.000000 0.425035 0.905177
vn 0.000000 0.425035 0.905177
vn 0.000000 0.449713 0.893173
vn 0.000000 0.474044 0.880501
vn -0.000000 0.449713 0.893173
vn 0.000000 0.474044 0.880501
vn 0.000000 0.498026 0.867162
vn 0.000000 0.521603 0.853188
vn -0.000000 0.498026 0.867162
vn 0.000000 0.521603 0.853188
vn -0.000000 0.544820 0.838553
vn 0.000000 0.544820 0.838553
vn 0.000000 0.567621 0.823290
vn 0.000000 0.567621 0.823290
vn -0.000000 0.590002 0.807401
vn 0.000000 0.590002 0.807401
vn 0.000000 0.611955 0.790893
vn 0.000000 0.611955 0.790893
vn -0.000000 0.633388 0.773834
vn 0.000000 0.633388 0.773834
vn -0.000000 0.654382 0.756164
vn 0.000000 0.654382 0.756164
vn -0.000000 0.674886 0.737922
vn 0.000000 0.674886 0.737922
vn 0.000000 0.694892 0.719114
vn 0.000000 0.694892 0.719114
vn -0.000000 0.714357 0.699782
vn 0.000000 0.714357 0.699782
vn 0.000000 0.733245 0.679965
vn 0.000000 0.733245 0.679965
vn -0.000000 0.751674 0.659535
vn 0.000000 0.751674 0.659535
vn -0.000000 0.769448 0.638709
vn 0.000000 0.769448 0.638709
vn 0.000000 0.786713 0.617319
vn 0.000000 0.786713 0.617319
vn 0.000000 0.803316 0.595553
vn 0.000000 0.803316 0.595553
vn 0.000000 0.819385 0.573244
vn 0.000000 0.819385 0.573244
vn 0.000000 0.834785 0.550576
vn 0.000000 0.834785 0.550576
vn -0.000000 0.849580 0.527460
vn 0.000000 0.849580 0.527460
vn -0.000000 0.863722 0.503969
vn 0.000000 0.863722 0.503969
vn -0.000000 0.877235 0.480061
vn 0.000000 0.877235 0.480061
vn -0.000000 0.890065 0.455834
vn 0.000000 0.890065 0.455834
vn -0.000000 0.902248 0.431218
vn 0.000000 0.902248 0.431218
vn -0.000000 0.913734 0.406313
vn 0.000000 0.913734 0.406313
vn 0.000000 0.924533 0.381103
vn -0.000000 0.924533 0.381103
vn 0.000000 0.934637 0.355603
vn 0.000000 0.944046 0.329812
vn -0.000000 0.934637 0.355603
vn 0.000000 0.952739 0.303790
vn 0.000000 0.944046 0.329812
vn 0.000000 0.960716 0.277535
vn 0.000000 0.952739 0.303790
vn 0.000000 0.960716 0.277535
vn -0.000000 0.967962 0.251096
vn 0.000000 0.967962 0.251096
vn -0.000000 0.974491 0.224427
vn 0.000000 0.974491 0.224427
vn -0.000000 0.980280 0.197613
vn 0.000000 0.980280 0.197613
vn -0.000000 0.985333 0.170640
vn 0.000000 0.985333 0.170640
vn 0.000000 0.989643 0.143548
vn 0.000000 0.989643 0.143548
vn -0.000000 0.993209 0.116345
vn 0.000000 0.993209 0.116345
vn -0.000000 0.996027 0.089056
vn 0.000000 0.996027 0.089056
vn -0.000000 0.998095 0.061697
vn 0.000000 0.998095 0.061697
vn 0.000000 0.999412 0.034288
vn 0.000000 0.999412 0.034288
vn -0.000000 0.999976 0.006859
vn 0.000000 0.999976 0.006859
vn 0.000000 0.999788 -0.020575
vn 0.000000 0.999788 -0.020575
vn 0.000000 0.998847 -0.047998
vn 0.000000 0.997155 -0.075381
vn 0.000000 0.998847 -0.047998
vn 0.000000 0.994711 -0.102713
vn 0.000000 0.997155 -0.075381
vn 0.000000 0.994711 -0.102713
vn 0.000000 0.991520 -0.129957
vn 0.000000 0.991520 -0.129957
vn 0.000000 0.987581 -0.157112
vn 0.000000 0.987581 -0.157112
vn 0.000000 0.982900 -0.184142
vn 0.000000 0.977475 -0.211053
vn 0.000000 0.982900 -0.184142
vn 0.000000 0.971323 -0.237765
vn 0.000000 0.977475 -0.211053
vn 0.000000 0.964431 -0.264336
vn 0.000000 0.971323 -0.237765
vn 0.000000 0.956813 -0.290705
vn 0.000000 0.964431 -0.264336
vn 0.000000 0.956813 -0.290705
vn 0.000000 0.948484 -0.316826
vn 0.000000 0.939428 -0.342746
vn 0.000000 0.948484 -0.316826
vn 0.000000 0.929675 -0.368382
vn 0.000000 0.939428 -0.342746
vn 0.000000 0.929675 -0.368382
vn 0.000000 0.919222 -0.393739
vn 0.000000 0.919222 -0.393739
vn 0.000000 0.908067 -0.418824
vn 0.000000 0.908067 -0.418824
vn 0.000000 0.896239 -0.443572
vn 0.000000 0.896239 -0.443572
vn 0.000000 0.883745 -0.467969
vn 0.000000 0.883745 -0.467969
vn 0.000000 0.870549 -0.492082
vn 0.000000 0.856738 -0.515753
vn 0.000000 0.870549 -0.492082
vn 0.000000 0.856738 -0.515753
vn 0.000000 0.842269 -0.539057
vn 0.000000 0.842269 -0.539057
vn 0.000000 0.827149 -0.561982
vn 0.000000 0.827149 -0.561982
vn 0.000000 0.811449 -0.584424
vn 0.000000 0.795087 -0.606495
vn 0.000000 0.811449 -0.584424
vn 0.000000 0.795087 -0.606495
vn 0.000000 0.778139 -0.628092
vn 0.000000 0.778139 -0.628092
vn 0.000000 0.760646 -0.649166
vn 0.000000 0.760646 -0.649166
vn 0.000000 0.742529 -0.669814
vn 0.000000 0.742529 -0.669814
vn 0.000000 0.723853 -0.689955
vn 0.000000 0.704692 -0.709513
vn 0.000000 0.723853 -0.689955
vn 0.000000 0.704692 -0.709513
vn 0.000000 0.684956 -0.728585
vn 0.000000 0.664681 -0.747127
vn 0.000000 0.684956 -0.728585
vn 0.000000 0.664681 -0.747127
vn 0.000000 0.643952 -0.765066
vn 0.000000 0.643952 -0.765066
vn 0.000000 0.622736 -0.782432
vn 0.000000 0.622736 -0.782432
vn 0.000000 0.601044 -0.799216
vn 0.000000 0.601044 -0.799216
vn 0.000000 0.578830 -0.815448
vn 0.000000 0.556285 -0.830991
vn 0.000000 0.578830 -0.815448
vn 0.000000 0.556285 -0.830991
vn 0.000000 0.533275 -0.845942
vn 0.000000 0.533275 -0.845942
vn 0.000000 0.509904 -0.860231
vn 0.000000 0.486073 -0.873918
vn 0.000000 0.509904 -0.860231
vn 0.000000 0.486073 -0.873918
vn 0.000000 0.461888 -0.886938
vn 0.000000 0.461888 -0.886938
vn 0.000000 0.437410 -0.899262
vn 0.000000 0.437410 -0.899262
vn 0.000000 0.412589 -0.910917
vn 0.000000 0.412589 -0.910917
vn 0.000000 0.387427 -0.921900
vn 0.000000 0.387427 -0.921900
vn 0.000000 0.361983 -0.932185
vn 0.000000 0.361983 -0.932185
vn 0.000000 0.336325 -0.941746
vn 0.000000 0.336325 -0.941746
vn 0.000000 0.310329 -0.950629
vn 0.000000 0.310329 -0.950629
vn 0.000000 0.284122 -0.958788
vn 0.000000 0.284122 -0.958788
vn 0.000000 0.257705 -0.966224
vn 0.000000 0.257705 -0.966224
vn 0.000000 0.231081 -0.972935
vn 0.000000 0.231081 -0.972935
vn 0.000000 0.204382 -0.978891
vn 0.000000 0.204382 -0.978891
vn 0.000000 0.177343 -0.984149
vn 0.000000 0.177343 -0.984149
vn 0.000000 0.150367 -0.988630
vn 0.000000 0.150367 -0.988630
vn 0.000000 0.123118 -0.992392
vn 0.000000 0.095935 -0.995388
vn 0.000000 0.123118 -0.992392
vn 0.000000 0.068545 -0.997648
vn 0.000000 0.095935 -0.995388
vn 0.000000 0.068545 -0.997648
vn 0.000000 0.041085 -0.999156
vn 0.000000 0.041085 -0.999156
vn 0.000000 0.013765 -0.999905
vn 0.000000 0.013765 -0.999905
vn -1.000000 0.000000 0.000000
vn -1.000000 0.000000 0.000000
vn -1.000000 0.000000 0.000000
vn -1.000000 0.000000 0.000000
vn -1.000000 0.000000 0.000000
vn -1.000000 0.000000 0.000000
vn -1.000000 0.000000 0.000000
vn -1.000000 0.000000 0.000000
vn -1.000000 0.000000 0.000000
vn -1.000000 0.000000 0.000000
vn -1.000000 0.000000 0.000000
vn -1.000000 0.000000 0.000000
vn -1.000000 0.000000 0.000000
vn -1.000000 0.000000 0.000000
vn -1.000000 0.000000 0.000000
vn -1.000000 0.000000 0.000000
vn -1.000000 0.000000 0.000000
vn -1.000000 0.000000 0.000000
vn -1.000000 0.000000 0.000000
vn -1.000000 0.000000 0.000000
vn -1.000000 0.000000 0.000000
vn -1.000000 0.000000 0.000000
vn -1.000000 0.000000 0.000000
vn -1.000000 0.000000 0.000000
vn -1.000000 0.000000 0.000000
vn -1.000000 0.000000 0.000000
vn -1.000000 0.000000 0.000000
vn -1.000000 0.000000 0.000000
vn -1.000000 0.000000 0.000000
vn -1.000000 0.000000 0.000000
vn -1.000000 0.000000 0.000000
vn -1.000000 0.000000 0.000000
vn -1.000000 0.000000 0.000000
vn -1.000000 0.000000 0.000000
vn -1.000000 0.000000 0.000000
vn -1.000000 0.000000 0.000000
vn -1.000000 0.000000 0.000000
vn -1.000000 0.000000 0.000000
vn -1.000000 0.000000 0.000000
vn -1.000000 0.000000 0.000000
vn -1.000000 0.000000 0.000000
vn -1.000000 0.000000 0.000000
vn -1.000000 0.000000 0.000000
vn -1.000000 0.000000 0.000000
vn -1.000000 0.000000 0.000000
vn -1.000000 0.000000 0.000000
vn -1.000000 0.000000 0.000000
vn -1.000000 0.000000 0.000000
vn -1.000000 0.000000 0.000000
vn -1.000000 0.000000 0.000000
vn -1.000000 0.000000 0.000000
vn -1.000000 0.000000 0.000000
vn -1.000000 0.000000 0.000000
vn -1.000000 0.000000 0.000000
vn -1.000000 0.000000 0.000000
vn -1.000000 0.000000 0.000000
vn -1.000000 0.000000 0.000000
vn -1.000000 0.000000 0.000000
vn -1.000000 0.000000 0.000000
vn -1.000000 0.000000 0.000000
vn -1.000000 0.000000 0.000000
vn -1.000000 0.000000 0.000000
vn -1.000000 0.000000 0.000000
vn -1.000000 0.000000 0.000000
vn -1.000000 0.000000 0.000000
vn -1.000000 0.000000 0.000000
vn -1.000000 0.000000 0.000000
vn -1.000000 0.000000 0.000000
vn -1.000000 0.000000 0.000000
vn -1.000000 0.000000 0.000000
vn -1.000000 0.000000 0.000000
vn -1.000000 0.000000 0.000000
vn -1.000000 0.000000 0.000000
vn -1.000000 0.000000 0.000000
vn -1.000000 0.000000 0.000000
vn -1.000000 0.000000 0.000000
vn -1.000000 0.000000 0.000000
vn -1.000000 0.000000 0.000000
vn -1.000000 0.000000 0.000000
vn -1.000000 0.000000 0.000000
vn -1.000000 0.000000 0.000000
vn -1.000000 0.000000 0.000000
vn -1.000000 0.000000 0.000000
vn -1.000000 0.000000 0.000000
vn -1.000000 0.000000 0.000000
vn -1.000000 0.000000 0.000000
vn -1.000000 0.000000 0.000000
vn -1.000000 0.000000 0.000000
vn -1.000000 0.000000 0.000000
vn -1.000000 0.000000 0.000000
vn -1.000000 0.000000 0.000000
vn -1.000000 0.000000 0.000000
vn -1.000000 0.000000 0.000000
vn -1.000000 0.000000 0.000000
vn -1.000000 0.000000 0.000000
vn -1.000000 0.000000 0.000000
vn -1.000000 0.000000 0.000000
vn -1.000000 0.000000 0.000000
vn -1.000000 0.000000 0.000000
vn -1.000000 0.000000 0.000000
vn -1.000000 0.000000 0.000000
vn -1.000000 0.000000 0.000000
vn -1.000000 0.000000 0.000000
vn -1.000000 0.000000 0.000000
vn -1.000000 0.000000 0.000000
vn -1.000000 0.000000 0.000000
vn -1.000000 0.000000 0.000000
vn -1.000000 0.000000 0.000000
vn -1.000000 -0.000000 0.000000
vn -1.000000 -0.000000 0.000000
vn -1.000000 -0.000000 0.000000
vn -1.000000 -0.000000 0.000000
vn -1.000000 -0.000000 0.000000
vn -1.000000 -0.000000 0.000000
vn -1.000000 -0.000000 0.000000
vn -1.000000 -0.000000 0.000000
vn -1.000000 -0.000000 0.000000
vn -1.000000 -0.000000 0.000000
vn -1.000000 -0.000000 0.000000
vn -1.000000 -0.000000 0.000000
vn -1.000000 -0.000000 0.000000
vn -1.000000 -0.000000 0.000000
vn -1.000000 -0.000000 0.000000
vn -1.000000 -0.000000 0.000000
vn -1.000000 -0.000000 0.000000
vn -1.000000 -0.000000 0.000000
vn -1.000000 -0.000000 0.000000
vn -1.000000 -0.000000 0.000000
vn -1.000000 -0.000000 0.000000
vn -1.000000 -0.000000 0.000000
vn -1.000000 -0.000000 0.000000
vn -1.000000 -0.000000 0.000000
vn -1.000000 -0.000000 0.000000
vn -1.000000 -0.000000 0.000000
vn -1.000000 -0.000000 0.000000
vn -1.000000 -0.000000 0.000000
vn -1.000000 -0.000000 0.000000
vn -1.000000 -0.000000 0.000000
vn -1.000000 -0.000000 0.000000
vn -1.000000 -0.000000 0.000000
vn -1.000000 -0.000000 0.000000
vn -1.000000 -0.000000 0.000000
vn -1.000000 -0.000000 0.000000
vn -1.000000 -0.000000 0.000000
vn -1.000000 -0.000000 0.000000
vn -1.000000 -0.000000 0.000000
vn -1.000000 -0.000000 0.000000
vn -1.000000 -0.000000 0.000000
vn -1.000000 -0.000000 0.000000
vn -1.000000 -0.000000 0.000000
vn -1.000000 -0.000000 0.000000
vn -1.000000 -0.000000 0.000000
vn -1.000000 -0.000000 0.000000
vn -1.000000 -0.000000 0.000000
vn -1.000000 -0.000000 0.000000
vn -1.000000 -0.000000 0.000000
vn -1.000000 -0.000000 0.000000
vn -1.000000 -0.000000 0.000000
vn -1.000000 -0.000000 0.000000
vn -1.000000 -0.000000 0.000000
vn -1.000000 -0.000000 0.000000
vn -1.000000 -0.000000 0.000000
vn -1.000000 -0.000000 0.000000
vn -1.000000 0.000000 0.000000
vn -1.000000 0.000000 0.000000
vn -1.000000 0.000000 0.000000
vn -1.000000 0.000000 0.000000
vn -1.000000 0.000000 0.000000
vn -1.000000 0.000000 0.000000
vn -1.000000 0.000000 0.000000
vn -1.000000 0.000000 0.000000
vn -1.000000 0.000000 0.000000
vn -1.000000 0.000000 0.000000
vn -1.000000 0.000000 0.000000
vn -1.000000 0.000000 0.000000
vn -1.000000 0.000000 0.000000
vn -1.000000 0.000000 0.000000
vn -1.000000 0.000000 0.000000
vn -1.000000 0.000000 0.000000
vn -1.000000 0.000000 0.000000
vn -1.000000 0.000000 0.000000
vn -1.000000 0.000000 0.000000
vn -1.000000 0.000000 0.000000
vn -1.000000 0.000000 0.000000
vn -1.000000 0.000000 0.000000
vn -1.000000 0.000000 0.000000
vn -1.000000 0.000000 0.000000
vn -1.000000 0.000000 0.000000
vn -1.000000 0.000000 0.000000
vn -1.000000 0.000000 0.000000
vn -1.000000 0.000000 0.000000
vn -1.000000 0.000000 0.000000
vn -1.000000 0.000000 0.000000
vn -1.000000 0.000000 0.000000
vn -1.000000 0.000000 0.000000
vn -1.000000 0.000000 0.000000
vn -1.000000 0.000000 0.000000
vn -1.000000 0.000000 0.000000
vn -1.000000 0.000000 0.000000
vn -1.000000 0.000000 0.000000
vn -1.000000 0.000000 0.000000
vn -1.000000 0.000000 0.000000
vn -1.000000 0.000000 0.000000
vn -1.000000 0.000000 0.000000
vn -1.000000 0.000000 0.000000
vn -1.000000 0.000000 0.000000
vn -1.000000 0.000000 0.000000
vn -1.000000 0.000000 0.000000
vn -1.000000 0.000000 0.000000
vn -1.000000 0.000000 0.000000
vn -1.000000 0.000000 0.000000
vn -1.000000 0.000000 0.000000
vn -1.000000 0.000000 0.000000
vn -1.000000 0.000000 0.000000
vn -1.000000 0.000000 0.000000
vn -1.000000 0.000000 0.000000
vn -1.000000 0.000000 0.000000
vn -1.000000 0.000000 0.000000
vn -1.000000 0.000000 0.000000
vn -1.000000 0.000000 0.000000
vn -1.000000 0.000000 0.000000
vn -1.000000 0.000000 0.000000
vn -1.000000 -0.000000 0.000000
vn -1.000000 -0.000000 0.000000
vn -1.000000 -0.000000 0.000000
vn -1.000000 0.000000 0.000000
vn -1.000000 0.000000 0.000000
vn -1.000000 0.000000 0.000000
vn -1.000000 0.000000 0.000000
vn -1.000000 0.000000 0.000000
vn -1.000000 0.000000 0.000000
vn -1.000000 0.000000 0.000000
vn -1.000000 0.000000 0.000000
vn 0.000000 0.000000 -1.000000
vn 0.000000 0.000000 -1.000000
vn -1.000000 0.000000 0.000000
vn -1.000000 0.000000 0.000000
vn 0.000000 0.000000 1.000000
vn -0.000000 0.000000 1.000000
vn -1.000000 0.000000 0.000000
vn -1.000000 0.000000 0.000000
vn 0.000000 0.000000 1.000000
vn -0.000000 0.000000 1.000000
vn 1.000000 -0.000000 0.000000
vn 1.000000 0.000000 0.000000
vn 1.000000 -0.000000 0.000000
vn 1.000000 0.000000 0.000000
vn 1.000000 0.000000 0.000000
vn 1.000000 0.000000 0.000000
vn 1.000000 0.000000 0.000000
vn 1.000000 -0.000000 0.000000
vn 1.000000 -0.000000 0.000000
vn 1.000000 -0.000000 0.000000
vn 1.000000 -0.000000 0.000000
vn 1.000000 0.000000 0.000000
vn 1.000000 0.000000 0.000000
vn 1.000000 0.000000 0.000000
vn 1.000000 0.000000 0.000000
vn 1.000000 0.000000 0.000000
vn 1.000000 -0.000000 0.000000
vn 1.000000 0.000000 0.000000
vn 1.000000 -0.000000 0.000000
vn 1.000000 0.000000 0.000000
vn 1.000000 0.000000 0.000000
vn 1.000000 0.000000 0.000000
vn 1.000000 -0.000000 0.000000
vn 1.000000 -0.000000 0.000000
vn 1.000000 -0.000000 0.000000
vn 1.000000 -0.000000 0.000000
vn 1.000000 -0.000000 0.000000
vn 1.000000 -0.000000 0.000000
vn 1.000000 -0.000000 0.000000
vn 1.000000 -0.000000 0.000000
vn 1.000000 0.000000 0.000000
vn 1.000000 -0.000000 0.000000
vn 1.000000 0.000000 0.000000
vn 1.000000 0.000000 0.000000
vn 1.000000 0.000000 0.000000
vn 1.000000 0.000000 0.000000
vn 1.000000 0.000000 0.000000
vn 1.000000 0.000000 0.000000
vn 1.000000 0.000000 0.000000
vn 1.000000 0.000000 0.000000
vn 1.000000 0.000000 0.000000
vn 1.000000 -0.000000 0.000000
vn 1.000000 -0.000000 0.000000
vn 1.000000 0.000000 0.000000
vn 1.000000 -0.000000 0.000000
vn 1.000000 -0.000000 0.000000
vn 1.000000 -0.000000 -0.000000
vn 1.000000 0.000000 0.000000
vn 1.000000 0.000000 0.000000
vn 1.000000 0.000000 0.000000
vn 1.000000 -0.000000 0.000000
vn 1.000000 -0.000000 -0.000000
vn 1.000000 -0.000000 -0.000000
vn 1.000000 0.000000 0.000000
vn 1.000000 -0.000000 0.000000
vn 1.000000 0.000000 0.000000
vn 1.000000 -0.000000 0.000000
vn 1.000000 -0.000000 -0.000000
vn 1.000000 -0.000000 -0.000000
vn 1.000000 -0.000000 -0.000000
vn 1.000000 0.000000 0.000000
vn 1.000000 0.000000 0.000000
vn 1.000000 0.000000 0.000000
vn 1.000000 0.000000 0.000000
vn 1.000000 0.000000 0.000000
vn 1.000000 -0.000000 -0.000000
vn 1.000000 -0.000000 -0.000000
vn 1.000000 -0.000000 -0.000000
vn 1.000000 0.000000 0.000000
vn 1.000000 -0.000000 -0.000000
vn 1.000000 0.000000 0.000000
vn 1.000000 -0.000000 -0.000000
vn 1.000000 0.000000 0.000000
vn 1.000000 0.000000 0.000000
vn 1.000000 0.000000 0.000000
vn 1.000000 -0.000000 -0.000000
vn 1.000000 -0.000000 -0.000000
vn 1.000000 -0.000000 -0.000000
vn 1.000000 -0.000000 -0.000000
vn 1.000000 0.000000 0.000000
vn 1.000000 0.000000 0.000000
vn 1.000000 0.000000 0.000000
vn 1.000000 0.000000 0.000000
vn 1.000000 0.000000 0.000000
vn 1.000000 0.000000 0.000000
vn 1.000000 -0.000000 -0.000000
vn 1.000000 -0.000000 -0.000000
vn 1.000000 -0.000000 -0.000000
vn 1.000000 -0.000000 -0.000000
vn 1.000000 0.000000 0.000000
vn 1.000000 0.000000 0.000000
vn 1.000000 0.000000 0.000000
vn 1.000000 0.000000 0.000000
vn 1.000000 -0.000000 -0.000000
vn 1.000000 -0.000000 -0.000000
vn 1.000000 -0.000000 -0.000000
vn 1.000000 -0.000000 -0.000000
vn 1.000000 0.000000 0.000000
vn 1.000000 0.000000 0.000000
vn 1.000000 -0.000000 0.000000
vn 1.000000 0.000000 0.000000
vn 1.000000 0.000000 0.000000
vn 1.000000 -0.000000 0.000000
vn 1.000000 0.000000 0.000000
vn 1.000000 -0.000000 -0.000000
vn 1.000000 0.000000 0.000000
vn 1.000000 0.000000 0.000000
vn 1.000000 -0.000000 -0.000000
vn 1.000000 -0.000000 -0.000000
vn 1.000000 -0.000000 -0.000000
vn 1.000000 0.000000 0.000000
vn 1.000000 0.000000 0.000000
vn 1.000000 -0.000000 -0.000000
vn 1.000000 0.000000 0.000000
vn 1.000000 -0.000000 -0.000000
vn 1.000000 -0.000000 -0.000000
vn 1.000000 0.000000 0.000000
vn 1.000000 -0.000000 -0.000000
vn 1.000000 0.000000 0.000000
vn 1.000000 0.000000 0.000000
vn 1.000000 0.000000 0.000000
vn 1.000000 0.000000 0.000000
vn 1.000000 0.000000 0.000000
vn 1.000000 -0.000000 -0.000000
vn 1.000000 0.000000 0.000000
vn 1.000000 -0.000000 -0.000000
vn 1.000000 0.000000 0.000000
vn 1.000000 -0.000000 -0.000000
vn 1.000000 -0.000000 -0.000000
vn 1.000000 0.000000 0.000000
vn 1.000000 0.000000 0.000000
vn 1.000000 0.000000 0.000000
vn 1.000000 -0.000000 -0.000000
vn 1.000000 -0.000000 -0.000000
vn 1.000000 -0.000000 -0.000000
vn 1.000000 -0.000000 -0.000000
vn 1.000000 -0.000000 -0.000000
vn 1.000000 0.000000 0.000000
vn 1.000000 -0.000000 -0.000000
vn 1.000000 0.000000 0.000000
vn 1.000000 0.000000 0.000000
vn 1.000000 -0.000000 -0.000000
vn 1.000000 -0.000000 -0.000000
vn 1.000000 -0.000000 -0.000000
vn 1.000000 -0.000000 -0.000000
vn 1.000000 -0.000000 -0.000000
vn 1.000000 0.000000 0.000000
vn 1.000000 0.000000 0.000000
vn 1.000000 0.000000 0.000000
vn 1.000000 0.000000 0.000000
vn 1.000000 -0.000000 -0.000000
vn 1.000000 0.000000 0.000000
vn 1.000000 0.000000 0.000000
vn 1.000000 0.000000 0.000000
vn 1.000000 -0.000000 -0.000000
vn 1.000000 -0.000000 -0.000000
vn 1.000000 -0.000000 -0.000000
vn 1.000000 0.000000 -0.000000
vn 1.000000 0.000000 -0.000000
vn 1.000000 0.000000 0.000000
vn 1.000000 0.000000 0.000000
vn 1.000000 0.000000 0.000000
vn 1.000000 0.000000 0.000000
vn 1.000000 0.000000 -0.000000
vn 1.000000 -0.000000 -0.000000
vn 1.000000 0.000000 -0.000000
vn 1.000000 -0.000000 -0.000000
vn 1.000000 0.000000 -0.000000
vn 1.000000 0.000000 -0.000000
vn 1.000000 0.000000 -0.000000
vn 1.000000 -0.000000 0.000000
vn 1.000000 -0.000000 0.000000
vn 1.000000 -0.000000 0.000000
vn 1.000000 -0.000000 0.000000
vn 1.000000 0.000000 0.000000
vn 1.000000 0.000000 0.000000
vn 1.000000 -0.000000 0.000000
vn 1.000000 -0.000000 0.000000
vn 1.000000 -0.000000 0.000000
vn 1.000000 0.000000 0.000000
vn 1.000000 0.000000 0.000000
vn 1.000000 0.000000 -0.000000
vn 1.000000 0.000000 -0.000000
vn 1.000000 0.000000 0.000000
vn 1.000000 0.000000 -0.000000
vn 1.000000 0.000000 -0.000000
vn 1.000000 0.000000 0.000000
vn 1.000000 0.000000 0.000000
vn 1.000000 0.000000 -0.000000
vn 1.000000 0.000000 0.000000
vn 1.000000 0.000000 -0.000000
vn 1.000000 0.000000 -0.000000
vn 1.000000 0.000000 0.000000
vn 1.000000 0.000000 0.000000
vn 1.000000 0.000000 0.000000
vn 1.000000 0.000000 0.000000
vn 1.000000 0.000000 -0.000000
vn 1.000000 0.000000 -0.000000
vn 1.000000 0.000000 -0.000000
vn 1.000000 0.000000 0.000000
vn 1.000000 0.000000 -0.000000
vn 1.000000 0.000000 0.000000
vn 1.000000 0.000000 0.000000
vn 1.000000 0.000000 0.000000
vn 1.000000 0.000000 0.000000
vn 1.000000 0.000000 -0.000000
vn 1.000000 0.000000 -0.000000
vn 1.000000 0.000000 -0.000000
vn 1.000000 0.000000 0.000000
vn 1.000000 0.000000 0.000000
vn 1.000000 0.000000 -0.000000
vn 1.000000 0.000000 -0.000000
vn 1.000000 0.000000 -0.000000
vn 1.000000 0.000000 0.000000
vn 1.000000 0.000000 0.000000
vn 1.000000 0.000000 -0.000000
vn 1.000000 0.000000 -0.000000
vn 1.000000 0.000000 -0.000000
vn 1.000000 0.000000 -0.000000
vn 1.000000 0.000000 0.000000
vn 1.000000 -0.000000 0.000000
vn 1.000000 0.000000 -0.000000
vn 1.000000 0.000000 0.000000
vn 1.000000 0.000000 0.000000
vn 1.000000 -0.000000 -0.000000
vn 1.000000 -0.000000 -0.000000
vn 1.000000 0.000000 -0.000000
vn 1.000000 -0.000000 -0.000000
vn 1.000000 0.000000 0.000000
f 1//1 2//1 3//1
f 3//2 2//2 4//2
f 5//3 6//3 7//3
f 7//4 8//4 5//4
f 6//5 9//5 7//5
f 7//6 10//6 8//6
f 9//7 11//7 7//7
f 7//8 12//8 10//8
f 11//9 13//9 7//9
f 7//10 14//10 12//10
f 13//11 15//11 7//11
f 7//12 16//12 14//12
f 15//13 17//13 7//13
f 7//14 18//14 16//14
f 17//15 19//15 7//15
f 7//16 20//16 18//16
f 19//17 21//17 7//17
f 7//18 22//18 20//18
f 21//19 23//19 7//19
f 7//20 24//20 22//20
f 23//21 25//21 7//21
f 7//22 26//22 24//22
f 25//23 27//23 7//23
f 7//24 28//24 26//24
f 27//25 29//25 7//25
f 7//26 30//26 28//26
f 29//27 31//27 7//27
f 7//28 32//28 30//28
f 31//29 33//29 7//29
f 7//30 34//30 32//30
f 33//31 35//31 7//31
f 7//32 36//32 34//32
f 35//33 37//33 7//33
f 7//34 38//34 36//34
f 37//35 39//35 7//35
f 7//36 40//36 38//36
f 39//37 41//37 7//37
f 7//38 42//38 40//38
f 41//39 43//39 7//39
f 7//40 44//40 42//40
f 43//41 45//41 7//41
f 7//42 46//42 44//42
f 45//43 47//43 7//43
f 7//44 48//44 46//44
f 47//45 49//45 7//45
f 7//46 50//46 48//46
f 49//47 51//47 7//47
f 7//48 52//48 50//48
f 51//49 53//49 7//49
f 7//50 54//50 52//50
f 53//51 55//51 7//51
f 7//52 56//52 54//52
f 55//53 57//53 7//53
f 7//54 58//54 56//54
f 57//55 59//55 7//55
f 7//56 60//56 58//56
f 59//57 61//57 7//57
f 7//58 62//58 60//58
f 61//59 63//59 7//59
f 63//60 64//60 7//60
f 64//61 65//61 7//61
f 65//62 66//62 7//62
f 66//63 67//63 7//63
f 67//64 68//64 7//64
f 68//65 69//65 7//65
f 69//66 70//66 7//66
f 70//67 71//67 7//67
f 71//68 72//68 7//68
f 72//69 73//69 7//69
f 73//70 74//70 7//70
f 62//71 75//71 76//71
f 76//72 75//72 77//72
f 77//73 75//73 78//73
f 78//74 75//74 79//74
f 79//75 75//75 80//75
f 80//76 75//76 81//76
f 81//77 75//77 82//77
f 82//78 75//78 83//78
f 83//79 75//79 84//79
f 7//80 75//80 62//80
f 84//81 75//81 85//81
f 85//82 75//82 86//82
f 86//83 75//83 87//83
f 87//84 75//84 88//84
f 88//85 75//85 89//85
f 89//86 75//86 90//86
f 90//87 75//87 91//87
f 91//88 75//88 92//88
f 92//89 75//89 93//89
f 93//90 75//90 94//90
f 94//91 75//91 95//91
f 95//92 75//92 96//92
f 96//93 75//93 97//93
f 97//94 75//94 98//94
f 98//95 75//95 99//95
f 99//96 75//96 100//96
f 100//97 75//97 101//97
f 101//98 75//98 102//98
f 102//99 75//99 103//99
f 75//100 104//100 103//100
f 75//101 105//101 104//101
f 75//102 106//102 105//102
f 75//103 107//103 106//103
f 75//104 108//104 107//104
f 75//105 109//105 108//105
f 75//106 110//106 109//106
f 75//107 111//107 110//107
f 75//108 112//108 111//108
f 75//109 113//109 112//109
f 75//110 114//110 113//110
f 75//111 115//111 114//111
f 75//112 116//112 115//112
f 75//113 117//113 116//113
f 75//114 118//114 117//114
f 75//115 119//115 118//115
f 75//116 120//116 119//116
f 75//117 121//117 120//117
f 75//118 122//118 121//118
f 75//119 123//119 122//119
f 75//120 124//120 123//120
f 75//121 125//121 124//121
f 75//122 126//122 125//122
f 75//123 127//123 126//123
f 75//124 128//124 127//124
f 75//125 129//125 128//125
f 75//126 130//126 129//126
f 75//127 131//127 130//127
f 75//128 132//128 131//128
f 75//129 133//129 132//129
f 75//130 134//130 133//130
f 75//131 135//131 134//131
f 75//132 136//132 135//132
f 75//133 137//133 136//133
f 75//134 138//134 137//134
f 75//135 139//135 138//135
f 75//136 140//136 139//136
f 75//137 141//137 140//137
f 75//138 142//138 141//138
f 75//139 143//139 142//139
f 144//140 3//140 145//140
f 145//141 3//141 146//141
f 146//142 3//142 147//142
f 147//143 3//143 148//143
f 148//144 3//144 149//144
f 149//145 3//145 150//145
f 150//146 3//146 151//146
f 151//147 3//147 152//147
f 152//148 3//148 153//148
f 153//149 3//149 154//149
f 154//150 3//150 155//150
f 155//151 3//151 156//151
f 156//152 3//152 157//152
f 157//153 3//153 158//153
f 158//154 3//154 159//154
f 159//155 3//155 160//155
f 160//156 3//156 161//156
f 161//157 3//157 162//157
f 162//158 3//158 163//158
f 163//159 3//159 164//159
f 164//160 3//160 165//160
f 165//161 3//161 166//161
f 166//162 3//162 167//162
f 167//163 3//163 168//163
f 168//164 3//164 169//164
f 169//165 3//165 170//165
f 170//166 3//166 171//166
f 171//167 3//167 172//167
f 172//168 3//168 173//168
f 173//169 3//169 174//169
f 174//170 3//170 175//170
f 175//171 3//171 176//171
f 176//172 3//172 177//172
f 177//173 3//173 178//173
f 178//174 3//174 179//174
f 179//175 3//175 180//175
f 180//176 3//176 181//176
f 181//177 3//177 182//177
f 182//178 3//178 183//178
f 183//179 3//179 184//179
f 184//180 3//180 185//180
f 185//181 3//181 186//181
f 186//182 3//182 187//182
f 187//183 3//183 188//183
f 188//184 3//184 189//184
f 189//185 3//185 74//185
f 74//186 3//186 7//186
f 190//187 1//187 191//187
f 191//188 1//188 192//188
f 192//189 1//189 193//189
f 193//190 1//190 194//190
f 194//191 1//191 195//191
f 195//192 1//192 196//192
f 196//193 1//193 197//193
f 197//194 1//194 198//194
f 198//195 1//195 199//195
f 199//196 1//196 200//196
f 200//197 1//197 201//197
f 201//198 1//198 202//198
f 202//199 1//199 203//199
f 203//200 1//200 204//200
f 204//201 1//201 205//201
f 205//202 1//202 206//202
f 206//203 1//203 207//203
f 207//204 1//204 208//204
f 208//205 1//205 209//205
f 209//206 1//206 210//206
f 210//207 1//207 211//207
f 211//208 1//208 212//208
f 212//209 1//209 213//209
f 213//210 1//210 214//210
f 214//211 1//211 215//211
f 215//212 1//212 216//212
f 216//213 1//213 217//213
f 217//214 1//214 218//214
f 144//215 1//215 3//215
f 218//216 1//216 219//216
f 219//217 1//217 220//217
f 220//218 1//218 221//218
f 221//219 1//219 144//219
f 222//220 1//220 223//220
f 223//221 1//221 224//221
f 224//222 1//222 225//222
f 225//223 1//223 226//223
f 226//224 1//224 227//224
f 227//225 1//225 228//225
f 228//226 1//226 229//226
f 229//227 1//227 230//227
f 230//228 1//228 231//228
f 231//229 1//229 190//229
f 75//230 1//230 143//230
f 143//231 1//231 232//231
f 232//232 1//232 233//232
f 233//233 1//233 234//233
f 234//234 1//234 235//234
f 235//235 1//235 222//235
f 4//236 236//236 237//236
f 237//237 238//237 4//237
f 4//238 239//238 236//238
f 238//239 240//239 4//239
f 4//240 241//240 239//240
f 240//241 242//241 4//241
f 4//242 243//242 241//242
f 242//243 244//243 4//243
f 4//244 245//244 243//244
f 244//245 246//245 4//245
f 4//246 247//246 245//246
f 246//247 248//247 4//247
f 4//248 249//248 247//248
f 248//249 250//249 4//249
f 4//250 251//250 249//250
f 250//251 252//251 4//251
f 4//252 253//252 251//252
f 252//253 254//253 4//253
f 4//254 255//254 253//254
f 254//255 256//255 4//255
f 4//256 257//256 255//256
f 256//257 258//257 4//257
f 4//258 259//258 257//258
f 258//259 260//259 4//259
f 4//260 261//260 259//260
f 260//261 262//261 4//261
f 4//262 263//262 261//262
f 262//263 264//263 4//263
f 4//264 265//264 263//264
f 264//265 266//265 4//265
f 4//266 267//266 265//266
f 266//267 268//267 4//267
f 4//268 269//268 267//268
f 268//269 270//269 4//269
f 4//270 271//270 269//270
f 270//271 272//271 4//271
f 4//272 273//272 271//272
f 272//273 274//273 4//273
f 4//274 275//274 273//274
f 274//275 276//275 4//275
f 4//276 277//276 275//276
f 276//277 278//277 4//277
f 4//278 279//278 277//278
f 278//279 280//279 4//279
f 4//280 281//280 279//280
f 280//281 282//281 4//281
f 4//282 283//282 281//282
f 282//283 284//283 4//283
f 4//284 285//284 283//284
f 284//285 286//285 4//285
f 286//286 287//286 4//286
f 287//287 288//287 4//287
f 4//288 289//288 290//288
f 288//289 289//289 4//289
f 289//290 291//290 290//290
f 291//291 292//291 290//291
f 292//292 293//292 290//292
f 293//293 294//293 290//293
f 294//294 295//294 290//294
f 295//295 296//295 290//295
f 296//296 297//296 290//296
f 297//297 298//297 290//297
f 298//298 299//298 290//298
f 299//299 300//299 290//299
f 300//300 301//300 290//300
f 301//301 302//301 290//301
f 302//302 303//302 290//302
f 303//303 304//303 290//303
f 304//304 305//304 290//304
f 305//305 306//305 290//305
f 306//306 307//306 290//306
f 307//307 308//307 290//307
f 308//308 309//308 290//308
f 309//309 310//309 290//309
f 310//310 311//310 290//310
f 311//311 312//311 290//311
f 312//312 313//312 290//312
f 313//313 314//313 290//313
f 314//314 315//314 290//314
f 315//315 316//315 290//315
f 316//316 317//316 290//316
f 317//317 318//317 290//317
f 318//318 319//318 290//318
f 319//319 320//319 290//319
f 320//320 321//320 290//320
f 321//321 322//321 290//321
f 322//322 323//322 290//322
f 323//323 324//323 290//323
f 324//324 325//324 290//324
f 325//325 326//325 290//325
f 326//326 327//326 290//326
f 327//327 328//327 290//327
f 328//328 329//328 290//328
f 329//329 330//329 290//329
f 330//330 331//330 290//330
f 331//331 332//331 290//331
f 332//332 333//332 290//332
f 333//333 334//333 290//333
f 334//334 335//334 290//334
f 335//335 336//335 290//335
f 336//336 337//336 290//336
f 337//337 338//337 290//337
f 338//338 339//338 290//338
f 339//339 340//339 290//339
f 340//340 341//340 290//340
f 341//341 342//341 290//341
f 342//342 343//342 290//342
f 343//343 344//343 290//343
f 345//344 2//344 346//344
f 347//345 2//345 345//345
f 348//346 2//346 347//346
f 349//347 2//347 348//347
f 350//348 2//348 349//348
f 351//349 2//349 350//349
f 352//350 2//350 351//350
f 353//351 2//351 352//351
f 354//352 2//352 353//352
f 355//353 2//353 354//353
f 356//354 2//354 355//354
f 357//355 2//355 356//355
f 358//356 2//356 357//356
f 359//357 2//357 358//357
f 360//358 2//358 359//358
f 361//359 2//359 360//359
f 362//360 2//360 361//360
f 363//361 2//361 362//361
f 364//362 2//362 363//362
f 365//363 2//363 364//363
f 366//364 2//364 365//364
f 367//365 2//365 366//365
f 368//366 2//366 367//366
f 369//367 2//367 368//367
f 370//368 2//368 369//368
f 371//369 2//369 370//369
f 372//370 2//370 371//370
f 373//371 2//371 372//371
f 374//372 2//372 373//372
f 375//373 2//373 376//373
f 377//374 2//374 375//374
f 378//375 2//375 377//375
f 379//376 2//376 378//376
f 380//377 2//377 379//377
f 381//378 2//378 380//378
f 382//379 2//379 381//379
f 383//380 2//380 382//380
f 384//381 2//381 383//381
f 385//382 2//382 384//382
f 386//383 2//383 385//383
f 387//384 2//384 386//384
f 388//385 2//385 387//385
f 389//386 2//386 388//386
f 390//387 2//387 389//387
f 391//388 2//388 390//388
f 392//389 2//389 391//389
f 393//390 2//390 392//390
f 394//391 2//391 393//391
f 395//392 2//392 394//392
f 396//393 2//393 395//393
f 397//394 2//394 396//394
f 398//395 2//395 397//395
f 399//396 2//396 398//396
f 346//397 2//397 399//397
f 400//398 401//398 402//398
f 403//399 401//399 400//399
f 404//400 401//400 403//400
f 405//401 401//401 404//401
f 406//402 401//402 405//402
f 407//403 401//403 406//403
f 408//404 401//404 407//404
f 409//405 401//405 408//405
f 410//406 401//406 409//406
f 411//407 401//407 410//407
f 412//408 401//408 411//408
f 413//409 401//409 412//409
f 414//410 401//410 413//410
f 415//411 401//411 414//411
f 416//412 401//412 415//412
f 417//413 401//413 416//413
f 418//414 401//414 417//414
f 419//415 401//415 418//415
f 420//416 401//416 419//416
f 421//417 401//417 420//417
f 422//418 401//418 421//418
f 423//419 401//419 422//419
f 424//420 401//420 423//420
f 425//421 401//421 424//421
f 426//422 401//422 425//422
f 427//423 401//423 426//423
f 428//424 401//424 427//424
f 429//425 401//425 428//425
f 430//426 401//426 429//426
f 431//427 401//427 430//427
f 432//428 401//428 431//428
f 433//429 401//429 432//429
f 434//430 401//430 433//430
f 435//431 401//431 434//431
f 436//432 401//432 435//432
f 437//433 401//433 436//433
f 438//434 401//434 437//434
f 439//435 401//435 438//435
f 440//436 401//436 439//436
f 441//437 401//437 440//437
f 442//438 401//438 441//438
f 443//439 401//439 442//439
f 444//440 401//440 443//440
f 445//441 401//441 444//441
f 446//442 401//442 445//442
f 447//443 401//443 446//443
f 448//444 401//444 447//444
f 449//445 401//445 448//445
f 450//446 401//446 449//446
f 451//447 401//447 450//447
f 452//448 401//448 451//448
f 453//449 401//449 452//449
f 454//450 401//450 453//450
f 455//451 401//451 454//451
f 376//452 401//452 455//452
f 2//453 401//453 376//453
f 4//454 2//454 456//454
f 4//455 456//455 457//455
f 4//456 457//456 458//456
f 4//457 458//457 459//457
f 4//458 459//458 285//458
f 456//459 2//459 460//459
f 460//460 2//460 461//460
f 461//461 2//461 374//461
f 401//462 290//462 462//462
f 401//463 462//463 463//463
f 401//464 463//464 464//464
f 401//465 464//465 402//465
f 462//466 290//466 465//466
f 465//467 290//467 466//467
f 466//468 290//468 344//468
f 401//469 2//469 467//469
f 2//470 468//470 467//470
f 1//471 469//471 2//471
f 75//472 469//472 1//472
f 2//473 469//473 468//473
f 469//474 470//474 468//474
f 469//475 471//475 470//475
f 471//476 472//476 470//476
f 468//477 473//477 474//477
f 470//478 473//478 468//478
f 4//479 290//479 475//479
f 476//480 4//480 475//480
f 477//481 3//481 4//481
f 477//482 7//482 3//482
f 477//483 4//483 476//483
f 478//484 477//484 476//484
f 479//485 477//485 478//485
f 480//486 479//486 478//486
f 481//487 476//487 482//487
f 481//488 478//488 476//488
f 469//489 75//489 477//489
f 477//490 75//490 7//490
f 144//491 145//491 483//491
f 483//492 145//492 484//492
f 484//493 146//493 485//493
f 145//494 146//494 484//494
f 485//495 147//495 486//495
f 146//496 147//496 485//496
f 486//497 148//497 487//497
f 147//498 148//498 486//498
f 487//499 149//499 488//499
f 148//500 149//500 487//500
f 488//501 150//501 489//501
f 149//502 150//502 488//502
f 489//503 151//503 490//503
f 150//504 151//504 489//504
f 490//505 152//505 491//505
f 151//506 152//506 490//506
f 491//507 153//507 492//507
f 152//508 153//508 491//508
f 153//509 154//509 492//509
f 492//510 154//510 493//510
f 154//511 155//511 493//511
f 493//512 155//512 494//512
f 155//513 156//513 494//513
f 494//514 156//514 495//514
f 495//515 156//515 496//515
f 156//516 157//516 496//516
f 496//517 158//517 497//517
f 157//518 158//518 496//518
f 497//519 159//519 498//519
f 158//520 159//520 497//520
f 498//521 160//521 499//521
f 159//522 160//522 498//522
f 499//523 161//523 500//523
f 160//524 161//524 499//524
f 500//525 162//525 501//525
f 501//526 162//526 502//526
f 161//527 162//527 500//527
f 162//528 163//528 502//528
f 502//529 164//529 503//529
f 163//530 164//530 502//530
f 503//531 165//531 504//531
f 504//532 165//532 505//532
f 164//533 165//533 503//533
f 165//534 166//534 505//534
f 505//535 167//535 506//535
f 166//536 167//536 505//536
f 506//537 168//537 507//537
f 167//538 168//538 506//538
f 507//539 169//539 508//539
f 168//540 169//540 507//540
f 508//541 170//541 509//541
f 509//542 170//542 510//542
f 169//543 170//543 508//543
f 170//544 171//544 510//544
f 510//545 172//545 511//545
f 511//546 172//546 512//546
f 171//547 172//547 510//547
f 512//548 173//548 513//548
f 172//549 173//549 512//549
f 173//550 174//550 513//550
f 513//551 175//551 514//551
f 174//552 175//552 513//552
f 514//553 176//553 515//553
f 175//554 176//554 514//554
f 515//555 177//555 516//555
f 176//556 177//556 515//556
f 516//557 178//557 517//557
f 177//558 178//558 516//558
f 517//559 179//559 518//559
f 178//560 179//560 517//560
f 518//561 180//561 519//561
f 179//562 180//562 518//562
f 180//563 181//563 519//563
f 519//564 181//564 520//564
f 181//565 182//565 520//565
f 520//566 182//566 521//566
f 182//567 183//567 521//567
f 521//568 183//568 522//568
f 183//569 184//569 522//569
f 522//570 184//570 523//570
f 184//571 185//571 523//571
f 523//572 185//572 524//572
f 185//573 186//573 524//573
f 524//574 186//574 525//574
f 186//575 187//575 525//575
f 525//576 187//576 526//576
f 187//577 188//577 526//577
f 526//578 188//578 527//578
f 527//579 188//579 528//579
f 188//580 189//580 528//580
f 528//581 189//581 529//581
f 189//582 74//582 529//582
f 529//583 73//583 530//583
f 74//584 73//584 529//584
f 530//585 73//585 531//585
f 73//586 72//586 531//586
f 531//587 71//587 532//587
f 72//588 71//588 531//588
f 532//589 70//589 533//589
f 533//590 70//590 534//590
f 71//591 70//591 532//591
f 70//592 69//592 534//592
f 534//593 68//593 535//593
f 535//594 68//594 536//594
f 69//595 68//595 534//595
f 68//596 67//596 536//596
f 536//597 66//597 537//597
f 67//598 66//598 536//598
f 537//599 65//599 538//599
f 66//600 65//600 537//600
f 538//601 64//601 539//601
f 539//602 64//602 540//602
f 65//603 64//603 538//603
f 64//604 63//604 540//604
f 540//605 61//605 541//605
f 541//606 61//606 542//606
f 63//607 61//607 540//607
f 61//608 59//608 542//608
f 542//609 57//609 543//609
f 59//610 57//610 542//610
f 543//611 55//611 544//611
f 544//612 55//612 545//612
f 57//613 55//613 543//613
f 55//614 53//614 545//614
f 53//615 51//615 545//615
f 545//616 51//616 546//616
f 51//617 49//617 546//617
f 546//618 49//618 547//618
f 49//619 47//619 547//619
f 547//620 47//620 548//620
f 47//621 45//621 548//621
f 548//622 45//622 549//622
f 45//623 43//623 549//623
f 549//624 43//624 550//624
f 550//625 43//625 551//625
f 43//626 41//626 551//626
f 41//627 39//627 551//627
f 551//628 39//628 552//628
f 552//629 39//629 553//629
f 39//630 37//630 553//630
f 37//631 35//631 553//631
f 553//632 35//632 554//632
f 554//633 35//633 555//633
f 35//634 33//634 555//634
f 33//635 31//635 555//635
f 555//636 31//636 556//636
f 31//637 29//637 556//637
f 556//638 29//638 557//638
f 29//639 27//639 557//639
f 557//640 27//640 558//640
f 27//641 25//641 558//641
f 558//642 25//642 559//642
f 25//643 23//643 559//643
f 559//644 23//644 560//644
f 23//645 21//645 560//645
f 560//646 21//646 561//646
f 21//647 19//647 561//647
f 561//648 19//648 562//648
f 562//649 19//649 563//649
f 19//650 17//650 563//650
f 17//651 15//651 563//651
f 563//652 15//652 564//652
f 564//653 13//653 565//653
f 15//654 13//654 564//654
f 565//655 11//655 566//655
f 13//656 11//656 565//656
f 566//657 9//657 567//657
f 11//658 9//658 566//658
f 567//659 6//659 568//659
f 9//660 6//660 567//660
f 6//661 5//661 568//661
f 568//662 5//662 569//662
f 5//663 8//663 569//663
f 569//664 8//664 570//664
f 8//665 10//665 570//665
f 570//666 10//666 571//666
f 571//667 10//667 572//667
f 10//668 12//668 572//668
f 12//669 14//669 572//669
f 572//670 14//670 573//670
f 14//671 16//671 573//671
f 573//672 16//672 574//672
f 16//673 18//673 574//673
f 574//674 18//674 575//674
f 575//675 18//675 576//675
f 18//676 20//676 576//676
f 20//677 22//677 576//677
f 576//678 22//678 577//678
f 22//679 24//679 577//679
f 577//680 24//680 578//680
f 578//681 24//681 579//681
f 24//682 26//682 579//682
f 26//683 28//683 579//683
f 579//684 28//684 580//684
f 28//685 30//685 580//685
f 580//686 30//686 581//686
f 581//687 30//687 582//687
f 30//688 32//688 582//688
f 582//689 34//689 583//689
f 583//690 34//690 584//690
f 32//691 34//691 582//691
f 584//692 36//692 585//692
f 34//693 36//693 584//693
f 36//694 38//694 585//694
f 585//695 40//695 586//695
f 586//696 40//696 587//696
f 38//697 40//697 585//697
f 587//698 42//698 588//698
f 40//699 42//699 587//699
f 42//700 44//700 588//700
f 588//701 46//701 589//701
f 589//702 46//702 590//702
f 44//703 46//703 588//703
f 46//704 48//704 590//704
f 590//705 50//705 591//705
f 48//706 50//706 590//706
f 591//707 52//707 592//707
f 592//708 52//708 593//708
f 50//709 52//709 591//709
f 52//710 54//710 593//710
f 54//711 56//711 593//711
f 593//712 56//712 594//712
f 56//713 58//713 594//713
f 594//714 58//714 595//714
f 58//715 60//715 595//715
f 595//716 60//716 596//716
f 596//717 60//717 597//717
f 597//718 62//718 598//718
f 60//719 62//719 597//719
f 62//720 76//720 598//720
f 598//721 77//721 599//721
f 599//722 77//722 600//722
f 76//723 77//723 598//723
f 77//724 78//724 600//724
f 78//725 79//725 600//725
f 600//726 79//726 601//726
f 601//727 80//727 602//727
f 602//728 80//728 603//728
f 79//729 80//729 601//729
f 603//730 81//730 604//730
f 80//731 81//731 603//731
f 604//732 82//732 605//732
f 81//733 82//733 604//733
f 605//734 83//734 606//734
f 82//735 83//735 605//735
f 606//736 84//736 607//736
f 83//737 84//737 606//737
f 84//738 85//738 607//738
f 607//739 86//739 608//739
f 85//740 86//740 607//740
f 608//741 87//741 609//741
f 86//742 87//742 608//742
f 609//743 88//743 610//743
f 610//744 88//744 611//744
f 87//745 88//745 609//745
f 88//746 89//746 611//746
f 611//747 90//747 612//747
f 89//748 90//748 611//748
f 612//749 91//749 613//749
f 613//750 91//750 614//750
f 90//751 91//751 612//751
f 91//752 92//752 614//752
f 614//753 93//753 615//753
f 92//754 93//754 614//754
f 615//755 94//755 616//755
f 616//756 94//756 617//756
f 93//757 94//757 615//757
f 94//758 95//758 617//758
f 617//759 96//759 618//759
f 618//760 96//760 619//760
f 95//761 96//761 617//761
f 96//762 97//762 619//762
f 97//763 98//763 619//763
f 619//764 98//764 620//764
f 98//765 99//765 620//765
f 620//766 99//766 621//766
f 99//767 100//767 621//767
f 621//768 100//768 622//768
f 100//769 101//769 622//769
f 622//770 101//770 623//770
f 101//771 102//771 623//771
f 623//772 102//772 624//772
f 624//773 102//773 625//773
f 102//774 103//774 625//774
f 625//775 103//775 626//775
f 103//776 104//776 626//776
f 104//777 105//777 626//777
f 626//778 105//778 627//778
f 105//779 106//779 627//779
f 627//780 106//780 628//780
f 106//781 107//781 628//781
f 628//782 107//782 629//782
f 107//783 108//783 629//783
f 629//784 108//784 630//784
f 630//785 109//785 631//785
f 108//786 109//786 630//786
f 631//787 110//787 632//787
f 109//788 110//788 631//788
f 632//789 110//789 633//789
f 110//790 111//790 633//790
f 633//791 112//791 634//791
f 634//792 112//792 635//792
f 111//793 112//793 633//793
f 112//794 113//794 635//794
f 635//795 114//795 636//795
f 113//796 114//796 635//796
f 636//797 115//797 637//797
f 114//798 115//798 636//798
f 637//799 116//799 638//799
f 115//800 116//800 637//800
f 638//801 117//801 639//801
f 116//802 117//802 638//802
f 639//803 118//803 640//803
f 117//804 118//804 639//804
f 640//805 119//805 641//805
f 118//806 119//806 640//806
f 641//807 120//807 642//807
f 119//808 120//808 641//808
f 642//809 121//809 643//809
f 643//810 121//810 644//810
f 120//811 121//811 642//811
f 121//812 122//812 644//812
f 122//813 123//813 644//813
f 644//814 123//814 645//814
f 645//815 123//815 646//815
f 123//816 124//816 646//816
f 124//817 125//817 646//817
f 646//818 125//818 647//818
f 647//819 125//819 648//819
f 125//820 126//820 648//820
f 126//821 127//821 648//821
f 648//822 127//822 649//822
f 127//823 128//823 649//823
f 649//824 128//824 650//824
f 128//825 129//825 650//825
f 650//826 129//826 651//826
f 129//827 130//827 651//827
f 651//828 130//828 652//828
f 130//829 131//829 652//829
f 652//830 131//830 653//830
f 131//831 132//831 653//831
f 653//832 132//832 654//832
f 132//833 133//833 654//833
f 654//834 133//834 655//834
f 133//835 134//835 655//835
f 655//836 134//836 656//836
f 134//837 135//837 656//837
f 656//838 135//838 657//838
f 135//839 136//839 657//839
f 657//840 136//840 658//840
f 136//841 137//841 658//841
f 658//842 137//842 659//842
f 659//843 137//843 660//843
f 137//844 138//844 660//844
f 138//845 139//845 660//845
f 660//846 139//846 661//846
f 139//847 140//847 661//847
f 661//848 140//848 662//848
f 140//849 141//849 662//849
f 662//850 141//850 663//850
f 141//851 142//851 663//851
f 663//852 142//852 664//852
f 664//853 143//853 665//853
f 142//854 143//854 664//854
f 665//855 232//855 666//855
f 143//856 232//856 665//856
f 666//857 233//857 667//857
f 232//858 233//858 666//858
f 667//859 234//859 668//859
f 668//860 234//860 669//860
f 233//861 234//861 667//861
f 234//862 235//862 669//862
f 235//863 222//863 669//863
f 669//864 222//864 670//864
f 222//865 223//865 670//865
f 670//866 223//866 671//866
f 223//867 224//867 671//867
f 671//868 224//868 672//868
f 672//869 224//869 673//869
f 224//870 225//870 673//870
f 225//871 226//871 673//871
f 673//872 226//872 674//872
f 226//873 227//873 674//873
f 674//874 227//874 675//874
f 675//875 227//875 676//875
f 227//876 228//876 676//876
f 228//877 229//877 676//877
f 676//878 229//878 677//878
f 677//879 229//879 678//879
f 229//880 230//880 678//880
f 230//881 231//881 678//881
f 678//882 231//882 679//882
f 679//883 231//883 680//883
f 231//884 190//884 680//884
f 190//885 191//885 680//885
f 680//886 191//886 681//886
f 191//887 192//887 681//887
f 681//888 192//888 682//888
f 682//889 192//889 683//889
f 192//890 193//890 683//890
f 683//891 194//891 684//891
f 684//892 194//892 685//892
f 193//893 194//893 683//893
f 194//894 195//894 685//894
f 685//895 196//895 686//895
f 686//896 196//896 687//896
f 195//897 196//897 685//897
f 687//898 197//898 688//898
f 196//899 197//899 687//899
f 197//900 198//900 688//900
f 688//901 199//901 689//901
f 198//902 199//902 688//902
f 689//903 200//903 690//903
f 199//904 200//904 689//904
f 690//905 201//905 691//905
f 691//906 201//906 692//906
f 200//907 201//907 690//907
f 201//908 202//908 692//908
f 692//909 203//909 693//909
f 202//910 203//910 692//910
f 693//911 204//911 694//911
f 203//912 204//912 693//912
f 204//913 205//913 694//913
f 694//914 205//914 695//914
f 205//915 206//915 695//915
f 695//916 206//916 696//916
f 696//917 206//917 697//917
f 206//918 207//918 697//918
f 697//919 207//919 698//919
f 207//920 208//920 698//920
f 698//921 209//921 699//921
f 699//922 209//922 700//922
f 208//923 209//923 698//923
f 209//924 210//924 700//924
f 700//925 211//925 701//925
f 701//926 211//926 702//926
f 210//927 211//927 700//927
f 211//928 212//928 702//928
f 702//929 213//929 703//929
f 212//930 213//930 702//930
f 703//931 214//931 704//931
f 704//932 214//932 705//932
f 213//933 214//933 703//933
f 214//934 215//934 705//934
f 705//935 216//935 706//935
f 215//936 216//936 705//936
f 706//937 217//937 707//937
f 707//938 217//938 708//938
f 216//939 217//939 706//939
f 217//940 218//940 708//940
f 708//941 219//941 709//941
f 218//942 219//942 708//942
f 709//943 220//943 710//943
f 219//944 220//944 709//944
f 710//945 221//945 711//945
f 220//946 221//946 710//946
f 221//947 144//947 711//947
f 711//948 144//948 483//948
f 401//949 467//949 290//949
f 290//950 467//950 475//950
f 712//951 713//951 456//951
f 456//952 713//952 457//952
f 457//953 714//953 458//953
f 713//954 714//954 457//954
f 458//955 715//955 459//955
f 714//956 715//956 458//956
f 459//957 716//957 285//957
f 715//958 716//958 459//958
f 285//959 717//959 283//959
f 716//960 717//960 285//960
f 283//961 718//961 281//961
f 717//962 718//962 283//962
f 281//963 719//963 279//963
f 718//964 719//964 281//964
f 279//965 720//965 277//965
f 719//966 720//966 279//966
f 277//967 721//967 275//967
f 275//968 721//968 273//968
f 720//969 721//969 277//969
f 721//970 722//970 273//970
f 722//971 723//971 273//971
f 273//972 723//972 271//972
f 723//973 724//973 271//973
f 271//974 724//974 269//974
f 724//975 725//975 269//975
f 269//976 725//976 267//976
f 267//977 725//977 265//977
f 725//978 726//978 265//978
f 726//979 727//979 265//979
f 265//980 727//980 263//980
f 727//981 728//981 263//981
f 263//982 728//982 261//982
f 261//983 728//983 259//983
f 728//984 729//984 259//984
f 729//985 730//985 259//985
f 259//986 730//986 257//986
f 257//987 730//987 255//987
f 730//988 731//988 255//988
f 731//989 732//989 255//989
f 255//990 732//990 253//990
f 732//991 733//991 253//991
f 253//992 733//992 251//992
f 251//993 733//993 249//993
f 249//994 734//994 247//994
f 733//995 734//995 249//995
f 734//996 735//996 247//996
f 735//997 736//997 247//997
f 247//998 736//998 245//998
f 245//999 736//999 243//999
f 243//1000 737//1000 241//1000
f 736//1001 737//1001 243//1001
f 241//1002 738//1002 239//1002
f 737//1003 738//1003 241//1003
f 738//1004 739//1004 239//1004
f 239//1005 740//1005 236//1005
f 739//1006 740//1006 239//1006
f 236//1007 741//1007 237//1007
f 740//1008 741//1008 236//1008
f 237//1009 742//1009 238//1009
f 238//1010 742//1010 240//1010
f 741//1011 742//1011 237//1011
f 240//1012 743//1012 242//1012
f 742//1013 743//1013 240//1013
f 743//1014 744//1014 242//1014
f 242//1015 745//1015 244//1015
f 744//1016 745//1016 242//1016
f 244//1017 746//1017 246//1017
f 246//1018 746//1018 248//1018
f 745//1019 746//1019 244//1019
f 248//1020 747//1020 250//1020
f 746//1021 747//1021 248//1021
f 747//1022 748//1022 250//1022
f 748//1023 749//1023 250//1023
f 250//1024 749//1024 252//1024
f 749//1025 750//1025 252//1025
f 252//1026 750//1026 254//1026
f 750//1027 751//1027 254//1027
f 254//1028 751//1028 256//1028
f 751//1029 752//1029 256//1029
f 256//1030 752//1030 258//1030
f 752//1031 753//1031 258//1031
f 258//1032 753//1032 260//1032
f 753//1033 754//1033 260//1033
f 260//1034 754//1034 262//1034
f 754//1035 755//1035 262//1035
f 262//1036 755//1036 264//1036
f 755//1037 756//1037 264//1037
f 264//1038 756//1038 266//1038
f 756//1039 757//1039 266//1039
f 266//1040 757//1040 268//1040
f 757//1041 758//1041 268//1041
f 268//1042 758//1042 270//1042
f 758//1043 759//1043 270//1043
f 270//1044 759//1044 272//1044
f 759//1045 760//1045 272//1045
f 272//1046 760//1046 274//1046
f 760//1047 761//1047 274//1047
f 274//1048 761//1048 276//1048
f 761//1049 762//1049 276//1049
f 276//1050 762//1050 278//1050
f 762//1051 763//1051 278//1051
f 278//1052 763//1052 280//1052
f 763//1053 764//1053 280//1053
f 280//1054 764//1054 282//1054
f 764//1055 765//1055 282//1055
f 282//1056 765//1056 284//1056
f 765//1057 766//1057 284//1057
f 284//1058 766//1058 286//1058
f 766//1059 767//1059 286//1059
f 286//1060 767//1060 287//1060
f 767//1061 768//1061 287//1061
f 287//1062 768//1062 288//1062
f 288//1063 769//1063 289//1063
f 768//1064 769//1064 288//1064
f 289//1065 770//1065 291//1065
f 769//1066 770//1066 289//1066
f 291//1067 771//1067 292//1067
f 292//1068 771//1068 293//1068
f 770//1069 771//1069 291//1069
f 771//1070 772//1070 293//1070
f 772//1071 773//1071 293//1071
f 293//1072 773//1072 294//1072
f 294//1073 773//1073 295//1073
f 773//1074 774//1074 295//1074
f 774//1075 775//1075 295//1075
f 295//1076 775//1076 296//1076
f 775//1077 776//1077 296//1077
f 296//1078 776//1078 297//1078
f 776//1079 777//1079 297//1079
f 297//1080 777//1080 298//1080
f 777//1081 778//1081 298//1081
f 298//1082 778//1082 299//1082
f 778//1083 779//1083 299//1083
f 299//1084 779//1084 300//1084
f 779//1085 780//1085 300//1085
f 300//1086 780//1086 301//1086
f 780//1087 781//1087 301//1087
f 301//1088 781//1088 302//1088
f 302//1089 781//1089 303//1089
f 781//1090 782//1090 303//1090
f 782//1091 783//1091 303//1091
f 303//1092 783//1092 304//1092
f 783//1093 784//1093 304//1093
f 304//1094 784//1094 305//1094
f 305//1095 785//1095 306//1095
f 784//1096 785//1096 305//1096
f 306//1097 786//1097 307//1097
f 307//1098 786//1098 308//1098
f 785//1099 786//1099 306//1099
f 308//1100 787//1100 309//1100
f 786//1101 787//1101 308//1101
f 787//1102 788//1102 309//1102
f 309//1103 789//1103 310//1103
f 788//1104 789//1104 309//1104
f 310//1105 790//1105 311//1105
f 789//1106 790//1106 310//1106
f 311//1107 791//1107 312//1107
f 790//1108 791//1108 311//1108
f 312//1109 792//1109 313//1109
f 791//1110 792//1110 312//1110
f 313//1111 793//1111 314//1111
f 792//1112 793//1112 313//1112
f 314//1113 794//1113 315//1113
f 315//1114 794//1114 316//1114
f 793//1115 794//1115 314//1115
f 794//1116 795//1116 316//1116
f 316//1117 796//1117 317//1117
f 317//1118 796//1118 318//1118
f 795//1119 796//1119 316//1119
f 796//1120 797//1120 318//1120
f 318//1121 798//1121 319//1121
f 797//1122 798//1122 318//1122
f 798//1123 799//1123 319//1123
f 319//1124 799//1124 320//1124
f 799//1125 800//1125 320//1125
f 320//1126 800//1126 321//1126
f 800//1127 801//1127 321//1127
f 321//1128 801//1128 322//1128
f 322//1129 802//1129 323//1129
f 801//1130 802//1130 322//1130
f 323//1131 803//1131 324//1131
f 802//1132 803//1132 323//1132
f 324//1133 804//1133 325//1133
f 803//1134 804//1134 324//1134
f 325//1135 805//1135 326//1135
f 804//1136 805//1136 325//1136
f 326//1137 806//1137 327//1137
f 805//1138 806//1138 326//1138
f 327//1139 807//1139 328//1139
f 328//1140 807//1140 329//1140
f 806//1141 807//1141 327//1141
f 807//1142 808//1142 329//1142
f 329//1143 809//1143 330//1143
f 808//1144 809//1144 329//1144
f 330//1145 810//1145 331//1145
f 809//1146 810//1146 330//1146
f 331//1147 811//1147 332//1147
f 810//1148 811//1148 331//1148
f 332//1149 812//1149 333//1149
f 811//1150 812//1150 332//1150
f 333//1151 813//1151 334//1151
f 812//1152 813//1152 333//1152
f 334//1153 814//1153 335//1153
f 813//1154 814//1154 334//1154
f 335//1155 815//1155 336//1155
f 814//1156 815//1156 335//1156
f 336//1157 816//1157 337//1157
f 337//1158 816//1158 338//1158
f 815//1159 816//1159 336//1159
f 816//1160 817//1160 338//1160
f 338//1161 818//1161 339//1161
f 339//1162 818//1162 340//1162
f 817//1163 818//1163 338//1163
f 340//1164 819//1164 341//1164
f 818//1165 819//1165 340//1165
f 819//1166 820//1166 341//1166
f 341//1167 821//1167 342//1167
f 342//1168 821//1168 343//1168
f 820//1169 821//1169 341//1169
f 343//1170 822//1170 344//1170
f 821//1171 822//1171 343//1171
f 822//1172 823//1172 344//1172
f 823//1173 824//1173 344//1173
f 344//1174 824//1174 466//1174
f 824//1175 825//1175 466//1175
f 466//1176 825//1176 465//1176
f 465//1177 825//1177 462//1177
f 825//1178 826//1178 462//1178
f 462//1179 826//1179 463//1179
f 826//1180 827//1180 463//1180
f 463//1181 827//1181 464//1181
f 827//1182 828//1182 464//1182
f 828//1183 829//1183 464//1183
f 464//1184 829//1184 402//1184
f 402//1185 829//1185 400//1185
f 829//1186 830//1186 400//1186
f 830//1187 831//1187 400//1187
f 400//1188 831//1188 403//1188
f 403//1189 831//1189 404//1189
f 831//1190 832//1190 404//1190
f 832//1191 833//1191 404//1191
f 404//1192 833//1192 405//1192
f 833//1193 834//1193 405//1193
f 405//1194 834//1194 406//1194
f 406//1195 835//1195 407//1195
f 834//1196 835//1196 406//1196
f 407//1197 835//1197 408//1197
f 835//1198 836//1198 408//1198
f 836//1199 837//1199 408//1199
f 408//1200 837//1200 409//1200
f 409//1201 838//1201 410//1201
f 837//1202 838//1202 409//1202
f 410//1203 839//1203 411//1203
f 838//1204 839//1204 410//1204
f 411//1205 840//1205 412//1205
f 839//1206 840//1206 411//1206
f 412//1207 841//1207 413//1207
f 413//1208 841//1208 414//1208
f 840//1209 841//1209 412//1209
f 841//1210 842//1210 414//1210
f 414//1211 842//1211 415//1211
f 842//1212 843//1212 415//1212
f 415//1213 844//1213 416//1213
f 416//1214 844//1214 417//1214
f 843//1215 844//1215 415//1215
f 844//1216 845//1216 417//1216
f 417//1217 846//1217 418//1217
f 418//1218 846//1218 419//1218
f 845//1219 846//1219 417//1219
f 846//1220 847//1220 419//1220
f 847//1221 848//1221 419//1221
f 419//1222 848//1222 420//1222
f 420//1223 848//1223 421//1223
f 848//1224 849//1224 421//1224
f 849//1225 850//1225 421//1225
f 421//1226 850//1226 422//1226
f 422//1227 850//1227 423//1227
f 850//1228 851//1228 423//1228
f 851//1229 852//1229 423//1229
f 423//1230 852//1230 424//1230
f 852//1231 853//1231 424//1231
f 424//1232 853//1232 425//1232
f 853//1233 854//1233 425//1233
f 425//1234 854//1234 426//1234
f 426//1235 854//1235 427//1235
f 854//1236 855//1236 427//1236
f 855//1237 856//1237 427//1237
f 427//1238 856//1238 428//1238
f 428//1239 856//1239 429//1239
f 856//1240 857//1240 429//1240
f 857//1241 858//1241 429//1241
f 429//1242 858//1242 430//1242
f 858//1243 859//1243 430//1243
f 430//1244 859//1244 431//1244
f 431//1245 859//1245 432//1245
f 859//1246 860//1246 432//1246
f 432//1247 860//1247 433//1247
f 860//1248 861//1248 433//1248
f 433//1249 861//1249 434//1249
f 861//1250 862//1250 434//1250
f 434//1251 862//1251 435//1251
f 862//1252 863//1252 435//1252
f 863//1253 864//1253 435//1253
f 435//1254 864//1254 436//1254
f 864//1255 865//1255 436//1255
f 436//1256 865//1256 437//1256
f 865//1257 866//1257 437//1257
f 437//1258 866//1258 438//1258
f 866//1259 867//1259 438//1259
f 438//1260 867//1260 439//1260
f 867//1261 868//1261 439//1261
f 439//1262 868//1262 440//1262
f 868//1263 869//1263 440//1263
f 440//1264 869//1264 441//1264
f 441//1265 870//1265 442//1265
f 869//1266 870//1266 441//1266
f 442//1267 871//1267 443//1267
f 443//1268 871//1268 444//1268
f 870//1269 871//1269 442//1269
f 444//1270 872//1270 445//1270
f 871//1271 872//1271 444//1271
f 445//1272 873//1272 446//1272
f 872//1273 873//1273 445//1273
f 873//1274 874//1274 446//1274
f 874//1275 875//1275 446//1275
f 446//1276 875//1276 447//1276
f 875//1277 876//1277 447//1277
f 447//1278 876//1278 448//1278
f 876//1279 877//1279 448//1279
f 448//1280 877//1280 449//1280
f 877//1281 878//1281 449//1281
f 449//1282 878//1282 450//1282
f 450//1283 878//1283 451//1283
f 878//1284 879//1284 451//1284
f 879//1285 880//1285 451//1285
f 451//1286 880//1286 452//1286
f 880//1287 881//1287 452//1287
f 452//1288 881//1288 453//1288
f 881//1289 882//1289 453//1289
f 453//1290 882//1290 454//1290
f 454//1291 882//1291 455//1291
f 882//1292 883//1292 455//1292
f 883//1293 884//1293 455//1293
f 455//1294 884//1294 376//1294
f 376//1295 884//1295 375//1295
f 884//1296 885//1296 375//1296
f 375//1297 886//1297 377//1297
f 377//1298 886//1298 378//1298
f 885//1299 886//1299 375//1299
f 378//1300 887//1300 379//1300
f 886//1301 887//1301 378//1301
f 887//1302 888//1302 379//1302
f 379//1303 889//1303 380//1303
f 888//1304 889//1304 379//1304
f 380//1305 890//1305 381//1305
f 889//1306 890//1306 380//1306
f 381//1307 891//1307 382//1307
f 382//1308 891//1308 383//1308
f 890//1309 891//1309 381//1309
f 383//1310 892//1310 384//1310
f 891//1311 892//1311 383//1311
f 384//1312 893//1312 385//1312
f 892//1313 893//1313 384//1313
f 385//1314 894//1314 386//1314
f 893//1315 894//1315 385//1315
f 894//1316 895//1316 386//1316
f 386//1317 896//1317 387//1317
f 387//1318 896//1318 388//1318
f 895//1319 896//1319 386//1319
f 388//1320 897//1320 389//1320
f 896//1321 897//1321 388//1321
f 897//1322 898//1322 389//1322
f 898//1323 899//1323 389//1323
f 389//1324 899//1324 390//1324
f 899//1325 900//1325 390//1325
f 390//1326 900//1326 391//1326
f 391//1327 900//1327 392//1327
f 900//1328 901//1328 392//1328
f 901//1329 902//1329 392//1329
f 392//1330 902//1330 393//1330
f 393//1331 903//1331 394//1331
f 394//1332 903//1332 395//1332
f 902//1333 903//1333 393//1333
f 903//1334 904//1334 395//1334
f 395//1335 904//1335 396//1335
f 904//1336 905//1336 396//1336
f 396//1337 906//1337 397//1337
f 905//1338 906//1338 396//1338
f 397//1339 907//1339 398//1339
f 398//1340 907//1340 399//1340
f 906//1341 907//1341 397//1341
f 907//1342 908//1342 399//1342
f 399//1343 909//1343 346//1343
f 908//1344 909//1344 399//1344
f 346//1345 910//1345 345//1345
f 909//1346 910//1346 346//1346
f 345//1347 911//1347 347//1347
f 910//1348 911//1348 345//1348
f 347//1349 912//1349 348//1349
f 348//1350 912//1350 349//1350
f 911//1351 912//1351 347//1351
f 912//1352 913//1352 349//1352
f 349//1353 914//1353 350//1353
f 350//1354 914//1354 351//1354
f 913//1355 914//1355 349//1355
f 914//1356 915//1356 351//1356
f 351//1357 915//1357 352//1357
f 915//1358 916//1358 352//1358
f 352//1359 917//1359 353//1359
f 916//1360 917//1360 352//1360
f 353//1361 918//1361 354//1361
f 917//1362 918//1362 353//1362
f 354//1363 919//1363 355//1363
f 355//1364 919//1364 356//1364
f 918//1365 919//1365 354//1365
f 919//1366 920//1366 356//1366
f 356//1367 921//1367 357//1367
f 920//1368 921//1368 356//1368
f 357//1369 922//1369 358//1369
f 358//1370 922//1370 359//1370
f 921//1371 922//1371 357//1371
f 922//1372 923//1372 359//1372
f 923//1373 924//1373 359//1373
f 359//1374 924//1374 360//1374
f 360//1375 924//1375 361//1375
f 924//1376 925//1376 361//1376
f 361//1377 925//1377 362//1377
f 925//1378 926//1378 362//1378
f 926//1379 927//1379 362//1379
f 362//1380 927//1380 363//1380
f 363//1381 927//1381 364//1381
f 927//1382 928//1382 364//1382
f 928//1383 929//1383 364//1383
f 364//1384 929//1384 365//1384
f 929//1385 930//1385 365//1385
f 365//1386 930//1386 366//1386
f 366//1387 930//1387 367//1387
f 930//1388 931//1388 367//1388
f 931//1389 932//1389 367//1389
f 367//1390 932//1390 368//1390
f 368//1391 932//1391 369//1391
f 932//1392 933//1392 369//1392
f 369//1393 933//1393 370//1393
f 933//1394 934//1394 370//1394
f 934//1395 935//1395 370//1395
f 370//1396 935//1396 371//1396
f 371//1397 935//1397 372//1397
f 935//1398 936//1398 372//1398
f 372//1399 937//1399 373//1399
f 373//1400 937//1400 374//1400
f 936//1401 937//1401 372//1401
f 374//1402 938//1402 461//1402
f 937//1403 938//1403 374//1403
f 938//1404 939//1404 461//1404
f 461//1405 940//1405 460//1405
f 939//1406 940//1406 461//1406
f 460//1407 712//1407 456//1407
f 940//1408 712//1408 460//1408
f 798//1409 797//1409 475//1409
f 475//1410 799//1410 798//1410
f 797//1411 796//1411 475//1411
f 475//1412 800//1412 799//1412
f 796//1413 795//1413 475//1413
f 475//1414 801//1414 800//1414
f 795//1415 794//1415 475//1415
f 475//1416 802//1416 801//1416
f 794//1417 793//1417 475//1417
f 475//1418 803//1418 802//1418
f 793//1419 792//1419 475//1419
f 475//1420 804//1420 803//1420
f 792//1421 791//1421 475//1421
f 475//1422 805//1422 804//1422
f 791//1423 790//1423 475//1423
f 475//1424 806//1424 805//1424
f 790//1425 789//1425 475//1425
f 475//1426 807//1426 806//1426
f 789//1427 788//1427 475//1427
f 475//1428 808//1428 807//1428
f 788//1429 787//1429 475//1429
f 475//1430 809//1430 808//1430
f 787//1431 786//1431 475//1431
f 475//1432 810//1432 809//1432
f 786//1433 785//1433 475//1433
f 475//1434 811//1434 810//1434
f 785//1435 784//1435 475//1435
f 475//1436 812//1436 811//1436
f 784//1437 783//1437 475//1437
f 475//1438 813//1438 812//1438
f 783//1439 782//1439 475//1439
f 475//1440 814//1440 813//1440
f 782//1441 781//1441 475//1441
f 475//1442 815//1442 814//1442
f 781//1443 780//1443 475//1443
f 475//1444 816//1444 815//1444
f 780//1445 779//1445 475//1445
f 475//1446 817//1446 816//1446
f 779//1447 778//1447 475//1447
f 475//1448 818//1448 817//1448
f 778//1449 777//1449 475//1449
f 475//1450 819//1450 818//1450
f 777//1451 776//1451 475//1451
f 475//1452 820//1452 819//1452
f 776//1453 775//1453 475//1453
f 475//1454 821//1454 820//1454
f 775//1455 774//1455 475//1455
f 475//1456 822//1456 821//1456
f 774//1457 773//1457 475//1457
f 475//1458 823//1458 822//1458
f 773//1459 772//1459 475//1459
f 772//1460 771//1460 475//1460
f 771//1461 770//1461 475//1461
f 475//1462 769//1462 476//1462
f 770//1463 769//1463 475//1463
f 769//1464 768//1464 476//1464
f 768//1465 767//1465 476//1465
f 767//1466 766//1466 476//1466
f 766//1467 765//1467 476//1467
f 765//1468 764//1468 476//1468
f 764//1469 763//1469 476//1469
f 763//1470 762//1470 476//1470
f 762//1471 761//1471 476//1471
f 761//1472 760//1472 476//1472
f 760//1473 759//1473 476//1473
f 759//1474 758//1474 476//1474
f 758//1475 757//1475 476//1475
f 757//1476 756//1476 476//1476
f 756//1477 755//1477 476//1477
f 755//1478 754//1478 476//1478
f 754//1479 753//1479 476//1479
f 753//1480 752//1480 476//1480
f 752//1481 751//1481 476//1481
f 751//1482 750//1482 476//1482
f 750//1483 749//1483 476//1483
f 749//1484 748//1484 476//1484
f 748//1485 747//1485 476//1485
f 747//1486 746//1486 476//1486
f 746//1487 745//1487 476//1487
f 745//1488 744//1488 476//1488
f 744//1489 743//1489 476//1489
f 743//1490 742//1490 476//1490
f 742//1491 741//1491 476//1491
f 741//1492 740//1492 476//1492
f 740//1493 739//1493 476//1493
f 739//1494 738//1494 476//1494
f 738//1495 737//1495 476//1495
f 737//1496 736//1496 476//1496
f 736//1497 735//1497 476//1497
f 735//1498 734//1498 476//1498
f 734//1499 733//1499 476//1499
f 733//1500 732//1500 476//1500
f 732//1501 731//1501 476//1501
f 731//1502 730//1502 476//1502
f 730//1503 729//1503 476//1503
f 729//1504 728//1504 476//1504
f 728//1505 727//1505 476//1505
f 727//1506 726//1506 476//1506
f 726//1507 725//1507 476//1507
f 725//1508 724//1508 476//1508
f 724//1509 723//1509 476//1509
f 723//1510 722//1510 476//1510
f 722//1511 721//1511 476//1511
f 721//1512 720//1512 476//1512
f 720//1513 719//1513 476//1513
f 719//1514 718//1514 476//1514
f 718//1515 717//1515 476//1515
f 717//1516 716//1516 476//1516
f 829//1517 467//1517 830//1517
f 830//1518 467//1518 831//1518
f 831//1519 467//1519 832//1519
f 832//1520 467//1520 833//1520
f 833//1521 467//1521 834//1521
f 834//1522 467//1522 835//1522
f 835//1523 467//1523 836//1523
f 836//1524 467//1524 837//1524
f 837//1525 467//1525 838//1525
f 838//1526 467//1526 839//1526
f 839//1527 467//1527 840//1527
f 840//1528 467//1528 841//1528
f 841//1529 467//1529 842//1529
f 842//1530 467//1530 843//1530
f 843//1531 467//1531 844//1531
f 844//1532 467//1532 845//1532
f 845//1533 467//1533 846//1533
f 846//1534 467//1534 847//1534
f 847//1535 467//1535 848//1535
f 848//1536 467//1536 849//1536
f 849//1537 467//1537 850//1537
f 850//1538 467//1538 851//1538
f 851//1539 467//1539 852//1539
f 852//1540 467//1540 853//1540
f 853//1541 467//1541 854//1541
f 854//1542 467//1542 855//1542
f 855//1543 467//1543 856//1543
f 856//1544 467//1544 857//1544
f 857//1545 467//1545 858//1545
f 858//1546 467//1546 859//1546
f 859//1547 467//1547 860//1547
f 860//1548 467//1548 861//1548
f 861//1549 467//1549 862//1549
f 862//1550 467//1550 863//1550
f 863//1551 467//1551 864//1551
f 864//1552 467//1552 865//1552
f 865//1553 467//1553 866//1553
f 866//1554 467//1554 867//1554
f 867//1555 467//1555 868//1555
f 868//1556 467//1556 869//1556
f 869//1557 467//1557 870//1557
f 870//1558 467//1558 871//1558
f 871//1559 467//1559 872//1559
f 872//1560 467//1560 873//1560
f 873//1561 467//1561 874//1561
f 874//1562 467//1562 875//1562
f 875//1563 467//1563 876//1563
f 876//1564 467//1564 877//1564
f 877//1565 467//1565 878//1565
f 878//1566 467//1566 879//1566
f 879//1567 467//1567 880//1567
f 880//1568 467//1568 881//1568
f 881//1569 467//1569 882//1569
f 882//1570 467//1570 883//1570
f 883//1571 467//1571 884//1571
f 909//1572 468//1572 910//1572
f 910//1573 468//1573 911//1573
f 911//1574 468//1574 912//1574
f 912//1575 468//1575 913//1575
f 913//1576 468//1576 914//1576
f 914//1577 468//1577 915//1577
f 915//1578 468//1578 916//1578
f 916//1579 468//1579 917//1579
f 917//1580 468//1580 918//1580
f 918//1581 468//1581 919//1581
f 919//1582 468//1582 920//1582
f 920//1583 468//1583 921//1583
f 921//1584 468//1584 922//1584
f 922//1585 468//1585 923//1585
f 923//1586 468//1586 924//1586
f 924//1587 468//1587 925//1587
f 925//1588 468//1588 926//1588
f 926//1589 468//1589 927//1589
f 927//1590 468//1590 928//1590
f 928//1591 468//1591 929//1591
f 929//1592 468//1592 930//1592
f 930//1593 468//1593 931//1593
f 931//1594 468//1594 932//1594
f 932//1595 468//1595 933//1595
f 933//1596 468//1596 934//1596
f 934//1597 468//1597 935//1597
f 935//1598 468//1598 936//1598
f 936//1599 468//1599 937//1599
f 937//1600 468//1600 938//1600
f 884//1601 468//1601 885//1601
f 885//1602 468//1602 886//1602
f 886//1603 468//1603 887//1603
f 887//1604 468//1604 888//1604
f 888//1605 468//1605 889//1605
f 889//1606 468//1606 890//1606
f 467//1607 468//1607 884//1607
f 890//1608 468//1608 891//1608
f 891//1609 468//1609 892//1609
f 892//1610 468//1610 893//1610
f 893//1611 468//1611 894//1611
f 894//1612 468//1612 895//1612
f 895//1613 468//1613 896//1613
f 896//1614 468//1614 897//1614
f 897//1615 468//1615 898//1615
f 898//1616 468//1616 899//1616
f 899//1617 468//1617 900//1617
f 900//1618 468//1618 901//1618
f 901//1619 468//1619 902//1619
f 902//1620 468//1620 903//1620
f 903//1621 468//1621 904//1621
f 904//1622 468//1622 905//1622
f 905//1623 468//1623 906//1623
f 906//1624 468//1624 907//1624
f 907//1625 468//1625 908//1625
f 908//1626 468//1626 909//1626
f 475//1627 467//1627 826//1627
f 475//1628 826//1628 825//1628
f 475//1629 825//1629 824//1629
f 475//1630 824//1630 823//1630
f 826//1631 467//1631 827//1631
f 827//1632 467//1632 828//1632
f 828//1633 467//1633 829//1633
f 468//1634 476//1634 712//1634
f 468//1635 712//1635 940//1635
f 468//1636 940//1636 939//1636
f 468//1637 939//1637 938//1637
f 712//1638 476//1638 713//1638
f 713//1639 476//1639 714//1639
f 714//1640 476//1640 715//1640
f 715//1641 476//1641 716//1641
f 468//1642 482//1642 476//1642
f 468//1643 474//1643 482//1643
f 474//1644 473//1644 482//1644
f 482//1645 473//1645 481//1645
f 473//1646 470//1646 481//1646
f 481//1647 470//1647 478//1647
f 470//1648 472//1648 478//1648
f 478//1649 472//1649 480//1649
f 472//1650 471//1650 480//1650
f 480//1651 471//1651 479//1651
f 471//1652 469//1652 479//1652
f 479//1653 469//1653 477//1653
f 631//1654 632//1654 630//1654
f 622//1655 620//1655 621//1655
f 623//1656 619//1656 622//1656
f 624//1657 619//1657 623//1657
f 622//1658 619//1658 620//1658
f 629//1659 634//1659 628//1659
f 630//1660 634//1660 629//1660
f 633//1661 634//1661 632//1661
f 632//1662 634//1662 630//1662
f 619//1663 617//1663 618//1663
f 624//1664 617//1664 619//1664
f 625//1665 617//1665 624//1665
f 626//1666 617//1666 625//1666
f 627//1667 617//1667 626//1667
f 635//1668 636//1668 634//1668
f 617//1669 615//1669 616//1669
f 641//1670 642//1670 640//1670
f 612//1671 610//1671 611//1671
f 613//1672 610//1672 612//1672
f 614//1673 610//1673 613//1673
f 639//1674 643//1674 638//1674
f 640//1675 643//1675 639//1675
f 642//1676 643//1676 640//1676
f 637//1677 645//1677 636//1677
f 638//1678 645//1678 637//1678
f 644//1679 645//1679 643//1679
f 636//1680 645//1680 634//1680
f 643//1681 645//1681 638//1681
f 608//1682 606//1682 607//1682
f 646//1683 647//1683 645//1683
f 606//1684 604//1684 605//1684
f 606//1685 602//1685 604//1685
f 604//1686 602//1686 603//1686
f 608//1687 601//1687 606//1687
f 606//1688 601//1688 602//1688
f 609//1689 601//1689 608//1689
f 610//1690 601//1690 609//1690
f 615//1691 601//1691 614//1691
f 614//1692 601//1692 610//1692
f 650//1693 652//1693 649//1693
f 651//1694 652//1694 650//1694
f 600//1695 598//1695 599//1695
f 653//1696 655//1696 652//1696
f 654//1697 655//1697 653//1697
f 658//1698 659//1698 657//1698
f 595//1699 593//1699 594//1699
f 596//1700 593//1700 595//1700
f 597//1701 593//1701 596//1701
f 598//1702 593//1702 597//1702
f 659//1703 660//1703 657//1703
f 657//1704 660//1704 656//1704
f 615//1705 592//1705 601//1705
f 601//1706 592//1706 600//1706
f 598//1707 592//1707 593//1707
f 600//1708 592//1708 598//1708
f 661//1709 662//1709 660//1709
f 662//1710 663//1710 660//1710
f 663//1711 664//1711 660//1711
f 590//1712 588//1712 589//1712
f 591//1713 588//1713 590//1713
f 592//1714 588//1714 591//1714
f 588//1715 586//1715 587//1715
f 592//1716 586//1716 588//1716
f 665//1717 668//1717 664//1717
f 666//1718 668//1718 665//1718
f 667//1719 668//1719 666//1719
f 586//1720 584//1720 585//1720
f 668//1721 669//1721 664//1721
f 586//1722 583//1722 584//1722
f 669//1723 670//1723 664//1723
f 586//1724 582//1724 583//1724
f 592//1725 581//1725 586//1725
f 586//1726 581//1726 582//1726
f 673//1727 674//1727 672//1727
f 674//1728 675//1728 672//1728
f 671//1729 675//1729 670//1729
f 672//1730 675//1730 671//1730
f 579//1731 577//1731 578//1731
f 580//1732 577//1732 579//1732
f 580//1733 576//1733 577//1733
f 581//1734 576//1734 580//1734
f 581//1735 574//1735 576//1735
f 576//1736 574//1736 575//1736
f 675//1737 679//1737 670//1737
f 676//1738 679//1738 675//1738
f 677//1739 679//1739 676//1739
f 678//1740 679//1740 677//1740
f 581//1741 573//1741 574//1741
f 581//1742 572//1742 573//1742
f 581//1743 571//1743 572//1743
f 581//1744 570//1744 571//1744
f 680//1745 683//1745 679//1745
f 681//1746 683//1746 680//1746
f 682//1747 683//1747 681//1747
f 683//1748 684//1748 679//1748
f 627//1749 568//1749 617//1749
f 628//1750 568//1750 627//1750
f 615//1751 568//1751 592//1751
f 581//1752 568//1752 570//1752
f 592//1753 568//1753 581//1753
f 617//1754 568//1754 615//1754
f 570//1755 568//1755 569//1755
f 685//1756 686//1756 684//1756
f 568//1757 566//1757 567//1757
f 568//1758 565//1758 566//1758
f 687//1759 688//1759 686//1759
f 684//1760 688//1760 679//1760
f 686//1761 688//1761 684//1761
f 568//1762 563//1762 565//1762
f 565//1763 563//1763 564//1763
f 689//1764 690//1764 688//1764
f 568//1765 562//1765 563//1765
f 691//1766 693//1766 690//1766
f 692//1767 693//1767 691//1767
f 561//1768 559//1768 560//1768
f 693//1769 694//1769 690//1769
f 562//1770 558//1770 561//1770
f 561//1771 558//1771 559//1771
f 562//1772 556//1772 558//1772
f 568//1773 556//1773 562//1773
f 558//1774 556//1774 557//1774
f 696//1775 697//1775 695//1775
f 568//1776 555//1776 556//1776
f 697//1777 698//1777 695//1777
f 568//1778 554//1778 555//1778
f 698//1779 699//1779 695//1779
f 695//1780 699//1780 694//1780
f 568//1781 551//1781 554//1781
f 553//1782 551//1782 552//1782
f 554//1783 551//1783 553//1783
f 699//1784 702//1784 694//1784
f 700//1785 702//1785 699//1785
f 701//1786 702//1786 700//1786
f 690//1787 702//1787 688//1787
f 694//1788 702//1788 690//1788
f 551//1789 549//1789 550//1789
f 703//1790 704//1790 702//1790
f 568//1791 548//1791 551//1791
f 551//1792 548//1792 549//1792
f 705//1793 706//1793 704//1793
f 702//1794 707//1794 688//1794
f 706//1795 707//1795 704//1795
f 688//1796 707//1796 679//1796
f 704//1797 707//1797 702//1797
f 547//1798 545//1798 546//1798
f 548//1799 545//1799 547//1799
f 548//1800 543//1800 545//1800
f 545//1801 543//1801 544//1801
f 710//1802 711//1802 709//1802
f 568//1803 541//1803 548//1803
f 548//1804 541//1804 543//1804
f 543//1805 541//1805 542//1805
f 708//1806 483//1806 707//1806
f 709//1807 483//1807 708//1807
f 711//1808 483//1808 709//1808
f 484//1809 486//1809 483//1809
f 485//1810 486//1810 484//1810
f 539//1811 537//1811 538//1811
f 540//1812 537//1812 539//1812
f 541//1813 536//1813 540//1813
f 540//1814 536//1814 537//1814
f 487//1815 489//1815 486//1815
f 670//1816 489//1816 664//1816
f 488//1817 489//1817 487//1817
f 679//1818 489//1818 670//1818
f 707//1819 489//1819 679//1819
f 486//1820 489//1820 483//1820
f 483//1821 489//1821 707//1821
f 645//1822 534//1822 634//1822
f 652//1823 534//1823 649//1823
f 647//1824 534//1824 645//1824
f 628//1825 534//1825 568//1825
f 568//1826 534//1826 541//1826
f 536//1827 534//1827 535//1827
f 634//1828 534//1828 628//1828
f 648//1829 534//1829 647//1829
f 649//1830 534//1830 648//1830
f 541//1831 534//1831 536//1831
f 534//1832 532//1832 533//1832
f 490//1833 492//1833 489//1833
f 491//1834 492//1834 490//1834
f 534//1835 531//1835 532//1835
f 492//1836 493//1836 489//1836
f 493//1837 494//1837 489//1837
f 530//1838 528//1838 529//1838
f 531//1839 528//1839 530//1839
f 495//1840 496//1840 494//1840
f 531//1841 527//1841 528//1841
f 496//1842 497//1842 494//1842
f 494//1843 497//1843 489//1843
f 534//1844 526//1844 531//1844
f 531//1845 526//1845 527//1845
f 534//1846 524//1846 526//1846
f 526//1847 524//1847 525//1847
f 499//1848 500//1848 498//1848
f 498//1849 501//1849 497//1849
f 500//1850 501//1850 498//1850
f 523//1851 521//1851 522//1851
f 502//1852 503//1852 501//1852
f 523//1853 520//1853 521//1853
f 534//1854 519//1854 524//1854
f 523//1855 519//1855 520//1855
f 524//1856 519//1856 523//1856
f 504//1857 505//1857 503//1857
f 503//1858 506//1858 501//1858
f 505//1859 506//1859 503//1859
f 518//1860 516//1860 517//1860
f 519//1861 516//1861 518//1861
f 507//1862 509//1862 506//1862
f 508//1863 509//1863 507//1863
f 506//1864 509//1864 501//1864
f 515//1865 513//1865 514//1865
f 516//1866 513//1866 515//1866
f 510//1867 511//1867 509//1867
f 509//1868 511//1868 501//1868
f 501//1869 512//1869 497//1869
f 497//1870 512//1870 489//1870
f 534//1871 512//1871 519//1871
f 655//1872 512//1872 652//1872
f 489//1873 512//1873 664//1873
f 516//1874 512//1874 513//1874
f 519//1875 512//1875 516//1875
f 660//1876 512//1876 656//1876
f 656//1877 512//1877 655//1877
f 511//1878 512//1878 501//1878
f 664//1879 512//1879 660//1879
f 652//1880 512//1880 534//1880
