# Created by FreeCAD <https://www.freecad.org>
v -7.679530 -1.961937 0.000000
v -7.679530 -1.961205 0.053590
v -9.479530 -1.961937 0.000000
v -9.479530 -1.961205 0.053590
v -7.679530 -1.959010 0.107140
v -9.479530 -1.959010 0.107140
v -7.679530 -1.955352 0.160610
v -9.479530 -1.955352 0.160610
v -7.679530 -1.950236 0.213960
v -9.479530 -1.950236 0.213960
v -7.679530 -1.943664 0.267150
v -9.479530 -1.943664 0.267150
v -7.679530 -1.935642 0.320142
v -9.479530 -1.935642 0.320142
v -7.679530 -1.926175 0.372894
v -9.479530 -1.926175 0.372894
v -7.679530 -1.915270 0.425368
v -9.479530 -1.915270 0.425368
v -7.679530 -1.902937 0.477524
v -9.479530 -1.902937 0.477524
v -9.479530 -1.889184 0.529324
v -7.679530 -1.889184 0.529324
v -7.679530 -1.874020 0.580730
v -9.479530 -1.874020 0.580730
v -7.679530 -1.857458 0.631701
v -9.479530 -1.857458 0.631701
v -9.479530 -1.839511 0.682202
v -7.679530 -1.839511 0.682202
v -7.679530 -1.820190 0.732193
v -9.479530 -1.820190 0.732193
v -7.679530 -1.799511 0.781638
v -9.479530 -1.799511 0.781638
v -7.679530 -1.777490 0.830500
v -9.479530 -1.777490 0.830500
v -7.679530 -1.754141 0.878742
v -9.479530 -1.754141 0.878742
v -7.679530 -1.729484 0.926328
v -9.479530 -1.729484 0.926328
v -7.679530 -1.703536 0.973223
v -9.479530 -1.703536 0.973223
v -7.679530 -1.676317 1.019391
v -9.479530 -1.676317 1.019391
v -7.679530 -1.647848 1.064799
v -9.479530 -1.647848 1.064799
v -9.479530 -1.618148 1.109412
v -7.679530 -1.618148 1.109412
v -7.679530 -1.587241 1.153198
v -9.479530 -1.587241 1.153198
v -7.679530 -1.555149 1.196123
v -9.479530 -1.555149 1.196123
v -7.679530 -1.521897 1.238155
v -9.479530 -1.521897 1.238155
v -9.479530 -1.487509 1.279263
v -7.679530 -1.487509 1.279263
v -7.679530 -1.452011 1.319417
v -9.479530 -1.452011 1.319417
v -7.679530 -1.415430 1.358586
v -9.479530 -1.415430 1.358586
v -7.679530 -1.377792 1.396742
v -9.479530 -1.377792 1.396742
v -7.679530 -1.339127 1.433854
v -9.479530 -1.339127 1.433854
v -7.679530 -1.299461 1.469897
v -9.479530 -1.299461 1.469897
v -7.679530 -1.258827 1.504843
v -9.479530 -1.258827 1.504843
v -7.679530 -1.217252 1.538667
v -9.479530 -1.217252 1.538667
v -7.679530 -1.174770 1.571342
v -9.479530 -1.174770 1.571342
v -7.679530 -1.131411 1.602844
v -9.479530 -1.131411 1.602844
v -7.679530 -1.087207 1.633150
v -9.479530 -1.087207 1.633150
v -7.679530 -1.042192 1.662238
v -9.479530 -1.042192 1.662238
v -7.679530 -0.996400 1.690085
v -9.479530 -0.996400 1.690085
v -7.679530 -0.949864 1.716671
v -9.479530 -0.949864 1.716671
v -9.479530 -0.902619 1.741975
v -7.679530 -0.902619 1.741975
v -7.679530 -0.854700 1.765980
v -9.479530 -0.854700 1.765980
v -9.479530 -0.806144 1.788667
v -7.679530 -0.806144 1.788667
v -7.679530 -0.756986 1.810019
v -9.479530 -0.756986 1.810019
v -9.479530 -0.707263 1.830021
v -7.679530 -0.707263 1.830021
v -7.679530 -0.657013 1.848657
v -9.479530 -0.657013 1.848657
v -7.679530 -0.606272 1.865913
v -9.479530 -0.606272 1.865913
v -7.679530 -0.555079 1.881777
v -9.479530 -0.555079 1.881777
v -7.679530 -0.503471 1.896237
v -9.479530 -0.503471 1.896237
v -9.479530 -0.451488 1.909282
v -7.679530 -0.451488 1.909282
v -7.679530 -0.399168 1.920902
v -9.479530 -0.399168 1.920902
v -9.479530 -0.346550 1.931088
v -7.679530 -0.346550 1.931088
v -7.679530 -0.293673 1.939834
v -9.479530 -0.293673 1.939834
v -7.679530 -0.240578 1.947132
v -9.479530 -0.240578 1.947132
v -7.679530 -0.187302 1.952976
v -9.479530 -0.187302 1.952976
v -7.679530 -0.133887 1.957364
v -9.479530 -0.133887 1.957364
v -9.479530 -0.080372 1.960291
v -7.679530 -0.080372 1.960291
v -9.479530 -0.026797 1.961754
v -7.679530 -0.026797 1.961754
v -7.679530 0.026797 1.961754
v -9.479530 0.026797 1.961754
v -9.479530 0.080372 1.960291
v -7.679530 0.080372 1.960291
v -7.679530 0.133887 1.957364
v -9.479530 0.133887 1.957364
v -9.479530 0.187302 1.952976
v -7.679530 0.187302 1.952976
v -7.679530 0.240578 1.947132
v -9.479530 0.240578 1.947132
v -9.479530 0.293673 1.939834
v -7.679530 0.293673 1.939834
v -9.479530 0.346550 1.931088
v -7.679530 0.346550 1.931088
v -7.679530 0.399168 1.920902
v -9.479530 0.399168 1.920902
v -9.479530 0.451488 1.909282
v -7.679530 0.451488 1.909282
v -7.679530 0.503471 1.896237
v -9.479530 0.503471 1.896237
v -9.479530 0.555079 1.881777
v -7.679530 0.555079 1.881777
v -9.479530 0.606272 1.865913
v -7.679530 0.606272 1.865913
v -7.679530 0.657013 1.848657
v -9.479530 0.657013 1.848657
v -9.479530 0.707263 1.830021
v -7.679530 0.707263 1.830021
v -7.679530 0.756986 1.810019
v -9.479530 0.756986 1.810019
v -9.479530 0.806144 1.788667
v -7.679530 0.806144 1.788667
v -9.479530 0.854700 1.765980
v -7.679530 0.854700 1.765980
v -7.679530 0.902619 1.741975
v -9.479530 0.902619 1.741975
v -9.479530 0.949864 1.716671
v -7.679530 0.949864 1.716671
v -7.679530 0.996400 1.690085
v -9.479530 0.996400 1.690085
v -7.679530 1.042192 1.662238
v -9.479530 1.042192 1.662238
v -7.679530 1.087207 1.633150
v -9.479530 1.087207 1.633150
v -7.679530 1.131411 1.602844
v -9.479530 1.131411 1.602844
v -7.679530 1.174770 1.571342
v -9.479530 1.174770 1.571342
v -7.679530 1.217252 1.538667
v -9.479530 1.217252 1.538667
v -9.479530 1.258827 1.504843
v -7.679530 1.258827 1.504843
v -7.679530 1.299461 1.469897
v -9.479530 1.299461 1.469897
v -7.679530 1.339127 1.433854
v -9.479530 1.339127 1.433854
v -7.679530 1.377792 1.396742
v -9.479530 1.377792 1.396742
v -9.479530 1.415430 1.358586
v -7.679530 1.415430 1.358586
v -9.479530 1.452011 1.319417
v -7.679530 1.452011 1.319417
v -7.679530 1.487509 1.279263
v -9.479530 1.487509 1.279263
v -9.479530 1.521897 1.238155
v -7.679530 1.521897 1.238155
v -7.679530 1.555149 1.196123
v -9.479530 1.555149 1.196123
v -7.679530 1.587241 1.153198
v -9.479530 1.587241 1.153198
v -7.679530 1.618148 1.109412
v -9.479530 1.618148 1.109412
v -9.479530 1.647848 1.064799
v -7.679530 1.647848 1.064799
v -7.679530 1.676317 1.019391
v -9.479530 1.676317 1.019391
v -7.679530 1.703536 0.973223
v -9.479530 1.703536 0.973223
v -9.479530 1.729484 0.926328
v -7.679530 1.729484 0.926328
v -7.679530 1.754141 0.878742
v -9.479530 1.754141 0.878742
v -7.679530 1.777490 0.830500
v -9.479530 1.777490 0.830500
v -7.679530 1.799511 0.781638
v -9.479530 1.799511 0.781638
v -9.479530 1.820190 0.732193
v -7.679530 1.820190 0.732193
v -7.679530 1.839511 0.682202
v -9.479530 1.839511 0.682202
v -7.679530 1.857458 0.631701
v -9.479530 1.857458 0.631701
v -7.679530 1.874020 0.580730
v -9.479530 1.874020 0.580730
v -7.679530 1.889184 0.529324
v -9.479530 1.889184 0.529324
v -7.679530 1.902937 0.477524
v -9.479530 1.902937 0.477524
v -7.679530 1.915270 0.425368
v -9.479530 1.915270 0.425368
v -9.479530 1.926175 0.372894
v -7.679530 1.926175 0.372894
v -9.479530 1.935642 0.320142
v -7.679530 1.935642 0.320142
v -7.679530 1.943664 0.267150
v -9.479530 1.943664 0.267150
v -9.479530 1.950236 0.213960
v -7.679530 1.950236 0.213960
v -7.679530 1.955352 0.160610
v -9.479530 1.955352 0.160610
v -7.679530 1.959010 0.107140
v -9.479530 1.959010 0.107140
v -9.479530 1.961205 0.053590
v -7.679530 1.961205 0.053590
v -7.679530 1.961937 -0.000000
v -9.479530 1.961937 -0.000000
v -7.679530 1.961937 -13.500000
v -9.479530 1.961937 -13.500000
v -7.679530 1.961205 -13.553590
v -9.479530 1.961205 -13.553590
v -7.679530 1.959010 -13.607140
v -9.479530 1.959010 -13.607140
v -7.679530 1.955352 -13.660610
v -9.479530 1.955352 -13.660610
v -7.679530 1.950236 -13.713960
v -9.479530 1.950236 -13.713960
v -7.679530 1.943664 -13.767151
v -9.479530 1.943664 -13.767151
v -7.679530 1.935642 -13.820142
v -9.479530 1.935642 -13.820142
v -7.679530 1.926175 -13.872893
v -9.479530 1.926175 -13.872893
v -7.679530 1.915270 -13.925367
v -9.479530 1.915270 -13.925367
v -7.679530 1.902937 -13.977524
v -9.479530 1.902937 -13.977524
v -9.479530 1.889184 -14.029325
v -7.679530 1.889184 -14.029325
v -7.679530 1.874020 -14.080729
v -9.479530 1.874020 -14.080729
v -7.679530 1.857458 -14.131701
v -9.479530 1.857458 -14.131701
v -7.679530 1.839511 -14.182201
v -9.479530 1.839511 -14.182201
v -7.679530 1.820190 -14.232193
v -9.479530 1.820190 -14.232193
v -7.679530 1.799511 -14.281638
v -9.479530 1.799511 -14.281638
v -7.679530 1.777490 -14.330500
v -9.479530 1.777490 -14.330500
v -7.679530 1.754141 -14.378741
v -9.479530 1.754141 -14.378741
v -7.679530 1.729484 -14.426328
v -9.479530 1.729484 -14.426328
v -7.679530 1.703536 -14.473223
v -9.479530 1.703536 -14.473223
v -9.479530 1.676317 -14.519391
v -7.679530 1.676317 -14.519391
v -7.679530 1.647848 -14.564799
v -9.479530 1.647848 -14.564799
v -7.679530 1.618148 -14.609412
v -9.479530 1.618148 -14.609412
v -7.679530 1.587241 -14.653198
v -9.479530 1.587241 -14.653198
v -7.679530 1.555149 -14.696123
v -9.479530 1.555149 -14.696123
v -7.679530 1.521897 -14.738155
v -9.479530 1.521897 -14.738155
v -9.479530 1.487509 -14.779263
v -7.679530 1.487509 -14.779263
v -7.679530 1.452011 -14.819417
v -9.479530 1.452011 -14.819417
v -7.679530 1.415430 -14.858586
v -9.479530 1.415430 -14.858586
v -7.679530 1.377792 -14.896742
v -9.479530 1.377792 -14.896742
v -7.679530 1.339127 -14.933854
v -9.479530 1.339127 -14.933854
v -7.679530 1.299461 -14.969897
v -9.479530 1.299461 -14.969897
v -7.679530 1.258827 -15.004844
v -9.479530 1.258827 -15.004844
v -7.679530 1.217252 -15.038667
v -9.479530 1.217252 -15.038667
v -7.679530 1.174770 -15.071342
v -9.479530 1.174770 -15.071342
v -7.679530 1.131411 -15.102844
v -9.479530 1.131411 -15.102844
v -7.679530 1.087207 -15.133150
v -9.479530 1.087207 -15.133150
v -7.679530 1.042192 -15.162237
v -9.479530 1.042192 -15.162237
v -7.679530 0.996400 -15.190084
v -9.479530 0.996400 -15.190084
v -7.679530 0.949864 -15.216670
v -9.479530 0.949864 -15.216670
v -7.679530 0.902619 -15.241975
v -9.479530 0.902619 -15.241975
v -9.479530 0.854700 -15.265980
v -7.679530 0.854700 -15.265980
v -7.679530 0.806144 -15.288668
v -9.479530 0.806144 -15.288668
v -7.679530 0.756986 -15.310019
v -9.479530 0.756986 -15.310019
v -7.679530 0.707263 -15.330021
v -9.479530 0.707263 -15.330021
v -9.479530 0.657013 -15.348657
v -7.679530 0.657013 -15.348657
v -9.479530 0.606272 -15.365913
v -7.679530 0.606272 -15.365913
v -7.679530 0.555079 -15.381778
v -9.479530 0.555079 -15.381778
v -9.479530 0.503471 -15.396237
v -7.679530 0.503471 -15.396237
v -7.679530 0.451488 -15.409282
v -9.479530 0.451488 -15.409282
v -9.479530 0.399168 -15.420901
v -7.679530 0.399168 -15.420901
v -7.679530 0.346550 -15.431088
v -9.479530 0.346550 -15.431088
v -7.679530 0.293673 -15.439834
v -9.479530 0.293673 -15.439834
v -9.479530 0.240578 -15.447131
v -7.679530 0.240578 -15.447131
v -7.679530 0.187302 -15.452976
v -9.479530 0.187302 -15.452976
v -9.479530 0.133887 -15.457364
v -7.679530 0.133887 -15.457364
v -7.679530 0.080372 -15.460291
v -9.479530 0.080372 -15.460291
v -9.479530 0.026797 -15.461755
v -7.679530 0.026797 -15.461755
v -9.479530 -0.026797 -15.461755
v -7.679530 -0.026797 -15.461755
v -7.679530 -0.080372 -15.460291
v -9.479530 -0.080372 -15.460291
v -9.479530 -0.133887 -15.457364
v -7.679530 -0.133887 -15.457364
v -7.679530 -0.187302 -15.452976
v -9.479530 -0.187302 -15.452976
v -9.479530 -0.240578 -15.447131
v -7.679530 -0.240578 -15.447131
v -9.479530 -0.293673 -15.439834
v -7.679530 -0.293673 -15.439834
v -7.679530 -0.346550 -15.431088
v -9.479530 -0.346550 -15.431088
v -7.679530 -0.399168 -15.420901
v -9.479530 -0.399168 -15.420901
v -7.679530 -0.451488 -15.409282
v -9.479530 -0.451488 -15.409282
v -9.479530 -0.503471 -15.396237
v -7.679530 -0.503471 -15.396237
v -9.479530 -0.555079 -15.381778
v -7.679530 -0.555079 -15.381778
v -7.679530 -0.606272 -15.365913
v -9.479530 -0.606272 -15.365913
v -9.479530 -0.657013 -15.348657
v -7.679530 -0.657013 -15.348657
v -7.679530 -0.707263 -15.330021
v -9.479530 -0.707263 -15.330021
v -9.479530 -0.756986 -15.310019
v -7.679530 -0.756986 -15.310019
v -7.679530 -0.806144 -15.288668
v -9.479530 -0.806144 -15.288668
v -9.479530 -0.854700 -15.265980
v -7.679530 -0.854700 -15.265980
v -9.479530 -0.902619 -15.241975
v -7.679530 -0.902619 -15.241975
v -7.679530 -0.949864 -15.216670
v -9.479530 -0.949864 -15.216670
v -7.679530 -0.996400 -15.190084
v -9.479530 -0.996400 -15.190084
v -7.679530 -1.042192 -15.162237
v -9.479530 -1.042192 -15.162237
v -9.479530 -1.087207 -15.133150
v -7.679530 -1.087207 -15.133150
v -7.679530 -1.131411 -15.102844
v -9.479530 -1.131411 -15.102844
v -9.479530 -1.174770 -15.071342
v -7.679530 -1.174770 -15.071342
v -7.679530 -1.217252 -15.038667
v -9.479530 -1.217252 -15.038667
v -9.479530 -1.258827 -15.004844
v -7.679530 -1.258827 -15.004844
v -7.679530 -1.299461 -14.969897
v -9.479530 -1.299461 -14.969897
v -7.679530 -1.339127 -14.933854
v -9.479530 -1.339127 -14.933854
v -7.679530 -1.377792 -14.896742
v -9.479530 -1.377792 -14.896742
v -9.479530 -1.415430 -14.858586
v -7.679530 -1.415430 -14.858586
v -9.479530 -1.452011 -14.819417
v -7.679530 -1.452011 -14.819417
v -7.679530 -1.487509 -14.779263
v -9.479530 -1.487509 -14.779263
v -7.679530 -1.521897 -14.738155
v -9.479530 -1.521897 -14.738155
v -7.679530 -1.555149 -14.696123
v -9.479530 -1.555149 -14.696123
v -7.679530 -1.587241 -14.653198
v -9.479530 -1.587241 -14.653198
v -7.679530 -1.618148 -14.609412
v -9.479530 -1.618148 -14.609412
v -7.679530 -1.647848 -14.564799
v -9.479530 -1.647848 -14.564799
v -9.479530 -1.676317 -14.519391
v -7.679530 -1.676317 -14.519391
v -7.679530 -1.703536 -14.473223
v -9.479530 -1.703536 -14.473223
v -7.679530 -1.729484 -14.426328
v -9.479530 -1.729484 -14.426328
v -7.679530 -1.754141 -14.378741
v -9.479530 -1.754141 -14.378741
v -7.679530 -1.777490 -14.330500
v -9.479530 -1.777490 -14.330500
v -7.679530 -1.799511 -14.281638
v -9.479530 -1.799511 -14.281638
v -9.479530 -1.820190 -14.232193
v -7.679530 -1.820190 -14.232193
v -7.679530 -1.839511 -14.182201
v -9.479530 -1.839511 -14.182201
v -7.679530 -1.857458 -14.131701
v -9.479530 -1.857458 -14.131701
v -7.679530 -1.874020 -14.080729
v -9.479530 -1.874020 -14.080729
v -9.479530 -1.889184 -14.029325
v -7.679530 -1.889184 -14.029325
v -7.679530 -1.902937 -13.977524
v -9.479530 -1.902937 -13.977524
v -9.479530 -1.915270 -13.925367
v -7.679530 -1.915270 -13.925367
v -9.479530 -1.926175 -13.872893
v -7.679530 -1.926175 -13.872893
v -9.479530 -1.935642 -13.820142
v -7.679530 -1.935642 -13.820142
v -7.679530 -1.943664 -13.767151
v -9.479530 -1.943664 -13.767151
v -7.679530 -1.950236 -13.713960
v -9.479530 -1.950236 -13.713960
v -9.479530 -1.955352 -13.660610
v -7.679530 -1.955352 -13.660610
v -7.679530 -1.959010 -13.607140
v -9.479530 -1.959010 -13.607140
v -7.679530 -1.961205 -13.553590
v -9.479530 -1.961205 -13.553590
v -7.679530 -1.961937 -13.500000
v -9.479530 -1.961937 -13.500000
v -7.679530 0.899372 -7.527434
v -7.679530 0.899748 -7.500000
v -9.479530 0.899748 -7.500000
v -9.479530 0.899372 -7.527434
v -7.679530 0.898243 -7.554847
v -9.479530 0.898243 -7.554847
v -7.679530 0.896362 -7.582220
v -9.479530 0.896362 -7.582220
v -7.679530 0.893732 -7.609530
v -9.479530 0.893732 -7.609530
v -7.679530 0.890353 -7.636757
v -9.479530 0.890353 -7.636757
v -7.679530 0.886228 -7.663882
v -9.479530 0.886228 -7.663882
v -7.679530 0.881361 -7.690884
v -9.479530 0.881361 -7.690884
v -7.679530 0.875755 -7.717741
v -9.479530 0.875755 -7.717741
v -7.679530 0.869414 -7.744435
v -9.479530 0.869414 -7.744435
v -9.479530 0.862343 -7.770945
v -7.679530 0.862343 -7.770945
v -7.679530 0.854547 -7.797251
v -9.479530 0.854547 -7.797251
v -9.479530 0.846033 -7.823333
v -7.679530 0.846033 -7.823333
v -7.679530 0.836807 -7.849172
v -9.479530 0.836807 -7.849172
v -7.679530 0.826875 -7.874748
v -9.479530 0.826875 -7.874748
v -7.679530 0.816245 -7.900042
v -9.479530 0.816245 -7.900042
v -7.679530 0.804925 -7.925035
v -9.479530 0.804925 -7.925035
v -9.479530 0.792924 -7.949707
v -7.679530 0.792924 -7.949707
v -9.479530 0.780251 -7.974041
v -7.679530 0.780251 -7.974041
v -7.679530 0.766914 -7.998019
v -9.479530 0.766914 -7.998019
v -7.679530 0.752925 -8.021621
v -9.479530 0.752925 -8.021621
v -7.679530 0.738294 -8.044830
v -9.479530 0.738294 -8.044830
v -9.479530 0.723032 -8.067631
v -7.679530 0.723032 -8.067631
v -7.679530 0.707149 -8.090003
v -9.479530 0.707149 -8.090003
v -7.679530 0.690659 -8.111931
v -9.479530 0.690659 -8.111931
v -9.479530 0.673574 -8.133399
v -7.679530 0.673574 -8.133399
v -7.679530 0.655906 -8.154389
v -9.479530 0.655906 -8.154389
v -7.679530 0.637669 -8.174888
v -9.479530 0.637669 -8.174888
v -7.679530 0.618876 -8.194878
v -9.479530 0.618876 -8.194878
v -7.679530 0.599542 -8.214345
v -9.479530 0.599542 -8.214345
v -7.679530 0.579681 -8.233274
v -9.479530 0.579681 -8.233274
v -9.479530 0.559309 -8.251652
v -7.679530 0.559309 -8.251652
v -7.679530 0.538440 -8.269463
v -9.479530 0.538440 -8.269463
v -7.679530 0.517090 -8.286695
v -9.479530 0.517090 -8.286695
v -7.679530 0.495275 -8.303335
v -9.479530 0.495275 -8.303335
v -9.479530 0.473012 -8.319370
v -7.679530 0.473012 -8.319370
v -7.679530 0.450318 -8.334789
v -9.479530 0.450318 -8.334789
v -7.679530 0.427209 -8.349579
v -9.479530 0.427209 -8.349579
v -7.679530 0.403703 -8.363729
v -9.479530 0.403703 -8.363729
v -7.679530 0.379818 -8.377231
v -9.479530 0.379818 -8.377231
v -7.679530 0.355571 -8.390070
v -9.479530 0.355571 -8.390070
v -7.679530 0.330981 -8.402241
v -9.479530 0.330981 -8.402241
v -7.679530 0.306067 -8.413732
v -9.479530 0.306067 -8.413732
v -7.679530 0.280847 -8.424535
v -9.479530 0.280847 -8.424535
v -7.679530 0.255339 -8.434642
v -9.479530 0.255339 -8.434642
v -7.679530 0.229565 -8.444045
v -9.479530 0.229565 -8.444045
v -7.679530 0.203542 -8.452738
v -9.479530 0.203542 -8.452738
v -7.679530 0.177290 -8.460713
v -9.479530 0.177290 -8.460713
v -7.679530 0.150829 -8.467966
v -9.479530 0.150829 -8.467966
v -7.679530 0.124179 -8.474490
v -9.479530 0.124179 -8.474490
v -7.679530 0.097361 -8.480280
v -9.479530 0.097361 -8.480280
v -7.679530 0.070393 -8.485332
v -9.479530 0.070393 -8.485332
v -7.679530 0.043297 -8.489643
v -9.479530 0.043297 -8.489643
v -9.479530 0.016093 -8.493209
v -7.679530 0.016093 -8.493209
v -7.679530 -0.011198 -8.496027
v -9.479530 -0.011198 -8.496027
v -7.679530 -0.038557 -8.498096
v -9.479530 -0.038557 -8.498096
v -7.679530 -0.065962 -8.499412
v -9.479530 -0.065962 -8.499412
v -7.679530 -0.093393 -8.499976
v -9.479530 -0.093393 -8.499976
v -9.479530 -0.120829 -8.499788
v -7.679530 -0.120829 -8.499788
v -7.679530 -0.148249 -8.498847
v -9.479530 -0.148249 -8.498847
v -9.479530 -0.175633 -8.497155
v -7.679530 -0.175633 -8.497155
v -7.679530 -0.202961 -8.494712
v -9.479530 -0.202961 -8.494712
v -9.479530 -0.230211 -8.491519
v -7.679530 -0.230211 -8.491519
v -7.679530 -0.257364 -8.487581
v -9.479530 -0.257364 -8.487581
v -9.479530 -0.284398 -8.482899
v -7.679530 -0.284398 -8.482899
v -7.679530 -0.311294 -8.477477
v -9.479530 -0.311294 -8.477477
v -9.479530 -0.338030 -8.471319
v -7.679530 -0.338030 -8.471319
v -9.479530 -0.364588 -8.464431
v -7.679530 -0.364588 -8.464431
v -7.679530 -0.390947 -8.456816
v -9.479530 -0.390947 -8.456816
v -9.479530 -0.417087 -8.448481
v -7.679530 -0.417087 -8.448481
v -7.679530 -0.442988 -8.439432
v -9.479530 -0.442988 -8.439432
v -9.479530 -0.468632 -8.429675
v -7.679530 -0.468632 -8.429675
v -7.679530 -0.493998 -8.419219
v -9.479530 -0.493998 -8.419219
v -9.479530 -0.519067 -8.408072
v -7.679530 -0.519067 -8.408072
v -9.479530 -0.543822 -8.396240
v -7.679530 -0.543822 -8.396240
v -7.679530 -0.568242 -8.383734
v -9.479530 -0.568242 -8.383734
v -9.479530 -0.592311 -8.370562
v -7.679530 -0.592311 -8.370562
v -7.679530 -0.616008 -8.356735
v -9.479530 -0.616008 -8.356735
v -9.479530 -0.639318 -8.342263
v -7.679530 -0.639318 -8.342263
v -7.679530 -0.662222 -8.327158
v -9.479530 -0.662222 -8.327158
v -7.679530 -0.684703 -8.311429
v -9.479530 -0.684703 -8.311429
v -9.479530 -0.706743 -8.295090
v -7.679530 -0.706743 -8.295090
v -7.679530 -0.728328 -8.278152
v -9.479530 -0.728328 -8.278152
v -7.679530 -0.749439 -8.260629
v -9.479530 -0.749439 -8.260629
v -9.479530 -0.770062 -8.242533
v -7.679530 -0.770062 -8.242533
v -7.679530 -0.790181 -8.223878
v -9.479530 -0.790181 -8.223878
v -7.679530 -0.809780 -8.204678
v -9.479530 -0.809780 -8.204678
v -7.679530 -0.828845 -8.184947
v -9.479530 -0.828845 -8.184947
v -9.479530 -0.847361 -8.164701
v -7.679530 -0.847361 -8.164701
v -9.479530 -0.865316 -8.143954
v -7.679530 -0.865316 -8.143954
v -7.679530 -0.882694 -8.122724
v -9.479530 -0.882694 -8.122724
v -7.679530 -0.899483 -8.101024
v -9.479530 -0.899483 -8.101024
v -9.479530 -0.915671 -8.078871
v -7.679530 -0.915671 -8.078871
v -7.679530 -0.931245 -8.056283
v -9.479530 -0.931245 -8.056283
v -7.679530 -0.946193 -8.033276
v -9.479530 -0.946193 -8.033276
v -9.479530 -0.960505 -8.009868
v -7.679530 -0.960505 -8.009868
v -7.679530 -0.974169 -7.986075
v -9.479530 -0.974169 -7.986075
v -7.679530 -0.987175 -7.961917
v -9.479530 -0.987175 -7.961917
v -7.679530 -0.999513 -7.937412
v -9.479530 -0.999513 -7.937412
v -9.479530 -1.011175 -7.912577
v -7.679530 -1.011175 -7.912577
v -7.679530 -1.022151 -7.887431
v -9.479530 -1.022151 -7.887431
v -7.679530 -1.032432 -7.861994
v -9.479530 -1.032432 -7.861994
v -9.479530 -1.042012 -7.836284
v -7.679530 -1.042012 -7.836284
v -9.479530 -1.050884 -7.810321
v -7.679530 -1.050884 -7.810321
v -7.679530 -1.059039 -7.784125
v -9.479530 -1.059039 -7.784125
v -7.679530 -1.066473 -7.757715
v -9.479530 -1.066473 -7.757715
v -9.479530 -1.073179 -7.731110
v -7.679530 -1.073179 -7.731110
v -7.679530 -1.079154 -7.704332
v -9.479530 -1.079154 -7.704332
v -7.679530 -1.084391 -7.677400
v -9.479530 -1.084391 -7.677400
v -7.679530 -1.088887 -7.650334
v -9.479530 -1.088887 -7.650334
v -9.479530 -1.092639 -7.623155
v -7.679530 -1.092639 -7.623155
v -7.679530 -1.095644 -7.595884
v -9.479530 -1.095644 -7.595884
v -7.679530 -1.097900 -7.568540
v -9.479530 -1.097900 -7.568540
v -9.479530 -1.099405 -7.541145
v -7.679530 -1.099405 -7.541145
v -7.679530 -1.100158 -7.513718
v -9.479530 -1.100158 -7.513718
v -7.679530 -1.100158 -7.486282
v -9.479530 -1.100158 -7.486282
v -7.679530 -1.099405 -7.458855
v -9.479530 -1.099405 -7.458855
v -9.479530 -1.097900 -7.431460
v -7.679530 -1.097900 -7.431460
v -7.679530 -1.095644 -7.404116
v -9.479530 -1.095644 -7.404116
v -7.679530 -1.092639 -7.376845
v -9.479530 -1.092639 -7.376845
v -7.679530 -1.088887 -7.349666
v -9.479530 -1.088887 -7.349666
v -9.479530 -1.084391 -7.322600
v -7.679530 -1.084391 -7.322600
v -7.679530 -1.079154 -7.295668
v -9.479530 -1.079154 -7.295668
v -7.679530 -1.073179 -7.268890
v -9.479530 -1.073179 -7.268890
v -7.679530 -1.066473 -7.242285
v -9.479530 -1.066473 -7.242285
v -7.679530 -1.059039 -7.215875
v -9.479530 -1.059039 -7.215875
v -7.679530 -1.050884 -7.189679
v -9.479530 -1.050884 -7.189679
v -7.679530 -1.042012 -7.163716
v -9.479530 -1.042012 -7.163716
v -7.679530 -1.032432 -7.138006
v -9.479530 -1.032432 -7.138006
v -7.679530 -1.022151 -7.112569
v -9.479530 -1.022151 -7.112569
v -7.679530 -1.011175 -7.087423
v -9.479530 -1.011175 -7.087423
v -7.679530 -0.999513 -7.062588
v -9.479530 -0.999513 -7.062588
v -9.479530 -0.987175 -7.038083
v -7.679530 -0.987175 -7.038083
v -7.679530 -0.974169 -7.013925
v -9.479530 -0.974169 -7.013925
v -7.679530 -0.960505 -6.990132
v -9.479530 -0.960505 -6.990132
v -7.679530 -0.946193 -6.966724
v -9.479530 -0.946193 -6.966724
v -7.679530 -0.931245 -6.943717
v -9.479530 -0.931245 -6.943717
v -7.679530 -0.915671 -6.921129
v -9.479530 -0.915671 -6.921129
v -7.679530 -0.899483 -6.898976
v -9.479530 -0.899483 -6.898976
v -9.479530 -0.882694 -6.877276
v -7.679530 -0.882694 -6.877276
v -7.679530 -0.865316 -6.856045
v -9.479530 -0.865316 -6.856045
v -7.679530 -0.847361 -6.835299
v -9.479530 -0.847361 -6.835299
v -9.479530 -0.828845 -6.815053
v -7.679530 -0.828845 -6.815053
v -7.679530 -0.809780 -6.795322
v -9.479530 -0.809780 -6.795322
v -7.679530 -0.790181 -6.776123
v -9.479530 -0.790181 -6.776123
v -7.679530 -0.770062 -6.757467
v -9.479530 -0.770062 -6.757467
v -7.679530 -0.749439 -6.739371
v -9.479530 -0.749439 -6.739371
v -7.679530 -0.728328 -6.721848
v -9.479530 -0.728328 -6.721848
v -7.679530 -0.706743 -6.704910
v -9.479530 -0.706743 -6.704910
v -7.679530 -0.684703 -6.688571
v -9.479530 -0.684703 -6.688571
v -7.679530 -0.662222 -6.672843
v -9.479530 -0.662222 -6.672843
v -7.679530 -0.639318 -6.657737
v -9.479530 -0.639318 -6.657737
v -9.479530 -0.616008 -6.643265
v -7.679530 -0.616008 -6.643265
v -7.679530 -0.592311 -6.629438
v -9.479530 -0.592311 -6.629438
v -7.679530 -0.568242 -6.616266
v -9.479530 -0.568242 -6.616266
v -7.679530 -0.543822 -6.603760
v -9.479530 -0.543822 -6.603760
v -7.679530 -0.519067 -6.591928
v -9.479530 -0.519067 -6.591928
v -7.679530 -0.493998 -6.580781
v -9.479530 -0.493998 -6.580781
v -9.479530 -0.468632 -6.570324
v -7.679530 -0.468632 -6.570324
v -7.679530 -0.442988 -6.560568
v -9.479530 -0.442988 -6.560568
v -7.679530 -0.417087 -6.551519
v -9.479530 -0.417087 -6.551519
v -7.679530 -0.390947 -6.543184
v -9.479530 -0.390947 -6.543184
v -7.679530 -0.364588 -6.535569
v -9.479530 -0.364588 -6.535569
v -7.679530 -0.338030 -6.528681
v -9.479530 -0.338030 -6.528681
v -9.479530 -0.311294 -6.522523
v -7.679530 -0.311294 -6.522523
v -7.679530 -0.284398 -6.517101
v -9.479530 -0.284398 -6.517101
v -7.679530 -0.257364 -6.512419
v -9.479530 -0.257364 -6.512419
v -7.679530 -0.230211 -6.508481
v -9.479530 -0.230211 -6.508481
v -7.679530 -0.202961 -6.505289
v -9.479530 -0.202961 -6.505289
v -7.679530 -0.175633 -6.502845
v -9.479530 -0.175633 -6.502845
v -7.679530 -0.148249 -6.501153
v -9.479530 -0.148249 -6.501153
v -7.679530 -0.120829 -6.500212
v -9.479530 -0.120829 -6.500212
v -7.679530 -0.093393 -6.500023
v -9.479530 -0.093393 -6.500023
v -7.679530 -0.065962 -6.500588
v -9.479530 -0.065962 -6.500588
v -7.679530 -0.038557 -6.501905
v -9.479530 -0.038557 -6.501905
v -9.479530 -0.011198 -6.503973
v -7.679530 -0.011198 -6.503973
v -7.679530 0.016093 -6.506791
v -9.479530 0.016093 -6.506791
v -7.679530 0.043297 -6.510357
v -9.479530 0.043297 -6.510357
v -9.479530 0.070393 -6.514668
v -7.679530 0.070393 -6.514668
v -7.679530 0.097361 -6.519720
v -9.479530 0.097361 -6.519720
v -7.679530 0.124179 -6.525510
v -9.479530 0.124179 -6.525510
v -7.679530 0.150829 -6.532034
v -9.479530 0.150829 -6.532034
v -7.679530 0.177290 -6.539287
v -9.479530 0.177290 -6.539287
v -7.679530 0.203542 -6.547262
v -9.479530 0.203542 -6.547262
v -7.679530 0.229565 -6.555955
v -9.479530 0.229565 -6.555955
v -7.679530 0.255339 -6.565359
v -9.479530 0.255339 -6.565359
v -7.679530 0.280847 -6.575466
v -9.479530 0.280847 -6.575466
v -7.679530 0.306067 -6.586268
v -9.479530 0.306067 -6.586268
v -7.679530 0.330981 -6.597760
v -9.479530 0.330981 -6.597760
v -7.679530 0.355571 -6.609930
v -9.479530 0.355571 -6.609930
v -7.679530 0.379818 -6.622770
v -9.479530 0.379818 -6.622770
v -9.479530 0.403703 -6.636270
v -7.679530 0.403703 -6.636270
v -7.679530 0.427209 -6.650421
v -9.479530 0.427209 -6.650421
v -7.679530 0.450318 -6.665211
v -9.479530 0.450318 -6.665211
v -7.679530 0.473012 -6.680629
v -9.479530 0.473012 -6.680629
v -7.679530 0.495275 -6.696665
v -9.479530 0.495275 -6.696665
v -7.679530 0.517090 -6.713305
v -9.479530 0.517090 -6.713305
v -7.679530 0.538440 -6.730537
v -9.479530 0.538440 -6.730537
v -7.679530 0.559309 -6.748349
v -9.479530 0.559309 -6.748349
v -7.679530 0.579681 -6.766726
v -9.479530 0.579681 -6.766726
v -7.679530 0.599542 -6.785655
v -9.479530 0.599542 -6.785655
v -7.679530 0.618876 -6.805122
v -9.479530 0.618876 -6.805122
v -7.679530 0.637669 -6.825112
v -9.479530 0.637669 -6.825112
v -7.679530 0.655906 -6.845611
v -9.479530 0.655906 -6.845611
v -9.479530 0.673574 -6.866601
v -7.679530 0.673574 -6.866601
v -9.479530 0.690659 -6.888069
v -7.679530 0.690659 -6.888069
v -7.679530 0.707149 -6.909997
v -9.479530 0.707149 -6.909997
v -9.479530 0.723032 -6.932370
v -7.679530 0.723032 -6.932370
v -7.679530 0.738294 -6.955169
v -9.479530 0.738294 -6.955169
v -7.679530 0.752925 -6.978379
v -9.479530 0.752925 -6.978379
v -9.479530 0.766914 -7.001981
v -7.679530 0.766914 -7.001981
v -7.679530 0.780251 -7.025959
v -9.479530 0.780251 -7.025959
v -9.479530 0.792924 -7.050293
v -7.679530 0.792924 -7.050293
v -9.479530 0.804925 -7.074965
v -7.679530 0.804925 -7.074965
v -7.679530 0.816245 -7.099958
v -9.479530 0.816245 -7.099958
v -7.679530 0.826875 -7.125252
v -9.479530 0.826875 -7.125252
v -7.679530 0.836807 -7.150828
v -9.479530 0.836807 -7.150828
v -7.679530 0.846033 -7.176667
v -9.479530 0.846033 -7.176667
v -7.679530 0.854547 -7.202749
v -9.479530 0.854547 -7.202749
v -7.679530 0.862343 -7.229055
v -9.479530 0.862343 -7.229055
v -7.679530 0.869414 -7.255565
v -9.479530 0.869414 -7.255565
v -7.679530 0.875755 -7.282259
v -9.479530 0.875755 -7.282259
v -7.679530 0.881361 -7.309116
v -9.479530 0.881361 -7.309116
v -7.679530 0.886228 -7.336118
v -9.479530 0.886228 -7.336118
v -7.679530 0.890353 -7.363243
v -9.479530 0.890353 -7.363243
v -9.479530 0.893732 -7.390470
v -7.679530 0.893732 -7.390470
v -7.679530 0.896362 -7.417780
v -9.479530 0.896362 -7.417780
v -9.479530 0.898243 -7.445153
v -7.679530 0.898243 -7.445153
v -7.679530 0.899372 -7.472566
v -9.479530 0.899372 -7.472566
v -7.679530 0.999624 -10.527434
v -7.679530 1.000000 -10.500000
v -9.479530 1.000000 -10.500000
v -9.479530 0.999624 -10.527434
v -7.679530 0.998495 -10.554848
v -9.479530 0.998495 -10.554848
v -7.679530 0.996614 -10.582219
v -9.479530 0.996614 -10.582219
v -7.679530 0.993984 -10.609529
v -9.479530 0.993984 -10.609529
v -7.679530 0.990605 -10.636758
v -9.479530 0.990605 -10.636758
v -7.679530 0.986480 -10.663882
v -9.479530 0.986480 -10.663882
v -7.679530 0.981613 -10.690884
v -9.479530 0.981613 -10.690884
v -7.679530 0.976006 -10.717742
v -9.479530 0.976006 -10.717742
v -7.679530 0.969666 -10.744435
v -9.479530 0.969666 -10.744435
v -9.479530 0.962595 -10.770946
v -7.679530 0.962595 -10.770946
v -7.679530 0.954799 -10.797251
v -9.479530 0.954799 -10.797251
v -9.479530 0.946285 -10.823334
v -7.679530 0.946285 -10.823334
v -7.679530 0.937059 -10.849172
v -9.479530 0.937059 -10.849172
v -7.679530 0.927127 -10.874748
v -9.479530 0.927127 -10.874748
v -7.679530 0.916497 -10.900042
v -9.479530 0.916497 -10.900042
v -7.679530 0.905177 -10.925035
v -9.479530 0.905177 -10.925035
v -9.479530 0.893176 -10.949707
v -7.679530 0.893176 -10.949707
v -9.479530 0.880503 -10.974041
v -7.679530 0.880503 -10.974041
v -7.679530 0.867166 -10.998018
v -9.479530 0.867166 -10.998018
v -7.679530 0.853177 -11.021621
v -9.479530 0.853177 -11.021621
v -7.679530 0.838546 -11.044830
v -9.479530 0.838546 -11.044830
v -9.479530 0.823283 -11.067631
v -7.679530 0.823283 -11.067631
v -7.679530 0.807401 -11.090003
v -9.479530 0.807401 -11.090003
v -7.679530 0.790911 -11.111931
v -9.479530 0.790911 -11.111931
v -9.479530 0.773826 -11.133399
v -7.679530 0.773826 -11.133399
v -7.679530 0.756158 -11.154389
v -9.479530 0.756158 -11.154389
v -7.679530 0.737921 -11.174888
v -9.479530 0.737921 -11.174888
v -7.679530 0.719128 -11.194878
v -9.479530 0.719128 -11.194878
v -7.679530 0.699794 -11.214345
v -9.479530 0.699794 -11.214345
v -7.679530 0.679933 -11.233274
v -9.479530 0.679933 -11.233274
v -9.479530 0.659561 -11.251652
v -7.679530 0.659561 -11.251652
v -7.679530 0.638692 -11.269463
v -9.479530 0.638692 -11.269463
v -7.679530 0.617342 -11.286695
v -9.479530 0.617342 -11.286695
v -7.679530 0.595527 -11.303335
v -9.479530 0.595527 -11.303335
v -9.479530 0.573264 -11.319370
v -7.679530 0.573264 -11.319370
v -7.679530 0.550570 -11.334789
v -9.479530 0.550570 -11.334789
v -7.679530 0.527461 -11.349579
v -9.479530 0.527461 -11.349579
v -7.679530 0.503955 -11.363729
v -9.479530 0.503955 -11.363729
v -7.679530 0.480070 -11.377231
v -9.479530 0.480070 -11.377231
v -7.679530 0.455823 -11.390070
v -9.479530 0.455823 -11.390070
v -7.679530 0.431233 -11.402241
v -9.479530 0.431233 -11.402241
v -7.679530 0.406319 -11.413732
v -9.479530 0.406319 -11.413732
v -7.679530 0.381099 -11.424535
v -9.479530 0.381099 -11.424535
v -7.679530 0.355591 -11.434642
v -9.479530 0.355591 -11.434642
v -7.679530 0.329817 -11.444045
v -9.479530 0.329817 -11.444045
v -7.679530 0.303793 -11.452738
v -9.479530 0.303793 -11.452738
v -7.679530 0.277542 -11.460713
v -9.479530 0.277542 -11.460713
v -7.679530 0.251081 -11.467966
v -9.479530 0.251081 -11.467966
v -7.679530 0.224431 -11.474490
v -9.479530 0.224431 -11.474490
v -7.679530 0.197613 -11.480280
v -9.479530 0.197613 -11.480280
v -7.679530 0.170645 -11.485332
v -9.479530 0.170645 -11.485332
v -7.679530 0.143549 -11.489643
v -9.479530 0.143549 -11.489643
v -9.479530 0.116345 -11.493209
v -7.679530 0.116345 -11.493209
v -7.679530 0.089054 -11.496027
v -9.479530 0.089054 -11.496027
v -7.679530 0.061695 -11.498096
v -9.479530 0.061695 -11.498096
v -7.679530 0.034290 -11.499412
v -9.479530 0.034290 -11.499412
v -7.679530 0.006859 -11.499976
v -9.479530 0.006859 -11.499976
v -9.479530 -0.020577 -11.499788
v -7.679530 -0.020577 -11.499788
v -7.679530 -0.047997 -11.498847
v -9.479530 -0.047997 -11.498847
v -9.479530 -0.075382 -11.497155
v -7.679530 -0.075382 -11.497155
v -7.679530 -0.102709 -11.494712
v -9.479530 -0.102709 -11.494712
v -9.479530 -0.129959 -11.491519
v -7.679530 -0.129959 -11.491519
v -7.679530 -0.157112 -11.487581
v -9.479530 -0.157112 -11.487581
v -9.479530 -0.184146 -11.482899
v -7.679530 -0.184146 -11.482899
v -7.679530 -0.211042 -11.477477
v -9.479530 -0.211042 -11.477477
v -9.479530 -0.237778 -11.471319
v -7.679530 -0.237778 -11.471319
v -9.479530 -0.264336 -11.464431
v -7.679530 -0.264336 -11.464431
v -7.679530 -0.290695 -11.456816
v -9.479530 -0.290695 -11.456816
v -9.479530 -0.316835 -11.448481
v -7.679530 -0.316835 -11.448481
v -7.679530 -0.342736 -11.439432
v -9.479530 -0.342736 -11.439432
v -9.479530 -0.368380 -11.429675
v -7.679530 -0.368380 -11.429675
v -7.679530 -0.393746 -11.419219
v -9.479530 -0.393746 -11.419219
v -9.479530 -0.418815 -11.408072
v -7.679530 -0.418815 -11.408072
v -9.479530 -0.443570 -11.396240
v -7.679530 -0.443570 -11.396240
v -7.679530 -0.467990 -11.383734
v -9.479530 -0.467990 -11.383734
v -9.479530 -0.492059 -11.370562
v -7.679530 -0.492059 -11.370562
v -7.679530 -0.515756 -11.356735
v -9.479530 -0.515756 -11.356735
v -9.479530 -0.539066 -11.342263
v -7.679530 -0.539066 -11.342263
v -7.679530 -0.561970 -11.327158
v -9.479530 -0.561970 -11.327158
v -7.679530 -0.584451 -11.311429
v -9.479530 -0.584451 -11.311429
v -9.479530 -0.606492 -11.295090
v -7.679530 -0.606492 -11.295090
v -7.679530 -0.628076 -11.278152
v -9.479530 -0.628076 -11.278152
v -7.679530 -0.649187 -11.260629
v -9.479530 -0.649187 -11.260629
v -9.479530 -0.669810 -11.242533
v -7.679530 -0.669810 -11.242533
v -7.679530 -0.689929 -11.223878
v -9.479530 -0.689929 -11.223878
v -7.679530 -0.709528 -11.204678
v -9.479530 -0.709528 -11.204678
v -7.679530 -0.728593 -11.184947
v -9.479530 -0.728593 -11.184947
v -9.479530 -0.747110 -11.164701
v -7.679530 -0.747110 -11.164701
v -9.479530 -0.765064 -11.143954
v -7.679530 -0.765064 -11.143954
v -7.679530 -0.782442 -11.122724
v -9.479530 -0.782442 -11.122724
v -7.679530 -0.799231 -11.101024
v -9.479530 -0.799231 -11.101024
v -9.479530 -0.815419 -11.078871
v -7.679530 -0.815419 -11.078871
v -7.679530 -0.830993 -11.056283
v -9.479530 -0.830993 -11.056283
v -7.679530 -0.845941 -11.033276
v -9.479530 -0.845941 -11.033276
v -9.479530 -0.860253 -11.009868
v -7.679530 -0.860253 -11.009868
v -7.679530 -0.873917 -10.986075
v -9.479530 -0.873917 -10.986075
v -7.679530 -0.886923 -10.961918
v -9.479530 -0.886923 -10.961918
v -7.679530 -0.899261 -10.937412
v -9.479530 -0.899261 -10.937412
v -9.479530 -0.910923 -10.912577
v -7.679530 -0.910923 -10.912577
v -7.679530 -0.921899 -10.887431
v -9.479530 -0.921899 -10.887431
v -7.679530 -0.932180 -10.861994
v -9.479530 -0.932180 -10.861994
v -9.479530 -0.941761 -10.836285
v -7.679530 -0.941761 -10.836285
v -9.479530 -0.950632 -10.810322
v -7.679530 -0.950632 -10.810322
v -7.679530 -0.958787 -10.784125
v -9.479530 -0.958787 -10.784125
v -7.679530 -0.966221 -10.757714
v -9.479530 -0.966221 -10.757714
v -9.479530 -0.972928 -10.731111
v -7.679530 -0.972928 -10.731111
v -7.679530 -0.978902 -10.704332
v -9.479530 -0.978902 -10.704332
v -7.679530 -0.984139 -10.677400
v -9.479530 -0.984139 -10.677400
v -7.679530 -0.988635 -10.650334
v -9.479530 -0.988635 -10.650334
v -9.479530 -0.992387 -10.623156
v -7.679530 -0.992387 -10.623156
v -7.679530 -0.995393 -10.595883
v -9.479530 -0.995393 -10.595883
v -7.679530 -0.997648 -10.568540
v -9.479530 -0.997648 -10.568540
v -9.479530 -0.999153 -10.541144
v -7.679530 -0.999153 -10.541144
v -7.679530 -0.999906 -10.513719
v -9.479530 -0.999906 -10.513719
v -7.679530 -0.999906 -10.486281
v -9.479530 -0.999906 -10.486281
v -7.679530 -0.999153 -10.458856
v -9.479530 -0.999153 -10.458856
v -9.479530 -0.997648 -10.431460
v -7.679530 -0.997648 -10.431460
v -7.679530 -0.995393 -10.404117
v -9.479530 -0.995393 -10.404117
v -7.679530 -0.992387 -10.376844
v -9.479530 -0.992387 -10.376844
v -7.679530 -0.988635 -10.349666
v -9.479530 -0.988635 -10.349666
v -9.479530 -0.984139 -10.322600
v -7.679530 -0.984139 -10.322600
v -7.679530 -0.978902 -10.295668
v -9.479530 -0.978902 -10.295668
v -7.679530 -0.972928 -10.268889
v -9.479530 -0.972928 -10.268889
v -7.679530 -0.966221 -10.242286
v -9.479530 -0.966221 -10.242286
v -7.679530 -0.958787 -10.215875
v -9.479530 -0.958787 -10.215875
v -7.679530 -0.950632 -10.189678
v -9.479530 -0.950632 -10.189678
v -7.679530 -0.941761 -10.163715
v -9.479530 -0.941761 -10.163715
v -7.679530 -0.932180 -10.138006
v -9.479530 -0.932180 -10.138006
v -7.679530 -0.921899 -10.112569
v -9.479530 -0.921899 -10.112569
v -7.679530 -0.910923 -10.087423
v -9.479530 -0.910923 -10.087423
v -7.679530 -0.899261 -10.062588
v -9.479530 -0.899261 -10.062588
v -9.479530 -0.886923 -10.038082
v -7.679530 -0.886923 -10.038082
v -7.679530 -0.873917 -10.013925
v -9.479530 -0.873917 -10.013925
v -7.679530 -0.860253 -9.990132
v -9.479530 -0.860253 -9.990132
v -7.679530 -0.845941 -9.966724
v -9.479530 -0.845941 -9.966724
v -7.679530 -0.830993 -9.943717
v -9.479530 -0.830993 -9.943717
v -7.679530 -0.815419 -9.921129
v -9.479530 -0.815419 -9.921129
v -7.679530 -0.799231 -9.898976
v -9.479530 -0.799231 -9.898976
v -9.479530 -0.782442 -9.877276
v -7.679530 -0.782442 -9.877276
v -7.679530 -0.765064 -9.856046
v -9.479530 -0.765064 -9.856046
v -7.679530 -0.747110 -9.835299
v -9.479530 -0.747110 -9.835299
v -9.479530 -0.728593 -9.815053
v -7.679530 -0.728593 -9.815053
v -7.679530 -0.709528 -9.795322
v -9.479530 -0.709528 -9.795322
v -7.679530 -0.689929 -9.776122
v -9.479530 -0.689929 -9.776122
v -7.679530 -0.669810 -9.757467
v -9.479530 -0.669810 -9.757467
v -7.679530 -0.649187 -9.739371
v -9.479530 -0.649187 -9.739371
v -7.679530 -0.628076 -9.721848
v -9.479530 -0.628076 -9.721848
v -7.679530 -0.606492 -9.704910
v -9.479530 -0.606492 -9.704910
v -7.679530 -0.584451 -9.688571
v -9.479530 -0.584451 -9.688571
v -7.679530 -0.561970 -9.672842
v -9.479530 -0.561970 -9.672842
v -7.679530 -0.539066 -9.657737
v -9.479530 -0.539066 -9.657737
v -9.479530 -0.515756 -9.643265
v -7.679530 -0.515756 -9.643265
v -7.679530 -0.492059 -9.629438
v -9.479530 -0.492059 -9.629438
v -7.679530 -0.467990 -9.616266
v -9.479530 -0.467990 -9.616266
v -7.679530 -0.443570 -9.603760
v -9.479530 -0.443570 -9.603760
v -7.679530 -0.418815 -9.591928
v -9.479530 -0.418815 -9.591928
v -7.679530 -0.393746 -9.580781
v -9.479530 -0.393746 -9.580781
v -9.479530 -0.368380 -9.570325
v -7.679530 -0.368380 -9.570325
v -7.679530 -0.342736 -9.560568
v -9.479530 -0.342736 -9.560568
v -7.679530 -0.316835 -9.551519
v -9.479530 -0.316835 -9.551519
v -7.679530 -0.290695 -9.543184
v -9.479530 -0.290695 -9.543184
v -7.679530 -0.264336 -9.535569
v -9.479530 -0.264336 -9.535569
v -7.679530 -0.237778 -9.528681
v -9.479530 -0.237778 -9.528681
v -9.479530 -0.211042 -9.522523
v -7.679530 -0.211042 -9.522523
v -7.679530 -0.184146 -9.517101
v -9.479530 -0.184146 -9.517101
v -7.679530 -0.157112 -9.512419
v -9.479530 -0.157112 -9.512419
v -7.679530 -0.129959 -9.508481
v -9.479530 -0.129959 -9.508481
v -7.679530 -0.102709 -9.505288
v -9.479530 -0.102709 -9.505288
v -7.679530 -0.075382 -9.502845
v -9.479530 -0.075382 -9.502845
v -7.679530 -0.047997 -9.501153
v -9.479530 -0.047997 -9.501153
v -7.679530 -0.020577 -9.500212
v -9.479530 -0.020577 -9.500212
v -7.679530 0.006859 -9.500024
v -9.479530 0.006859 -9.500024
v -7.679530 0.034290 -9.500588
v -9.479530 0.034290 -9.500588
v -7.679530 0.061695 -9.501904
v -9.479530 0.061695 -9.501904
v -9.479530 0.089054 -9.503973
v -7.679530 0.089054 -9.503973
v -7.679530 0.116345 -9.506791
v -9.479530 0.116345 -9.506791
v -7.679530 0.143549 -9.510357
v -9.479530 0.143549 -9.510357
v -9.479530 0.170645 -9.514668
v -7.679530 0.170645 -9.514668
v -7.679530 0.197613 -9.519720
v -9.479530 0.197613 -9.519720
v -7.679530 0.224431 -9.525510
v -9.479530 0.224431 -9.525510
v -7.679530 0.251081 -9.532034
v -9.479530 0.251081 -9.532034
v -7.679530 0.277542 -9.539287
v -9.479530 0.277542 -9.539287
v -7.679530 0.303793 -9.547262
v -9.479530 0.303793 -9.547262
v -7.679530 0.329817 -9.555955
v -9.479530 0.329817 -9.555955
v -7.679530 0.355591 -9.565358
v -9.479530 0.355591 -9.565358
v -7.679530 0.381099 -9.575465
v -9.479530 0.381099 -9.575465
v -7.679530 0.406319 -9.586268
v -9.479530 0.406319 -9.586268
v -7.679530 0.431233 -9.597759
v -9.479530 0.431233 -9.597759
v -7.679530 0.455823 -9.609930
v -9.479530 0.455823 -9.609930
v -7.679530 0.480070 -9.622769
v -9.479530 0.480070 -9.622769
v -9.479530 0.503955 -9.636271
v -7.679530 0.503955 -9.636271
v -7.679530 0.527461 -9.650421
v -9.479530 0.527461 -9.650421
v -7.679530 0.550570 -9.665211
v -9.479530 0.550570 -9.665211
v -7.679530 0.573264 -9.680630
v -9.479530 0.573264 -9.680630
v -7.679530 0.595527 -9.696665
v -9.479530 0.595527 -9.696665
v -7.679530 0.617342 -9.713305
v -9.479530 0.617342 -9.713305
v -7.679530 0.638692 -9.730537
v -9.479530 0.638692 -9.730537
v -7.679530 0.659561 -9.748348
v -9.479530 0.659561 -9.748348
v -7.679530 0.679933 -9.766726
v -9.479530 0.679933 -9.766726
v -7.679530 0.699794 -9.785655
v -9.479530 0.699794 -9.785655
v -7.679530 0.719128 -9.805122
v -9.479530 0.719128 -9.805122
v -7.679530 0.737921 -9.825112
v -9.479530 0.737921 -9.825112
v -7.679530 0.756158 -9.845611
v -9.479530 0.756158 -9.845611
v -9.479530 0.773826 -9.866601
v -7.679530 0.773826 -9.866601
v -9.479530 0.790911 -9.888069
v -7.679530 0.790911 -9.888069
v -7.679530 0.807401 -9.909997
v -9.479530 0.807401 -9.909997
v -9.479530 0.823283 -9.932369
v -7.679530 0.823283 -9.932369
v -7.679530 0.838546 -9.955170
v -9.479530 0.838546 -9.955170
v -7.679530 0.853177 -9.978379
v -9.479530 0.853177 -9.978379
v -9.479530 0.867166 -10.001982
v -7.679530 0.867166 -10.001982
v -7.679530 0.880503 -10.025959
v -9.479530 0.880503 -10.025959
v -9.479530 0.893176 -10.050293
v -7.679530 0.893176 -10.050293
v -9.479530 0.905177 -10.074965
v -7.679530 0.905177 -10.074965
v -7.679530 0.916497 -10.099958
v -9.479530 0.916497 -10.099958
v -7.679530 0.927127 -10.125252
v -9.479530 0.927127 -10.125252
v -7.679530 0.937059 -10.150828
v -9.479530 0.937059 -10.150828
v -7.679530 0.946285 -10.176666
v -9.479530 0.946285 -10.176666
v -7.679530 0.954799 -10.202749
v -9.479530 0.954799 -10.202749
v -7.679530 0.962595 -10.229054
v -9.479530 0.962595 -10.229054
v -7.679530 0.969666 -10.255565
v -9.479530 0.969666 -10.255565
v -7.679530 0.976006 -10.282258
v -9.479530 0.976006 -10.282258
v -7.679530 0.981613 -10.309116
v -9.479530 0.981613 -10.309116
v -7.679530 0.986480 -10.336118
v -9.479530 0.986480 -10.336118
v -7.679530 0.990605 -10.363242
v -9.479530 0.990605 -10.363242
v -9.479530 0.993984 -10.390471
v -7.679530 0.993984 -10.390471
v -7.679530 0.996614 -10.417781
v -9.479530 0.996614 -10.417781
v -9.479530 0.998495 -10.445152
v -7.679530 0.998495 -10.445152
v -7.679530 0.999624 -10.472566
v -9.479530 0.999624 -10.472566
v -7.679530 0.999624 -13.527434
v -7.679530 1.000000 -13.500000
v -9.479530 1.000000 -13.500000
v -9.479530 0.999624 -13.527434
v -7.679530 0.998495 -13.554848
v -9.479530 0.998495 -13.554848
v -7.679530 0.996614 -13.582219
v -9.479530 0.996614 -13.582219
v -7.679530 0.993984 -13.609529
v -9.479530 0.993984 -13.609529
v -7.679530 0.990605 -13.636758
v -9.479530 0.990605 -13.636758
v -7.679530 0.986480 -13.663882
v -9.479530 0.986480 -13.663882
v -7.679530 0.981613 -13.690884
v -9.479530 0.981613 -13.690884
v -7.679530 0.976006 -13.717742
v -9.479530 0.976006 -13.717742
v -7.679530 0.969666 -13.744435
v -9.479530 0.969666 -13.744435
v -9.479530 0.962595 -13.770946
v -7.679530 0.962595 -13.770946
v -7.679530 0.954799 -13.797251
v -9.479530 0.954799 -13.797251
v -9.479530 0.946285 -13.823334
v -7.679530 0.946285 -13.823334
v -7.679530 0.937059 -13.849172
v -9.479530 0.937059 -13.849172
v -7.679530 0.927127 -13.874748
v -9.479530 0.927127 -13.874748
v -7.679530 0.916497 -13.900042
v -9.479530 0.916497 -13.900042
v -7.679530 0.905177 -13.925035
v -9.479530 0.905177 -13.925035
v -9.479530 0.893176 -13.949707
v -7.679530 0.893176 -13.949707
v -9.479530 0.880503 -13.974041
v -7.679530 0.880503 -13.974041
v -7.679530 0.867166 -13.998018
v -9.479530 0.867166 -13.998018
v -7.679530 0.853177 -14.021621
v -9.479530 0.853177 -14.021621
v -7.679530 0.838546 -14.044830
v -9.479530 0.838546 -14.044830
v -9.479530 0.823283 -14.067631
v -7.679530 0.823283 -14.067631
v -7.679530 0.807401 -14.090003
v -9.479530 0.807401 -14.090003
v -7.679530 0.790911 -14.111931
v -9.479530 0.790911 -14.111931
v -9.479530 0.773826 -14.133399
v -7.679530 0.773826 -14.133399
v -7.679530 0.756158 -14.154389
v -9.479530 0.756158 -14.154389
v -7.679530 0.737921 -14.174888
v -9.479530 0.737921 -14.174888
v -7.679530 0.719128 -14.194878
v -9.479530 0.719128 -14.194878
v -7.679530 0.699794 -14.214345
v -9.479530 0.699794 -14.214345
v -7.679530 0.679933 -14.233274
v -9.479530 0.679933 -14.233274
v -9.479530 0.659561 -14.251652
v -7.679530 0.659561 -14.251652
v -7.679530 0.638692 -14.269463
v -9.479530 0.638692 -14.269463
v -7.679530 0.617342 -14.286695
v -9.479530 0.617342 -14.286695
v -7.679530 0.595527 -14.303335
v -9.479530 0.595527 -14.303335
v -9.479530 0.573264 -14.319370
v -7.679530 0.573264 -14.319370
v -7.679530 0.550570 -14.334789
v -9.479530 0.550570 -14.334789
v -7.679530 0.527461 -14.349579
v -9.479530 0.527461 -14.349579
v -7.679530 0.503955 -14.363729
v -9.479530 0.503955 -14.363729
v -7.679530 0.480070 -14.377231
v -9.479530 0.480070 -14.377231
v -7.679530 0.455823 -14.390070
v -9.479530 0.455823 -14.390070
v -7.679530 0.431233 -14.402241
v -9.479530 0.431233 -14.402241
v -7.679530 0.406319 -14.413732
v -9.479530 0.406319 -14.413732
v -7.679530 0.381099 -14.424535
v -9.479530 0.381099 -14.424535
v -7.679530 0.355591 -14.434642
v -9.479530 0.355591 -14.434642
v -7.679530 0.329817 -14.444045
v -9.479530 0.329817 -14.444045
v -7.679530 0.303793 -14.452738
v -9.479530 0.303793 -14.452738
v -7.679530 0.277542 -14.460713
v -9.479530 0.277542 -14.460713
v -7.679530 0.251081 -14.467966
v -9.479530 0.251081 -14.467966
v -7.679530 0.224431 -14.474490
v -9.479530 0.224431 -14.474490
v -7.679530 0.197613 -14.480280
v -9.479530 0.197613 -14.480280
v -7.679530 0.170645 -14.485332
v -9.479530 0.170645 -14.485332
v -7.679530 0.143549 -14.489643
v -9.479530 0.143549 -14.489643
v -9.479530 0.116345 -14.493209
v -7.679530 0.116345 -14.493209
v -7.679530 0.089054 -14.496027
v -9.479530 0.089054 -14.496027
v -7.679530 0.061695 -14.498096
v -9.479530 0.061695 -14.498096
v -7.679530 0.034290 -14.499412
v -9.479530 0.034290 -14.499412
v -7.679530 0.006859 -14.499976
v -9.479530 0.006859 -14.499976
v -9.479530 -0.020577 -14.499788
v -7.679530 -0.020577 -14.499788
v -7.679530 -0.047997 -14.498847
v -9.479530 -0.047997 -14.498847
v -9.479530 -0.075382 -14.497155
v -7.679530 -0.075382 -14.497155
v -7.679530 -0.102709 -14.494712
v -9.479530 -0.102709 -14.494712
v -9.479530 -0.129959 -14.491519
v -7.679530 -0.129959 -14.491519
v -7.679530 -0.157112 -14.487581
v -9.479530 -0.157112 -14.487581
v -9.479530 -0.184146 -14.482899
v -7.679530 -0.184146 -14.482899
v -7.679530 -0.211042 -14.477477
v -9.479530 -0.211042 -14.477477
v -9.479530 -0.237778 -14.471319
v -7.679530 -0.237778 -14.471319
v -9.479530 -0.264336 -14.464431
v -7.679530 -0.264336 -14.464431
v -7.679530 -0.290695 -14.456816
v -9.479530 -0.290695 -14.456816
v -9.479530 -0.316835 -14.448481
v -7.679530 -0.316835 -14.448481
v -7.679530 -0.342736 -14.439432
v -9.479530 -0.342736 -14.439432
v -9.479530 -0.368380 -14.429675
v -7.679530 -0.368380 -14.429675
v -7.679530 -0.393746 -14.419219
v -9.479530 -0.393746 -14.419219
v -9.479530 -0.418815 -14.408072
v -7.679530 -0.418815 -14.408072
v -9.479530 -0.443570 -14.396240
v -7.679530 -0.443570 -14.396240
v -7.679530 -0.467990 -14.383734
v -9.479530 -0.467990 -14.383734
v -9.479530 -0.492059 -14.370562
v -7.679530 -0.492059 -14.370562
v -7.679530 -0.515756 -14.356735
v -9.479530 -0.515756 -14.356735
v -9.479530 -0.539066 -14.342263
v -7.679530 -0.539066 -14.342263
v -7.679530 -0.561970 -14.327158
v -9.479530 -0.561970 -14.327158
v -7.679530 -0.584451 -14.311429
v -9.479530 -0.584451 -14.311429
v -9.479530 -0.606492 -14.295090
v -7.679530 -0.606492 -14.295090
v -7.679530 -0.628076 -14.278152
v -9.479530 -0.628076 -14.278152
v -7.679530 -0.649187 -14.260629
v -9.479530 -0.649187 -14.260629
v -9.479530 -0.669810 -14.242533
v -7.679530 -0.669810 -14.242533
v -7.679530 -0.689929 -14.223878
v -9.479530 -0.689929 -14.223878
v -7.679530 -0.709528 -14.204678
v -9.479530 -0.709528 -14.204678
v -7.679530 -0.728593 -14.184947
v -9.479530 -0.728593 -14.184947
v -9.479530 -0.747110 -14.164701
v -7.679530 -0.747110 -14.164701
v -9.479530 -0.765064 -14.143954
v -7.679530 -0.765064 -14.143954
v -7.679530 -0.782442 -14.122724
v -9.479530 -0.782442 -14.122724
v -7.679530 -0.799231 -14.101024
v -9.479530 -0.799231 -14.101024
v -9.479530 -0.815419 -14.078871
v -7.679530 -0.815419 -14.078871
v -7.679530 -0.830993 -14.056283
v -9.479530 -0.830993 -14.056283
v -7.679530 -0.845941 -14.033276
v -9.479530 -0.845941 -14.033276
v -9.479530 -0.860253 -14.009868
v -7.679530 -0.860253 -14.009868
v -7.679530 -0.873917 -13.986075
v -9.479530 -0.873917 -13.986075
v -7.679530 -0.886923 -13.961918
v -9.479530 -0.886923 -13.961918
v -7.679530 -0.899261 -13.937412
v -9.479530 -0.899261 -13.937412
v -9.479530 -0.910923 -13.912577
v -7.679530 -0.910923 -13.912577
v -7.679530 -0.921899 -13.887431
v -9.479530 -0.921899 -13.887431
v -7.679530 -0.932180 -13.861994
v -9.479530 -0.932180 -13.861994
v -9.479530 -0.941761 -13.836285
v -7.679530 -0.941761 -13.836285
v -9.479530 -0.950632 -13.810322
v -7.679530 -0.950632 -13.810322
v -7.679530 -0.958787 -13.784125
v -9.479530 -0.958787 -13.784125
v -7.679530 -0.966221 -13.757714
v -9.479530 -0.966221 -13.757714
v -9.479530 -0.972928 -13.731111
v -7.679530 -0.972928 -13.731111
v -7.679530 -0.978902 -13.704332
v -9.479530 -0.978902 -13.704332
v -7.679530 -0.984139 -13.677400
v -9.479530 -0.984139 -13.677400
v -7.679530 -0.988635 -13.650334
v -9.479530 -0.988635 -13.650334
v -9.479530 -0.992387 -13.623156
v -7.679530 -0.992387 -13.623156
v -7.679530 -0.995393 -13.595883
v -9.479530 -0.995393 -13.595883
v -7.679530 -0.997648 -13.568540
v -9.479530 -0.997648 -13.568540
v -9.479530 -0.999153 -13.541144
v -7.679530 -0.999153 -13.541144
v -7.679530 -0.999906 -13.513719
v -9.479530 -0.999906 -13.513719
v -7.679530 -0.999906 -13.486281
v -9.479530 -0.999906 -13.486281
v -7.679530 -0.999153 -13.458856
v -9.479530 -0.999153 -13.458856
v -9.479530 -0.997648 -13.431460
v -7.679530 -0.997648 -13.431460
v -7.679530 -0.995393 -13.404117
v -9.479530 -0.995393 -13.404117
v -7.679530 -0.992387 -13.376844
v -9.479530 -0.992387 -13.376844
v -7.679530 -0.988635 -13.349666
v -9.479530 -0.988635 -13.349666
v -9.479530 -0.984139 -13.322600
v -7.679530 -0.984139 -13.322600
v -7.679530 -0.978902 -13.295668
v -9.479530 -0.978902 -13.295668
v -7.679530 -0.972928 -13.268889
v -9.479530 -0.972928 -13.268889
v -7.679530 -0.966221 -13.242286
v -9.479530 -0.966221 -13.242286
v -7.679530 -0.958787 -13.215875
v -9.479530 -0.958787 -13.215875
v -7.679530 -0.950632 -13.189678
v -9.479530 -0.950632 -13.189678
v -7.679530 -0.941761 -13.163715
v -9.479530 -0.941761 -13.163715
v -7.679530 -0.932180 -13.138006
v -9.479530 -0.932180 -13.138006
v -7.679530 -0.921899 -13.112569
v -9.479530 -0.921899 -13.112569
v -7.679530 -0.910923 -13.087423
v -9.479530 -0.910923 -13.087423
v -7.679530 -0.899261 -13.062588
v -9.479530 -0.899261 -13.062588
v -9.479530 -0.886923 -13.038082
v -7.679530 -0.886923 -13.038082
v -7.679530 -0.873917 -13.013925
v -9.479530 -0.873917 -13.013925
v -7.679530 -0.860253 -12.990132
v -9.479530 -0.860253 -12.990132
v -7.679530 -0.845941 -12.966724
v -9.479530 -0.845941 -12.966724
v -7.679530 -0.830993 -12.943717
v -9.479530 -0.830993 -12.943717
v -7.679530 -0.815419 -12.921129
v -9.479530 -0.815419 -12.921129
v -7.679530 -0.799231 -12.898976
v -9.479530 -0.799231 -12.898976
v -9.479530 -0.782442 -12.877276
v -7.679530 -0.782442 -12.877276
v -7.679530 -0.765064 -12.856046
v -9.479530 -0.765064 -12.856046
v -7.679530 -0.747110 -12.835299
v -9.479530 -0.747110 -12.835299
v -9.479530 -0.728593 -12.815053
v -7.679530 -0.728593 -12.815053
v -7.679530 -0.709528 -12.795322
v -9.479530 -0.709528 -12.795322
v -7.679530 -0.689929 -12.776122
v -9.479530 -0.689929 -12.776122
v -7.679530 -0.669810 -12.757467
v -9.479530 -0.669810 -12.757467
v -7.679530 -0.649187 -12.739371
v -9.479530 -0.649187 -12.739371
v -7.679530 -0.628076 -12.721848
v -9.479530 -0.628076 -12.721848
v -7.679530 -0.606492 -12.704910
v -9.479530 -0.606492 -12.704910
v -7.679530 -0.584451 -12.688571
v -9.479530 -0.584451 -12.688571
v -7.679530 -0.561970 -12.672842
v -9.479530 -0.561970 -12.672842
v -7.679530 -0.539066 -12.657737
v -9.479530 -0.539066 -12.657737
v -9.479530 -0.515756 -12.643265
v -7.679530 -0.515756 -12.643265
v -7.679530 -0.492059 -12.629438
v -9.479530 -0.492059 -12.629438
v -7.679530 -0.467990 -12.616266
v -9.479530 -0.467990 -12.616266
v -7.679530 -0.443570 -12.603760
v -9.479530 -0.443570 -12.603760
v -7.679530 -0.418815 -12.591928
v -9.479530 -0.418815 -12.591928
v -7.679530 -0.393746 -12.580781
v -9.479530 -0.393746 -12.580781
v -9.479530 -0.368380 -12.570325
v -7.679530 -0.368380 -12.570325
v -7.679530 -0.342736 -12.560568
v -9.479530 -0.342736 -12.560568
v -7.679530 -0.316835 -12.551519
v -9.479530 -0.316835 -12.551519
v -7.679530 -0.290695 -12.543184
v -9.479530 -0.290695 -12.543184
v -7.679530 -0.264336 -12.535569
v -9.479530 -0.264336 -12.535569
v -7.679530 -0.237778 -12.528681
v -9.479530 -0.237778 -12.528681
v -9.479530 -0.211042 -12.522523
v -7.679530 -0.211042 -12.522523
v -7.679530 -0.184146 -12.517101
v -9.479530 -0.184146 -12.517101
v -7.679530 -0.157112 -12.512419
v -9.479530 -0.157112 -12.512419
v -7.679530 -0.129959 -12.508481
v -9.479530 -0.129959 -12.508481
v -7.679530 -0.102709 -12.505288
v -9.479530 -0.102709 -12.505288
v -7.679530 -0.075382 -12.502845
v -9.479530 -0.075382 -12.502845
v -7.679530 -0.047997 -12.501153
v -9.479530 -0.047997 -12.501153
v -7.679530 -0.020577 -12.500212
v -9.479530 -0.020577 -12.500212
v -7.679530 0.006859 -12.500024
v -9.479530 0.006859 -12.500024
v -7.679530 0.034290 -12.500588
v -9.479530 0.034290 -12.500588
v -7.679530 0.061695 -12.501904
v -9.479530 0.061695 -12.501904
v -9.479530 0.089054 -12.503973
v -7.679530 0.089054 -12.503973
v -7.679530 0.116345 -12.506791
v -9.479530 0.116345 -12.506791
v -7.679530 0.143549 -12.510357
v -9.479530 0.143549 -12.510357
v -9.479530 0.170645 -12.514668
v -7.679530 0.170645 -12.514668
v -7.679530 0.197613 -12.519720
v -9.479530 0.197613 -12.519720
v -7.679530 0.224431 -12.525510
v -9.479530 0.224431 -12.525510
v -7.679530 0.251081 -12.532034
v -9.479530 0.251081 -12.532034
v -7.679530 0.277542 -12.539287
v -9.479530 0.277542 -12.539287
v -7.679530 0.303793 -12.547262
v -9.479530 0.303793 -12.547262
v -7.679530 0.329817 -12.555955
v -9.479530 0.329817 -12.555955
v -7.679530 0.355591 -12.565358
v -9.479530 0.355591 -12.565358
v -7.679530 0.381099 -12.575465
v -9.479530 0.381099 -12.575465
v -7.679530 0.406319 -12.586268
v -9.479530 0.406319 -12.586268
v -7.679530 0.431233 -12.597759
v -9.479530 0.431233 -12.597759
v -7.679530 0.455823 -12.609930
v -9.479530 0.455823 -12.609930
v -7.679530 0.480070 -12.622769
v -9.479530 0.480070 -12.622769
v -9.479530 0.503955 -12.636271
v -7.679530 0.503955 -12.636271
v -7.679530 0.527461 -12.650421
v -9.479530 0.527461 -12.650421
v -7.679530 0.550570 -12.665211
v -9.479530 0.550570 -12.665211
v -7.679530 0.573264 -12.680630
v -9.479530 0.573264 -12.680630
v -7.679530 0.595527 -12.696665
v -9.479530 0.595527 -12.696665
v -7.679530 0.617342 -12.713305
v -9.479530 0.617342 -12.713305
v -7.679530 0.638692 -12.730537
v -9.479530 0.638692 -12.730537
v -7.679530 0.659561 -12.748348
v -9.479530 0.659561 -12.748348
v -7.679530 0.679933 -12.766726
v -9.479530 0.679933 -12.766726
v -7.679530 0.699794 -12.785655
v -9.479530 0.699794 -12.785655
v -7.679530 0.719128 -12.805122
v -9.479530 0.719128 -12.805122
v -7.679530 0.737921 -12.825112
v -9.479530 0.737921 -12.825112
v -7.679530 0.756158 -12.845611
v -9.479530 0.756158 -12.845611
v -9.479530 0.773826 -12.866601
v -7.679530 0.773826 -12.866601
v -9.479530 0.790911 -12.888069
v -7.679530 0.790911 -12.888069
v -7.679530 0.807401 -12.909997
v -9.479530 0.807401 -12.909997
v -9.479530 0.823283 -12.932369
v -7.679530 0.823283 -12.932369
v -7.679530 0.838546 -12.955170
v -9.479530 0.838546 -12.955170
v -7.679530 0.853177 -12.978379
v -9.479530 0.853177 -12.978379
v -9.479530 0.867166 -13.001982
v -7.679530 0.867166 -13.001982
v -7.679530 0.880503 -13.025959
v -9.479530 0.880503 -13.025959
v -9.479530 0.893176 -13.050293
v -7.679530 0.893176 -13.050293
v -9.479530 0.905177 -13.074965
v -7.679530 0.905177 -13.074965
v -7.679530 0.916497 -13.099958
v -9.479530 0.916497 -13.099958
v -7.679530 0.927127 -13.125252
v -9.479530 0.927127 -13.125252
v -7.679530 0.937059 -13.150828
v -9.479530 0.937059 -13.150828
v -7.679530 0.946285 -13.176666
v -9.479530 0.946285 -13.176666
v -7.679530 0.954799 -13.202749
v -9.479530 0.954799 -13.202749
v -7.679530 0.962595 -13.229054
v -9.479530 0.962595 -13.229054
v -7.679530 0.969666 -13.255565
v -9.479530 0.969666 -13.255565
v -7.679530 0.976006 -13.282258
v -9.479530 0.976006 -13.282258
v -7.679530 0.981613 -13.309116
v -9.479530 0.981613 -13.309116
v -7.679530 0.986480 -13.336118
v -9.479530 0.986480 -13.336118
v -7.679530 0.990605 -13.363242
v -9.479530 0.990605 -13.363242
v -9.479530 0.993984 -13.390471
v -7.679530 0.993984 -13.390471
v -7.679530 0.996614 -13.417781
v -9.479530 0.996614 -13.417781
v -9.479530 0.998495 -13.445152
v -7.679530 0.998495 -13.445152
v -7.679530 0.999624 -13.472566
v -9.479530 0.999624 -13.472566
vn -0.000000 -0.999907 0.013657
vn 0.000000 -0.999907 0.013657
vn 0.000000 -0.999160 0.040966
vn 0.000000 -0.999160 0.040966
vn 0.000000 -0.997669 0.068243
vn 0.000000 -0.997669 0.068243
vn 0.000000 -0.995433 0.095468
vn 0.000000 -0.995433 0.095468
vn 0.000000 -0.992453 0.122624
vn 0.000000 -0.992453 0.122624
vn 0.000000 -0.988734 0.149684
vn 0.000000 -0.988734 0.149684
vn 0.000000 -0.984276 0.176638
vn 0.000000 -0.984276 0.176638
vn 0.000000 -0.979084 0.203456
vn 0.000000 -0.979084 0.203456
vn 0.000000 -0.973162 0.230122
vn 0.000000 -0.966512 0.256620
vn 0.000000 -0.973162 0.230122
vn 0.000000 -0.966512 0.256620
vn 0.000000 -0.959142 0.282924
vn 0.000000 -0.959142 0.282924
vn 0.000000 -0.951056 0.309017
vn 0.000000 -0.942261 0.334879
vn 0.000000 -0.951056 0.309017
vn 0.000000 -0.942261 0.334879
vn 0.000000 -0.932762 0.360493
vn 0.000000 -0.932762 0.360493
vn 0.000000 -0.922567 0.385837
vn 0.000000 -0.922567 0.385837
vn 0.000000 -0.911685 0.410891
vn 0.000000 -0.911685 0.410891
vn 0.000000 -0.900120 0.435642
vn 0.000000 -0.900120 0.435642
vn 0.000000 -0.887885 0.460065
vn 0.000000 -0.887885 0.460065
vn 0.000000 -0.874987 0.484146
vn 0.000000 -0.874987 0.484146
vn 0.000000 -0.861437 0.507865
vn 0.000000 -0.861437 0.507865
vn 0.000000 -0.847243 0.531205
vn 0.000000 -0.847243 0.531205
vn 0.000000 -0.832416 0.554151
vn 0.000000 -0.832416 0.554151
vn 0.000000 -0.816970 0.576680
vn 0.000000 -0.816970 0.576680
vn 0.000000 -0.800914 0.598779
vn 0.000000 -0.800914 0.598779
vn 0.000000 -0.784259 0.620433
vn 0.000000 -0.767018 0.641625
vn 0.000000 -0.784259 0.620433
vn 0.000000 -0.767018 0.641625
vn 0.000000 -0.749207 0.662336
vn 0.000000 -0.749207 0.662336
vn 0.000000 -0.730837 0.682552
vn 0.000000 -0.730837 0.682552
vn 0.000000 -0.711919 0.702261
vn 0.000000 -0.711919 0.702261
vn 0.000000 -0.692472 0.721445
vn 0.000000 -0.692472 0.721445
vn 0.000000 -0.672507 0.740091
vn 0.000000 -0.672507 0.740091
vn 0.000000 -0.652041 0.758183
vn 0.000000 -0.652041 0.758183
vn 0.000000 -0.631088 0.775711
vn 0.000000 -0.631088 0.775711
vn 0.000000 -0.609665 0.792659
vn 0.000000 -0.609665 0.792659
vn 0.000000 -0.587785 0.809017
vn 0.000000 -0.587785 0.809017
vn 0.000000 -0.565468 0.824770
vn 0.000000 -0.565468 0.824770
vn 0.000000 -0.542728 0.839908
vn 0.000000 -0.542728 0.839908
vn 0.000000 -0.519584 0.854420
vn 0.000000 -0.519584 0.854420
vn 0.000000 -0.496052 0.868293
vn 0.000000 -0.472149 0.881519
vn 0.000000 -0.496052 0.868293
vn 0.000000 -0.472149 0.881519
vn 0.000000 -0.447894 0.894087
vn 0.000000 -0.423307 0.905986
vn 0.000000 -0.447894 0.894087
vn 0.000000 -0.423307 0.905986
vn 0.000000 -0.398401 0.917211
vn 0.000000 -0.398401 0.917211
vn 0.000000 -0.373198 0.927752
vn 0.000000 -0.373198 0.927752
vn 0.000000 -0.347719 0.937599
vn 0.000000 -0.347719 0.937599
vn 0.000000 -0.321978 0.946747
vn 0.000000 -0.321978 0.946747
vn 0.000000 -0.295998 0.955189
vn 0.000000 -0.295998 0.955189
vn 0.000000 -0.269797 0.962917
vn 0.000000 -0.269797 0.962917
vn 0.000000 -0.243395 0.969927
vn 0.000000 -0.243395 0.969927
vn 0.000000 -0.216810 0.976214
vn 0.000000 -0.216810 0.976214
vn 0.000000 -0.190063 0.981772
vn 0.000000 -0.190063 0.981772
vn 0.000000 -0.163176 0.986597
vn 0.000000 -0.163176 0.986597
vn 0.000000 -0.136167 0.990686
vn 0.000000 -0.136167 0.990686
vn 0.000000 -0.109056 0.994036
vn 0.000000 -0.109056 0.994036
vn 0.000000 -0.081862 0.996644
vn 0.000000 -0.081862 0.996644
vn 0.000000 -0.054610 0.998508
vn 0.000000 -0.027314 0.999627
vn 0.000000 -0.054610 0.998508
vn 0.000000 -0.027314 0.999627
vn 0.000000 0.000000 1.000000
vn -0.000000 0.027314 0.999627
vn 0.000000 -0.000000 1.000000
vn 0.000000 0.027314 0.999627
vn 0.000000 0.054610 0.998508
vn -0.000000 0.081862 0.996644
vn 0.000000 0.054610 0.998508
vn 0.000000 0.081862 0.996644
vn 0.000000 0.109056 0.994036
vn -0.000000 0.136167 0.990686
vn 0.000000 0.109056 0.994036
vn -0.000000 0.163176 0.986597
vn 0.000000 0.136167 0.990686
vn 0.000000 0.163176 0.986597
vn 0.000000 0.190063 0.981772
vn -0.000000 0.216810 0.976214
vn 0.000000 0.190063 0.981772
vn 0.000000 0.216810 0.976214
vn 0.000000 0.243395 0.969927
vn 0.000000 0.243395 0.969927
vn -0.000000 0.269797 0.962917
vn 0.000000 0.269797 0.962917
vn -0.000000 0.295998 0.955189
vn 0.000000 0.295998 0.955189
vn 0.000000 0.321978 0.946747
vn 0.000000 0.321978 0.946747
vn -0.000000 0.347719 0.937599
vn 0.000000 0.347719 0.937599
vn 0.000000 0.373198 0.927752
vn 0.000000 0.373198 0.927752
vn -0.000000 0.398401 0.917211
vn 0.000000 0.398401 0.917211
vn -0.000000 0.423307 0.905986
vn 0.000000 0.423307 0.905986
vn 0.000000 0.447894 0.894087
vn 0.000000 0.447894 0.894087
vn -0.000000 0.472149 0.881519
vn 0.000000 0.472149 0.881519
vn 0.000000 0.496052 0.868293
vn 0.000000 0.496052 0.868293
vn 0.000000 0.519584 0.854420
vn 0.000000 0.519584 0.854420
vn 0.000000 0.542728 0.839908
vn 0.000000 0.542728 0.839908
vn 0.000000 0.565468 0.824770
vn 0.000000 0.565468 0.824770
vn 0.000000 0.587785 0.809017
vn 0.000000 0.587785 0.809017
vn 0.000000 0.609665 0.792659
vn 0.000000 0.609665 0.792659
vn -0.000000 0.631088 0.775711
vn 0.000000 0.631088 0.775711
vn 0.000000 0.652041 0.758183
vn 0.000000 0.652041 0.758183
vn 0.000000 0.672507 0.740091
vn 0.000000 0.672507 0.740091
vn 0.000000 0.692472 0.721445
vn 0.000000 0.692472 0.721445
vn -0.000000 0.711919 0.702261
vn 0.000000 0.711919 0.702261
vn -0.000000 0.730837 0.682552
vn 0.000000 0.730837 0.682552
vn 0.000000 0.749207 0.662336
vn 0.000000 0.749207 0.662336
vn -0.000000 0.767018 0.641625
vn 0.000000 0.767018 0.641625
vn 0.000000 0.784259 0.620433
vn 0.000000 0.784259 0.620433
vn 0.000000 0.800914 0.598779
vn 0.000000 0.800914 0.598779
vn 0.000000 0.816970 0.576680
vn 0.000000 0.816970 0.576680
vn -0.000000 0.832416 0.554151
vn 0.000000 0.832416 0.554151
vn 0.000000 0.847243 0.531205
vn 0.000000 0.847243 0.531205
vn 0.000000 0.861437 0.507865
vn 0.000000 0.861437 0.507865
vn -0.000000 0.874987 0.484146
vn 0.000000 0.874987 0.484146
vn 0.000000 0.887885 0.460065
vn 0.000000 0.887885 0.460065
vn 0.000000 0.900120 0.435642
vn 0.000000 0.900120 0.435642
vn 0.000000 0.911685 0.410891
vn -0.000000 0.922567 0.385837
vn 0.000000 0.911685 0.410891
vn 0.000000 0.922567 0.385837
vn 0.000000 0.932762 0.360493
vn 0.000000 0.932762 0.360493
vn 0.000000 0.942261 0.334879
vn 0.000000 0.942261 0.334879
vn 0.000000 0.951056 0.309017
vn 0.000000 0.951056 0.309017
vn 0.000000 0.959142 0.282924
vn 0.000000 0.959142 0.282924
vn 0.000000 0.966512 0.256620
vn 0.000000 0.966512 0.256620
vn 0.000000 0.973162 0.230122
vn -0.000000 0.979084 0.203456
vn 0.000000 0.973162 0.230122
vn -0.000000 0.984276 0.176638
vn 0.000000 0.979084 0.203456
vn 0.000000 0.984276 0.176638
vn 0.000000 0.988734 0.149684
vn -0.000000 0.992453 0.122624
vn 0.000000 0.988734 0.149684
vn 0.000000 0.992453 0.122624
vn 0.000000 0.995433 0.095468
vn 0.000000 0.995433 0.095468
vn 0.000000 0.997669 0.068243
vn -0.000000 0.999160 0.040966
vn 0.000000 0.997669 0.068243
vn 0.000000 0.999160 0.040966
vn 0.000000 0.999907 0.013657
vn 0.000000 0.999907 0.013657
vn 0.000000 1.000000 0.000000
vn 0.000000 1.000000 0.000000
vn 0.000000 0.999907 -0.013657
vn 0.000000 0.999907 -0.013657
vn 0.000000 0.999160 -0.040967
vn 0.000000 0.999160 -0.040967
vn 0.000000 0.997669 -0.068242
vn 0.000000 0.997669 -0.068242
vn 0.000000 0.995432 -0.095469
vn 0.000000 0.995432 -0.095469
vn 0.000000 0.992453 -0.122622
vn 0.000000 0.992453 -0.122622
vn 0.000000 0.988734 -0.149685
vn 0.000000 0.988734 -0.149685
vn 0.000000 0.984276 -0.176640
vn 0.000000 0.984276 -0.176640
vn 0.000000 0.979084 -0.203455
vn 0.000000 0.979084 -0.203455
vn 0.000000 0.973162 -0.230123
vn 0.000000 0.966513 -0.256617
vn 0.000000 0.973162 -0.230123
vn 0.000000 0.966513 -0.256617
vn 0.000000 0.959142 -0.282925
vn 0.000000 0.959142 -0.282925
vn 0.000000 0.951057 -0.309016
vn 0.000000 0.951057 -0.309016
vn 0.000000 0.942260 -0.334882
vn 0.000000 0.942260 -0.334882
vn 0.000000 0.932763 -0.360491
vn 0.000000 0.932763 -0.360491
vn 0.000000 0.922568 -0.385835
vn 0.000000 0.922568 -0.385835
vn 0.000000 0.911684 -0.410892
vn 0.000000 0.911684 -0.410892
vn 0.000000 0.900119 -0.435644
vn 0.000000 0.900119 -0.435644
vn 0.000000 0.887887 -0.460062
vn 0.000000 0.887887 -0.460062
vn 0.000000 0.874988 -0.484145
vn 0.000000 0.874988 -0.484145
vn 0.000000 0.861436 -0.507867
vn 0.000000 0.861436 -0.507867
vn 0.000000 0.847245 -0.531203
vn 0.000000 0.847245 -0.531203
vn 0.000000 0.832414 -0.554154
vn 0.000000 0.832414 -0.554154
vn 0.000000 0.816974 -0.576675
vn 0.000000 0.816974 -0.576675
vn 0.000000 0.800914 -0.598779
vn 0.000000 0.800914 -0.598779
vn 0.000000 0.784258 -0.620434
vn 0.000000 0.767017 -0.641626
vn 0.000000 0.784258 -0.620434
vn 0.000000 0.767017 -0.641626
vn 0.000000 0.749205 -0.662338
vn 0.000000 0.749205 -0.662338
vn 0.000000 0.730839 -0.682550
vn 0.000000 0.730839 -0.682550
vn 0.000000 0.711921 -0.702259
vn 0.000000 0.711921 -0.702259
vn 0.000000 0.692465 -0.721452
vn 0.000000 0.692465 -0.721452
vn 0.000000 0.672509 -0.740089
vn 0.000000 0.672509 -0.740089
vn 0.000000 0.652045 -0.758180
vn 0.000000 0.652045 -0.758180
vn 0.000000 0.631086 -0.775713
vn 0.000000 0.631086 -0.775713
vn 0.000000 0.609663 -0.792661
vn 0.000000 0.609663 -0.792661
vn 0.000000 0.587790 -0.809014
vn 0.000000 0.587790 -0.809014
vn 0.000000 0.565463 -0.824773
vn 0.000000 0.565463 -0.824773
vn 0.000000 0.542724 -0.839911
vn 0.000000 0.542724 -0.839911
vn 0.000000 0.519587 -0.854418
vn 0.000000 0.519587 -0.854418
vn 0.000000 0.496047 -0.868295
vn 0.000000 0.496047 -0.868295
vn 0.000000 0.472149 -0.881519
vn 0.000000 0.447895 -0.894086
vn 0.000000 0.472149 -0.881519
vn 0.000000 0.447895 -0.894086
vn 0.000000 0.423319 -0.905981
vn 0.000000 0.423319 -0.905981
vn 0.000000 0.398394 -0.917214
vn 0.000000 0.398394 -0.917214
vn 0.000000 0.373196 -0.927752
vn 0.000000 0.373196 -0.927752
vn 0.000000 0.347715 -0.937600
vn 0.000000 0.347715 -0.937600
vn 0.000000 0.321984 -0.946745
vn 0.000000 0.321984 -0.946745
vn 0.000000 0.296004 -0.955187
vn 0.000000 0.296004 -0.955187
vn 0.000000 0.269795 -0.962918
vn 0.000000 0.269795 -0.962918
vn 0.000000 0.243388 -0.969929
vn 0.000000 0.243388 -0.969929
vn 0.000000 0.216804 -0.976215
vn 0.000000 0.216804 -0.976215
vn 0.000000 0.190076 -0.981769
vn 0.000000 0.190076 -0.981769
vn 0.000000 0.163172 -0.986598
vn 0.000000 0.163172 -0.986598
vn 0.000000 0.136161 -0.990687
vn 0.000000 0.136161 -0.990687
vn 0.000000 0.109060 -0.994035
vn 0.000000 0.109060 -0.994035
vn 0.000000 0.081871 -0.996643
vn 0.000000 0.081871 -0.996643
vn 0.000000 0.054610 -0.998508
vn 0.000000 0.054610 -0.998508
vn 0.000000 0.027314 -0.999627
vn 0.000000 0.000000 -1.000000
vn 0.000000 0.027314 -0.999627
vn 0.000000 -0.000000 -1.000000
vn 0.000000 -0.027314 -0.999627
vn 0.000000 -0.054610 -0.998508
vn -0.000000 -0.027314 -0.999627
vn 0.000000 -0.054610 -0.998508
vn 0.000000 -0.081871 -0.996643
vn 0.000000 -0.109060 -0.994035
vn -0.000000 -0.081871 -0.996643
vn 0.000000 -0.136161 -0.990687
vn 0.000000 -0.109060 -0.994035
vn 0.000000 -0.136161 -0.990687
vn 0.000000 -0.163172 -0.986598
vn -0.000000 -0.163172 -0.986598
vn 0.000000 -0.190076 -0.981769
vn -0.000000 -0.190076 -0.981769
vn 0.000000 -0.216804 -0.976215
vn 0.000000 -0.243388 -0.969929
vn -0.000000 -0.216804 -0.976215
vn 0.000000 -0.243388 -0.969929
vn 0.000000 -0.269795 -0.962918
vn 0.000000 -0.269795 -0.962918
vn -0.000000 -0.296004 -0.955187
vn 0.000000 -0.296004 -0.955187
vn 0.000000 -0.321984 -0.946745
vn 0.000000 -0.321984 -0.946745
vn -0.000000 -0.347715 -0.937600
vn 0.000000 -0.347715 -0.937600
vn 0.000000 -0.373196 -0.927752
vn 0.000000 -0.373196 -0.927752
vn -0.000000 -0.398394 -0.917214
vn 0.000000 -0.398394 -0.917214
vn 0.000000 -0.423319 -0.905981
vn 0.000000 -0.423319 -0.905981
vn 0.000000 -0.447895 -0.894086
vn 0.000000 -0.447895 -0.894086
vn -0.000000 -0.472149 -0.881519
vn 0.000000 -0.472149 -0.881519
vn -0.000000 -0.496047 -0.868295
vn 0.000000 -0.496047 -0.868295
vn -0.000000 -0.519587 -0.854418
vn 0.000000 -0.519587 -0.854418
vn 0.000000 -0.542724 -0.839911
vn 0.000000 -0.542724 -0.839911
vn -0.000000 -0.565463 -0.824773
vn 0.000000 -0.565463 -0.824773
vn 0.000000 -0.587790 -0.809014
vn 0.000000 -0.587790 -0.809014
vn -0.000000 -0.609663 -0.792661
vn 0.000000 -0.609663 -0.792661
vn 0.000000 -0.631086 -0.775713
vn 0.000000 -0.631086 -0.775713
vn -0.000000 -0.652045 -0.758180
vn 0.000000 -0.652045 -0.758180
vn -0.000000 -0.672509 -0.740089
vn 0.000000 -0.672509 -0.740089
vn -0.000000 -0.692465 -0.721452
vn 0.000000 -0.692465 -0.721452
vn 0.000000 -0.711921 -0.702259
vn 0.000000 -0.711921 -0.702259
vn 0.000000 -0.730839 -0.682550
vn 0.000000 -0.730839 -0.682550
vn 0.000000 -0.749205 -0.662338
vn -0.000000 -0.749205 -0.662338
vn 0.000000 -0.767017 -0.641626
vn -0.000000 -0.767017 -0.641626
vn 0.000000 -0.784258 -0.620434
vn -0.000000 -0.784258 -0.620434
vn 0.000000 -0.800914 -0.598779
vn -0.000000 -0.800914 -0.598779
vn -0.000000 -0.816974 -0.576675
vn 0.000000 -0.816974 -0.576675
vn -0.000000 -0.832414 -0.554154
vn 0.000000 -0.832414 -0.554154
vn 0.000000 -0.847245 -0.531203
vn 0.000000 -0.847245 -0.531203
vn -0.000000 -0.861436 -0.507867
vn 0.000000 -0.861436 -0.507867
vn -0.000000 -0.874988 -0.484145
vn 0.000000 -0.874988 -0.484145
vn -0.000000 -0.887887 -0.460062
vn 0.000000 -0.887887 -0.460062
vn -0.000000 -0.900119 -0.435644
vn 0.000000 -0.900119 -0.435644
vn 0.000000 -0.911684 -0.410892
vn 0.000000 -0.922568 -0.385835
vn -0.000000 -0.911684 -0.410892
vn 0.000000 -0.922568 -0.385835
vn 0.000000 -0.932763 -0.360491
vn -0.000000 -0.932763 -0.360491
vn 0.000000 -0.942260 -0.334882
vn -0.000000 -0.942260 -0.334882
vn 0.000000 -0.951057 -0.309016
vn 0.000000 -0.959142 -0.282925
vn -0.000000 -0.951057 -0.309016
vn 0.000000 -0.959142 -0.282925
vn 0.000000 -0.966513 -0.256617
vn 0.000000 -0.973162 -0.230123
vn -0.000000 -0.966513 -0.256617
vn 0.000000 -0.979084 -0.203455
vn 0.000000 -0.973162 -0.230123
vn 0.000000 -0.984276 -0.176640
vn 0.000000 -0.979084 -0.203455
vn 0.000000 -0.984276 -0.176640
vn 0.000000 -0.988734 -0.149685
vn -0.000000 -0.988734 -0.149685
vn 0.000000 -0.992453 -0.122622
vn 0.000000 -0.995432 -0.095469
vn -0.000000 -0.992453 -0.122622
vn 0.000000 -0.995432 -0.095469
vn 0.000000 -0.997669 -0.068242
vn -0.000000 -0.997669 -0.068242
vn 0.000000 -0.999160 -0.040967
vn -0.000000 -0.999160 -0.040967
vn 0.000000 -0.999907 -0.013657
vn -0.000000 -0.999907 -0.013657
vn 0.000000 -1.000000 0.000000
vn 0.000000 -1.000000 0.000000
vn 0.000000 -0.999906 0.013719
vn 0.000000 -0.999906 0.013719
vn 0.000000 -0.999153 0.041144
vn 0.000000 -0.999153 0.041144
vn 0.000000 -0.997648 0.068540
vn 0.000000 -0.997648 0.068540
vn 0.000000 -0.995393 0.095883
vn 0.000000 -0.995393 0.095883
vn 0.000000 -0.992387 0.123158
vn 0.000000 -0.992387 0.123158
vn 0.000000 -0.988635 0.150333
vn 0.000000 -0.988635 0.150333
vn 0.000000 -0.984139 0.177400
vn 0.000000 -0.984139 0.177400
vn 0.000000 -0.978902 0.204331
vn 0.000000 -0.978902 0.204331
vn 0.000000 -0.972928 0.231110
vn 0.000000 -0.966221 0.257716
vn 0.000000 -0.972928 0.231110
vn 0.000000 -0.966221 0.257716
vn 0.000000 -0.958788 0.284123
vn 0.000000 -0.958788 0.284123
vn 0.000000 -0.950631 0.310322
vn 0.000000 -0.950631 0.310322
vn 0.000000 -0.941761 0.336283
vn 0.000000 -0.941761 0.336283
vn 0.000000 -0.932179 0.361998
vn 0.000000 -0.932179 0.361998
vn 0.000000 -0.921899 0.387430
vn 0.000000 -0.921899 0.387430
vn 0.000000 -0.910924 0.412574
vn 0.000000 -0.899260 0.437414
vn 0.000000 -0.910924 0.412574
vn 0.000000 -0.886925 0.461913
vn 0.000000 -0.899260 0.437414
vn 0.000000 -0.886925 0.461913
vn 0.000000 -0.873916 0.486077
vn 0.000000 -0.873916 0.486077
vn 0.000000 -0.860249 0.509874
vn 0.000000 -0.860249 0.509874
vn 0.000000 -0.845939 0.533280
vn 0.000000 -0.831003 0.556268
vn 0.000000 -0.845939 0.533280
vn 0.000000 -0.831003 0.556268
vn 0.000000 -0.815417 0.578874
vn 0.000000 -0.815417 0.578874
vn 0.000000 -0.799227 0.601030
vn 0.000000 -0.782450 0.622713
vn 0.000000 -0.799227 0.601030
vn 0.000000 -0.782450 0.622713
vn 0.000000 -0.765058 0.643962
vn 0.000000 -0.765058 0.643962
vn 0.000000 -0.747112 0.664698
vn 0.000000 -0.747112 0.664698
vn 0.000000 -0.728589 0.684951
vn 0.000000 -0.728589 0.684951
vn 0.000000 -0.709534 0.704672
vn 0.000000 -0.709534 0.704672
vn 0.000000 -0.689932 0.723874
vn 0.000000 -0.669810 0.742533
vn 0.000000 -0.689932 0.723874
vn 0.000000 -0.669810 0.742533
vn 0.000000 -0.649172 0.760642
vn 0.000000 -0.649172 0.760642
vn 0.000000 -0.628090 0.778141
vn 0.000000 -0.628090 0.778141
vn 0.000000 -0.606483 0.795096
vn 0.000000 -0.584444 0.811434
vn 0.000000 -0.606483 0.795096
vn 0.000000 -0.584444 0.811434
vn 0.000000 -0.561981 0.827150
vn 0.000000 -0.561981 0.827150
vn 0.000000 -0.539051 0.842273
vn 0.000000 -0.539051 0.842273
vn 0.000000 -0.515756 0.856735
vn 0.000000 -0.515756 0.856735
vn 0.000000 -0.492079 0.870550
vn 0.000000 -0.492079 0.870550
vn 0.000000 -0.467968 0.883745
vn 0.000000 -0.467968 0.883745
vn 0.000000 -0.443592 0.896229
vn 0.000000 -0.443592 0.896229
vn 0.000000 -0.418814 0.908072
vn 0.000000 -0.418814 0.908072
vn 0.000000 -0.393751 0.919217
vn 0.000000 -0.393751 0.919217
vn 0.000000 -0.368378 0.929676
vn 0.000000 -0.368378 0.929676
vn 0.000000 -0.342727 0.939435
vn 0.000000 -0.342727 0.939435
vn 0.000000 -0.316830 0.948482
vn 0.000000 -0.316830 0.948482
vn 0.000000 -0.290691 0.956817
vn 0.000000 -0.290691 0.956817
vn 0.000000 -0.264343 0.964429
vn 0.000000 -0.264343 0.964429
vn 0.000000 -0.237787 0.971317
vn 0.000000 -0.237787 0.971317
vn 0.000000 -0.211024 0.977481
vn 0.000000 -0.211024 0.977481
vn 0.000000 -0.184154 0.982897
vn 0.000000 -0.184154 0.982897
vn 0.000000 -0.157111 0.987581
vn 0.000000 -0.129964 0.991519
vn 0.000000 -0.157111 0.987581
vn 0.000000 -0.129964 0.991519
vn 0.000000 -0.102713 0.994711
vn 0.000000 -0.102713 0.994711
vn 0.000000 -0.075393 0.997154
vn 0.000000 -0.075393 0.997154
vn 0.000000 -0.047968 0.998849
vn 0.000000 -0.047968 0.998849
vn 0.000000 -0.020577 0.999788
vn 0.000000 0.006848 0.999977
vn 0.000000 -0.020577 0.999788
vn 0.000000 0.006848 0.999977
vn 0.000000 0.034307 0.999411
vn 0.000000 0.061663 0.998097
vn 0.000000 0.034307 0.999411
vn 0.000000 0.061663 0.998097
vn 0.000000 0.089053 0.996027
vn 0.000000 0.089053 0.996027
vn 0.000000 0.116373 0.993206
vn 0.000000 0.116373 0.993206
vn 0.000000 0.143521 0.989647
vn 0.000000 0.143521 0.989647
vn 0.000000 0.170667 0.985329
vn 0.000000 0.170667 0.985329
vn 0.000000 0.197606 0.980282
vn 0.000000 0.197606 0.980282
vn 0.000000 0.224439 0.974488
vn 0.000000 0.224439 0.974488
vn 0.000000 0.251067 0.967970
vn 0.000000 0.251067 0.967970
vn 0.000000 0.277551 0.960711
vn 0.000000 0.277551 0.960711
vn 0.000000 0.303795 0.952737
vn 0.000000 0.303795 0.952737
vn 0.000000 0.329797 0.944052
vn 0.000000 0.329797 0.944052
vn 0.000000 0.355617 0.934632
vn 0.000000 0.355617 0.934632
vn 0.000000 0.381099 0.924534
vn 0.000000 0.381099 0.924534
vn 0.000000 0.406303 0.913738
vn 0.000000 0.406303 0.913738
vn 0.000000 0.431225 0.902245
vn 0.000000 0.431225 0.902245
vn 0.000000 0.455830 0.890067
vn 0.000000 0.455830 0.890067
vn 0.000000 0.480088 0.877220
vn 0.000000 0.480088 0.877220
vn 0.000000 0.503942 0.863737
vn 0.000000 0.503942 0.863737
vn 0.000000 0.527468 0.849575
vn 0.000000 0.527468 0.849575
vn 0.000000 0.550556 0.834798
vn 0.000000 0.550556 0.834798
vn 0.000000 0.573277 0.819361
vn 0.000000 0.573277 0.819361
vn 0.000000 0.595528 0.803335
vn 0.000000 0.595528 0.803335
vn 0.000000 0.617330 0.786704
vn 0.000000 0.617330 0.786704
vn 0.000000 0.638697 0.769458
vn 0.000000 0.659557 0.751654
vn 0.000000 0.638697 0.769458
vn 0.000000 0.659557 0.751654
vn 0.000000 0.679928 0.733279
vn 0.000000 0.679928 0.733279
vn 0.000000 0.699800 0.714338
vn 0.000000 0.699800 0.714338
vn 0.000000 0.719130 0.694875
vn 0.000000 0.719130 0.694875
vn 0.000000 0.737928 0.674880
vn 0.000000 0.737928 0.674880
vn 0.000000 0.756155 0.654393
vn 0.000000 0.756155 0.654393
vn 0.000000 0.773819 0.633407
vn 0.000000 0.773819 0.633407
vn 0.000000 0.790911 0.611931
vn 0.000000 0.790911 0.611931
vn 0.000000 0.807408 0.589993
vn 0.000000 0.807408 0.589993
vn 0.000000 0.823280 0.567636
vn 0.000000 0.823280 0.567636
vn 0.000000 0.838551 0.544823
vn 0.000000 0.838551 0.544823
vn 0.000000 0.853174 0.521626
vn 0.000000 0.853174 0.521626
vn 0.000000 0.867168 0.498016
vn 0.000000 0.867168 0.498016
vn 0.000000 0.880502 0.474042
vn 0.000000 0.880502 0.474042
vn 0.000000 0.893175 0.449709
vn 0.000000 0.893175 0.449709
vn 0.000000 0.905178 0.425032
vn 0.000000 0.905178 0.425032
vn 0.000000 0.916496 0.400044
vn 0.000000 0.916496 0.400044
vn 0.000000 0.927125 0.374752
vn 0.000000 0.937060 0.349169
vn 0.000000 0.927125 0.374752
vn 0.000000 0.937060 0.349169
vn 0.000000 0.946285 0.323334
vn 0.000000 0.946285 0.323334
vn 0.000000 0.954799 0.297252
vn 0.000000 0.954799 0.297252
vn 0.000000 0.962595 0.270946
vn 0.000000 0.969666 0.244433
vn 0.000000 0.962595 0.270946
vn 0.000000 0.969666 0.244433
vn 0.000000 0.976007 0.217741
vn 0.000000 0.976007 0.217741
vn 0.000000 0.981613 0.190884
vn 0.000000 0.981613 0.190884
vn 0.000000 0.986480 0.163885
vn 0.000000 0.990605 0.136756
vn 0.000000 0.986480 0.163885
vn 0.000000 0.990605 0.136756
vn 0.000000 0.993983 0.109532
vn 0.000000 0.993983 0.109532
vn 0.000000 0.996614 0.082218
vn 0.000000 0.996614 0.082218
vn 0.000000 0.998495 0.054850
vn 0.000000 0.998495 0.054850
vn 0.000000 0.999624 0.027433
vn 0.000000 0.999624 0.027433
vn 0.000000 1.000000 0.000000
vn 0.000000 1.000000 0.000000
vn 0.000000 0.999624 -0.027433
vn 0.000000 0.998495 -0.054850
vn 0.000000 0.999624 -0.027433
vn 0.000000 0.998495 -0.054850
vn 0.000000 0.996614 -0.082218
vn 0.000000 0.996614 -0.082218
vn 0.000000 0.993983 -0.109532
vn 0.000000 0.993983 -0.109532
vn 0.000000 0.990605 -0.136756
vn 0.000000 0.986480 -0.163885
vn 0.000000 0.990605 -0.136756
vn 0.000000 0.986480 -0.163885
vn 0.000000 0.981613 -0.190884
vn 0.000000 0.981613 -0.190884
vn 0.000000 0.976007 -0.217741
vn 0.000000 0.976007 -0.217741
vn 0.000000 0.969666 -0.244433
vn 0.000000 0.969666 -0.244433
vn 0.000000 0.962595 -0.270946
vn 0.000000 0.962595 -0.270946
vn 0.000000 0.954799 -0.297252
vn 0.000000 0.954799 -0.297252
vn 0.000000 0.946285 -0.323334
vn 0.000000 0.946285 -0.323334
vn 0.000000 0.937060 -0.349169
vn 0.000000 0.937060 -0.349169
vn 0.000000 0.927125 -0.374752
vn 0.000000 0.927125 -0.374752
vn 0.000000 0.916496 -0.400044
vn 0.000000 0.916496 -0.400044
vn 0.000000 0.905178 -0.425032
vn 0.000000 0.893175 -0.449709
vn 0.000000 0.905178 -0.425032
vn 0.000000 0.893175 -0.449709
vn 0.000000 0.880502 -0.474042
vn 0.000000 0.880502 -0.474042
vn 0.000000 0.867168 -0.498016
vn 0.000000 0.867168 -0.498016
vn 0.000000 0.853179 -0.521619
vn 0.000000 0.853179 -0.521619
vn 0.000000 0.838546 -0.544831
vn 0.000000 0.838546 -0.544831
vn 0.000000 0.823285 -0.567628
vn 0.000000 0.823285 -0.567628
vn 0.000000 0.807402 -0.590001
vn 0.000000 0.807402 -0.590001
vn 0.000000 0.790911 -0.611931
vn 0.000000 0.790911 -0.611931
vn 0.000000 0.773826 -0.633399
vn 0.000000 0.773826 -0.633399
vn 0.000000 0.756155 -0.654393
vn 0.000000 0.756155 -0.654393
vn 0.000000 0.737920 -0.674888
vn 0.000000 0.737920 -0.674888
vn 0.000000 0.719130 -0.694875
vn 0.000000 0.719130 -0.694875
vn 0.000000 0.699792 -0.714347
vn 0.000000 0.699792 -0.714347
vn 0.000000 0.679937 -0.733270
vn 0.000000 0.679937 -0.733270
vn 0.000000 0.659557 -0.751654
vn 0.000000 0.659557 -0.751654
vn 0.000000 0.638687 -0.769467
vn 0.000000 0.638687 -0.769467
vn 0.000000 0.617351 -0.786688
vn 0.000000 0.617351 -0.786688
vn 0.000000 0.595516 -0.803343
vn 0.000000 0.595516 -0.803343
vn 0.000000 0.573266 -0.819369
vn 0.000000 0.573266 -0.819369
vn 0.000000 0.550568 -0.834790
vn 0.000000 0.527468 -0.849575
vn 0.000000 0.550568 -0.834790
vn 0.000000 0.527468 -0.849575
vn 0.000000 0.503955 -0.863730
vn 0.000000 0.503955 -0.863730
vn 0.000000 0.480075 -0.877228
vn 0.000000 0.480075 -0.877228
vn 0.000000 0.455816 -0.890074
vn 0.000000 0.455816 -0.890074
vn 0.000000 0.431239 -0.902238
vn 0.000000 0.431239 -0.902238
vn 0.000000 0.406317 -0.913732
vn 0.000000 0.381099 -0.924534
vn 0.000000 0.406317 -0.913732
vn 0.000000 0.381099 -0.924534
vn 0.000000 0.355587 -0.934643
vn 0.000000 0.355587 -0.934643
vn 0.000000 0.329813 -0.944046
vn 0.000000 0.329813 -0.944046
vn 0.000000 0.303795 -0.952737
vn 0.000000 0.303795 -0.952737
vn 0.000000 0.277551 -0.960711
vn 0.000000 0.277551 -0.960711
vn 0.000000 0.251067 -0.967970
vn 0.000000 0.251067 -0.967970
vn 0.000000 0.224439 -0.974488
vn 0.000000 0.224439 -0.974488
vn 0.000000 0.197606 -0.980282
vn 0.000000 0.197606 -0.980282
vn 0.000000 0.170650 -0.985332
vn 0.000000 0.170650 -0.985332
vn 0.000000 0.143555 -0.989642
vn 0.000000 0.143555 -0.989642
vn 0.000000 0.116339 -0.993210
vn 0.000000 0.116339 -0.993210
vn 0.000000 0.089053 -0.996027
vn 0.000000 0.089053 -0.996027
vn 0.000000 0.061698 -0.998095
vn 0.000000 0.061698 -0.998095
vn 0.000000 0.034290 -0.999412
vn 0.000000 0.034290 -0.999412
vn 0.000000 0.006865 -0.999976
vn 0.000000 0.006865 -0.999976
vn 0.000000 -0.020577 -0.999788
vn -0.000000 -0.020577 -0.999788
vn 0.000000 -0.048002 -0.998847
vn -0.000000 -0.048002 -0.998847
vn -0.000000 -0.075375 -0.997155
vn -0.000000 -0.075375 -0.997155
vn 0.000000 -0.102713 -0.994711
vn -0.000000 -0.102713 -0.994711
vn 0.000000 -0.129964 -0.991519
vn -0.000000 -0.129964 -0.991519
vn -0.000000 -0.157111 -0.987581
vn -0.000000 -0.157111 -0.987581
vn 0.000000 -0.184137 -0.982901
vn -0.000000 -0.184137 -0.982901
vn 0.000000 -0.211040 -0.977477
vn -0.000000 -0.211040 -0.977477
vn 0.000000 -0.237787 -0.971317
vn -0.000000 -0.237787 -0.971317
vn -0.000000 -0.264343 -0.964429
vn 0.000000 -0.264343 -0.964429
vn -0.000000 -0.290691 -0.956817
vn 0.000000 -0.290691 -0.956817
vn -0.000000 -0.316830 -0.948482
vn 0.000000 -0.316830 -0.948482
vn -0.000000 -0.342742 -0.939430
vn 0.000000 -0.342742 -0.939430
vn -0.000000 -0.368378 -0.929676
vn 0.000000 -0.368378 -0.929676
vn 0.000000 -0.393736 -0.919224
vn -0.000000 -0.393736 -0.919224
vn 0.000000 -0.418828 -0.908066
vn -0.000000 -0.418828 -0.908066
vn 0.000000 -0.443564 -0.896243
vn -0.000000 -0.443564 -0.896243
vn 0.000000 -0.467996 -0.883731
vn -0.000000 -0.467996 -0.883731
vn -0.000000 -0.492053 -0.870565
vn -0.000000 -0.492053 -0.870565
vn 0.000000 -0.515756 -0.856735
vn -0.000000 -0.515756 -0.856735
vn 0.000000 -0.539064 -0.842265
vn -0.000000 -0.539064 -0.842265
vn 0.000000 -0.561969 -0.827158
vn -0.000000 -0.561969 -0.827158
vn 0.000000 -0.584455 -0.811426
vn -0.000000 -0.584455 -0.811426
vn 0.000000 -0.606494 -0.795088
vn -0.000000 -0.606494 -0.795088
vn 0.000000 -0.628069 -0.778158
vn -0.000000 -0.628069 -0.778158
vn 0.000000 -0.649192 -0.760625
vn -0.000000 -0.649192 -0.760625
vn 0.000000 -0.669810 -0.742533
vn -0.000000 -0.669810 -0.742533
vn 0.000000 -0.689932 -0.723874
vn -0.000000 -0.689932 -0.723874
vn -0.000000 -0.709525 -0.704680
vn 0.000000 -0.709525 -0.704680
vn -0.000000 -0.728589 -0.684951
vn 0.000000 -0.728589 -0.684951
vn -0.000000 -0.747112 -0.664698
vn -0.000000 -0.765065 -0.643953
vn 0.000000 -0.747112 -0.664698
vn -0.000000 -0.782444 -0.622721
vn -0.000000 -0.765065 -0.643953
vn -0.000000 -0.782444 -0.622721
vn -0.000000 -0.799227 -0.601030
vn -0.000000 -0.815423 -0.578866
vn 0.000000 -0.799227 -0.601030
vn -0.000000 -0.815423 -0.578866
vn -0.000000 -0.830992 -0.556284
vn 0.000000 -0.830992 -0.556284
vn -0.000000 -0.845939 -0.533280
vn -0.000000 -0.860254 -0.509866
vn 0.000000 -0.845939 -0.533280
vn -0.000000 -0.860254 -0.509866
vn -0.000000 -0.873916 -0.486077
vn -0.000000 -0.886925 -0.461913
vn 0.000000 -0.873916 -0.486077
vn -0.000000 -0.899260 -0.437414
vn -0.000000 -0.886925 -0.461913
vn -0.000000 -0.899260 -0.437414
vn 0.000000 -0.910924 -0.412574
vn -0.000000 -0.910924 -0.412574
vn 0.000000 -0.921899 -0.387430
vn -0.000000 -0.921899 -0.387430
vn -0.000000 -0.932179 -0.361998
vn 0.000000 -0.932179 -0.361998
vn -0.000000 -0.941761 -0.336283
vn 0.000000 -0.941761 -0.336283
vn -0.000000 -0.950631 -0.310322
vn 0.000000 -0.950631 -0.310322
vn -0.000000 -0.958788 -0.284123
vn 0.000000 -0.958788 -0.284123
vn -0.000000 -0.966221 -0.257716
vn 0.000000 -0.966221 -0.257716
vn -0.000000 -0.972928 -0.231110
vn 0.000000 -0.972928 -0.231110
vn -0.000000 -0.978902 -0.204331
vn 0.000000 -0.978902 -0.204331
vn -0.000000 -0.984139 -0.177400
vn 0.000000 -0.984139 -0.177400
vn -0.000000 -0.988635 -0.150333
vn -0.000000 -0.992387 -0.123158
vn 0.000000 -0.988635 -0.150333
vn -0.000000 -0.992387 -0.123158
vn -0.000000 -0.995393 -0.095883
vn -0.000000 -0.997648 -0.068540
vn 0.000000 -0.995393 -0.095883
vn -0.000000 -0.997648 -0.068540
vn -0.000000 -0.999153 -0.041144
vn 0.000000 -0.999153 -0.041144
vn -0.000000 -0.999906 -0.013719
vn 0.000000 -0.999906 -0.013719
vn 0.000000 -0.999906 0.013719
vn 0.000000 -0.999906 0.013719
vn 0.000000 -0.999153 0.041144
vn 0.000000 -0.999153 0.041144
vn 0.000000 -0.997648 0.068542
vn 0.000000 -0.997648 0.068542
vn 0.000000 -0.995393 0.095883
vn 0.000000 -0.995393 0.095883
vn 0.000000 -0.992388 0.123151
vn 0.000000 -0.992388 0.123151
vn 0.000000 -0.988635 0.150338
vn 0.000000 -0.988635 0.150338
vn 0.000000 -0.984139 0.177400
vn 0.000000 -0.984139 0.177400
vn 0.000000 -0.978903 0.204328
vn 0.000000 -0.978903 0.204328
vn 0.000000 -0.972927 0.231114
vn 0.000000 -0.966222 0.257712
vn 0.000000 -0.972927 0.231114
vn 0.000000 -0.966222 0.257712
vn 0.000000 -0.958785 0.284133
vn 0.000000 -0.958785 0.284133
vn 0.000000 -0.950635 0.310312
vn 0.000000 -0.950635 0.310312
vn 0.000000 -0.941757 0.336294
vn 0.000000 -0.941757 0.336294
vn 0.000000 -0.932184 0.361984
vn 0.000000 -0.932184 0.361984
vn 0.000000 -0.921896 0.387438
vn 0.000000 -0.921896 0.387438
vn 0.000000 -0.910925 0.412572
vn 0.000000 -0.899259 0.437416
vn 0.000000 -0.910925 0.412572
vn 0.000000 -0.886922 0.461920
vn 0.000000 -0.899259 0.437416
vn 0.000000 -0.886922 0.461920
vn 0.000000 -0.873916 0.486077
vn 0.000000 -0.873916 0.486077
vn 0.000000 -0.860254 0.509866
vn 0.000000 -0.860254 0.509866
vn 0.000000 -0.845940 0.533279
vn 0.000000 -0.831002 0.556270
vn 0.000000 -0.845940 0.533279
vn 0.000000 -0.831002 0.556270
vn 0.000000 -0.815418 0.578872
vn 0.000000 -0.815418 0.578872
vn 0.000000 -0.799226 0.601031
vn 0.000000 -0.782450 0.622713
vn 0.000000 -0.799226 0.601031
vn 0.000000 -0.782450 0.622713
vn 0.000000 -0.765058 0.643962
vn 0.000000 -0.765058 0.643962
vn 0.000000 -0.747112 0.664698
vn 0.000000 -0.747112 0.664698
vn 0.000000 -0.728590 0.684950
vn 0.000000 -0.728590 0.684950
vn 0.000000 -0.709532 0.704673
vn 0.000000 -0.709532 0.704673
vn 0.000000 -0.689932 0.723874
vn 0.000000 -0.669810 0.742533
vn 0.000000 -0.689932 0.723874
vn 0.000000 -0.669810 0.742533
vn 0.000000 -0.649173 0.760641
vn 0.000000 -0.649173 0.760641
vn 0.000000 -0.628089 0.778142
vn 0.000000 -0.628089 0.778142
vn 0.000000 -0.606483 0.795096
vn 0.000000 -0.584444 0.811434
vn 0.000000 -0.606483 0.795096
vn 0.000000 -0.584444 0.811434
vn 0.000000 -0.561981 0.827150
vn 0.000000 -0.561981 0.827150
vn 0.000000 -0.539051 0.842273
vn 0.000000 -0.539051 0.842273
vn 0.000000 -0.515756 0.856735
vn 0.000000 -0.515756 0.856735
vn 0.000000 -0.492079 0.870550
vn 0.000000 -0.492079 0.870550
vn 0.000000 -0.467969 0.883745
vn 0.000000 -0.467969 0.883745
vn 0.000000 -0.443591 0.896229
vn 0.000000 -0.443591 0.896229
vn 0.000000 -0.418814 0.908072
vn 0.000000 -0.418814 0.908072
vn 0.000000 -0.393751 0.919217
vn 0.000000 -0.393751 0.919217
vn 0.000000 -0.368378 0.929676
vn 0.000000 -0.368378 0.929676
vn 0.000000 -0.342727 0.939435
vn 0.000000 -0.342727 0.939435
vn 0.000000 -0.316831 0.948482
vn 0.000000 -0.316831 0.948482
vn 0.000000 -0.290691 0.956817
vn 0.000000 -0.290691 0.956817
vn 0.000000 -0.264343 0.964429
vn 0.000000 -0.264343 0.964429
vn 0.000000 -0.237787 0.971317
vn 0.000000 -0.237787 0.971317
vn 0.000000 -0.211024 0.977481
vn 0.000000 -0.211024 0.977481
vn 0.000000 -0.184154 0.982897
vn 0.000000 -0.184154 0.982897
vn 0.000000 -0.157111 0.987581
vn 0.000000 -0.129964 0.991519
vn 0.000000 -0.157111 0.987581
vn 0.000000 -0.129964 0.991519
vn 0.000000 -0.102713 0.994711
vn 0.000000 -0.102713 0.994711
vn 0.000000 -0.075393 0.997154
vn 0.000000 -0.075393 0.997154
vn 0.000000 -0.047968 0.998849
vn 0.000000 -0.047968 0.998849
vn 0.000000 -0.020577 0.999788
vn 0.000000 0.006848 0.999977
vn 0.000000 -0.020577 0.999788
vn 0.000000 0.006848 0.999977
vn 0.000000 0.034307 0.999411
vn 0.000000 0.061663 0.998097
vn 0.000000 0.034307 0.999411
vn 0.000000 0.061663 0.998097
vn 0.000000 0.089053 0.996027
vn 0.000000 0.089053 0.996027
vn 0.000000 0.116373 0.993206
vn 0.000000 0.116373 0.993206
vn 0.000000 0.143521 0.989647
vn 0.000000 0.143521 0.989647
vn 0.000000 0.170667 0.985329
vn 0.000000 0.170667 0.985329
vn 0.000000 0.197606 0.980282
vn 0.000000 0.197606 0.980282
vn 0.000000 0.224439 0.974488
vn 0.000000 0.224439 0.974488
vn 0.000000 0.251066 0.967970
vn 0.000000 0.251066 0.967970
vn 0.000000 0.277551 0.960711
vn 0.000000 0.277551 0.960711
vn 0.000000 0.303795 0.952737
vn 0.000000 0.303795 0.952737
vn 0.000000 0.329797 0.944052
vn 0.000000 0.329797 0.944052
vn 0.000000 0.355617 0.934632
vn 0.000000 0.355617 0.934632
vn 0.000000 0.381099 0.924534
vn 0.000000 0.381099 0.924534
vn 0.000000 0.406303 0.913738
vn 0.000000 0.406303 0.913738
vn 0.000000 0.431224 0.902245
vn 0.000000 0.431224 0.902245
vn 0.000000 0.455830 0.890067
vn 0.000000 0.455830 0.890067
vn 0.000000 0.480088 0.877220
vn 0.000000 0.480088 0.877220
vn 0.000000 0.503943 0.863737
vn 0.000000 0.503943 0.863737
vn 0.000000 0.527467 0.849576
vn 0.000000 0.527467 0.849576
vn 0.000000 0.550556 0.834798
vn 0.000000 0.550556 0.834798
vn 0.000000 0.573277 0.819361
vn 0.000000 0.573277 0.819361
vn 0.000000 0.595528 0.803335
vn 0.000000 0.595528 0.803335
vn 0.000000 0.617331 0.786704
vn 0.000000 0.617331 0.786704
vn 0.000000 0.638696 0.769459
vn 0.000000 0.659557 0.751654
vn 0.000000 0.638696 0.769459
vn 0.000000 0.659557 0.751654
vn 0.000000 0.679929 0.733278
vn 0.000000 0.679929 0.733278
vn 0.000000 0.699799 0.714339
vn 0.000000 0.699799 0.714339
vn 0.000000 0.719130 0.694875
vn 0.000000 0.719130 0.694875
vn 0.000000 0.737928 0.674880
vn 0.000000 0.737928 0.674880
vn 0.000000 0.756155 0.654393
vn 0.000000 0.756155 0.654393
vn 0.000000 0.773819 0.633407
vn 0.000000 0.773819 0.633407
vn 0.000000 0.790911 0.611931
vn 0.000000 0.790911 0.611931
vn 0.000000 0.807408 0.589993
vn 0.000000 0.807408 0.589993
vn 0.000000 0.823280 0.567636
vn 0.000000 0.823280 0.567636
vn 0.000000 0.838552 0.544822
vn 0.000000 0.838552 0.544822
vn 0.000000 0.853173 0.521628
vn 0.000000 0.853173 0.521628
vn 0.000000 0.867168 0.498016
vn 0.000000 0.867168 0.498016
vn 0.000000 0.880499 0.474049
vn 0.000000 0.880499 0.474049
vn 0.000000 0.893175 0.449709
vn 0.000000 0.893175 0.449709
vn 0.000000 0.905182 0.425025
vn 0.000000 0.905182 0.425025
vn 0.000000 0.916496 0.400044
vn 0.000000 0.916496 0.400044
vn 0.000000 0.927128 0.374746
vn 0.000000 0.937056 0.349180
vn 0.000000 0.927128 0.374746
vn 0.000000 0.937056 0.349180
vn 0.000000 0.946285 0.323333
vn 0.000000 0.946285 0.323333
vn 0.000000 0.954799 0.297252
vn 0.000000 0.954799 0.297252
vn 0.000000 0.962597 0.270939
vn 0.000000 0.969664 0.244441
vn 0.000000 0.962597 0.270939
vn 0.000000 0.969664 0.244441
vn 0.000000 0.976006 0.217743
vn 0.000000 0.976006 0.217743
vn 0.000000 0.981614 0.190878
vn 0.000000 0.981614 0.190878
vn 0.000000 0.986479 0.163885
vn 0.000000 0.990605 0.136758
vn 0.000000 0.986479 0.163885
vn 0.000000 0.990605 0.136758
vn 0.000000 0.993984 0.109528
vn 0.000000 0.993984 0.109528
vn 0.000000 0.996614 0.082218
vn 0.000000 0.996614 0.082218
vn 0.000000 0.998495 0.054848
vn 0.000000 0.998495 0.054848
vn 0.000000 0.999624 0.027434
vn 0.000000 0.999624 0.027434
vn 0.000000 1.000000 0.000000
vn 0.000000 1.000000 0.000000
vn 0.000000 0.999624 -0.027434
vn 0.000000 0.998495 -0.054848
vn 0.000000 0.999624 -0.027434
vn 0.000000 0.998495 -0.054848
vn 0.000000 0.996614 -0.082218
vn 0.000000 0.996614 -0.082218
vn 0.000000 0.993984 -0.109528
vn 0.000000 0.993984 -0.109528
vn 0.000000 0.990605 -0.136758
vn 0.000000 0.986479 -0.163885
vn 0.000000 0.990605 -0.136758
vn 0.000000 0.986479 -0.163885
vn 0.000000 0.981614 -0.190878
vn 0.000000 0.981614 -0.190878
vn 0.000000 0.976006 -0.217743
vn 0.000000 0.976006 -0.217743
vn 0.000000 0.969664 -0.244441
vn 0.000000 0.969664 -0.244441
vn 0.000000 0.962597 -0.270939
vn 0.000000 0.962597 -0.270939
vn 0.000000 0.954799 -0.297252
vn 0.000000 0.954799 -0.297252
vn 0.000000 0.946285 -0.323333
vn 0.000000 0.946285 -0.323333
vn 0.000000 0.937056 -0.349180
vn 0.000000 0.937056 -0.349180
vn 0.000000 0.927128 -0.374746
vn 0.000000 0.927128 -0.374746
vn 0.000000 0.916496 -0.400044
vn 0.000000 0.916496 -0.400044
vn 0.000000 0.905182 -0.425025
vn 0.000000 0.893175 -0.449709
vn 0.000000 0.905182 -0.425025
vn 0.000000 0.893175 -0.449709
vn 0.000000 0.880499 -0.474049
vn 0.000000 0.880499 -0.474049
vn 0.000000 0.867168 -0.498016
vn 0.000000 0.867168 -0.498016
vn 0.000000 0.853173 -0.521628
vn 0.000000 0.853173 -0.521628
vn 0.000000 0.838552 -0.544822
vn 0.000000 0.838552 -0.544822
vn 0.000000 0.823280 -0.567636
vn 0.000000 0.823280 -0.567636
vn 0.000000 0.807408 -0.589993
vn 0.000000 0.807408 -0.589993
vn 0.000000 0.790911 -0.611931
vn 0.000000 0.790911 -0.611931
vn 0.000000 0.773819 -0.633407
vn 0.000000 0.773819 -0.633407
vn 0.000000 0.756155 -0.654393
vn 0.000000 0.756155 -0.654393
vn 0.000000 0.737928 -0.674880
vn 0.000000 0.737928 -0.674880
vn 0.000000 0.719130 -0.694875
vn 0.000000 0.719130 -0.694875
vn 0.000000 0.699799 -0.714339
vn 0.000000 0.699799 -0.714339
vn 0.000000 0.679929 -0.733278
vn 0.000000 0.679929 -0.733278
vn 0.000000 0.659557 -0.751654
vn 0.000000 0.659557 -0.751654
vn 0.000000 0.638696 -0.769459
vn 0.000000 0.638696 -0.769459
vn 0.000000 0.617331 -0.786704
vn 0.000000 0.617331 -0.786704
vn 0.000000 0.595528 -0.803335
vn 0.000000 0.595528 -0.803335
vn 0.000000 0.573277 -0.819361
vn 0.000000 0.573277 -0.819361
vn 0.000000 0.550556 -0.834798
vn 0.000000 0.527467 -0.849576
vn 0.000000 0.550556 -0.834798
vn 0.000000 0.527467 -0.849576
vn 0.000000 0.503943 -0.863737
vn 0.000000 0.503943 -0.863737
vn 0.000000 0.480088 -0.877220
vn 0.000000 0.480088 -0.877220
vn 0.000000 0.455830 -0.890067
vn 0.000000 0.455830 -0.890067
vn 0.000000 0.431224 -0.902245
vn 0.000000 0.431224 -0.902245
vn 0.000000 0.406303 -0.913738
vn 0.000000 0.381099 -0.924534
vn 0.000000 0.406303 -0.913738
vn 0.000000 0.381099 -0.924534
vn 0.000000 0.355617 -0.934632
vn 0.000000 0.355617 -0.934632
vn 0.000000 0.329797 -0.944052
vn 0.000000 0.329797 -0.944052
vn 0.000000 0.303795 -0.952737
vn 0.000000 0.303795 -0.952737
vn 0.000000 0.277551 -0.960711
vn 0.000000 0.277551 -0.960711
vn 0.000000 0.251066 -0.967970
vn 0.000000 0.251066 -0.967970
vn 0.000000 0.224439 -0.974488
vn 0.000000 0.224439 -0.974488
vn 0.000000 0.197606 -0.980282
vn 0.000000 0.197606 -0.980282
vn 0.000000 0.170667 -0.985329
vn 0.000000 0.170667 -0.985329
vn 0.000000 0.143521 -0.989647
vn 0.000000 0.143521 -0.989647
vn 0.000000 0.116373 -0.993206
vn 0.000000 0.116373 -0.993206
vn 0.000000 0.089053 -0.996027
vn 0.000000 0.089053 -0.996027
vn 0.000000 0.061663 -0.998097
vn 0.000000 0.061663 -0.998097
vn 0.000000 0.034307 -0.999411
vn 0.000000 0.034307 -0.999411
vn 0.000000 0.006848 -0.999977
vn 0.000000 0.006848 -0.999977
vn 0.000000 -0.020577 -0.999788
vn -0.000000 -0.020577 -0.999788
vn 0.000000 -0.047968 -0.998849
vn -0.000000 -0.047968 -0.998849
vn -0.000000 -0.075393 -0.997154
vn -0.000000 -0.075393 -0.997154
vn 0.000000 -0.102713 -0.994711
vn -0.000000 -0.102713 -0.994711
vn 0.000000 -0.129964 -0.991519
vn -0.000000 -0.129964 -0.991519
vn -0.000000 -0.157111 -0.987581
vn -0.000000 -0.157111 -0.987581
vn 0.000000 -0.184154 -0.982897
vn -0.000000 -0.184154 -0.982897
vn 0.000000 -0.211024 -0.977481
vn -0.000000 -0.211024 -0.977481
vn 0.000000 -0.237787 -0.971317
vn -0.000000 -0.237787 -0.971317
vn -0.000000 -0.264343 -0.964429
vn 0.000000 -0.264343 -0.964429
vn -0.000000 -0.290691 -0.956817
vn 0.000000 -0.290691 -0.956817
vn -0.000000 -0.316831 -0.948482
vn 0.000000 -0.316831 -0.948482
vn -0.000000 -0.342727 -0.939435
vn 0.000000 -0.342727 -0.939435
vn -0.000000 -0.368378 -0.929676
vn 0.000000 -0.368378 -0.929676
vn 0.000000 -0.393751 -0.919217
vn -0.000000 -0.393751 -0.919217
vn 0.000000 -0.418814 -0.908072
vn -0.000000 -0.418814 -0.908072
vn 0.000000 -0.443591 -0.896229
vn -0.000000 -0.443591 -0.896229
vn 0.000000 -0.467969 -0.883745
vn -0.000000 -0.467969 -0.883745
vn -0.000000 -0.492079 -0.870550
vn -0.000000 -0.492079 -0.870550
vn 0.000000 -0.515756 -0.856735
vn -0.000000 -0.515756 -0.856735
vn 0.000000 -0.539051 -0.842273
vn -0.000000 -0.539051 -0.842273
vn 0.000000 -0.561981 -0.827150
vn -0.000000 -0.561981 -0.827150
vn 0.000000 -0.584444 -0.811434
vn -0.000000 -0.584444 -0.811434
vn 0.000000 -0.606483 -0.795096
vn -0.000000 -0.606483 -0.795096
vn 0.000000 -0.628089 -0.778142
vn -0.000000 -0.628089 -0.778142
vn 0.000000 -0.649173 -0.760641
vn -0.000000 -0.649173 -0.760641
vn 0.000000 -0.669810 -0.742533
vn -0.000000 -0.669810 -0.742533
vn 0.000000 -0.689932 -0.723874
vn -0.000000 -0.689932 -0.723874
vn -0.000000 -0.709532 -0.704673
vn 0.000000 -0.709532 -0.704673
vn -0.000000 -0.728590 -0.684950
vn 0.000000 -0.728590 -0.684950
vn -0.000000 -0.747112 -0.664698
vn -0.000000 -0.765058 -0.643962
vn 0.000000 -0.747112 -0.664698
vn -0.000000 -0.782450 -0.622713
vn -0.000000 -0.765058 -0.643962
vn -0.000000 -0.782450 -0.622713
vn -0.000000 -0.799226 -0.601031
vn -0.000000 -0.815418 -0.578872
vn 0.000000 -0.799226 -0.601031
vn -0.000000 -0.815418 -0.578872
vn -0.000000 -0.831002 -0.556270
vn 0.000000 -0.831002 -0.556270
vn -0.000000 -0.845940 -0.533279
vn -0.000000 -0.860254 -0.509866
vn 0.000000 -0.845940 -0.533279
vn -0.000000 -0.860254 -0.509866
vn -0.000000 -0.873916 -0.486077
vn -0.000000 -0.886922 -0.461920
vn 0.000000 -0.873916 -0.486077
vn -0.000000 -0.899259 -0.437416
vn -0.000000 -0.886922 -0.461920
vn -0.000000 -0.899259 -0.437416
vn 0.000000 -0.910925 -0.412572
vn -0.000000 -0.910925 -0.412572
vn 0.000000 -0.921896 -0.387438
vn -0.000000 -0.921896 -0.387438
vn -0.000000 -0.932184 -0.361984
vn 0.000000 -0.932184 -0.361984
vn -0.000000 -0.941757 -0.336294
vn 0.000000 -0.941757 -0.336294
vn -0.000000 -0.950635 -0.310312
vn 0.000000 -0.950635 -0.310312
vn -0.000000 -0.958785 -0.284133
vn 0.000000 -0.958785 -0.284133
vn -0.000000 -0.966222 -0.257712
vn 0.000000 -0.966222 -0.257712
vn -0.000000 -0.972927 -0.231114
vn 0.000000 -0.972927 -0.231114
vn -0.000000 -0.978903 -0.204328
vn 0.000000 -0.978903 -0.204328
vn -0.000000 -0.984139 -0.177400
vn 0.000000 -0.984139 -0.177400
vn -0.000000 -0.988635 -0.150338
vn -0.000000 -0.992388 -0.123151
vn 0.000000 -0.988635 -0.150338
vn -0.000000 -0.992388 -0.123151
vn -0.000000 -0.995393 -0.095883
vn -0.000000 -0.997648 -0.068542
vn 0.000000 -0.995393 -0.095883
vn -0.000000 -0.997648 -0.068542
vn -0.000000 -0.999153 -0.041144
vn 0.000000 -0.999153 -0.041144
vn -0.000000 -0.999906 -0.013719
vn 0.000000 -0.999906 -0.013719
vn 0.000000 -0.999906 0.013719
vn 0.000000 -0.999906 0.013719
vn 0.000000 -0.999153 0.041144
vn 0.000000 -0.999153 0.041144
vn 0.000000 -0.997648 0.068542
vn 0.000000 -0.997648 0.068542
vn 0.000000 -0.995393 0.095883
vn 0.000000 -0.995393 0.095883
vn 0.000000 -0.992388 0.123151
vn 0.000000 -0.992388 0.123151
vn 0.000000 -0.988635 0.150338
vn 0.000000 -0.988635 0.150338
vn 0.000000 -0.984139 0.177400
vn 0.000000 -0.984139 0.177400
vn 0.000000 -0.978903 0.204328
vn 0.000000 -0.978903 0.204328
vn 0.000000 -0.972927 0.231114
vn 0.000000 -0.966222 0.257712
vn 0.000000 -0.972927 0.231114
vn 0.000000 -0.966222 0.257712
vn 0.000000 -0.958785 0.284133
vn 0.000000 -0.958785 0.284133
vn 0.000000 -0.950635 0.310312
vn 0.000000 -0.950635 0.310312
vn 0.000000 -0.941757 0.336294
vn 0.000000 -0.941757 0.336294
vn 0.000000 -0.932184 0.361984
vn 0.000000 -0.932184 0.361984
vn 0.000000 -0.921896 0.387438
vn 0.000000 -0.921896 0.387438
vn 0.000000 -0.910925 0.412572
vn 0.000000 -0.899259 0.437416
vn 0.000000 -0.910925 0.412572
vn 0.000000 -0.886922 0.461920
vn 0.000000 -0.899259 0.437416
vn 0.000000 -0.886922 0.461920
vn 0.000000 -0.873916 0.486077
vn 0.000000 -0.873916 0.486077
vn 0.000000 -0.860254 0.509866
vn 0.000000 -0.860254 0.509866
vn 0.000000 -0.845940 0.533279
vn 0.000000 -0.831002 0.556270
vn 0.000000 -0.845940 0.533279
vn 0.000000 -0.831002 0.556270
vn 0.000000 -0.815418 0.578872
vn 0.000000 -0.815418 0.578872
vn 0.000000 -0.799226 0.601031
vn 0.000000 -0.782450 0.622713
vn 0.000000 -0.799226 0.601031
vn 0.000000 -0.782450 0.622713
vn 0.000000 -0.765058 0.643962
vn 0.000000 -0.765058 0.643962
vn 0.000000 -0.747112 0.664698
vn 0.000000 -0.747112 0.664698
vn 0.000000 -0.728590 0.684950
vn 0.000000 -0.728590 0.684950
vn 0.000000 -0.709532 0.704673
vn 0.000000 -0.709532 0.704673
vn 0.000000 -0.689932 0.723874
vn 0.000000 -0.669810 0.742533
vn 0.000000 -0.689932 0.723874
vn 0.000000 -0.669810 0.742533
vn 0.000000 -0.649173 0.760641
vn 0.000000 -0.649173 0.760641
vn 0.000000 -0.628089 0.778142
vn 0.000000 -0.628089 0.778142
vn 0.000000 -0.606483 0.795096
vn 0.000000 -0.584444 0.811434
vn 0.000000 -0.606483 0.795096
vn 0.000000 -0.584444 0.811434
vn 0.000000 -0.561981 0.827150
vn 0.000000 -0.561981 0.827150
vn 0.000000 -0.539051 0.842273
vn 0.000000 -0.539051 0.842273
vn 0.000000 -0.515756 0.856735
vn 0.000000 -0.515756 0.856735
vn 0.000000 -0.492079 0.870550
vn 0.000000 -0.492079 0.870550
vn 0.000000 -0.467969 0.883745
vn 0.000000 -0.467969 0.883745
vn 0.000000 -0.443591 0.896229
vn 0.000000 -0.443591 0.896229
vn 0.000000 -0.418814 0.908072
vn 0.000000 -0.418814 0.908072
vn 0.000000 -0.393751 0.919217
vn 0.000000 -0.393751 0.919217
vn 0.000000 -0.368378 0.929676
vn 0.000000 -0.368378 0.929676
vn 0.000000 -0.342727 0.939435
vn 0.000000 -0.342727 0.939435
vn 0.000000 -0.316831 0.948482
vn 0.000000 -0.316831 0.948482
vn 0.000000 -0.290691 0.956817
vn 0.000000 -0.290691 0.956817
vn 0.000000 -0.264343 0.964429
vn 0.000000 -0.264343 0.964429
vn 0.000000 -0.237787 0.971317
vn 0.000000 -0.237787 0.971317
vn 0.000000 -0.211024 0.977481
vn 0.000000 -0.211024 0.977481
vn 0.000000 -0.184154 0.982897
vn 0.000000 -0.184154 0.982897
vn 0.000000 -0.157111 0.987581
vn 0.000000 -0.129964 0.991519
vn 0.000000 -0.157111 0.987581
vn 0.000000 -0.129964 0.991519
vn 0.000000 -0.102713 0.994711
vn 0.000000 -0.102713 0.994711
vn 0.000000 -0.075393 0.997154
vn 0.000000 -0.075393 0.997154
vn 0.000000 -0.047968 0.998849
vn 0.000000 -0.047968 0.998849
vn 0.000000 -0.020577 0.999788
vn 0.000000 0.006848 0.999977
vn 0.000000 -0.020577 0.999788
vn 0.000000 0.006848 0.999977
vn 0.000000 0.034307 0.999411
vn 0.000000 0.061663 0.998097
vn 0.000000 0.034307 0.999411
vn 0.000000 0.061663 0.998097
vn 0.000000 0.089053 0.996027
vn 0.000000 0.089053 0.996027
vn 0.000000 0.116373 0.993206
vn 0.000000 0.116373 0.993206
vn 0.000000 0.143521 0.989647
vn 0.000000 0.143521 0.989647
vn 0.000000 0.170667 0.985329
vn 0.000000 0.170667 0.985329
vn 0.000000 0.197606 0.980282
vn 0.000000 0.197606 0.980282
vn 0.000000 0.224439 0.974488
vn 0.000000 0.224439 0.974488
vn 0.000000 0.251066 0.967970
vn 0.000000 0.251066 0.967970
vn 0.000000 0.277551 0.960711
vn 0.000000 0.277551 0.960711
vn 0.000000 0.303795 0.952737
vn 0.000000 0.303795 0.952737
vn 0.000000 0.329797 0.944052
vn 0.000000 0.329797 0.944052
vn 0.000000 0.355617 0.934632
vn 0.000000 0.355617 0.934632
vn 0.000000 0.381099 0.924534
vn 0.000000 0.381099 0.924534
vn 0.000000 0.406303 0.913738
vn 0.000000 0.406303 0.913738
vn 0.000000 0.431224 0.902245
vn 0.000000 0.431224 0.902245
vn 0.000000 0.455830 0.890067
vn 0.000000 0.455830 0.890067
vn 0.000000 0.480088 0.877220
vn 0.000000 0.480088 0.877220
vn 0.000000 0.503943 0.863737
vn 0.000000 0.503943 0.863737
vn 0.000000 0.527467 0.849576
vn 0.000000 0.527467 0.849576
vn 0.000000 0.550556 0.834798
vn 0.000000 0.550556 0.834798
vn 0.000000 0.573277 0.819361
vn 0.000000 0.573277 0.819361
vn 0.000000 0.595528 0.803335
vn 0.000000 0.595528 0.803335
vn 0.000000 0.617331 0.786704
vn 0.000000 0.617331 0.786704
vn 0.000000 0.638696 0.769459
vn 0.000000 0.659557 0.751654
vn 0.000000 0.638696 0.769459
vn 0.000000 0.659557 0.751654
vn 0.000000 0.679929 0.733278
vn 0.000000 0.679929 0.733278
vn 0.000000 0.699799 0.714339
vn 0.000000 0.699799 0.714339
vn 0.000000 0.719130 0.694875
vn 0.000000 0.719130 0.694875
vn 0.000000 0.737928 0.674880
vn 0.000000 0.737928 0.674880
vn 0.000000 0.756155 0.654393
vn 0.000000 0.756155 0.654393
vn 0.000000 0.773819 0.633407
vn 0.000000 0.773819 0.633407
vn 0.000000 0.790911 0.611931
vn 0.000000 0.790911 0.611931
vn 0.000000 0.807408 0.589993
vn 0.000000 0.807408 0.589993
vn 0.000000 0.823280 0.567636
vn 0.000000 0.823280 0.567636
vn 0.000000 0.838552 0.544822
vn 0.000000 0.838552 0.544822
vn 0.000000 0.853173 0.521628
vn 0.000000 0.853173 0.521628
vn 0.000000 0.867168 0.498016
vn 0.000000 0.867168 0.498016
vn 0.000000 0.880499 0.474049
vn 0.000000 0.880499 0.474049
vn 0.000000 0.893175 0.449709
vn 0.000000 0.893175 0.449709
vn 0.000000 0.905182 0.425025
vn 0.000000 0.905182 0.425025
vn 0.000000 0.916496 0.400044
vn 0.000000 0.916496 0.400044
vn 0.000000 0.927128 0.374746
vn 0.000000 0.937056 0.349180
vn 0.000000 0.927128 0.374746
vn 0.000000 0.937056 0.349180
vn 0.000000 0.946285 0.323333
vn 0.000000 0.946285 0.323333
vn 0.000000 0.954799 0.297252
vn 0.000000 0.954799 0.297252
vn 0.000000 0.962597 0.270939
vn 0.000000 0.969664 0.244441
vn 0.000000 0.962597 0.270939
vn 0.000000 0.969664 0.244441
vn 0.000000 0.976006 0.217743
vn 0.000000 0.976006 0.217743
vn 0.000000 0.981614 0.190878
vn 0.000000 0.981614 0.190878
vn 0.000000 0.986479 0.163885
vn 0.000000 0.990605 0.136758
vn 0.000000 0.986479 0.163885
vn 0.000000 0.990605 0.136758
vn 0.000000 0.993984 0.109528
vn 0.000000 0.993984 0.109528
vn 0.000000 0.996614 0.082218
vn 0.000000 0.996614 0.082218
vn 0.000000 0.998495 0.054848
vn 0.000000 0.998495 0.054848
vn 0.000000 0.999624 0.027434
vn 0.000000 0.999624 0.027434
vn 0.000000 1.000000 0.000000
vn 0.000000 1.000000 0.000000
vn 0.000000 0.999624 -0.027434
vn 0.000000 0.998495 -0.054848
vn 0.000000 0.999624 -0.027434
vn 0.000000 0.998495 -0.054848
vn 0.000000 0.996614 -0.082218
vn 0.000000 0.996614 -0.082218
vn 0.000000 0.993984 -0.109528
vn 0.000000 0.993984 -0.109528
vn 0.000000 0.990605 -0.136758
vn 0.000000 0.986479 -0.163885
vn 0.000000 0.990605 -0.136758
vn 0.000000 0.986479 -0.163885
vn 0.000000 0.981614 -0.190878
vn 0.000000 0.981614 -0.190878
vn 0.000000 0.976006 -0.217743
vn 0.000000 0.976006 -0.217743
vn 0.000000 0.969664 -0.244441
vn 0.000000 0.969664 -0.244441
vn 0.000000 0.962597 -0.270939
vn 0.000000 0.962597 -0.270939
vn 0.000000 0.954799 -0.297252
vn 0.000000 0.954799 -0.297252
vn 0.000000 0.946285 -0.323333
vn 0.000000 0.946285 -0.323333
vn 0.000000 0.937056 -0.349180
vn 0.000000 0.937056 -0.349180
vn 0.000000 0.927128 -0.374746
vn 0.000000 0.927128 -0.374746
vn 0.000000 0.916496 -0.400044
vn 0.000000 0.916496 -0.400044
vn 0.000000 0.905182 -0.425025
vn 0.000000 0.893175 -0.449709
vn 0.000000 0.905182 -0.425025
vn 0.000000 0.893175 -0.449709
vn 0.000000 0.880499 -0.474049
vn 0.000000 0.880499 -0.474049
vn 0.000000 0.867168 -0.498016
vn 0.000000 0.867168 -0.498016
vn 0.000000 0.853173 -0.521628
vn 0.000000 0.853173 -0.521628
vn 0.000000 0.838552 -0.544822
vn 0.000000 0.838552 -0.544822
vn 0.000000 0.823280 -0.567636
vn 0.000000 0.823280 -0.567636
vn 0.000000 0.807408 -0.589993
vn 0.000000 0.807408 -0.589993
vn 0.000000 0.790911 -0.611931
vn 0.000000 0.790911 -0.611931
vn 0.000000 0.773819 -0.633407
vn 0.000000 0.773819 -0.633407
vn 0.000000 0.756155 -0.654393
vn 0.000000 0.756155 -0.654393
vn 0.000000 0.737928 -0.674880
vn 0.000000 0.737928 -0.674880
vn 0.000000 0.719130 -0.694875
vn 0.000000 0.719130 -0.694875
vn 0.000000 0.699799 -0.714339
vn 0.000000 0.699799 -0.714339
vn 0.000000 0.679929 -0.733278
vn 0.000000 0.679929 -0.733278
vn 0.000000 0.659557 -0.751654
vn 0.000000 0.659557 -0.751654
vn 0.000000 0.638696 -0.769459
vn 0.000000 0.638696 -0.769459
vn 0.000000 0.617331 -0.786704
vn 0.000000 0.617331 -0.786704
vn 0.000000 0.595528 -0.803335
vn 0.000000 0.595528 -0.803335
vn 0.000000 0.573277 -0.819361
vn 0.000000 0.573277 -0.819361
vn 0.000000 0.550556 -0.834798
vn 0.000000 0.527467 -0.849576
vn 0.000000 0.550556 -0.834798
vn 0.000000 0.527467 -0.849576
vn 0.000000 0.503943 -0.863737
vn 0.000000 0.503943 -0.863737
vn 0.000000 0.480088 -0.877220
vn 0.000000 0.480088 -0.877220
vn 0.000000 0.455830 -0.890067
vn 0.000000 0.455830 -0.890067
vn 0.000000 0.431224 -0.902245
vn 0.000000 0.431224 -0.902245
vn 0.000000 0.406303 -0.913738
vn 0.000000 0.381099 -0.924534
vn 0.000000 0.406303 -0.913738
vn 0.000000 0.381099 -0.924534
vn 0.000000 0.355617 -0.934632
vn 0.000000 0.355617 -0.934632
vn 0.000000 0.329797 -0.944052
vn 0.000000 0.329797 -0.944052
vn 0.000000 0.303795 -0.952737
vn 0.000000 0.303795 -0.952737
vn 0.000000 0.277551 -0.960711
vn 0.000000 0.277551 -0.960711
vn 0.000000 0.251066 -0.967970
vn 0.000000 0.251066 -0.967970
vn 0.000000 0.224439 -0.974488
vn 0.000000 0.224439 -0.974488
vn 0.000000 0.197606 -0.980282
vn 0.000000 0.197606 -0.980282
vn 0.000000 0.170667 -0.985329
vn 0.000000 0.170667 -0.985329
vn 0.000000 0.143521 -0.989647
vn 0.000000 0.143521 -0.989647
vn 0.000000 0.116373 -0.993206
vn 0.000000 0.116373 -0.993206
vn 0.000000 0.089053 -0.996027
vn 0.000000 0.089053 -0.996027
vn 0.000000 0.061663 -0.998097
vn 0.000000 0.061663 -0.998097
vn 0.000000 0.034307 -0.999411
vn 0.000000 0.034307 -0.999411
vn 0.000000 0.006848 -0.999977
vn 0.000000 0.006848 -0.999977
vn 0.000000 -0.020577 -0.999788
vn -0.000000 -0.020577 -0.999788
vn 0.000000 -0.047968 -0.998849
vn -0.000000 -0.047968 -0.998849
vn -0.000000 -0.075393 -0.997154
vn -0.000000 -0.075393 -0.997154
vn 0.000000 -0.102713 -0.994711
vn -0.000000 -0.102713 -0.994711
vn 0.000000 -0.129964 -0.991519
vn -0.000000 -0.129964 -0.991519
vn -0.000000 -0.157111 -0.987581
vn -0.000000 -0.157111 -0.987581
vn 0.000000 -0.184154 -0.982897
vn -0.000000 -0.184154 -0.982897
vn 0.000000 -0.211024 -0.977481
vn -0.000000 -0.211024 -0.977481
vn 0.000000 -0.237787 -0.971317
vn -0.000000 -0.237787 -0.971317
vn -0.000000 -0.264343 -0.964429
vn 0.000000 -0.264343 -0.964429
vn -0.000000 -0.290691 -0.956817
vn 0.000000 -0.290691 -0.956817
vn -0.000000 -0.316831 -0.948482
vn 0.000000 -0.316831 -0.948482
vn -0.000000 -0.342727 -0.939435
vn 0.000000 -0.342727 -0.939435
vn -0.000000 -0.368378 -0.929676
vn 0.000000 -0.368378 -0.929676
vn 0.000000 -0.393751 -0.919217
vn -0.000000 -0.393751 -0.919217
vn 0.000000 -0.418814 -0.908072
vn -0.000000 -0.418814 -0.908072
vn 0.000000 -0.443591 -0.896229
vn -0.000000 -0.443591 -0.896229
vn 0.000000 -0.467969 -0.883745
vn -0.000000 -0.467969 -0.883745
vn -0.000000 -0.492079 -0.870550
vn -0.000000 -0.492079 -0.870550
vn 0.000000 -0.515756 -0.856735
vn -0.000000 -0.515756 -0.856735
vn 0.000000 -0.539051 -0.842273
vn -0.000000 -0.539051 -0.842273
vn 0.000000 -0.561981 -0.827150
vn -0.000000 -0.561981 -0.827150
vn 0.000000 -0.584444 -0.811434
vn -0.000000 -0.584444 -0.811434
vn 0.000000 -0.606483 -0.795096
vn -0.000000 -0.606483 -0.795096
vn 0.000000 -0.628089 -0.778142
vn -0.000000 -0.628089 -0.778142
vn 0.000000 -0.649173 -0.760641
vn -0.000000 -0.649173 -0.760641
vn 0.000000 -0.669810 -0.742533
vn -0.000000 -0.669810 -0.742533
vn 0.000000 -0.689932 -0.723874
vn -0.000000 -0.689932 -0.723874
vn -0.000000 -0.709532 -0.704673
vn 0.000000 -0.709532 -0.704673
vn -0.000000 -0.728590 -0.684950
vn 0.000000 -0.728590 -0.684950
vn -0.000000 -0.747112 -0.664698
vn -0.000000 -0.765058 -0.643962
vn 0.000000 -0.747112 -0.664698
vn -0.000000 -0.782450 -0.622713
vn -0.000000 -0.765058 -0.643962
vn -0.000000 -0.782450 -0.622713
vn -0.000000 -0.799226 -0.601031
vn -0.000000 -0.815418 -0.578872
vn 0.000000 -0.799226 -0.601031
vn -0.000000 -0.815418 -0.578872
vn -0.000000 -0.831002 -0.556270
vn 0.000000 -0.831002 -0.556270
vn -0.000000 -0.845940 -0.533279
vn -0.000000 -0.860254 -0.509866
vn 0.000000 -0.845940 -0.533279
vn -0.000000 -0.860254 -0.509866
vn -0.000000 -0.873916 -0.486077
vn -0.000000 -0.886922 -0.461920
vn 0.000000 -0.873916 -0.486077
vn -0.000000 -0.899259 -0.437416
vn -0.000000 -0.886922 -0.461920
vn -0.000000 -0.899259 -0.437416
vn 0.000000 -0.910925 -0.412572
vn -0.000000 -0.910925 -0.412572
vn 0.000000 -0.921896 -0.387438
vn -0.000000 -0.921896 -0.387438
vn -0.000000 -0.932184 -0.361984
vn 0.000000 -0.932184 -0.361984
vn -0.000000 -0.941757 -0.336294
vn 0.000000 -0.941757 -0.336294
vn -0.000000 -0.950635 -0.310312
vn 0.000000 -0.950635 -0.310312
vn -0.000000 -0.958785 -0.284133
vn 0.000000 -0.958785 -0.284133
vn -0.000000 -0.966222 -0.257712
vn 0.000000 -0.966222 -0.257712
vn -0.000000 -0.972927 -0.231114
vn 0.000000 -0.972927 -0.231114
vn -0.000000 -0.978903 -0.204328
vn 0.000000 -0.978903 -0.204328
vn -0.000000 -0.984139 -0.177400
vn 0.000000 -0.984139 -0.177400
vn -0.000000 -0.988635 -0.150338
vn -0.000000 -0.992388 -0.123151
vn 0.000000 -0.988635 -0.150338
vn -0.000000 -0.992388 -0.123151
vn -0.000000 -0.995393 -0.095883
vn -0.000000 -0.997648 -0.068542
vn 0.000000 -0.995393 -0.095883
vn -0.000000 -0.997648 -0.068542
vn -0.000000 -0.999153 -0.041144
vn 0.000000 -0.999153 -0.041144
vn -0.000000 -0.999906 -0.013719
vn 0.000000 -0.999906 -0.013719
vn 1.000000 0.000000 0.000000
vn 1.000000 0.000000 0.000000
vn 1.000000 0.000000 0.000000
vn 1.000000 0.000000 0.000000
vn 1.000000 0.000000 0.000000
vn 1.000000 0.000000 0.000000
vn 1.000000 0.000000 0.000000
vn 1.000000 0.000000 0.000000
vn 1.000000 0.000000 0.000000
vn 1.000000 0.000000 0.000000
vn 1.000000 0.000000 0.000000
vn 1.000000 0.000000 0.000000
vn 1.000000 0.000000 0.000000
vn 1.000000 0.000000 0.000000
vn 1.000000 0.000000 0.000000
vn 1.000000 0.000000 0.000000
vn 1.000000 0.000000 0.000000
vn 1.000000 0.000000 0.000000
vn 1.000000 0.000000 0.000000
vn 1.000000 0.000000 0.000000
vn 1.000000 0.000000 0.000000
vn 1.000000 0.000000 0.000000
vn 1.000000 0.000000 0.000000
vn 1.000000 0.000000 0.000000
vn 1.000000 0.000000 0.000000
vn 1.000000 0.000000 0.000000
vn 1.000000 0.000000 0.000000
vn 1.000000 0.000000 0.000000
vn 1.000000 0.000000 0.000000
vn 1.000000 0.000000 0.000000
vn 1.000000 0.000000 0.000000
vn 1.000000 0.000000 0.000000
vn 1.000000 0.000000 0.000000
vn 1.000000 0.000000 0.000000
vn 1.000000 0.000000 0.000000
vn 1.000000 0.000000 0.000000
vn 1.000000 0.000000 0.000000
vn 1.000000 0.000000 0.000000
vn 1.000000 0.000000 0.000000
vn 1.000000 0.000000 0.000000
vn 1.000000 0.000000 0.000000
vn 1.000000 0.000000 0.000000
vn 1.000000 0.000000 0.000000
vn 1.000000 0.000000 0.000000
vn 1.000000 0.000000 0.000000
vn 1.000000 0.000000 0.000000
vn 1.000000 0.000000 0.000000
vn 1.000000 0.000000 0.000000
vn 1.000000 0.000000 0.000000
vn 1.000000 0.000000 0.000000
vn 1.000000 0.000000 0.000000
vn 1.000000 -0.000000 0.000000
vn 1.000000 0.000000 0.000000
vn 1.000000 -0.000000 0.000000
vn 1.000000 -0.000000 0.000000
vn 1.000000 -0.000000 0.000000
vn 1.000000 -0.000000 0.000000
vn 1.000000 -0.000000 0.000000
vn 1.000000 -0.000000 0.000000
vn 1.000000 0.000000 0.000000
vn 1.000000 0.000000 0.000000
vn 1.000000 0.000000 0.000000
vn 1.000000 -0.000000 0.000000
vn 1.000000 -0.000000 0.000000
vn 1.000000 -0.000000 0.000000
vn 1.000000 -0.000000 0.000000
vn 1.000000 0.000000 0.000000
vn 1.000000 -0.000000 0.000000
vn 1.000000 -0.000000 0.000000
vn 1.000000 -0.000000 0.000000
vn 1.000000 -0.000000 0.000000
vn 1.000000 -0.000000 0.000000
vn 1.000000 -0.000000 0.000000
vn 1.000000 -0.000000 0.000000
vn 1.000000 -0.000000 0.000000
vn 1.000000 -0.000000 0.000000
vn 1.000000 -0.000000 0.000000
vn 1.000000 -0.000000 0.000000
vn 1.000000 -0.000000 0.000000
vn 1.000000 -0.000000 0.000000
vn 1.000000 -0.000000 0.000000
vn 1.000000 -0.000000 0.000000
vn 1.000000 -0.000000 0.000000
vn 1.000000 -0.000000 0.000000
vn 1.000000 -0.000000 0.000000
vn 1.000000 -0.000000 0.000000
vn 1.000000 -0.000000 0.000000
vn 1.000000 -0.000000 0.000000
vn 1.000000 -0.000000 0.000000
vn 1.000000 -0.000000 0.000000
vn 1.000000 -0.000000 0.000000
vn 1.000000 -0.000000 0.000000
vn 1.000000 -0.000000 0.000000
vn 1.000000 -0.000000 0.000000
vn 1.000000 -0.000000 0.000000
vn 1.000000 -0.000000 0.000000
vn 1.000000 -0.000000 0.000000
vn 1.000000 -0.000000 0.000000
vn 1.000000 -0.000000 0.000000
vn 1.000000 -0.000000 0.000000
vn 1.000000 -0.000000 0.000000
vn 1.000000 -0.000000 0.000000
vn 1.000000 -0.000000 0.000000
vn 1.000000 -0.000000 0.000000
vn 1.000000 -0.000000 0.000000
vn 1.000000 -0.000000 0.000000
vn 1.000000 -0.000000 0.000000
vn 1.000000 -0.000000 0.000000
vn 1.000000 0.000000 0.000000
vn 1.000000 0.000000 0.000000
vn 1.000000 -0.000000 0.000000
vn 1.000000 0.000000 0.000000
vn 1.000000 0.000000 0.000000
vn 1.000000 -0.000000 0.000000
vn 1.000000 -0.000000 0.000000
vn 1.000000 0.000000 0.000000
vn 1.000000 -0.000000 0.000000
vn 1.000000 0.000000 0.000000
vn 1.000000 -0.000000 0.000000
vn 1.000000 0.000000 0.000000
vn 1.000000 -0.000000 0.000000
vn 1.000000 0.000000 0.000000
vn 1.000000 -0.000000 0.000000
vn 1.000000 0.000000 0.000000
vn 1.000000 -0.000000 0.000000
vn 1.000000 0.000000 0.000000
vn 1.000000 -0.000000 0.000000
vn 1.000000 0.000000 0.000000
vn 1.000000 -0.000000 0.000000
vn 1.000000 0.000000 0.000000
vn 1.000000 -0.000000 0.000000
vn 1.000000 0.000000 0.000000
vn 1.000000 -0.000000 0.000000
vn 1.000000 0.000000 0.000000
vn 1.000000 -0.000000 0.000000
vn 1.000000 0.000000 0.000000
vn 1.000000 -0.000000 0.000000
vn 1.000000 0.000000 0.000000
vn 1.000000 -0.000000 0.000000
vn 1.000000 0.000000 0.000000
vn 1.000000 -0.000000 0.000000
vn 1.000000 0.000000 0.000000
vn 1.000000 -0.000000 0.000000
vn 1.000000 0.000000 0.000000
vn 1.000000 -0.000000 0.000000
vn 1.000000 0.000000 0.000000
vn 1.000000 -0.000000 0.000000
vn 1.000000 0.000000 0.000000
vn 1.000000 -0.000000 0.000000
vn 1.000000 0.000000 0.000000
vn 1.000000 -0.000000 0.000000
vn 1.000000 0.000000 0.000000
vn 1.000000 -0.000000 0.000000
vn 1.000000 0.000000 0.000000
vn 1.000000 -0.000000 0.000000
vn 1.000000 0.000000 0.000000
vn 1.000000 -0.000000 0.000000
vn 1.000000 0.000000 0.000000
vn 1.000000 -0.000000 0.000000
vn 1.000000 0.000000 0.000000
vn 1.000000 -0.000000 0.000000
vn 1.000000 0.000000 0.000000
vn 1.000000 -0.000000 0.000000
vn 1.000000 0.000000 0.000000
vn 1.000000 -0.000000 0.000000
vn 1.000000 0.000000 0.000000
vn 1.000000 -0.000000 0.000000
vn 1.000000 0.000000 0.000000
vn 1.000000 0.000000 0.000000
vn 1.000000 -0.000000 0.000000
vn 1.000000 0.000000 0.000000
vn 1.000000 0.000000 0.000000
vn 1.000000 0.000000 0.000000
vn 1.000000 0.000000 0.000000
vn 1.000000 0.000000 0.000000
vn 1.000000 0.000000 0.000000
vn 1.000000 0.000000 0.000000
vn 1.000000 0.000000 0.000000
vn 1.000000 0.000000 0.000000
vn 1.000000 0.000000 0.000000
vn 1.000000 0.000000 0.000000
vn 1.000000 0.000000 0.000000
vn 1.000000 0.000000 0.000000
vn 1.000000 0.000000 0.000000
vn 1.000000 0.000000 0.000000
vn 1.000000 0.000000 0.000000
vn 1.000000 0.000000 0.000000
vn 1.000000 0.000000 0.000000
vn 1.000000 0.000000 0.000000
vn 1.000000 0.000000 0.000000
vn 1.000000 0.000000 0.000000
vn 1.000000 0.000000 0.000000
vn 1.000000 0.000000 0.000000
vn 1.000000 0.000000 0.000000
vn 1.000000 0.000000 0.000000
vn 1.000000 0.000000 0.000000
vn 1.000000 0.000000 0.000000
vn 1.000000 0.000000 0.000000
vn 1.000000 0.000000 0.000000
vn 1.000000 0.000000 0.000000
vn 1.000000 0.000000 0.000000
vn 1.000000 0.000000 0.000000
vn 1.000000 0.000000 0.000000
vn 1.000000 0.000000 0.000000
vn 1.000000 0.000000 0.000000
vn 1.000000 0.000000 0.000000
vn 1.000000 0.000000 0.000000
vn 1.000000 0.000000 0.000000
vn 1.000000 0.000000 0.000000
vn 1.000000 0.000000 0.000000
vn 1.000000 0.000000 0.000000
vn 1.000000 0.000000 0.000000
vn 1.000000 0.000000 0.000000
vn 1.000000 0.000000 0.000000
vn 1.000000 0.000000 0.000000
vn 1.000000 0.000000 0.000000
vn 1.000000 0.000000 0.000000
vn 1.000000 0.000000 0.000000
vn 1.000000 0.000000 0.000000
vn 1.000000 -0.000000 0.000000
vn 1.000000 -0.000000 0.000000
vn 1.000000 -0.000000 -0.000000
vn 1.000000 -0.000000 0.000000
vn 1.000000 0.000000 0.000000
vn 1.000000 -0.000000 -0.000000
vn 1.000000 -0.000000 0.000000
vn 1.000000 0.000000 0.000000
vn 1.000000 -0.000000 0.000000
vn 1.000000 -0.000000 -0.000000
vn 1.000000 -0.000000 0.000000
vn 1.000000 0.000000 0.000000
vn 1.000000 -0.000000 0.000000
vn 1.000000 -0.000000 -0.000000
vn 1.000000 -0.000000 0.000000
vn 1.000000 0.000000 0.000000
vn 1.000000 -0.000000 0.000000
vn 1.000000 -0.000000 -0.000000
vn 1.000000 -0.000000 0.000000
vn 1.000000 0.000000 0.000000
vn 1.000000 -0.000000 0.000000
vn 1.000000 -0.000000 -0.000000
vn 1.000000 -0.000000 0.000000
vn 1.000000 -0.000000 0.000000
vn 1.000000 0.000000 0.000000
vn 1.000000 -0.000000 -0.000000
vn 1.000000 -0.000000 0.000000
vn 1.000000 0.000000 0.000000
vn 1.000000 -0.000000 0.000000
vn 1.000000 -0.000000 -0.000000
vn 1.000000 -0.000000 0.000000
vn 1.000000 -0.000000 0.000000
vn 1.000000 0.000000 0.000000
vn 1.000000 -0.000000 -0.000000
vn 1.000000 -0.000000 0.000000
vn 1.000000 0.000000 0.000000
vn 1.000000 -0.000000 0.000000
vn 1.000000 -0.000000 -0.000000
vn 1.000000 -0.000000 0.000000
vn 1.000000 0.000000 0.000000
vn 1.000000 -0.000000 0.000000
vn 1.000000 -0.000000 -0.000000
vn 1.000000 -0.000000 0.000000
vn 1.000000 0.000000 0.000000
vn 1.000000 -0.000000 0.000000
vn 1.000000 -0.000000 -0.000000
vn 1.000000 -0.000000 0.000000
vn 1.000000 -0.000000 0.000000
vn 1.000000 0.000000 0.000000
vn 1.000000 -0.000000 0.000000
vn 1.000000 -0.000000 -0.000000
vn 1.000000 -0.000000 0.000000
vn 1.000000 0.000000 0.000000
vn 1.000000 -0.000000 -0.000000
vn 1.000000 -0.000000 0.000000
vn 1.000000 0.000000 0.000000
vn 1.000000 -0.000000 0.000000
vn 1.000000 -0.000000 0.000000
vn 1.000000 -0.000000 -0.000000
vn 1.000000 -0.000000 0.000000
vn 1.000000 0.000000 0.000000
vn 1.000000 -0.000000 -0.000000
vn 1.000000 -0.000000 0.000000
vn 1.000000 0.000000 0.000000
vn 1.000000 -0.000000 0.000000
vn 1.000000 -0.000000 0.000000
vn 1.000000 -0.000000 -0.000000
vn 1.000000 -0.000000 0.000000
vn 1.000000 0.000000 0.000000
vn 1.000000 -0.000000 0.000000
vn 1.000000 -0.000000 -0.000000
vn 1.000000 0.000000 0.000000
vn 1.000000 -0.000000 0.000000
vn 1.000000 -0.000000 0.000000
vn 1.000000 -0.000000 -0.000000
vn 1.000000 -0.000000 0.000000
vn 1.000000 0.000000 0.000000
vn 1.000000 -0.000000 0.000000
vn 1.000000 -0.000000 -0.000000
vn 1.000000 -0.000000 0.000000
vn 1.000000 0.000000 0.000000
vn 1.000000 -0.000000 0.000000
vn 1.000000 -0.000000 -0.000000
vn 1.000000 0.000000 0.000000
vn 1.000000 -0.000000 0.000000
vn 1.000000 -0.000000 0.000000
vn 1.000000 -0.000000 -0.000000
vn 1.000000 -0.000000 0.000000
vn 1.000000 0.000000 0.000000
vn 1.000000 -0.000000 0.000000
vn 1.000000 -0.000000 -0.000000
vn 1.000000 -0.000000 0.000000
vn 1.000000 0.000000 0.000000
vn 1.000000 -0.000000 0.000000
vn 1.000000 0.000000 0.000000
vn 1.000000 -0.000000 0.000000
vn 1.000000 0.000000 0.000000
vn 1.000000 -0.000000 0.000000
vn 1.000000 0.000000 0.000000
vn 1.000000 -0.000000 0.000000
vn 1.000000 0.000000 0.000000
vn 1.000000 0.000000 0.000000
vn 1.000000 -0.000000 0.000000
vn 1.000000 0.000000 0.000000
vn 1.000000 -0.000000 0.000000
vn 1.000000 0.000000 0.000000
vn 1.000000 -0.000000 0.000000
vn 1.000000 0.000000 0.000000
vn 1.000000 0.000000 0.000000
vn 1.000000 0.000000 0.000000
vn 1.000000 0.000000 0.000000
vn 1.000000 0.000000 0.000000
vn 1.000000 0.000000 0.000000
vn 1.000000 0.000000 0.000000
vn 1.000000 0.000000 0.000000
vn 1.000000 0.000000 0.000000
vn 1.000000 0.000000 0.000000
vn 1.000000 0.000000 0.000000
vn 1.000000 0.000000 0.000000
vn 1.000000 0.000000 0.000000
vn 1.000000 0.000000 0.000000
vn 1.000000 0.000000 0.000000
vn 1.000000 0.000000 0.000000
vn 1.000000 0.000000 0.000000
vn 1.000000 0.000000 0.000000
vn 1.000000 0.000000 0.000000
vn 1.000000 0.000000 0.000000
vn 1.000000 0.000000 0.000000
vn 1.000000 0.000000 0.000000
vn 1.000000 0.000000 0.000000
vn 1.000000 0.000000 0.000000
vn 1.000000 0.000000 0.000000
vn 1.000000 0.000000 0.000000
vn 1.000000 0.000000 0.000000
vn 1.000000 0.000000 0.000000
vn 1.000000 0.000000 0.000000
vn 1.000000 0.000000 0.000000
vn 1.000000 0.000000 0.000000
vn 1.000000 0.000000 0.000000
vn 1.000000 0.000000 0.000000
vn 1.000000 0.000000 0.000000
vn 1.000000 0.000000 0.000000
vn 1.000000 0.000000 0.000000
vn 1.000000 0.000000 0.000000
vn 1.000000 0.000000 0.000000
vn 1.000000 0.000000 0.000000
vn 1.000000 0.000000 0.000000
vn 1.000000 0.000000 0.000000
vn 1.000000 0.000000 0.000000
vn 1.000000 0.000000 0.000000
vn 1.000000 0.000000 0.000000
vn 1.000000 0.000000 0.000000
vn 1.000000 0.000000 0.000000
vn 1.000000 0.000000 0.000000
vn 1.000000 0.000000 0.000000
vn 1.000000 0.000000 0.000000
vn 1.000000 0.000000 0.000000
vn 1.000000 0.000000 0.000000
vn 1.000000 0.000000 0.000000
vn 1.000000 0.000000 0.000000
vn 1.000000 0.000000 0.000000
vn 1.000000 0.000000 0.000000
vn 1.000000 0.000000 0.000000
vn 1.000000 0.000000 0.000000
vn 1.000000 0.000000 0.000000
vn 1.000000 0.000000 0.000000
vn 1.000000 0.000000 0.000000
vn 1.000000 0.000000 0.000000
vn 1.000000 0.000000 0.000000
vn 1.000000 0.000000 0.000000
vn 1.000000 0.000000 0.000000
vn 1.000000 0.000000 0.000000
vn 1.000000 0.000000 0.000000
vn 1.000000 0.000000 0.000000
vn 1.000000 0.000000 0.000000
vn 1.000000 0.000000 0.000000
vn 1.000000 0.000000 0.000000
vn 1.000000 0.000000 0.000000
vn 1.000000 0.000000 0.000000
vn 1.000000 0.000000 0.000000
vn 1.000000 0.000000 0.000000
vn 1.000000 0.000000 0.000000
vn 1.000000 0.000000 0.000000
vn 1.000000 0.000000 0.000000
vn 1.000000 0.000000 0.000000
vn 1.000000 0.000000 0.000000
vn 1.000000 0.000000 0.000000
vn 1.000000 0.000000 0.000000
vn 1.000000 0.000000 0.000000
vn 1.000000 0.000000 0.000000
vn 1.000000 0.000000 0.000000
vn 1.000000 0.000000 0.000000
vn 1.000000 0.000000 0.000000
vn 1.000000 0.000000 0.000000
vn 1.000000 0.000000 0.000000
vn 1.000000 0.000000 0.000000
vn 1.000000 0.000000 0.000000
vn 1.000000 0.000000 0.000000
vn 1.000000 0.000000 0.000000
vn 1.000000 0.000000 0.000000
vn 1.000000 0.000000 0.000000
vn 1.000000 0.000000 0.000000
vn 1.000000 0.000000 0.000000
vn 1.000000 0.000000 0.000000
vn 1.000000 0.000000 0.000000
vn 1.000000 0.000000 0.000000
vn 1.000000 0.000000 0.000000
vn 1.000000 0.000000 0.000000
vn 1.000000 0.000000 0.000000
vn 1.000000 -0.000000 0.000000
vn 1.000000 -0.000000 0.000000
vn 1.000000 -0.000000 0.000000
vn 1.000000 -0.000000 0.000000
vn 1.000000 -0.000000 -0.000000
vn 1.000000 -0.000000 0.000000
vn 1.000000 -0.000000 0.000000
vn 1.000000 -0.000000 0.000000
vn 1.000000 -0.000000 0.000000
vn 1.000000 -0.000000 0.000000
vn 1.000000 -0.000000 0.000000
vn 1.000000 -0.000000 0.000000
vn 1.000000 -0.000000 0.000000
vn 1.000000 -0.000000 0.000000
vn 1.000000 -0.000000 0.000000
vn 1.000000 -0.000000 0.000000
vn 1.000000 -0.000000 0.000000
vn 1.000000 -0.000000 0.000000
vn 1.000000 -0.000000 0.000000
vn 1.000000 -0.000000 0.000000
vn 1.000000 -0.000000 0.000000
vn 1.000000 -0.000000 0.000000
vn 1.000000 -0.000000 0.000000
vn 1.000000 -0.000000 0.000000
vn 1.000000 -0.000000 0.000000
vn 1.000000 -0.000000 0.000000
vn 1.000000 -0.000000 -0.000000
vn 1.000000 -0.000000 0.000000
vn 1.000000 -0.000000 -0.000000
vn 1.000000 -0.000000 0.000000
vn 1.000000 -0.000000 -0.000000
vn 1.000000 -0.000000 -0.000000
vn 1.000000 -0.000000 -0.000000
vn 1.000000 -0.000000 -0.000000
vn 1.000000 -0.000000 -0.000000
vn 1.000000 -0.000000 0.000000
vn 1.000000 -0.000000 0.000000
vn 1.000000 -0.000000 0.000000
vn 1.000000 -0.000000 0.000000
vn 1.000000 0.000000 0.000000
vn 1.000000 -0.000000 0.000000
vn 1.000000 -0.000000 0.000000
vn 1.000000 0.000000 0.000000
vn 1.000000 -0.000000 0.000000
vn 1.000000 -0.000000 0.000000
vn 1.000000 -0.000000 0.000000
vn 1.000000 0.000000 0.000000
vn 1.000000 -0.000000 0.000000
vn 1.000000 -0.000000 0.000000
vn 1.000000 -0.000000 0.000000
vn 1.000000 -0.000000 0.000000
vn 1.000000 0.000000 0.000000
vn 1.000000 -0.000000 0.000000
vn 1.000000 -0.000000 0.000000
vn 1.000000 0.000000 0.000000
vn 1.000000 0.000000 0.000000
vn 1.000000 -0.000000 0.000000
vn 1.000000 -0.000000 0.000000
vn 1.000000 0.000000 0.000000
vn 1.000000 -0.000000 0.000000
vn 1.000000 0.000000 0.000000
vn 1.000000 0.000000 0.000000
vn 1.000000 -0.000000 0.000000
vn 1.000000 0.000000 0.000000
vn 1.000000 0.000000 0.000000
vn 1.000000 -0.000000 0.000000
vn 1.000000 0.000000 0.000000
vn 1.000000 0.000000 0.000000
vn 1.000000 -0.000000 0.000000
vn 1.000000 0.000000 0.000000
vn 1.000000 0.000000 0.000000
vn 1.000000 -0.000000 0.000000
vn 1.000000 -0.000000 0.000000
vn 1.000000 0.000000 0.000000
vn 1.000000 0.000000 0.000000
vn 1.000000 0.000000 0.000000
vn 1.000000 0.000000 0.000000
vn 1.000000 -0.000000 0.000000
vn 1.000000 0.000000 0.000000
vn 1.000000 0.000000 0.000000
vn 1.000000 -0.000000 0.000000
vn 1.000000 -0.000000 0.000000
vn 1.000000 0.000000 0.000000
vn 1.000000 0.000000 0.000000
vn 1.000000 0.000000 0.000000
vn 1.000000 -0.000000 0.000000
vn 1.000000 -0.000000 0.000000
vn 1.000000 0.000000 0.000000
vn 1.000000 0.000000 0.000000
vn 1.000000 0.000000 0.000000
vn 1.000000 0.000000 0.000000
vn 1.000000 -0.000000 0.000000
vn 1.000000 0.000000 0.000000
vn 1.000000 0.000000 0.000000
vn 1.000000 0.000000 0.000000
vn 1.000000 -0.000000 0.000000
vn 1.000000 0.000000 0.000000
vn 1.000000 -0.000000 0.000000
vn 1.000000 0.000000 0.000000
vn 1.000000 0.000000 0.000000
vn 1.000000 -0.000000 0.000000
vn 1.000000 -0.000000 0.000000
vn 1.000000 0.000000 0.000000
vn 1.000000 0.000000 0.000000
vn 1.000000 0.000000 0.000000
vn 1.000000 0.000000 0.000000
vn 1.000000 -0.000000 0.000000
vn 1.000000 -0.000000 0.000000
vn 1.000000 0.000000 0.000000
vn 1.000000 0.000000 0.000000
vn 1.000000 0.000000 0.000000
vn 1.000000 0.000000 0.000000
vn 1.000000 -0.000000 0.000000
vn 1.000000 -0.000000 0.000000
vn 1.000000 0.000000 0.000000
vn 1.000000 0.000000 0.000000
vn 1.000000 0.000000 0.000000
vn 1.000000 0.000000 0.000000
vn 1.000000 -0.000000 0.000000
vn 1.000000 0.000000 0.000000
vn 1.000000 0.000000 0.000000
vn 1.000000 -0.000000 0.000000
vn 1.000000 -0.000000 0.000000
vn 1.000000 0.000000 0.000000
vn 1.000000 0.000000 0.000000
vn 1.000000 0.000000 0.000000
vn 1.000000 0.000000 0.000000
vn 1.000000 0.000000 0.000000
vn 1.000000 0.000000 0.000000
vn 1.000000 0.000000 0.000000
vn 1.000000 0.000000 0.000000
vn 1.000000 0.000000 0.000000
vn 1.000000 0.000000 0.000000
vn 1.000000 0.000000 0.000000
vn 1.000000 0.000000 0.000000
vn 1.000000 0.000000 0.000000
vn 1.000000 0.000000 0.000000
vn 1.000000 0.000000 0.000000
vn 1.000000 0.000000 0.000000
vn 1.000000 0.000000 0.000000
vn 1.000000 0.000000 0.000000
vn 1.000000 0.000000 0.000000
vn 1.000000 0.000000 0.000000
vn 1.000000 0.000000 0.000000
vn 1.000000 0.000000 0.000000
vn 1.000000 0.000000 0.000000
vn 1.000000 0.000000 0.000000
vn 1.000000 0.000000 0.000000
vn 1.000000 0.000000 0.000000
vn 1.000000 0.000000 0.000000
vn 1.000000 0.000000 0.000000
vn 1.000000 0.000000 0.000000
vn 1.000000 0.000000 0.000000
vn 1.000000 0.000000 0.000000
vn 1.000000 0.000000 0.000000
vn 1.000000 0.000000 0.000000
vn 1.000000 0.000000 0.000000
vn 1.000000 0.000000 0.000000
vn 1.000000 0.000000 0.000000
vn 1.000000 0.000000 0.000000
vn 1.000000 0.000000 0.000000
vn 1.000000 0.000000 0.000000
vn 1.000000 0.000000 0.000000
vn 1.000000 0.000000 0.000000
vn 1.000000 0.000000 0.000000
vn 1.000000 0.000000 0.000000
vn 1.000000 0.000000 0.000000
vn 1.000000 0.000000 0.000000
vn 1.000000 0.000000 0.000000
vn 1.000000 0.000000 0.000000
vn 1.000000 0.000000 0.000000
vn 1.000000 0.000000 0.000000
vn 1.000000 0.000000 0.000000
vn 1.000000 0.000000 0.000000
vn 1.000000 0.000000 0.000000
vn 1.000000 0.000000 0.000000
vn 1.000000 0.000000 0.000000
vn 1.000000 0.000000 0.000000
vn 1.000000 0.000000 0.000000
vn 1.000000 0.000000 0.000000
vn 1.000000 0.000000 0.000000
vn 1.000000 0.000000 0.000000
vn 1.000000 0.000000 0.000000
vn 1.000000 0.000000 0.000000
vn 1.000000 0.000000 0.000000
vn 1.000000 0.000000 0.000000
vn 1.000000 0.000000 0.000000
vn 1.000000 0.000000 0.000000
vn 1.000000 0.000000 0.000000
vn 1.000000 0.000000 0.000000
vn 1.000000 0.000000 0.000000
vn 1.000000 0.000000 0.000000
vn 1.000000 0.000000 0.000000
vn 1.000000 0.000000 0.000000
vn 1.000000 0.000000 0.000000
vn 1.000000 0.000000 0.000000
vn 1.000000 0.000000 0.000000
vn 1.000000 0.000000 0.000000
vn 1.000000 0.000000 0.000000
vn 1.000000 0.000000 0.000000
vn 1.000000 0.000000 0.000000
vn 1.000000 0.000000 0.000000
vn 1.000000 0.000000 0.000000
vn 1.000000 0.000000 0.000000
vn 1.000000 0.000000 0.000000
vn 1.000000 0.000000 0.000000
vn 1.000000 0.000000 0.000000
vn 1.000000 0.000000 0.000000
vn 1.000000 0.000000 0.000000
vn 1.000000 0.000000 0.000000
vn 1.000000 0.000000 0.000000
vn 1.000000 0.000000 0.000000
vn 1.000000 0.000000 0.000000
vn 1.000000 0.000000 0.000000
vn 1.000000 0.000000 0.000000
vn 1.000000 0.000000 0.000000
vn 1.000000 0.000000 0.000000
vn 1.000000 0.000000 0.000000
vn 1.000000 0.000000 0.000000
vn 1.000000 0.000000 0.000000
vn 1.000000 0.000000 0.000000
vn 1.000000 0.000000 0.000000
vn 1.000000 0.000000 0.000000
vn 1.000000 0.000000 0.000000
vn 1.000000 0.000000 0.000000
vn 1.000000 0.000000 0.000000
vn 1.000000 0.000000 0.000000
vn 1.000000 0.000000 0.000000
vn 1.000000 0.000000 0.000000
vn 1.000000 0.000000 0.000000
vn 1.000000 0.000000 0.000000
vn 1.000000 0.000000 0.000000
vn 1.000000 0.000000 0.000000
vn 1.000000 0.000000 0.000000
vn 1.000000 0.000000 0.000000
vn 1.000000 0.000000 0.000000
vn 1.000000 0.000000 0.000000
vn 1.000000 0.000000 0.000000
vn 1.000000 0.000000 0.000000
vn 1.000000 0.000000 0.000000
vn 1.000000 0.000000 0.000000
vn 1.000000 -0.000000 0.000000
vn 1.000000 0.000000 0.000000
vn 1.000000 0.000000 0.000000
vn 1.000000 0.000000 0.000000
vn 1.000000 0.000000 0.000000
vn 1.000000 0.000000 0.000000
vn 1.000000 -0.000000 0.000000
vn 1.000000 0.000000 0.000000
vn 1.000000 0.000000 0.000000
vn 1.000000 0.000000 0.000000
vn 1.000000 0.000000 0.000000
vn 1.000000 0.000000 0.000000
vn 1.000000 -0.000000 0.000000
vn 1.000000 0.000000 0.000000
vn 1.000000 0.000000 0.000000
vn 1.000000 0.000000 0.000000
vn 1.000000 -0.000000 0.000000
vn 1.000000 0.000000 0.000000
vn 1.000000 -0.000000 0.000000
vn 1.000000 0.000000 0.000000
vn 1.000000 -0.000000 0.000000
vn 1.000000 0.000000 0.000000
vn 1.000000 -0.000000 0.000000
vn 1.000000 0.000000 0.000000
vn 1.000000 -0.000000 0.000000
vn 1.000000 0.000000 0.000000
vn 1.000000 0.000000 0.000000
vn 1.000000 -0.000000 0.000000
vn 1.000000 0.000000 0.000000
vn 1.000000 -0.000000 0.000000
vn 1.000000 0.000000 0.000000
vn 1.000000 -0.000000 0.000000
vn 1.000000 -0.000000 0.000000
vn 1.000000 0.000000 0.000000
vn 1.000000 -0.000000 0.000000
vn 1.000000 0.000000 0.000000
vn 1.000000 -0.000000 0.000000
vn 1.000000 0.000000 0.000000
vn 1.000000 -0.000000 0.000000
vn 1.000000 0.000000 0.000000
vn 1.000000 -0.000000 0.000000
vn 1.000000 0.000000 0.000000
vn 1.000000 -0.000000 0.000000
vn 1.000000 0.000000 0.000000
vn 1.000000 0.000000 0.000000
vn 1.000000 -0.000000 0.000000
vn 1.000000 0.000000 0.000000
vn 1.000000 -0.000000 0.000000
vn 1.000000 0.000000 0.000000
vn 1.000000 -0.000000 0.000000
vn 1.000000 -0.000000 0.000000
vn 1.000000 0.000000 0.000000
vn 1.000000 -0.000000 0.000000
vn 1.000000 0.000000 0.000000
vn 1.000000 0.000000 0.000000
vn 1.000000 -0.000000 0.000000
vn 1.000000 -0.000000 0.000000
vn 1.000000 0.000000 0.000000
vn 1.000000 0.000000 0.000000
vn 1.000000 -0.000000 0.000000
vn 1.000000 -0.000000 0.000000
vn 1.000000 0.000000 0.000000
vn 1.000000 0.000000 0.000000
vn 1.000000 -0.000000 0.000000
vn 1.000000 -0.000000 0.000000
vn 1.000000 0.000000 0.000000
vn 1.000000 0.000000 0.000000
vn 1.000000 -0.000000 0.000000
vn 1.000000 0.000000 0.000000
vn 1.000000 0.000000 0.000000
vn 1.000000 0.000000 0.000000
vn 1.000000 0.000000 0.000000
vn 1.000000 0.000000 0.000000
vn 1.000000 0.000000 0.000000
vn 1.000000 0.000000 0.000000
vn 1.000000 0.000000 0.000000
vn 1.000000 0.000000 0.000000
vn 1.000000 0.000000 0.000000
vn 1.000000 0.000000 0.000000
vn 1.000000 0.000000 0.000000
vn 1.000000 0.000000 0.000000
vn 1.000000 0.000000 0.000000
vn 1.000000 0.000000 0.000000
vn 1.000000 0.000000 0.000000
vn 1.000000 0.000000 0.000000
vn 1.000000 0.000000 0.000000
vn 1.000000 0.000000 0.000000
vn 1.000000 0.000000 0.000000
vn 1.000000 0.000000 0.000000
vn 1.000000 0.000000 0.000000
vn 1.000000 0.000000 0.000000
vn 1.000000 0.000000 0.000000
vn 1.000000 0.000000 0.000000
vn 1.000000 0.000000 0.000000
vn 1.000000 0.000000 0.000000
vn 1.000000 0.000000 0.000000
vn 1.000000 0.000000 0.000000
vn 1.000000 0.000000 0.000000
vn 1.000000 0.000000 0.000000
vn 1.000000 0.000000 0.000000
vn 1.000000 0.000000 0.000000
vn 1.000000 0.000000 0.000000
vn 1.000000 0.000000 0.000000
vn 1.000000 0.000000 0.000000
vn 1.000000 0.000000 0.000000
vn 1.000000 0.000000 0.000000
vn 1.000000 0.000000 0.000000
vn 1.000000 0.000000 0.000000
vn 1.000000 0.000000 0.000000
vn 1.000000 0.000000 0.000000
vn 1.000000 0.000000 0.000000
vn 1.000000 0.000000 0.000000
vn 1.000000 0.000000 0.000000
vn 1.000000 0.000000 0.000000
vn 1.000000 0.000000 0.000000
vn 1.000000 0.000000 0.000000
vn 1.000000 0.000000 0.000000
vn 1.000000 0.000000 0.000000
vn 1.000000 0.000000 0.000000
vn 1.000000 0.000000 0.000000
vn 1.000000 0.000000 0.000000
vn 1.000000 0.000000 0.000000
vn 1.000000 0.000000 0.000000
vn 1.000000 0.000000 0.000000
vn 1.000000 0.000000 0.000000
vn 1.000000 0.000000 0.000000
vn 1.000000 0.000000 0.000000
vn 1.000000 0.000000 0.000000
vn 1.000000 -0.000000 0.000000
vn 1.000000 0.000000 0.000000
vn 1.000000 0.000000 0.000000
vn 1.000000 0.000000 0.000000
vn 1.000000 -0.000000 0.000000
vn 1.000000 0.000000 0.000000
vn 1.000000 0.000000 0.000000
vn 1.000000 0.000000 0.000000
vn 1.000000 -0.000000 0.000000
vn 1.000000 0.000000 0.000000
vn 1.000000 0.000000 0.000000
vn 1.000000 0.000000 0.000000
vn 1.000000 -0.000000 0.000000
vn 1.000000 0.000000 0.000000
vn 1.000000 0.000000 0.000000
vn 1.000000 0.000000 0.000000
vn 1.000000 -0.000000 0.000000
vn 1.000000 0.000000 0.000000
vn 1.000000 0.000000 0.000000
vn 1.000000 0.000000 0.000000
vn 1.000000 -0.000000 0.000000
vn 1.000000 0.000000 0.000000
vn 1.000000 0.000000 0.000000
vn 1.000000 0.000000 0.000000
vn 1.000000 -0.000000 0.000000
vn 1.000000 0.000000 0.000000
vn 1.000000 0.000000 0.000000
vn 1.000000 0.000000 0.000000
vn 1.000000 -0.000000 0.000000
vn 1.000000 0.000000 0.000000
vn 1.000000 0.000000 0.000000
vn 1.000000 0.000000 0.000000
vn 1.000000 -0.000000 0.000000
vn 1.000000 0.000000 0.000000
vn 1.000000 0.000000 0.000000
vn 1.000000 0.000000 0.000000
vn 1.000000 -0.000000 0.000000
vn 1.000000 0.000000 0.000000
vn 1.000000 0.000000 0.000000
vn 1.000000 0.000000 0.000000
vn 1.000000 -0.000000 0.000000
vn 1.000000 0.000000 0.000000
vn 1.000000 0.000000 0.000000
vn 1.000000 0.000000 0.000000
vn 1.000000 -0.000000 0.000000
vn 1.000000 0.000000 0.000000
vn 1.000000 0.000000 0.000000
vn 1.000000 0.000000 0.000000
vn 1.000000 -0.000000 0.000000
vn 1.000000 0.000000 0.000000
vn 1.000000 0.000000 0.000000
vn 1.000000 0.000000 0.000000
vn 1.000000 -0.000000 0.000000
vn 1.000000 0.000000 0.000000
vn 1.000000 0.000000 0.000000
vn 1.000000 0.000000 0.000000
vn 1.000000 0.000000 0.000000
vn 1.000000 -0.000000 0.000000
vn 1.000000 0.000000 0.000000
vn 1.000000 0.000000 0.000000
vn 1.000000 0.000000 0.000000
vn 1.000000 -0.000000 0.000000
vn 1.000000 0.000000 0.000000
vn 1.000000 0.000000 0.000000
vn 1.000000 0.000000 0.000000
vn 1.000000 -0.000000 0.000000
vn 1.000000 0.000000 0.000000
vn 1.000000 0.000000 0.000000
vn 1.000000 -0.000000 0.000000
vn 1.000000 0.000000 0.000000
vn 1.000000 0.000000 0.000000
vn 1.000000 0.000000 0.000000
vn 1.000000 0.000000 0.000000
vn 1.000000 -0.000000 0.000000
vn 1.000000 0.000000 0.000000
vn 1.000000 0.000000 0.000000
vn 1.000000 -0.000000 0.000000
vn 1.000000 0.000000 0.000000
vn 1.000000 0.000000 0.000000
vn 1.000000 0.000000 0.000000
vn 1.000000 -0.000000 0.000000
vn 1.000000 0.000000 0.000000
vn 1.000000 0.000000 0.000000
vn 1.000000 0.000000 0.000000
vn 1.000000 -0.000000 0.000000
vn 1.000000 0.000000 0.000000
vn 1.000000 0.000000 0.000000
vn 1.000000 0.000000 0.000000
vn 1.000000 -0.000000 0.000000
vn 1.000000 0.000000 0.000000
vn 1.000000 0.000000 0.000000
vn 1.000000 0.000000 0.000000
vn 1.000000 -0.000000 0.000000
vn 1.000000 0.000000 0.000000
vn 1.000000 0.000000 0.000000
vn 1.000000 0.000000 0.000000
vn 1.000000 -0.000000 0.000000
vn 1.000000 0.000000 0.000000
vn 1.000000 0.000000 0.000000
vn 1.000000 0.000000 0.000000
vn 1.000000 -0.000000 0.000000
vn 1.000000 0.000000 0.000000
vn 1.000000 0.000000 0.000000
vn 1.000000 0.000000 0.000000
vn 1.000000 -0.000000 0.000000
vn 1.000000 0.000000 0.000000
vn 1.000000 0.000000 0.000000
vn 1.000000 -0.000000 0.000000
vn 1.000000 0.000000 0.000000
vn 1.000000 0.000000 0.000000
vn 1.000000 0.000000 0.000000
vn 1.000000 0.000000 0.000000
vn 1.000000 0.000000 0.000000
vn 1.000000 0.000000 0.000000
vn 1.000000 0.000000 0.000000
vn 1.000000 0.000000 0.000000
vn 1.000000 0.000000 0.000000
vn 1.000000 0.000000 0.000000
vn 1.000000 0.000000 0.000000
vn 1.000000 0.000000 0.000000
vn 1.000000 0.000000 0.000000
vn 1.000000 0.000000 0.000000
vn 1.000000 0.000000 0.000000
vn 1.000000 0.000000 0.000000
vn 1.000000 0.000000 0.000000
vn 1.000000 0.000000 0.000000
vn -1.000000 0.000000 0.000000
vn -1.000000 0.000000 0.000000
vn -1.000000 0.000000 0.000000
vn -1.000000 0.000000 0.000000
vn -1.000000 0.000000 0.000000
vn -1.000000 0.000000 0.000000
vn -1.000000 0.000000 0.000000
vn -1.000000 0.000000 0.000000
vn -1.000000 0.000000 0.000000
vn -1.000000 0.000000 0.000000
vn -1.000000 0.000000 0.000000
vn -1.000000 0.000000 0.000000
vn -1.000000 0.000000 0.000000
vn -1.000000 0.000000 0.000000
vn -1.000000 0.000000 0.000000
vn -1.000000 0.000000 0.000000
vn -1.000000 0.000000 0.000000
vn -1.000000 0.000000 0.000000
vn -1.000000 0.000000 0.000000
vn -1.000000 0.000000 0.000000
vn -1.000000 0.000000 0.000000
vn -1.000000 0.000000 0.000000
vn -1.000000 0.000000 0.000000
vn -1.000000 0.000000 0.000000
vn -1.000000 0.000000 0.000000
vn -1.000000 0.000000 0.000000
vn -1.000000 0.000000 0.000000
vn -1.000000 0.000000 0.000000
vn -1.000000 0.000000 0.000000
vn -1.000000 0.000000 0.000000
vn -1.000000 0.000000 0.000000
vn -1.000000 0.000000 0.000000
vn -1.000000 0.000000 0.000000
vn -1.000000 0.000000 0.000000
vn -1.000000 0.000000 0.000000
vn -1.000000 0.000000 0.000000
vn -1.000000 0.000000 0.000000
vn -1.000000 0.000000 0.000000
vn -1.000000 0.000000 0.000000
vn -1.000000 0.000000 0.000000
vn -1.000000 0.000000 0.000000
vn -1.000000 0.000000 0.000000
vn -1.000000 0.000000 0.000000
vn -1.000000 0.000000 0.000000
vn -1.000000 0.000000 0.000000
vn -1.000000 0.000000 0.000000
vn -1.000000 0.000000 0.000000
vn -1.000000 0.000000 0.000000
vn -1.000000 0.000000 0.000000
vn -1.000000 0.000000 0.000000
vn -1.000000 0.000000 0.000000
vn -1.000000 0.000000 0.000000
vn -1.000000 0.000000 0.000000
vn -1.000000 0.000000 0.000000
vn -1.000000 0.000000 0.000000
vn -1.000000 0.000000 0.000000
vn -1.000000 0.000000 0.000000
vn -1.000000 0.000000 0.000000
vn -1.000000 0.000000 0.000000
vn -1.000000 0.000000 0.000000
vn -1.000000 0.000000 0.000000
vn -1.000000 0.000000 0.000000
vn -1.000000 0.000000 0.000000
vn -1.000000 0.000000 0.000000
vn -1.000000 0.000000 0.000000
vn -1.000000 0.000000 0.000000
vn -1.000000 0.000000 0.000000
vn -1.000000 0.000000 0.000000
vn -1.000000 0.000000 0.000000
vn -1.000000 0.000000 0.000000
vn -1.000000 0.000000 0.000000
vn -1.000000 0.000000 0.000000
vn -1.000000 0.000000 0.000000
vn -1.000000 0.000000 0.000000
vn -1.000000 0.000000 0.000000
vn -1.000000 0.000000 0.000000
vn -1.000000 0.000000 0.000000
vn -1.000000 0.000000 0.000000
vn -1.000000 0.000000 0.000000
vn -1.000000 0.000000 0.000000
vn -1.000000 0.000000 0.000000
vn -1.000000 0.000000 0.000000
vn -1.000000 0.000000 0.000000
vn -1.000000 0.000000 0.000000
vn -1.000000 0.000000 0.000000
vn -1.000000 0.000000 0.000000
vn -1.000000 0.000000 0.000000
vn -1.000000 0.000000 0.000000
vn -1.000000 0.000000 0.000000
vn -1.000000 0.000000 0.000000
vn -1.000000 0.000000 0.000000
vn -1.000000 0.000000 0.000000
vn -1.000000 0.000000 0.000000
vn -1.000000 0.000000 0.000000
vn -1.000000 0.000000 0.000000
vn -1.000000 0.000000 0.000000
vn -1.000000 0.000000 0.000000
vn -1.000000 0.000000 0.000000
vn -1.000000 0.000000 0.000000
vn -1.000000 0.000000 0.000000
vn -1.000000 0.000000 0.000000
vn -1.000000 0.000000 0.000000
vn -1.000000 0.000000 0.000000
vn -1.000000 0.000000 0.000000
vn -1.000000 0.000000 0.000000
vn -1.000000 0.000000 0.000000
vn -1.000000 0.000000 0.000000
vn -1.000000 0.000000 0.000000
vn -1.000000 0.000000 0.000000
vn -1.000000 0.000000 0.000000
vn -1.000000 0.000000 0.000000
vn -1.000000 0.000000 0.000000
vn -1.000000 0.000000 0.000000
vn -1.000000 0.000000 0.000000
vn -1.000000 0.000000 0.000000
vn -1.000000 0.000000 0.000000
vn -1.000000 0.000000 0.000000
vn -1.000000 0.000000 0.000000
vn -1.000000 0.000000 0.000000
vn -1.000000 0.000000 0.000000
vn -1.000000 0.000000 0.000000
vn -1.000000 0.000000 0.000000
vn -1.000000 0.000000 0.000000
vn -1.000000 0.000000 0.000000
vn -1.000000 0.000000 0.000000
vn -1.000000 0.000000 0.000000
vn -1.000000 0.000000 0.000000
vn -1.000000 0.000000 0.000000
vn -1.000000 0.000000 0.000000
vn -1.000000 0.000000 0.000000
vn -1.000000 0.000000 0.000000
vn -1.000000 0.000000 0.000000
vn -1.000000 0.000000 0.000000
vn -1.000000 0.000000 0.000000
vn -1.000000 0.000000 0.000000
vn -1.000000 0.000000 0.000000
vn -1.000000 0.000000 0.000000
vn -1.000000 0.000000 0.000000
vn -1.000000 0.000000 0.000000
vn -1.000000 0.000000 0.000000
vn -1.000000 0.000000 0.000000
vn -1.000000 0.000000 0.000000
vn -1.000000 0.000000 0.000000
vn -1.000000 0.000000 0.000000
vn -1.000000 0.000000 0.000000
vn -1.000000 0.000000 0.000000
vn -1.000000 0.000000 0.000000
vn -1.000000 0.000000 0.000000
vn -1.000000 0.000000 0.000000
vn -1.000000 0.000000 0.000000
vn -1.000000 0.000000 0.000000
vn -1.000000 0.000000 0.000000
vn -1.000000 0.000000 0.000000
vn -1.000000 0.000000 0.000000
vn -1.000000 0.000000 0.000000
vn -1.000000 0.000000 0.000000
vn -1.000000 0.000000 0.000000
vn -1.000000 0.000000 0.000000
vn -1.000000 0.000000 0.000000
vn -1.000000 0.000000 0.000000
vn -1.000000 0.000000 0.000000
vn -1.000000 0.000000 0.000000
vn -1.000000 0.000000 0.000000
vn -1.000000 0.000000 0.000000
vn -1.000000 0.000000 0.000000
vn -1.000000 0.000000 0.000000
vn -1.000000 0.000000 0.000000
vn -1.000000 0.000000 0.000000
vn -1.000000 0.000000 0.000000
vn -1.000000 0.000000 0.000000
vn -1.000000 0.000000 0.000000
vn -1.000000 0.000000 0.000000
vn -1.000000 0.000000 0.000000
vn -1.000000 0.000000 0.000000
vn -1.000000 0.000000 0.000000
vn -1.000000 0.000000 0.000000
vn -1.000000 0.000000 0.000000
vn -1.000000 0.000000 0.000000
vn -1.000000 0.000000 0.000000
vn -1.000000 0.000000 0.000000
vn -1.000000 0.000000 0.000000
vn -1.000000 0.000000 0.000000
vn -1.000000 0.000000 0.000000
vn -1.000000 0.000000 0.000000
vn -1.000000 0.000000 0.000000
vn -1.000000 0.000000 0.000000
vn -1.000000 0.000000 0.000000
vn -1.000000 0.000000 0.000000
vn -1.000000 0.000000 0.000000
vn -1.000000 0.000000 0.000000
vn -1.000000 0.000000 0.000000
vn -1.000000 0.000000 0.000000
vn -1.000000 0.000000 0.000000
vn -1.000000 0.000000 0.000000
vn -1.000000 0.000000 0.000000
vn -1.000000 0.000000 0.000000
vn -1.000000 0.000000 0.000000
vn -1.000000 0.000000 0.000000
vn -1.000000 0.000000 0.000000
vn -1.000000 0.000000 0.000000
vn -1.000000 0.000000 0.000000
vn -1.000000 0.000000 0.000000
vn -1.000000 0.000000 0.000000
vn -1.000000 0.000000 0.000000
vn -1.000000 0.000000 0.000000
vn -1.000000 0.000000 0.000000
vn -1.000000 0.000000 0.000000
vn -1.000000 0.000000 0.000000
vn -1.000000 0.000000 0.000000
vn -1.000000 0.000000 0.000000
vn -1.000000 0.000000 0.000000
vn -1.000000 0.000000 0.000000
vn -1.000000 0.000000 0.000000
vn -1.000000 0.000000 0.000000
vn -1.000000 0.000000 0.000000
vn -1.000000 0.000000 0.000000
vn -1.000000 0.000000 0.000000
vn -1.000000 0.000000 0.000000
vn -1.000000 0.000000 0.000000
vn -1.000000 0.000000 0.000000
vn -1.000000 0.000000 0.000000
vn -1.000000 0.000000 0.000000
vn -1.000000 0.000000 0.000000
vn -1.000000 0.000000 0.000000
vn -1.000000 0.000000 0.000000
vn -1.000000 0.000000 0.000000
vn -1.000000 0.000000 0.000000
vn -1.000000 0.000000 0.000000
vn -1.000000 0.000000 0.000000
vn -1.000000 0.000000 0.000000
vn -1.000000 0.000000 0.000000
vn -1.000000 0.000000 0.000000
vn -1.000000 0.000000 0.000000
vn -1.000000 0.000000 0.000000
vn -1.000000 0.000000 0.000000
vn -1.000000 0.000000 0.000000
vn -1.000000 0.000000 0.000000
vn -1.000000 0.000000 0.000000
vn -1.000000 0.000000 0.000000
vn -1.000000 0.000000 0.000000
vn -1.000000 0.000000 0.000000
vn -1.000000 0.000000 0.000000
vn -1.000000 0.000000 0.000000
vn -1.000000 0.000000 0.000000
vn -1.000000 0.000000 0.000000
vn -1.000000 0.000000 0.000000
vn -1.000000 0.000000 0.000000
vn -1.000000 0.000000 0.000000
vn -1.000000 0.000000 0.000000
vn -1.000000 0.000000 0.000000
vn -1.000000 0.000000 0.000000
vn -1.000000 0.000000 0.000000
vn -1.000000 0.000000 0.000000
vn -1.000000 0.000000 0.000000
vn -1.000000 0.000000 0.000000
vn -1.000000 0.000000 0.000000
vn -1.000000 0.000000 0.000000
vn -1.000000 0.000000 0.000000
vn -1.000000 0.000000 0.000000
vn -1.000000 0.000000 0.000000
vn -1.000000 0.000000 0.000000
vn -1.000000 0.000000 0.000000
vn -1.000000 0.000000 0.000000
vn -1.000000 0.000000 0.000000
vn -1.000000 0.000000 0.000000
vn -1.000000 0.000000 0.000000
vn -1.000000 0.000000 0.000000
vn -1.000000 0.000000 0.000000
vn -1.000000 0.000000 0.000000
vn -1.000000 0.000000 0.000000
vn -1.000000 0.000000 0.000000
vn -1.000000 0.000000 0.000000
vn -1.000000 0.000000 0.000000
vn -1.000000 0.000000 0.000000
vn -1.000000 0.000000 0.000000
vn -1.000000 0.000000 0.000000
vn -1.000000 0.000000 0.000000
vn -1.000000 0.000000 0.000000
vn -1.000000 0.000000 0.000000
vn -1.000000 0.000000 0.000000
vn -1.000000 0.000000 0.000000
vn -1.000000 0.000000 0.000000
vn -1.000000 0.000000 0.000000
vn -1.000000 0.000000 0.000000
vn -1.000000 0.000000 0.000000
vn -1.000000 0.000000 0.000000
vn -1.000000 0.000000 0.000000
vn -1.000000 0.000000 0.000000
vn -1.000000 0.000000 0.000000
vn -1.000000 0.000000 0.000000
vn -1.000000 0.000000 0.000000
vn -1.000000 0.000000 0.000000
vn -1.000000 0.000000 0.000000
vn -1.000000 0.000000 0.000000
vn -1.000000 0.000000 0.000000
vn -1.000000 0.000000 0.000000
vn -1.000000 0.000000 0.000000
vn -1.000000 0.000000 0.000000
vn -1.000000 0.000000 0.000000
vn -1.000000 0.000000 0.000000
vn -1.000000 0.000000 0.000000
vn -1.000000 0.000000 0.000000
vn -1.000000 0.000000 0.000000
vn -1.000000 0.000000 0.000000
vn -1.000000 0.000000 0.000000
vn -1.000000 0.000000 0.000000
vn -1.000000 0.000000 0.000000
vn -1.000000 0.000000 0.000000
vn -1.000000 0.000000 0.000000
vn -1.000000 0.000000 0.000000
vn -1.000000 0.000000 0.000000
vn -1.000000 0.000000 0.000000
vn -1.000000 0.000000 0.000000
vn -1.000000 0.000000 0.000000
vn -1.000000 0.000000 0.000000
vn -1.000000 0.000000 0.000000
vn -1.000000 0.000000 0.000000
vn -1.000000 0.000000 0.000000
vn -1.000000 0.000000 0.000000
vn -1.000000 0.000000 0.000000
vn -1.000000 0.000000 0.000000
vn -1.000000 0.000000 0.000000
vn -1.000000 0.000000 0.000000
vn -1.000000 0.000000 0.000000
vn -1.000000 0.000000 0.000000
vn -1.000000 0.000000 0.000000
vn -1.000000 0.000000 0.000000
vn -1.000000 0.000000 0.000000
vn -1.000000 0.000000 0.000000
vn -1.000000 0.000000 0.000000
vn -1.000000 0.000000 0.000000
vn -1.000000 0.000000 0.000000
vn -1.000000 0.000000 0.000000
vn -1.000000 0.000000 0.000000
vn -1.000000 0.000000 0.000000
vn -1.000000 0.000000 0.000000
vn -1.000000 0.000000 0.000000
vn -1.000000 0.000000 0.000000
vn -1.000000 0.000000 0.000000
vn -1.000000 0.000000 0.000000
vn -1.000000 0.000000 0.000000
vn -1.000000 0.000000 0.000000
vn -1.000000 0.000000 0.000000
vn -1.000000 0.000000 0.000000
vn -1.000000 0.000000 0.000000
vn -1.000000 0.000000 0.000000
vn -1.000000 0.000000 0.000000
vn -1.000000 0.000000 0.000000
vn -1.000000 0.000000 0.000000
vn -1.000000 0.000000 0.000000
vn -1.000000 0.000000 0.000000
vn -1.000000 0.000000 0.000000
vn -1.000000 0.000000 0.000000
vn -1.000000 0.000000 0.000000
vn -1.000000 0.000000 0.000000
vn -1.000000 0.000000 0.000000
vn -1.000000 0.000000 0.000000
vn -1.000000 0.000000 0.000000
vn -1.000000 0.000000 0.000000
vn -1.000000 0.000000 0.000000
vn -1.000000 0.000000 0.000000
vn -1.000000 0.000000 0.000000
vn -1.000000 0.000000 0.000000
vn -1.000000 0.000000 0.000000
vn -1.000000 0.000000 0.000000
vn -1.000000 0.000000 0.000000
vn -1.000000 0.000000 0.000000
vn -1.000000 0.000000 0.000000
vn -1.000000 0.000000 0.000000
vn -1.000000 0.000000 0.000000
vn -1.000000 0.000000 0.000000
vn -1.000000 0.000000 0.000000
vn -1.000000 0.000000 0.000000
vn -1.000000 0.000000 0.000000
vn -1.000000 0.000000 0.000000
vn -1.000000 0.000000 0.000000
vn -1.000000 0.000000 0.000000
vn -1.000000 0.000000 0.000000
vn -1.000000 0.000000 0.000000
vn -1.000000 0.000000 0.000000
vn -1.000000 0.000000 0.000000
vn -1.000000 0.000000 0.000000
vn -1.000000 0.000000 0.000000
vn -1.000000 0.000000 0.000000
vn -1.000000 0.000000 0.000000
vn -1.000000 0.000000 0.000000
vn -1.000000 0.000000 0.000000
vn -1.000000 0.000000 0.000000
vn -1.000000 0.000000 0.000000
vn -1.000000 0.000000 0.000000
vn -1.000000 0.000000 0.000000
vn -1.000000 0.000000 0.000000
vn -1.000000 0.000000 0.000000
vn -1.000000 0.000000 0.000000
vn -1.000000 0.000000 0.000000
vn -1.000000 0.000000 0.000000
vn -1.000000 0.000000 0.000000
vn -1.000000 0.000000 0.000000
vn -1.000000 0.000000 0.000000
vn -1.000000 0.000000 0.000000
vn -1.000000 0.000000 0.000000
vn -1.000000 0.000000 0.000000
vn -1.000000 0.000000 0.000000
vn -1.000000 0.000000 0.000000
vn -1.000000 0.000000 0.000000
vn -1.000000 0.000000 0.000000
vn -1.000000 0.000000 0.000000
vn -1.000000 0.000000 0.000000
vn -1.000000 0.000000 0.000000
vn -1.000000 0.000000 0.000000
vn -1.000000 0.000000 0.000000
vn -1.000000 0.000000 0.000000
vn -1.000000 0.000000 0.000000
vn -1.000000 0.000000 0.000000
vn -1.000000 0.000000 0.000000
vn -1.000000 0.000000 0.000000
vn -1.000000 0.000000 0.000000
vn -1.000000 0.000000 0.000000
vn -1.000000 0.000000 0.000000
vn -1.000000 0.000000 0.000000
vn -1.000000 0.000000 0.000000
vn -1.000000 0.000000 0.000000
vn -1.000000 0.000000 0.000000
vn -1.000000 0.000000 0.000000
vn -1.000000 0.000000 0.000000
vn -1.000000 0.000000 0.000000
vn -1.000000 0.000000 0.000000
vn -1.000000 0.000000 0.000000
vn -1.000000 0.000000 0.000000
vn -1.000000 0.000000 0.000000
vn -1.000000 0.000000 0.000000
vn -1.000000 0.000000 0.000000
vn -1.000000 0.000000 0.000000
vn -1.000000 0.000000 0.000000
vn -1.000000 0.000000 0.000000
vn -1.000000 0.000000 0.000000
vn -1.000000 0.000000 0.000000
vn -1.000000 0.000000 0.000000
vn -1.000000 0.000000 0.000000
vn -1.000000 0.000000 0.000000
vn -1.000000 0.000000 0.000000
vn -1.000000 0.000000 0.000000
vn -1.000000 0.000000 0.000000
vn -1.000000 0.000000 0.000000
vn -1.000000 0.000000 0.000000
vn -1.000000 0.000000 0.000000
vn -1.000000 0.000000 0.000000
vn -1.000000 0.000000 0.000000
vn -1.000000 0.000000 0.000000
vn -1.000000 0.000000 0.000000
vn -1.000000 0.000000 0.000000
vn -1.000000 0.000000 0.000000
vn -1.000000 0.000000 0.000000
vn -1.000000 0.000000 0.000000
vn -1.000000 0.000000 0.000000
vn -1.000000 0.000000 0.000000
vn -1.000000 0.000000 0.000000
vn -1.000000 0.000000 0.000000
vn -1.000000 0.000000 0.000000
vn -1.000000 0.000000 0.000000
vn -1.000000 0.000000 0.000000
vn -1.000000 0.000000 0.000000
vn -1.000000 0.000000 0.000000
vn -1.000000 0.000000 0.000000
vn -1.000000 0.000000 0.000000
vn -1.000000 0.000000 0.000000
vn -1.000000 0.000000 0.000000
vn -1.000000 0.000000 0.000000
vn -1.000000 0.000000 0.000000
vn -1.000000 0.000000 0.000000
vn -1.000000 0.000000 0.000000
vn -1.000000 0.000000 0.000000
vn -1.000000 0.000000 0.000000
vn -1.000000 0.000000 0.000000
vn -1.000000 0.000000 0.000000
vn -1.000000 0.000000 0.000000
vn -1.000000 0.000000 0.000000
vn -1.000000 0.000000 0.000000
vn -1.000000 0.000000 0.000000
vn -1.000000 0.000000 0.000000
vn -1.000000 0.000000 0.000000
vn -1.000000 0.000000 0.000000
vn -1.000000 0.000000 0.000000
vn -1.000000 0.000000 0.000000
vn -1.000000 0.000000 0.000000
vn -1.000000 0.000000 0.000000
vn -1.000000 0.000000 0.000000
vn -1.000000 0.000000 0.000000
vn -1.000000 0.000000 0.000000
vn -1.000000 0.000000 0.000000
vn -1.000000 0.000000 0.000000
vn -1.000000 0.000000 0.000000
vn -1.000000 0.000000 0.000000
vn -1.000000 0.000000 0.000000
vn -1.000000 0.000000 0.000000
vn -1.000000 0.000000 0.000000
vn -1.000000 0.000000 0.000000
vn -1.000000 0.000000 0.000000
vn -1.000000 0.000000 0.000000
vn -1.000000 0.000000 0.000000
vn -1.000000 0.000000 0.000000
vn -1.000000 0.000000 0.000000
vn -1.000000 0.000000 0.000000
vn -1.000000 0.000000 0.000000
vn -1.000000 0.000000 0.000000
vn -1.000000 0.000000 0.000000
vn -1.000000 0.000000 0.000000
vn -1.000000 0.000000 0.000000
vn -1.000000 0.000000 0.000000
vn -1.000000 0.000000 0.000000
vn -1.000000 0.000000 0.000000
vn -1.000000 0.000000 0.000000
vn -1.000000 0.000000 0.000000
vn -1.000000 0.000000 0.000000
vn -1.000000 0.000000 0.000000
vn -1.000000 0.000000 0.000000
vn -1.000000 0.000000 0.000000
vn -1.000000 0.000000 0.000000
vn -1.000000 0.000000 0.000000
vn -1.000000 0.000000 0.000000
vn -1.000000 0.000000 0.000000
vn -1.000000 0.000000 0.000000
vn -1.000000 0.000000 0.000000
vn -1.000000 0.000000 0.000000
vn -1.000000 0.000000 0.000000
vn -1.000000 0.000000 0.000000
vn -1.000000 0.000000 0.000000
vn -1.000000 0.000000 0.000000
vn -1.000000 0.000000 0.000000
vn -1.000000 0.000000 0.000000
vn -1.000000 0.000000 0.000000
vn -1.000000 0.000000 0.000000
vn -1.000000 0.000000 0.000000
vn -1.000000 0.000000 0.000000
vn -1.000000 0.000000 0.000000
vn -1.000000 0.000000 0.000000
vn -1.000000 0.000000 0.000000
vn -1.000000 0.000000 0.000000
vn -1.000000 0.000000 0.000000
vn -1.000000 0.000000 0.000000
vn -1.000000 0.000000 0.000000
vn -1.000000 0.000000 0.000000
vn -1.000000 0.000000 0.000000
vn -1.000000 0.000000 0.000000
vn -1.000000 0.000000 0.000000
vn -1.000000 0.000000 0.000000
vn -1.000000 0.000000 0.000000
vn -1.000000 0.000000 0.000000
vn -1.000000 0.000000 0.000000
vn -1.000000 0.000000 0.000000
vn -1.000000 0.000000 0.000000
vn -1.000000 0.000000 0.000000
vn -1.000000 0.000000 0.000000
vn -1.000000 0.000000 0.000000
vn -1.000000 0.000000 0.000000
vn -1.000000 0.000000 0.000000
vn -1.000000 0.000000 0.000000
vn -1.000000 0.000000 0.000000
vn -1.000000 0.000000 0.000000
vn -1.000000 0.000000 0.000000
vn -1.000000 0.000000 0.000000
vn -1.000000 0.000000 0.000000
vn -1.000000 0.000000 0.000000
vn -1.000000 0.000000 0.000000
vn -1.000000 0.000000 0.000000
vn -1.000000 0.000000 0.000000
vn -1.000000 0.000000 0.000000
vn -1.000000 0.000000 0.000000
vn -1.000000 0.000000 0.000000
vn -1.000000 0.000000 0.000000
vn -1.000000 0.000000 0.000000
vn -1.000000 0.000000 0.000000
vn -1.000000 0.000000 0.000000
vn -1.000000 0.000000 0.000000
vn -1.000000 0.000000 0.000000
vn -1.000000 0.000000 0.000000
vn -1.000000 0.000000 0.000000
vn -1.000000 0.000000 0.000000
vn -1.000000 0.000000 0.000000
vn -1.000000 0.000000 0.000000
vn -1.000000 0.000000 0.000000
vn -1.000000 0.000000 0.000000
vn -1.000000 0.000000 0.000000
vn -1.000000 0.000000 0.000000
vn -1.000000 0.000000 0.000000
vn -1.000000 0.000000 0.000000
vn -1.000000 0.000000 0.000000
vn -1.000000 0.000000 0.000000
vn -1.000000 0.000000 0.000000
vn -1.000000 0.000000 0.000000
vn -1.000000 0.000000 0.000000
vn -1.000000 0.000000 0.000000
vn -1.000000 0.000000 0.000000
vn -1.000000 0.000000 0.000000
vn -1.000000 0.000000 0.000000
vn -1.000000 0.000000 0.000000
vn -1.000000 0.000000 0.000000
vn -1.000000 0.000000 0.000000
vn -1.000000 0.000000 0.000000
vn -1.000000 0.000000 0.000000
vn -1.000000 0.000000 0.000000
vn -1.000000 0.000000 0.000000
vn -1.000000 0.000000 0.000000
vn -1.000000 0.000000 0.000000
vn -1.000000 0.000000 0.000000
vn -1.000000 0.000000 0.000000
vn -1.000000 0.000000 0.000000
vn -1.000000 0.000000 0.000000
vn -1.000000 0.000000 0.000000
vn -1.000000 0.000000 0.000000
vn -1.000000 0.000000 0.000000
vn -1.000000 0.000000 0.000000
vn -1.000000 0.000000 0.000000
vn -1.000000 0.000000 0.000000
vn -1.000000 0.000000 0.000000
vn -1.000000 0.000000 0.000000
vn -1.000000 0.000000 0.000000
vn -1.000000 0.000000 0.000000
vn -1.000000 0.000000 0.000000
vn -1.000000 0.000000 0.000000
vn -1.000000 0.000000 0.000000
vn -1.000000 0.000000 0.000000
vn -1.000000 0.000000 0.000000
vn -1.000000 0.000000 0.000000
vn -1.000000 0.000000 0.000000
vn -1.000000 0.000000 0.000000
vn -1.000000 0.000000 0.000000
vn -1.000000 0.000000 0.000000
vn -1.000000 0.000000 0.000000
vn -1.000000 0.000000 0.000000
vn -1.000000 0.000000 0.000000
vn -1.000000 0.000000 0.000000
vn -1.000000 0.000000 0.000000
vn -1.000000 0.000000 0.000000
vn -1.000000 0.000000 0.000000
vn -1.000000 0.000000 0.000000
vn -1.000000 0.000000 0.000000
vn -1.000000 0.000000 0.000000
vn -1.000000 0.000000 0.000000
vn -1.000000 0.000000 0.000000
vn -1.000000 0.000000 0.000000
vn -1.000000 0.000000 0.000000
vn -1.000000 0.000000 0.000000
vn -1.000000 0.000000 0.000000
vn -1.000000 0.000000 0.000000
vn -1.000000 0.000000 0.000000
vn -1.000000 0.000000 0.000000
vn -1.000000 0.000000 0.000000
vn -1.000000 0.000000 0.000000
vn -1.000000 0.000000 0.000000
vn -1.000000 0.000000 0.000000
vn -1.000000 0.000000 0.000000
vn -1.000000 0.000000 0.000000
vn -1.000000 0.000000 0.000000
vn -1.000000 0.000000 0.000000
vn -1.000000 0.000000 0.000000
vn -1.000000 0.000000 0.000000
vn -1.000000 0.000000 0.000000
vn -1.000000 0.000000 0.000000
vn -1.000000 0.000000 0.000000
vn -1.000000 0.000000 0.000000
vn -1.000000 0.000000 0.000000
vn -1.000000 0.000000 0.000000
vn -1.000000 0.000000 0.000000
vn -1.000000 0.000000 0.000000
vn -1.000000 0.000000 0.000000
vn -1.000000 0.000000 0.000000
vn -1.000000 0.000000 0.000000
vn -1.000000 0.000000 0.000000
vn -1.000000 0.000000 0.000000
vn -1.000000 0.000000 0.000000
vn -1.000000 0.000000 0.000000
vn -1.000000 0.000000 0.000000
vn -1.000000 0.000000 0.000000
vn -1.000000 0.000000 0.000000
vn -1.000000 0.000000 0.000000
vn -1.000000 0.000000 0.000000
vn -1.000000 0.000000 0.000000
vn -1.000000 0.000000 0.000000
vn -1.000000 0.000000 0.000000
vn -1.000000 0.000000 0.000000
vn -1.000000 0.000000 0.000000
vn -1.000000 0.000000 0.000000
vn -1.000000 0.000000 0.000000
vn -1.000000 0.000000 0.000000
vn -1.000000 0.000000 0.000000
vn -1.000000 0.000000 0.000000
vn -1.000000 0.000000 0.000000
vn -1.000000 0.000000 0.000000
vn -1.000000 0.000000 0.000000
vn -1.000000 0.000000 0.000000
vn -1.000000 0.000000 0.000000
vn -1.000000 0.000000 0.000000
vn -1.000000 0.000000 0.000000
vn -1.000000 0.000000 0.000000
vn -1.000000 0.000000 0.000000
vn -1.000000 0.000000 0.000000
vn -1.000000 0.000000 0.000000
vn -1.000000 0.000000 0.000000
vn -1.000000 0.000000 0.000000
vn -1.000000 0.000000 0.000000
vn -1.000000 0.000000 0.000000
vn -1.000000 0.000000 0.000000
vn -1.000000 0.000000 0.000000
vn -1.000000 0.000000 0.000000
vn -1.000000 0.000000 0.000000
vn -1.000000 0.000000 0.000000
vn -1.000000 0.000000 0.000000
vn -1.000000 0.000000 0.000000
vn -1.000000 0.000000 0.000000
vn -1.000000 0.000000 0.000000
vn -1.000000 0.000000 0.000000
vn -1.000000 0.000000 0.000000
vn -1.000000 0.000000 0.000000
vn -1.000000 0.000000 0.000000
vn -1.000000 0.000000 0.000000
vn -1.000000 0.000000 0.000000
vn -1.000000 0.000000 0.000000
vn -1.000000 0.000000 0.000000
vn -1.000000 0.000000 0.000000
vn -1.000000 0.000000 0.000000
vn -1.000000 0.000000 0.000000
vn -1.000000 0.000000 0.000000
vn -1.000000 0.000000 0.000000
vn -1.000000 0.000000 0.000000
vn -1.000000 0.000000 0.000000
vn -1.000000 0.000000 0.000000
vn -1.000000 0.000000 0.000000
vn -1.000000 0.000000 0.000000
vn -1.000000 0.000000 0.000000
vn -1.000000 0.000000 0.000000
vn -1.000000 0.000000 0.000000
vn -1.000000 0.000000 0.000000
vn -1.000000 0.000000 0.000000
vn -1.000000 0.000000 0.000000
vn -1.000000 0.000000 0.000000
vn -1.000000 0.000000 0.000000
vn -1.000000 0.000000 0.000000
vn -1.000000 0.000000 0.000000
vn -1.000000 0.000000 0.000000
vn -1.000000 0.000000 0.000000
vn -1.000000 0.000000 0.000000
vn -1.000000 0.000000 0.000000
vn -1.000000 0.000000 0.000000
vn -1.000000 0.000000 0.000000
vn -1.000000 0.000000 0.000000
vn -1.000000 0.000000 0.000000
vn -1.000000 0.000000 0.000000
vn -1.000000 0.000000 0.000000
vn -1.000000 0.000000 0.000000
vn -1.000000 0.000000 0.000000
vn -1.000000 0.000000 0.000000
vn -1.000000 0.000000 0.000000
vn -1.000000 0.000000 0.000000
vn -1.000000 0.000000 0.000000
vn -1.000000 0.000000 0.000000
vn -1.000000 0.000000 0.000000
vn -1.000000 0.000000 0.000000
vn -1.000000 0.000000 0.000000
vn -1.000000 0.000000 0.000000
vn -1.000000 0.000000 0.000000
vn -1.000000 0.000000 0.000000
vn -1.000000 0.000000 0.000000
vn -1.000000 0.000000 0.000000
vn -1.000000 0.000000 0.000000
vn -1.000000 0.000000 0.000000
vn -1.000000 0.000000 0.000000
vn -1.000000 0.000000 0.000000
vn -1.000000 0.000000 0.000000
vn -1.000000 0.000000 0.000000
vn -1.000000 0.000000 0.000000
vn -1.000000 0.000000 0.000000
vn -1.000000 0.000000 0.000000
vn -1.000000 0.000000 0.000000
vn -1.000000 0.000000 0.000000
vn -1.000000 0.000000 0.000000
vn -1.000000 0.000000 0.000000
vn -1.000000 0.000000 0.000000
vn -1.000000 0.000000 0.000000
vn -1.000000 0.000000 0.000000
vn -1.000000 0.000000 0.000000
vn -1.000000 0.000000 0.000000
vn -1.000000 0.000000 0.000000
vn -1.000000 0.000000 0.000000
vn -1.000000 0.000000 0.000000
vn -1.000000 0.000000 0.000000
vn -1.000000 0.000000 0.000000
vn -1.000000 0.000000 0.000000
vn -1.000000 0.000000 0.000000
vn -1.000000 0.000000 0.000000
vn -1.000000 0.000000 0.000000
vn -1.000000 0.000000 0.000000
vn -1.000000 0.000000 0.000000
vn -1.000000 0.000000 0.000000
vn -1.000000 0.000000 0.000000
vn -1.000000 0.000000 0.000000
vn -1.000000 0.000000 0.000000
vn -1.000000 0.000000 0.000000
vn -1.000000 0.000000 0.000000
vn -1.000000 0.000000 0.000000
vn -1.000000 0.000000 0.000000
vn -1.000000 0.000000 0.000000
vn -1.000000 0.000000 0.000000
vn -1.000000 0.000000 0.000000
vn -1.000000 0.000000 0.000000
vn -1.000000 0.000000 0.000000
vn -1.000000 0.000000 0.000000
vn -1.000000 0.000000 0.000000
vn -1.000000 0.000000 0.000000
vn -1.000000 0.000000 0.000000
vn -1.000000 0.000000 0.000000
vn -1.000000 0.000000 0.000000
vn -1.000000 0.000000 0.000000
vn -1.000000 0.000000 0.000000
vn -1.000000 0.000000 0.000000
vn -1.000000 0.000000 0.000000
vn -1.000000 0.000000 0.000000
vn -1.000000 0.000000 0.000000
vn -1.000000 0.000000 0.000000
vn -1.000000 0.000000 0.000000
vn -1.000000 0.000000 0.000000
vn -1.000000 0.000000 0.000000
vn -1.000000 0.000000 0.000000
vn -1.000000 0.000000 0.000000
vn -1.000000 0.000000 0.000000
vn -1.000000 0.000000 0.000000
vn -1.000000 0.000000 0.000000
vn -1.000000 0.000000 0.000000
vn -1.000000 0.000000 0.000000
vn -1.000000 0.000000 0.000000
vn -1.000000 0.000000 0.000000
vn -1.000000 0.000000 0.000000
vn -1.000000 0.000000 0.000000
vn -1.000000 0.000000 0.000000
vn -1.000000 0.000000 0.000000
vn -1.000000 0.000000 0.000000
vn -1.000000 0.000000 0.000000
vn -1.000000 0.000000 0.000000
vn -1.000000 0.000000 0.000000
vn -1.000000 0.000000 0.000000
vn -1.000000 0.000000 0.000000
vn -1.000000 0.000000 0.000000
vn -1.000000 0.000000 0.000000
vn -1.000000 0.000000 0.000000
vn -1.000000 0.000000 0.000000
vn -1.000000 0.000000 0.000000
vn -1.000000 0.000000 0.000000
vn -1.000000 0.000000 0.000000
vn -1.000000 0.000000 0.000000
vn -1.000000 0.000000 0.000000
vn -1.000000 0.000000 0.000000
vn -1.000000 0.000000 0.000000
vn -1.000000 0.000000 0.000000
vn -1.000000 0.000000 0.000000
vn -1.000000 0.000000 0.000000
vn -1.000000 0.000000 0.000000
vn -1.000000 0.000000 0.000000
vn -1.000000 0.000000 0.000000
vn -1.000000 0.000000 0.000000
vn -1.000000 0.000000 0.000000
vn -1.000000 0.000000 0.000000
vn -1.000000 0.000000 0.000000
vn -1.000000 0.000000 0.000000
vn -1.000000 0.000000 0.000000
vn -1.000000 0.000000 0.000000
vn -1.000000 0.000000 0.000000
vn -1.000000 0.000000 0.000000
vn -1.000000 0.000000 0.000000
vn -1.000000 0.000000 0.000000
vn -1.000000 0.000000 0.000000
vn -1.000000 0.000000 0.000000
vn -1.000000 0.000000 0.000000
vn -1.000000 0.000000 0.000000
vn -1.000000 0.000000 0.000000
vn -1.000000 0.000000 0.000000
vn -1.000000 0.000000 0.000000
vn -1.000000 0.000000 0.000000
vn -1.000000 0.000000 0.000000
vn -1.000000 0.000000 0.000000
vn -1.000000 0.000000 0.000000
vn -1.000000 0.000000 0.000000
vn -1.000000 0.000000 0.000000
vn -1.000000 0.000000 0.000000
vn -1.000000 0.000000 0.000000
vn -1.000000 0.000000 0.000000
vn -1.000000 0.000000 0.000000
vn -1.000000 0.000000 0.000000
vn -1.000000 0.000000 0.000000
vn -1.000000 0.000000 0.000000
vn -1.000000 0.000000 0.000000
vn -1.000000 0.000000 0.000000
vn -1.000000 0.000000 0.000000
vn -1.000000 0.000000 0.000000
vn -1.000000 0.000000 0.000000
vn -1.000000 0.000000 0.000000
vn -1.000000 0.000000 0.000000
vn -1.000000 0.000000 0.000000
vn -1.000000 0.000000 0.000000
vn -1.000000 0.000000 0.000000
vn -1.000000 0.000000 0.000000
vn -1.000000 0.000000 0.000000
vn -1.000000 0.000000 0.000000
vn -1.000000 0.000000 0.000000
vn -1.000000 0.000000 0.000000
vn -1.000000 0.000000 0.000000
vn -1.000000 0.000000 0.000000
vn -1.000000 0.000000 0.000000
vn -1.000000 0.000000 0.000000
vn -1.000000 0.000000 0.000000
vn -1.000000 0.000000 0.000000
vn -1.000000 0.000000 0.000000
vn -1.000000 0.000000 0.000000
vn -1.000000 0.000000 0.000000
vn -1.000000 0.000000 0.000000
vn -1.000000 0.000000 0.000000
vn -1.000000 0.000000 0.000000
vn -1.000000 0.000000 0.000000
vn -1.000000 0.000000 0.000000
vn -1.000000 0.000000 0.000000
vn -1.000000 0.000000 0.000000
vn -1.000000 0.000000 0.000000
vn -1.000000 0.000000 0.000000
vn -1.000000 0.000000 0.000000
f 1//1 2//1 3//1
f 3//2 2//2 4//2
f 4//3 5//3 6//3
f 2//4 5//4 4//4
f 6//5 7//5 8//5
f 5//6 7//6 6//6
f 8//7 9//7 10//7
f 7//8 9//8 8//8
f 10//9 11//9 12//9
f 9//10 11//10 10//10
f 12//11 13//11 14//11
f 11//12 13//12 12//12
f 14//13 15//13 16//13
f 13//14 15//14 14//14
f 16//15 17//15 18//15
f 15//16 17//16 16//16
f 18//17 19//17 20//17
f 20//18 19//18 21//18
f 17//19 19//19 18//19
f 19//20 22//20 21//20
f 21//21 23//21 24//21
f 22//22 23//22 21//22
f 24//23 25//23 26//23
f 26//24 25//24 27//24
f 23//25 25//25 24//25
f 25//26 28//26 27//26
f 27//27 29//27 30//27
f 28//28 29//28 27//28
f 30//29 31//29 32//29
f 29//30 31//30 30//30
f 32//31 33//31 34//31
f 31//32 33//32 32//32
f 34//33 35//33 36//33
f 33//34 35//34 34//34
f 35//35 37//35 36//35
f 36//36 37//36 38//36
f 37//37 39//37 38//37
f 38//38 39//38 40//38
f 39//39 41//39 40//39
f 40//40 41//40 42//40
f 41//41 43//41 42//41
f 42//42 43//42 44//42
f 44//43 43//43 45//43
f 43//44 46//44 45//44
f 45//45 47//45 48//45
f 46//46 47//46 45//46
f 48//47 49//47 50//47
f 47//48 49//48 48//48
f 50//49 51//49 52//49
f 52//50 51//50 53//50
f 49//51 51//51 50//51
f 51//52 54//52 53//52
f 53//53 55//53 56//53
f 54//54 55//54 53//54
f 56//55 57//55 58//55
f 55//56 57//56 56//56
f 58//57 59//57 60//57
f 57//58 59//58 58//58
f 60//59 61//59 62//59
f 59//60 61//60 60//60
f 62//61 63//61 64//61
f 61//62 63//62 62//62
f 64//63 65//63 66//63
f 63//64 65//64 64//64
f 66//65 67//65 68//65
f 65//66 67//66 66//66
f 68//67 69//67 70//67
f 67//68 69//68 68//68
f 70//69 71//69 72//69
f 69//70 71//70 70//70
f 72//71 73//71 74//71
f 71//72 73//72 72//72
f 74//73 75//73 76//73
f 73//74 75//74 74//74
f 76//75 77//75 78//75
f 75//76 77//76 76//76
f 78//77 79//77 80//77
f 80//78 79//78 81//78
f 77//79 79//79 78//79
f 79//80 82//80 81//80
f 81//81 83//81 84//81
f 84//82 83//82 85//82
f 82//83 83//83 81//83
f 83//84 86//84 85//84
f 86//85 87//85 85//85
f 85//86 87//86 88//86
f 88//87 87//87 89//87
f 87//88 90//88 89//88
f 90//89 91//89 89//89
f 89//90 91//90 92//90
f 91//91 93//91 92//91
f 92//92 93//92 94//92
f 93//93 95//93 94//93
f 94//94 95//94 96//94
f 95//95 97//95 96//95
f 96//96 97//96 98//96
f 98//97 97//97 99//97
f 97//98 100//98 99//98
f 100//99 101//99 99//99
f 99//100 101//100 102//100
f 102//101 101//101 103//101
f 101//102 104//102 103//102
f 104//103 105//103 103//103
f 103//104 105//104 106//104
f 105//105 107//105 106//105
f 106//106 107//106 108//106
f 107//107 109//107 108//107
f 108//108 109//108 110//108
f 109//109 111//109 110//109
f 110//110 111//110 112//110
f 112//111 111//111 113//111
f 113//112 114//112 115//112
f 111//113 114//113 113//113
f 114//114 116//114 115//114
f 115//115 117//115 118//115
f 118//116 117//116 119//116
f 116//117 117//117 115//117
f 117//118 120//118 119//118
f 119//119 121//119 122//119
f 122//120 121//120 123//120
f 120//121 121//121 119//121
f 121//122 124//122 123//122
f 123//123 125//123 126//123
f 126//124 125//124 127//124
f 124//125 125//125 123//125
f 127//126 128//126 129//126
f 125//127 128//127 127//127
f 128//128 130//128 129//128
f 129//129 131//129 132//129
f 132//130 131//130 133//130
f 130//131 131//131 129//131
f 131//132 134//132 133//132
f 134//133 135//133 133//133
f 133//134 135//134 136//134
f 136//135 135//135 137//135
f 135//136 138//136 137//136
f 137//137 138//137 139//137
f 138//138 140//138 139//138
f 140//139 141//139 139//139
f 139//140 141//140 142//140
f 142//141 141//141 143//141
f 141//142 144//142 143//142
f 144//143 145//143 143//143
f 143//144 145//144 146//144
f 146//145 145//145 147//145
f 145//146 148//146 147//146
f 147//147 148//147 149//147
f 148//148 150//148 149//148
f 150//149 151//149 149//149
f 149//150 151//150 152//150
f 152//151 151//151 153//151
f 151//152 154//152 153//152
f 154//153 155//153 153//153
f 153//154 155//154 156//154
f 155//155 157//155 156//155
f 156//156 157//156 158//156
f 157//157 159//157 158//157
f 158//158 159//158 160//158
f 159//159 161//159 160//159
f 160//160 161//160 162//160
f 161//161 163//161 162//161
f 162//162 163//162 164//162
f 163//163 165//163 164//163
f 164//164 165//164 166//164
f 166//165 165//165 167//165
f 165//166 168//166 167//166
f 168//167 169//167 167//167
f 167//168 169//168 170//168
f 169//169 171//169 170//169
f 170//170 171//170 172//170
f 171//171 173//171 172//171
f 172//172 173//172 174//172
f 174//173 173//173 175//173
f 173//174 176//174 175//174
f 175//175 176//175 177//175
f 176//176 178//176 177//176
f 177//177 179//177 180//177
f 178//178 179//178 177//178
f 180//179 179//179 181//179
f 179//180 182//180 181//180
f 182//181 183//181 181//181
f 181//182 183//182 184//182
f 184//183 185//183 186//183
f 183//184 185//184 184//184
f 185//185 187//185 186//185
f 186//186 187//186 188//186
f 188//187 187//187 189//187
f 187//188 190//188 189//188
f 190//189 191//189 189//189
f 189//190 191//190 192//190
f 191//191 193//191 192//191
f 192//192 193//192 194//192
f 194//193 193//193 195//193
f 193//194 196//194 195//194
f 196//195 197//195 195//195
f 195//196 197//196 198//196
f 197//197 199//197 198//197
f 198//198 199//198 200//198
f 200//199 201//199 202//199
f 202//200 201//200 203//200
f 199//201 201//201 200//201
f 201//202 204//202 203//202
f 203//203 205//203 206//203
f 204//204 205//204 203//204
f 206//205 207//205 208//205
f 205//206 207//206 206//206
f 208//207 209//207 210//207
f 207//208 209//208 208//208
f 210//209 211//209 212//209
f 209//210 211//210 210//210
f 212//211 213//211 214//211
f 211//212 213//212 212//212
f 214//213 215//213 216//213
f 216//214 215//214 217//214
f 213//215 215//215 214//215
f 217//216 218//216 219//216
f 215//217 218//217 217//217
f 218//218 220//218 219//218
f 219//219 221//219 222//219
f 222//220 221//220 223//220
f 220//221 221//221 219//221
f 221//222 224//222 223//222
f 223//223 225//223 226//223
f 224//224 225//224 223//224
f 226//225 227//225 228//225
f 228//226 227//226 229//226
f 225//227 227//227 226//227
f 227//228 230//228 229//228
f 229//229 231//229 232//229
f 230//230 231//230 229//230
f 231//231 233//231 232//231
f 232//232 233//232 234//232
f 233//233 235//233 234//233
f 234//234 235//234 236//234
f 236//235 237//235 238//235
f 235//236 237//236 236//236
f 238//237 239//237 240//237
f 237//238 239//238 238//238
f 240//239 241//239 242//239
f 239//240 241//240 240//240
f 242//241 243//241 244//241
f 241//242 243//242 242//242
f 244//243 245//243 246//243
f 243//244 245//244 244//244
f 246//245 247//245 248//245
f 245//246 247//246 246//246
f 248//247 249//247 250//247
f 247//248 249//248 248//248
f 250//249 251//249 252//249
f 252//250 251//250 253//250
f 249//251 251//251 250//251
f 251//252 254//252 253//252
f 253//253 255//253 256//253
f 254//254 255//254 253//254
f 256//255 257//255 258//255
f 255//256 257//256 256//256
f 258//257 259//257 260//257
f 257//258 259//258 258//258
f 260//259 261//259 262//259
f 259//260 261//260 260//260
f 262//261 263//261 264//261
f 261//262 263//262 262//262
f 264//263 265//263 266//263
f 263//264 265//264 264//264
f 266//265 267//265 268//265
f 265//266 267//266 266//266
f 267//267 269//267 268//267
f 268//268 269//268 270//268
f 269//269 271//269 270//269
f 270//270 271//270 272//270
f 272//271 271//271 273//271
f 271//272 274//272 273//272
f 274//273 275//273 273//273
f 273//274 275//274 276//274
f 276//275 277//275 278//275
f 275//276 277//276 276//276
f 278//277 279//277 280//277
f 277//278 279//278 278//278
f 280//279 281//279 282//279
f 279//280 281//280 280//280
f 282//281 283//281 284//281
f 284//282 283//282 285//282
f 281//283 283//283 282//283
f 283//284 286//284 285//284
f 285//285 287//285 288//285
f 286//286 287//286 285//286
f 288//287 289//287 290//287
f 287//288 289//288 288//288
f 290//289 291//289 292//289
f 289//290 291//290 290//290
f 292//291 293//291 294//291
f 291//292 293//292 292//292
f 294//293 295//293 296//293
f 293//294 295//294 294//294
f 296//295 297//295 298//295
f 295//296 297//296 296//296
f 298//297 299//297 300//297
f 297//298 299//298 298//298
f 300//299 301//299 302//299
f 299//300 301//300 300//300
f 302//301 303//301 304//301
f 301//302 303//302 302//302
f 304//303 305//303 306//303
f 303//304 305//304 304//304
f 306//305 307//305 308//305
f 305//306 307//306 306//306
f 308//307 309//307 310//307
f 307//308 309//308 308//308
f 310//309 311//309 312//309
f 309//310 311//310 310//310
f 312//311 313//311 314//311
f 314//312 313//312 315//312
f 311//313 313//313 312//313
f 313//314 316//314 315//314
f 315//315 317//315 318//315
f 316//316 317//316 315//316
f 317//317 319//317 318//317
f 318//318 319//318 320//318
f 319//319 321//319 320//319
f 320//320 321//320 322//320
f 322//321 321//321 323//321
f 321//322 324//322 323//322
f 323//323 324//323 325//323
f 324//324 326//324 325//324
f 326//325 327//325 325//325
f 325//326 327//326 328//326
f 328//327 327//327 329//327
f 327//328 330//328 329//328
f 330//329 331//329 329//329
f 329//330 331//330 332//330
f 332//331 331//331 333//331
f 331//332 334//332 333//332
f 334//333 335//333 333//333
f 333//334 335//334 336//334
f 335//335 337//335 336//335
f 336//336 337//336 338//336
f 338//337 337//337 339//337
f 337//338 340//338 339//338
f 340//339 341//339 339//339
f 339//340 341//340 342//340
f 342//341 341//341 343//341
f 341//342 344//342 343//342
f 344//343 345//343 343//343
f 343//344 345//344 346//344
f 346//345 345//345 347//345
f 347//346 348//346 349//346
f 345//347 348//347 347//347
f 348//348 350//348 349//348
f 349//349 351//349 352//349
f 352//350 351//350 353//350
f 350//351 351//351 349//351
f 351//352 354//352 353//352
f 353//353 355//353 356//353
f 356//354 355//354 357//354
f 354//355 355//355 353//355
f 357//356 358//356 359//356
f 355//357 358//357 357//357
f 358//358 360//358 359//358
f 359//359 361//359 362//359
f 360//360 361//360 359//360
f 362//361 363//361 364//361
f 361//362 363//362 362//362
f 364//363 365//363 366//363
f 366//364 365//364 367//364
f 363//365 365//365 364//365
f 365//366 368//366 367//366
f 367//367 368//367 369//367
f 368//368 370//368 369//368
f 370//369 371//369 369//369
f 369//370 371//370 372//370
f 372//371 371//371 373//371
f 371//372 374//372 373//372
f 374//373 375//373 373//373
f 373//374 375//374 376//374
f 376//375 375//375 377//375
f 375//376 378//376 377//376
f 378//377 379//377 377//377
f 377//378 379//378 380//378
f 380//379 379//379 381//379
f 379//380 382//380 381//380
f 381//381 382//381 383//381
f 382//382 384//382 383//382
f 384//383 385//383 383//383
f 383//384 385//384 386//384
f 385//385 387//385 386//385
f 386//386 387//386 388//386
f 387//387 389//387 388//387
f 388//388 389//388 390//388
f 390//389 389//389 391//389
f 389//390 392//390 391//390
f 392//391 393//391 391//391
f 391//392 393//392 394//392
f 394//393 393//393 395//393
f 393//394 396//394 395//394
f 396//395 397//395 395//395
f 395//396 397//396 398//396
f 398//397 397//397 399//397
f 397//398 400//398 399//398
f 400//399 401//399 399//399
f 399//400 401//400 402//400
f 401//401 403//401 402//401
f 402//402 403//402 404//402
f 403//403 405//403 404//403
f 404//404 405//404 406//404
f 406//405 405//405 407//405
f 405//406 408//406 407//406
f 407//407 408//407 409//407
f 408//408 410//408 409//408
f 409//409 411//409 412//409
f 410//410 411//410 409//410
f 412//411 413//411 414//411
f 411//412 413//412 412//412
f 414//413 415//413 416//413
f 413//414 415//414 414//414
f 416//415 417//415 418//415
f 415//416 417//416 416//416
f 417//417 419//417 418//417
f 418//418 419//418 420//418
f 419//419 421//419 420//419
f 420//420 421//420 422//420
f 422//421 421//421 423//421
f 421//422 424//422 423//422
f 424//423 425//423 423//423
f 423//424 425//424 426//424
f 425//425 427//425 426//425
f 426//426 427//426 428//426
f 427//427 429//427 428//427
f 428//428 429//428 430//428
f 429//429 431//429 430//429
f 430//430 431//430 432//430
f 432//431 433//431 434//431
f 434//432 433//432 435//432
f 431//433 433//433 432//433
f 433//434 436//434 435//434
f 435//435 437//435 438//435
f 436//436 437//436 435//436
f 438//437 439//437 440//437
f 437//438 439//438 438//438
f 440//439 441//439 442//439
f 442//440 441//440 443//440
f 439//441 441//441 440//441
f 441//442 444//442 443//442
f 443//443 445//443 446//443
f 446//444 445//444 447//444
f 444//445 445//445 443//445
f 447//446 448//446 449//446
f 445//447 448//447 447//447
f 449//448 450//448 451//448
f 448//449 450//449 449//449
f 450//450 452//450 451//450
f 451//451 453//451 454//451
f 452//452 453//452 451//452
f 454//453 455//453 456//453
f 456//454 455//454 457//454
f 453//455 455//455 454//455
f 455//456 458//456 457//456
f 457//457 459//457 460//457
f 458//458 459//458 457//458
f 460//459 461//459 462//459
f 459//460 461//460 460//460
f 462//461 463//461 464//461
f 461//462 463//462 462//462
f 463//463 1//463 3//463
f 463//464 3//464 464//464
f 465//465 466//465 467//465
f 465//466 467//466 468//466
f 469//467 468//467 470//467
f 469//468 465//468 468//468
f 471//469 470//469 472//469
f 471//470 469//470 470//470
f 473//471 472//471 474//471
f 473//472 471//472 472//472
f 475//473 474//473 476//473
f 475//474 473//474 474//474
f 477//475 476//475 478//475
f 477//476 475//476 476//476
f 479//477 478//477 480//477
f 479//478 477//478 478//478
f 481//479 480//479 482//479
f 481//480 479//480 480//480
f 483//481 482//481 484//481
f 483//482 484//482 485//482
f 483//483 481//483 482//483
f 486//484 483//484 485//484
f 487//485 486//485 485//485
f 487//486 485//486 488//486
f 487//487 488//487 489//487
f 490//488 487//488 489//488
f 491//489 489//489 492//489
f 491//490 490//490 489//490
f 493//491 492//491 494//491
f 493//492 491//492 492//492
f 495//493 494//493 496//493
f 495//494 493//494 494//494
f 497//495 496//495 498//495
f 497//496 498//496 499//496
f 497//497 495//497 496//497
f 500//498 499//498 501//498
f 500//499 497//499 499//499
f 502//500 500//500 501//500
f 503//501 501//501 504//501
f 503//502 502//502 501//502
f 505//503 504//503 506//503
f 505//504 503//504 504//504
f 507//505 506//505 508//505
f 507//506 508//506 509//506
f 507//507 505//507 506//507
f 510//508 507//508 509//508
f 511//509 509//509 512//509
f 511//510 510//510 509//510
f 513//511 512//511 514//511
f 513//512 514//512 515//512
f 513//513 511//513 512//513
f 516//514 513//514 515//514
f 517//515 515//515 518//515
f 517//516 516//516 515//516
f 519//517 518//517 520//517
f 519//518 517//518 518//518
f 521//519 520//519 522//519
f 521//520 519//520 520//520
f 523//521 522//521 524//521
f 523//522 521//522 522//522
f 525//523 524//523 526//523
f 525//524 526//524 527//524
f 525//525 523//525 524//525
f 528//526 525//526 527//526
f 529//527 527//527 530//527
f 529//528 528//528 527//528
f 531//529 530//529 532//529
f 531//530 529//530 530//530
f 533//531 532//531 534//531
f 533//532 534//532 535//532
f 533//533 531//533 532//533
f 536//534 533//534 535//534
f 537//535 536//535 535//535
f 537//536 535//536 538//536
f 539//537 537//537 538//537
f 539//538 538//538 540//538
f 541//539 539//539 540//539
f 541//540 540//540 542//540
f 543//541 541//541 542//541
f 543//542 542//542 544//542
f 545//543 543//543 544//543
f 545//544 544//544 546//544
f 547//545 545//545 546//545
f 547//546 546//546 548//546
f 549//547 547//547 548//547
f 549//548 548//548 550//548
f 551//549 549//549 550//549
f 551//550 550//550 552//550
f 553//551 551//551 552//551
f 553//552 552//552 554//552
f 555//553 553//553 554//553
f 555//554 554//554 556//554
f 557//555 555//555 556//555
f 557//556 556//556 558//556
f 559//557 558//557 560//557
f 559//558 557//558 558//558
f 561//559 560//559 562//559
f 561//560 559//560 560//560
f 563//561 562//561 564//561
f 563//562 561//562 562//562
f 565//563 564//563 566//563
f 565//564 563//564 564//564
f 567//565 566//565 568//565
f 567//566 565//566 566//566
f 569//567 568//567 570//567
f 569//568 570//568 571//568
f 569//569 567//569 568//569
f 572//570 569//570 571//570
f 573//571 571//571 574//571
f 573//572 572//572 571//572
f 575//573 574//573 576//573
f 575//574 573//574 574//574
f 577//575 576//575 578//575
f 577//576 575//576 576//576
f 579//577 578//577 580//577
f 579//578 580//578 581//578
f 579//579 577//579 578//579
f 582//580 579//580 581//580
f 583//581 581//581 584//581
f 583//582 584//582 585//582
f 583//583 582//583 581//583
f 586//584 583//584 585//584
f 587//585 586//585 585//585
f 587//586 585//586 588//586
f 587//587 588//587 589//587
f 590//588 587//588 589//588
f 591//589 590//589 589//589
f 591//590 589//590 592//590
f 591//591 592//591 593//591
f 594//592 591//592 593//592
f 595//593 594//593 593//593
f 595//594 593//594 596//594
f 595//595 596//595 597//595
f 598//596 595//596 597//596
f 598//597 597//597 599//597
f 600//598 598//598 599//598
f 601//599 600//599 599//599
f 601//600 599//600 602//600
f 601//601 602//601 603//601
f 604//602 601//602 603//602
f 605//603 604//603 603//603
f 605//604 603//604 606//604
f 605//605 606//605 607//605
f 608//606 605//606 607//606
f 609//607 608//607 607//607
f 609//608 607//608 610//608
f 609//609 610//609 611//609
f 612//610 609//610 611//610
f 612//611 611//611 613//611
f 614//612 612//612 613//612
f 615//613 614//613 613//613
f 615//614 613//614 616//614
f 615//615 616//615 617//615
f 618//616 615//616 617//616
f 619//617 618//617 617//617
f 619//618 617//618 620//618
f 619//619 620//619 621//619
f 622//620 619//620 621//620
f 623//621 622//621 621//621
f 623//622 621//622 624//622
f 625//623 623//623 624//623
f 625//624 624//624 626//624
f 625//625 626//625 627//625
f 628//626 625//626 627//626
f 629//627 627//627 630//627
f 629//628 628//628 627//628
f 631//629 630//629 632//629
f 631//630 632//630 633//630
f 631//631 629//631 630//631
f 634//632 631//632 633//632
f 635//633 633//633 636//633
f 635//634 634//634 633//634
f 637//635 636//635 638//635
f 637//636 635//636 636//636
f 639//637 637//637 638//637
f 639//638 638//638 640//638
f 639//639 640//639 641//639
f 642//640 639//640 641//640
f 642//641 641//641 643//641
f 644//642 642//642 643//642
f 645//643 644//643 643//643
f 645//644 643//644 646//644
f 647//645 645//645 646//645
f 647//646 646//646 648//646
f 647//647 648//647 649//647
f 650//648 647//648 649//648
f 651//649 650//649 649//649
f 651//650 649//650 652//650
f 653//651 651//651 652//651
f 653//652 652//652 654//652
f 653//653 654//653 655//653
f 656//654 653//654 655//654
f 657//655 656//655 655//655
f 657//656 655//656 658//656
f 659//657 657//657 658//657
f 659//658 658//658 660//658
f 661//659 659//659 660//659
f 661//660 660//660 662//660
f 661//661 662//661 663//661
f 664//662 661//662 663//662
f 665//663 663//663 666//663
f 665//664 664//664 663//664
f 667//665 666//665 668//665
f 667//666 668//666 669//666
f 667//667 665//667 666//667
f 670//668 667//668 669//668
f 670//669 669//669 671//669
f 672//670 670//670 671//670
f 673//671 671//671 674//671
f 673//672 672//672 671//672
f 675//673 674//673 676//673
f 675//674 676//674 677//674
f 675//675 673//675 674//675
f 678//676 675//676 677//676
f 679//677 677//677 680//677
f 679//678 678//678 677//678
f 681//679 680//679 682//679
f 681//680 679//680 680//680
f 683//681 682//681 684//681
f 683//682 684//682 685//682
f 683//683 681//683 682//683
f 686//684 683//684 685//684
f 687//685 686//685 685//685
f 687//686 685//686 688//686
f 689//687 687//687 688//687
f 689//688 688//688 690//688
f 689//689 690//689 691//689
f 692//690 689//690 691//690
f 693//691 691//691 694//691
f 693//692 692//692 691//692
f 695//693 694//693 696//693
f 695//694 693//694 694//694
f 697//695 696//695 698//695
f 697//696 698//696 699//696
f 697//697 695//697 696//697
f 700//698 697//698 699//698
f 701//699 700//699 699//699
f 701//700 699//700 702//700
f 703//701 702//701 704//701
f 703//702 701//702 702//702
f 705//703 704//703 706//703
f 705//704 706//704 707//704
f 705//705 703//705 704//705
f 708//706 705//706 707//706
f 709//707 707//707 710//707
f 709//708 708//708 707//708
f 711//709 710//709 712//709
f 711//710 709//710 710//710
f 713//711 712//711 714//711
f 713//712 711//712 712//712
f 715//713 714//713 716//713
f 715//714 713//714 714//714
f 717//715 716//715 718//715
f 717//716 715//716 716//716
f 719//717 718//717 720//717
f 719//718 717//718 718//718
f 721//719 720//719 722//719
f 721//720 719//720 720//720
f 723//721 722//721 724//721
f 723//722 721//722 722//722
f 725//723 724//723 726//723
f 725//724 723//724 724//724
f 727//725 726//725 728//725
f 727//726 728//726 729//726
f 727//727 725//727 726//727
f 730//728 727//728 729//728
f 731//729 729//729 732//729
f 731//730 730//730 729//730
f 733//731 732//731 734//731
f 733//732 731//732 732//732
f 735//733 734//733 736//733
f 735//734 733//734 734//734
f 737//735 736//735 738//735
f 737//736 735//736 736//736
f 739//737 737//737 738//737
f 739//738 738//738 740//738
f 741//739 739//739 740//739
f 741//740 740//740 742//740
f 741//741 742//741 743//741
f 744//742 741//742 743//742
f 745//743 744//743 743//743
f 745//744 743//744 746//744
f 747//745 745//745 746//745
f 747//746 746//746 748//746
f 747//747 748//747 749//747
f 750//748 747//748 749//748
f 751//749 750//749 749//749
f 751//750 749//750 752//750
f 753//751 751//751 752//751
f 753//752 752//752 754//752
f 755//753 753//753 754//753
f 755//754 754//754 756//754
f 757//755 755//755 756//755
f 757//756 756//756 758//756
f 759//757 757//757 758//757
f 759//758 758//758 760//758
f 761//759 760//759 762//759
f 761//760 759//760 760//760
f 763//761 762//761 764//761
f 763//762 761//762 762//762
f 765//763 764//763 766//763
f 765//764 763//764 764//764
f 767//765 766//765 768//765
f 767//766 768//766 769//766
f 767//767 765//767 766//767
f 770//768 767//768 769//768
f 771//769 769//769 772//769
f 771//770 770//770 769//770
f 773//771 772//771 774//771
f 773//772 771//772 772//772
f 775//773 774//773 776//773
f 775//774 773//774 774//774
f 777//775 776//775 778//775
f 777//776 775//776 776//776
f 779//777 778//777 780//777
f 779//778 780//778 781//778
f 779//779 777//779 778//779
f 782//780 779//780 781//780
f 783//781 781//781 784//781
f 783//782 782//782 781//782
f 785//783 784//783 786//783
f 785//784 783//784 784//784
f 787//785 786//785 788//785
f 787//786 785//786 786//786
f 789//787 787//787 788//787
f 789//788 788//788 790//788
f 791//789 789//789 790//789
f 791//790 790//790 792//790
f 791//791 792//791 793//791
f 794//792 791//792 793//792
f 795//793 794//793 793//793
f 795//794 793//794 796//794
f 797//795 795//795 796//795
f 797//796 796//796 798//796
f 799//797 797//797 798//797
f 799//798 798//798 800//798
f 801//799 799//799 800//799
f 801//800 800//800 802//800
f 803//801 801//801 802//801
f 803//802 802//802 804//802
f 805//803 803//803 804//803
f 805//804 804//804 806//804
f 807//805 805//805 806//805
f 807//806 806//806 808//806
f 809//807 807//807 808//807
f 809//808 808//808 810//808
f 811//809 809//809 810//809
f 811//810 810//810 812//810
f 813//811 811//811 812//811
f 813//812 812//812 814//812
f 813//813 814//813 815//813
f 816//814 813//814 815//814
f 817//815 816//815 815//815
f 817//816 815//816 818//816
f 819//817 817//817 818//817
f 819//818 818//818 820//818
f 819//819 820//819 821//819
f 822//820 819//820 821//820
f 823//821 822//821 821//821
f 823//822 821//822 824//822
f 825//823 823//823 824//823
f 825//824 824//824 826//824
f 827//825 825//825 826//825
f 827//826 826//826 828//826
f 829//827 828//827 830//827
f 829//828 827//828 828//828
f 831//829 830//829 832//829
f 831//830 829//830 830//830
f 833//831 832//831 834//831
f 833//832 831//832 832//832
f 835//833 834//833 836//833
f 835//834 833//834 834//834
f 837//835 836//835 838//835
f 837//836 835//836 836//836
f 839//837 837//837 838//837
f 839//838 838//838 840//838
f 841//839 839//839 840//839
f 841//840 840//840 842//840
f 843//841 841//841 842//841
f 843//842 842//842 844//842
f 845//843 843//843 844//843
f 845//844 844//844 846//844
f 845//845 846//845 847//845
f 848//846 845//846 847//846
f 849//847 848//847 847//847
f 849//848 847//848 850//848
f 851//849 849//849 850//849
f 851//850 850//850 852//850
f 853//851 851//851 852//851
f 853//852 852//852 854//852
f 855//853 853//853 854//853
f 855//854 854//854 856//854
f 857//855 855//855 856//855
f 857//856 856//856 858//856
f 859//857 857//857 858//857
f 859//858 858//858 860//858
f 861//859 859//859 860//859
f 861//860 860//860 862//860
f 863//861 861//861 862//861
f 863//862 862//862 864//862
f 865//863 863//863 864//863
f 865//864 864//864 866//864
f 867//865 866//865 868//865
f 867//866 865//866 866//866
f 869//867 868//867 870//867
f 869//868 867//868 868//868
f 871//869 870//869 872//869
f 871//870 872//870 873//870
f 871//871 869//871 870//871
f 874//872 873//872 875//872
f 874//873 871//873 873//873
f 876//874 874//874 875//874
f 877//875 875//875 878//875
f 877//876 878//876 879//876
f 877//877 876//877 875//877
f 880//878 877//878 879//878
f 881//879 879//879 882//879
f 881//880 880//880 879//880
f 883//881 882//881 884//881
f 883//882 884//882 885//882
f 883//883 881//883 882//883
f 886//884 883//884 885//884
f 887//885 885//885 888//885
f 887//886 888//886 889//886
f 887//887 886//887 885//887
f 890//888 889//888 891//888
f 890//889 887//889 889//889
f 892//890 890//890 891//890
f 893//891 892//891 891//891
f 893//892 891//892 894//892
f 895//893 893//893 894//893
f 895//894 894//894 896//894
f 897//895 896//895 898//895
f 897//896 895//896 896//896
f 899//897 898//897 900//897
f 899//898 897//898 898//898
f 901//899 900//899 902//899
f 901//900 899//900 900//900
f 903//901 902//901 904//901
f 903//902 901//902 902//902
f 905//903 904//903 906//903
f 905//904 903//904 904//904
f 907//905 906//905 908//905
f 907//906 905//906 906//906
f 909//907 908//907 910//907
f 909//908 907//908 908//908
f 911//909 910//909 912//909
f 911//910 909//910 910//910
f 913//911 912//911 914//911
f 913//912 914//912 915//912
f 913//913 911//913 912//913
f 916//914 913//914 915//914
f 917//915 915//915 918//915
f 917//916 918//916 919//916
f 917//917 916//917 915//917
f 920//918 917//918 919//918
f 921//919 919//919 922//919
f 921//920 920//920 919//920
f 466//921 922//921 467//921
f 466//922 921//922 922//922
f 923//923 924//923 925//923
f 923//924 925//924 926//924
f 927//925 926//925 928//925
f 927//926 923//926 926//926
f 929//927 928//927 930//927
f 929//928 927//928 928//928
f 931//929 930//929 932//929
f 931//930 929//930 930//930
f 933//931 932//931 934//931
f 933//932 931//932 932//932
f 935//933 934//933 936//933
f 935//934 933//934 934//934
f 937//935 936//935 938//935
f 937//936 935//936 936//936
f 939//937 938//937 940//937
f 939//938 937//938 938//938
f 941//939 940//939 942//939
f 941//940 942//940 943//940
f 941//941 939//941 940//941
f 944//942 941//942 943//942
f 945//943 944//943 943//943
f 945//944 943//944 946//944
f 945//945 946//945 947//945
f 948//946 945//946 947//946
f 949//947 947//947 950//947
f 949//948 948//948 947//948
f 951//949 950//949 952//949
f 951//950 949//950 950//950
f 953//951 952//951 954//951
f 953//952 951//952 952//952
f 955//953 954//953 956//953
f 955//954 956//954 957//954
f 955//955 953//955 954//955
f 958//956 957//956 959//956
f 958//957 955//957 957//957
f 960//958 958//958 959//958
f 961//959 959//959 962//959
f 961//960 960//960 959//960
f 963//961 962//961 964//961
f 963//962 961//962 962//962
f 965//963 964//963 966//963
f 965//964 966//964 967//964
f 965//965 963//965 964//965
f 968//966 965//966 967//966
f 969//967 967//967 970//967
f 969//968 968//968 967//968
f 971//969 970//969 972//969
f 971//970 972//970 973//970
f 971//971 969//971 970//971
f 974//972 971//972 973//972
f 975//973 973//973 976//973
f 975//974 974//974 973//974
f 977//975 976//975 978//975
f 977//976 975//976 976//976
f 979//977 978//977 980//977
f 979//978 977//978 978//978
f 981//979 980//979 982//979
f 981//980 979//980 980//980
f 983//981 982//981 984//981
f 983//982 984//982 985//982
f 983//983 981//983 982//983
f 986//984 983//984 985//984
f 987//985 985//985 988//985
f 987//986 986//986 985//986
f 989//987 988//987 990//987
f 989//988 987//988 988//988
f 991//989 990//989 992//989
f 991//990 992//990 993//990
f 991//991 989//991 990//991
f 994//992 991//992 993//992
f 995//993 994//993 993//993
f 995//994 993//994 996//994
f 997//995 995//995 996//995
f 997//996 996//996 998//996
f 999//997 997//997 998//997
f 999//998 998//998 1000//998
f 1001//999 999//999 1000//999
f 1001//1000 1000//1000 1002//1000
f 1003//1001 1001//1001 1002//1001
f 1003//1002 1002//1002 1004//1002
f 1005//1003 1003//1003 1004//1003
f 1005//1004 1004//1004 1006//1004
f 1007//1005 1005//1005 1006//1005
f 1007//1006 1006//1006 1008//1006
f 1009//1007 1007//1007 1008//1007
f 1009//1008 1008//1008 1010//1008
f 1011//1009 1009//1009 1010//1009
f 1011//1010 1010//1010 1012//1010
f 1013//1011 1011//1011 1012//1011
f 1013//1012 1012//1012 1014//1012
f 1015//1013 1013//1013 1014//1013
f 1015//1014 1014//1014 1016//1014
f 1017//1015 1016//1015 1018//1015
f 1017//1016 1015//1016 1016//1016
f 1019//1017 1018//1017 1020//1017
f 1019//1018 1017//1018 1018//1018
f 1021//1019 1020//1019 1022//1019
f 1021//1020 1019//1020 1020//1020
f 1023//1021 1022//1021 1024//1021
f 1023//1022 1021//1022 1022//1022
f 1025//1023 1024//1023 1026//1023
f 1025//1024 1023//1024 1024//1024
f 1027//1025 1026//1025 1028//1025
f 1027//1026 1028//1026 1029//1026
f 1027//1027 1025//1027 1026//1027
f 1030//1028 1027//1028 1029//1028
f 1031//1029 1029//1029 1032//1029
f 1031//1030 1030//1030 1029//1030
f 1033//1031 1032//1031 1034//1031
f 1033//1032 1031//1032 1032//1032
f 1035//1033 1034//1033 1036//1033
f 1035//1034 1033//1034 1034//1034
f 1037//1035 1036//1035 1038//1035
f 1037//1036 1038//1036 1039//1036
f 1037//1037 1035//1037 1036//1037
f 1040//1038 1037//1038 1039//1038
f 1041//1039 1039//1039 1042//1039
f 1041//1040 1042//1040 1043//1040
f 1041//1041 1040//1041 1039//1041
f 1044//1042 1041//1042 1043//1042
f 1045//1043 1044//1043 1043//1043
f 1045//1044 1043//1044 1046//1044
f 1045//1045 1046//1045 1047//1045
f 1048//1046 1045//1046 1047//1046
f 1049//1047 1048//1047 1047//1047
f 1049//1048 1047//1048 1050//1048
f 1049//1049 1050//1049 1051//1049
f 1052//1050 1049//1050 1051//1050
f 1053//1051 1052//1051 1051//1051
f 1053//1052 1051//1052 1054//1052
f 1053//1053 1054//1053 1055//1053
f 1056//1054 1053//1054 1055//1054
f 1056//1055 1055//1055 1057//1055
f 1058//1056 1056//1056 1057//1056
f 1059//1057 1058//1057 1057//1057
f 1059//1058 1057//1058 1060//1058
f 1059//1059 1060//1059 1061//1059
f 1062//1060 1059//1060 1061//1060
f 1063//1061 1062//1061 1061//1061
f 1063//1062 1061//1062 1064//1062
f 1063//1063 1064//1063 1065//1063
f 1066//1064 1063//1064 1065//1064
f 1067//1065 1066//1065 1065//1065
f 1067//1066 1065//1066 1068//1066
f 1067//1067 1068//1067 1069//1067
f 1070//1068 1067//1068 1069//1068
f 1070//1069 1069//1069 1071//1069
f 1072//1070 1070//1070 1071//1070
f 1073//1071 1072//1071 1071//1071
f 1073//1072 1071//1072 1074//1072
f 1073//1073 1074//1073 1075//1073
f 1076//1074 1073//1074 1075//1074
f 1077//1075 1076//1075 1075//1075
f 1077//1076 1075//1076 1078//1076
f 1077//1077 1078//1077 1079//1077
f 1080//1078 1077//1078 1079//1078
f 1081//1079 1080//1079 1079//1079
f 1081//1080 1079//1080 1082//1080
f 1083//1081 1081//1081 1082//1081
f 1083//1082 1082//1082 1084//1082
f 1083//1083 1084//1083 1085//1083
f 1086//1084 1083//1084 1085//1084
f 1087//1085 1085//1085 1088//1085
f 1087//1086 1086//1086 1085//1086
f 1089//1087 1088//1087 1090//1087
f 1089//1088 1090//1088 1091//1088
f 1089//1089 1087//1089 1088//1089
f 1092//1090 1089//1090 1091//1090
f 1093//1091 1091//1091 1094//1091
f 1093//1092 1092//1092 1091//1092
f 1095//1093 1094//1093 1096//1093
f 1095//1094 1093//1094 1094//1094
f 1097//1095 1095//1095 1096//1095
f 1097//1096 1096//1096 1098//1096
f 1097//1097 1098//1097 1099//1097
f 1100//1098 1097//1098 1099//1098
f 1100//1099 1099//1099 1101//1099
f 1102//1100 1100//1100 1101//1100
f 1103//1101 1102//1101 1101//1101
f 1103//1102 1101//1102 1104//1102
f 1105//1103 1103//1103 1104//1103
f 1105//1104 1104//1104 1106//1104
f 1105//1105 1106//1105 1107//1105
f 1108//1106 1105//1106 1107//1106
f 1109//1107 1108//1107 1107//1107
f 1109//1108 1107//1108 1110//1108
f 1111//1109 1109//1109 1110//1109
f 1111//1110 1110//1110 1112//1110
f 1111//1111 1112//1111 1113//1111
f 1114//1112 1111//1112 1113//1112
f 1115//1113 1114//1113 1113//1113
f 1115//1114 1113//1114 1116//1114
f 1117//1115 1115//1115 1116//1115
f 1117//1116 1116//1116 1118//1116
f 1119//1117 1117//1117 1118//1117
f 1119//1118 1118//1118 1120//1118
f 1119//1119 1120//1119 1121//1119
f 1122//1120 1119//1120 1121//1120
f 1123//1121 1121//1121 1124//1121
f 1123//1122 1122//1122 1121//1122
f 1125//1123 1124//1123 1126//1123
f 1125//1124 1126//1124 1127//1124
f 1125//1125 1123//1125 1124//1125
f 1128//1126 1125//1126 1127//1126
f 1128//1127 1127//1127 1129//1127
f 1130//1128 1128//1128 1129//1128
f 1131//1129 1129//1129 1132//1129
f 1131//1130 1130//1130 1129//1130
f 1133//1131 1132//1131 1134//1131
f 1133//1132 1134//1132 1135//1132
f 1133//1133 1131//1133 1132//1133
f 1136//1134 1133//1134 1135//1134
f 1137//1135 1135//1135 1138//1135
f 1137//1136 1136//1136 1135//1136
f 1139//1137 1138//1137 1140//1137
f 1139//1138 1137//1138 1138//1138
f 1141//1139 1140//1139 1142//1139
f 1141//1140 1142//1140 1143//1140
f 1141//1141 1139//1141 1140//1141
f 1144//1142 1141//1142 1143//1142
f 1145//1143 1144//1143 1143//1143
f 1145//1144 1143//1144 1146//1144
f 1147//1145 1145//1145 1146//1145
f 1147//1146 1146//1146 1148//1146
f 1147//1147 1148//1147 1149//1147
f 1150//1148 1147//1148 1149//1148
f 1151//1149 1149//1149 1152//1149
f 1151//1150 1150//1150 1149//1150
f 1153//1151 1152//1151 1154//1151
f 1153//1152 1151//1152 1152//1152
f 1155//1153 1154//1153 1156//1153
f 1155//1154 1156//1154 1157//1154
f 1155//1155 1153//1155 1154//1155
f 1158//1156 1155//1156 1157//1156
f 1159//1157 1158//1157 1157//1157
f 1159//1158 1157//1158 1160//1158
f 1161//1159 1160//1159 1162//1159
f 1161//1160 1159//1160 1160//1160
f 1163//1161 1162//1161 1164//1161
f 1163//1162 1164//1162 1165//1162
f 1163//1163 1161//1163 1162//1163
f 1166//1164 1163//1164 1165//1164
f 1167//1165 1165//1165 1168//1165
f 1167//1166 1166//1166 1165//1166
f 1169//1167 1168//1167 1170//1167
f 1169//1168 1167//1168 1168//1168
f 1171//1169 1170//1169 1172//1169
f 1171//1170 1169//1170 1170//1170
f 1173//1171 1172//1171 1174//1171
f 1173//1172 1171//1172 1172//1172
f 1175//1173 1174//1173 1176//1173
f 1175//1174 1173//1174 1174//1174
f 1177//1175 1176//1175 1178//1175
f 1177//1176 1175//1176 1176//1176
f 1179//1177 1178//1177 1180//1177
f 1179//1178 1177//1178 1178//1178
f 1181//1179 1180//1179 1182//1179
f 1181//1180 1179//1180 1180//1180
f 1183//1181 1182//1181 1184//1181
f 1183//1182 1181//1182 1182//1182
f 1185//1183 1184//1183 1186//1183
f 1185//1184 1186//1184 1187//1184
f 1185//1185 1183//1185 1184//1185
f 1188//1186 1185//1186 1187//1186
f 1189//1187 1187//1187 1190//1187
f 1189//1188 1188//1188 1187//1188
f 1191//1189 1190//1189 1192//1189
f 1191//1190 1189//1190 1190//1190
f 1193//1191 1192//1191 1194//1191
f 1193//1192 1191//1192 1192//1192
f 1195//1193 1194//1193 1196//1193
f 1195//1194 1193//1194 1194//1194
f 1197//1195 1195//1195 1196//1195
f 1197//1196 1196//1196 1198//1196
f 1199//1197 1197//1197 1198//1197
f 1199//1198 1198//1198 1200//1198
f 1199//1199 1200//1199 1201//1199
f 1202//1200 1199//1200 1201//1200
f 1203//1201 1202//1201 1201//1201
f 1203//1202 1201//1202 1204//1202
f 1205//1203 1203//1203 1204//1203
f 1205//1204 1204//1204 1206//1204
f 1205//1205 1206//1205 1207//1205
f 1208//1206 1205//1206 1207//1206
f 1209//1207 1208//1207 1207//1207
f 1209//1208 1207//1208 1210//1208
f 1211//1209 1209//1209 1210//1209
f 1211//1210 1210//1210 1212//1210
f 1213//1211 1211//1211 1212//1211
f 1213//1212 1212//1212 1214//1212
f 1215//1213 1213//1213 1214//1213
f 1215//1214 1214//1214 1216//1214
f 1217//1215 1215//1215 1216//1215
f 1217//1216 1216//1216 1218//1216
f 1219//1217 1218//1217 1220//1217
f 1219//1218 1217//1218 1218//1218
f 1221//1219 1220//1219 1222//1219
f 1221//1220 1219//1220 1220//1220
f 1223//1221 1222//1221 1224//1221
f 1223//1222 1221//1222 1222//1222
f 1225//1223 1224//1223 1226//1223
f 1225//1224 1226//1224 1227//1224
f 1225//1225 1223//1225 1224//1225
f 1228//1226 1225//1226 1227//1226
f 1229//1227 1227//1227 1230//1227
f 1229//1228 1228//1228 1227//1228
f 1231//1229 1230//1229 1232//1229
f 1231//1230 1229//1230 1230//1230
f 1233//1231 1232//1231 1234//1231
f 1233//1232 1231//1232 1232//1232
f 1235//1233 1234//1233 1236//1233
f 1235//1234 1233//1234 1234//1234
f 1237//1235 1236//1235 1238//1235
f 1237//1236 1238//1236 1239//1236
f 1237//1237 1235//1237 1236//1237
f 1240//1238 1237//1238 1239//1238
f 1241//1239 1239//1239 1242//1239
f 1241//1240 1240//1240 1239//1240
f 1243//1241 1242//1241 1244//1241
f 1243//1242 1241//1242 1242//1242
f 1245//1243 1244//1243 1246//1243
f 1245//1244 1243//1244 1244//1244
f 1247//1245 1245//1245 1246//1245
f 1247//1246 1246//1246 1248//1246
f 1249//1247 1247//1247 1248//1247
f 1249//1248 1248//1248 1250//1248
f 1249//1249 1250//1249 1251//1249
f 1252//1250 1249//1250 1251//1250
f 1253//1251 1252//1251 1251//1251
f 1253//1252 1251//1252 1254//1252
f 1255//1253 1253//1253 1254//1253
f 1255//1254 1254//1254 1256//1254
f 1257//1255 1255//1255 1256//1255
f 1257//1256 1256//1256 1258//1256
f 1259//1257 1257//1257 1258//1257
f 1259//1258 1258//1258 1260//1258
f 1261//1259 1259//1259 1260//1259
f 1261//1260 1260//1260 1262//1260
f 1263//1261 1261//1261 1262//1261
f 1263//1262 1262//1262 1264//1262
f 1265//1263 1263//1263 1264//1263
f 1265//1264 1264//1264 1266//1264
f 1267//1265 1265//1265 1266//1265
f 1267//1266 1266//1266 1268//1266
f 1269//1267 1267//1267 1268//1267
f 1269//1268 1268//1268 1270//1268
f 1271//1269 1269//1269 1270//1269
f 1271//1270 1270//1270 1272//1270
f 1271//1271 1272//1271 1273//1271
f 1274//1272 1271//1272 1273//1272
f 1275//1273 1274//1273 1273//1273
f 1275//1274 1273//1274 1276//1274
f 1277//1275 1275//1275 1276//1275
f 1277//1276 1276//1276 1278//1276
f 1277//1277 1278//1277 1279//1277
f 1280//1278 1277//1278 1279//1278
f 1281//1279 1280//1279 1279//1279
f 1281//1280 1279//1280 1282//1280
f 1283//1281 1281//1281 1282//1281
f 1283//1282 1282//1282 1284//1282
f 1285//1283 1283//1283 1284//1283
f 1285//1284 1284//1284 1286//1284
f 1287//1285 1286//1285 1288//1285
f 1287//1286 1285//1286 1286//1286
f 1289//1287 1288//1287 1290//1287
f 1289//1288 1287//1288 1288//1288
f 1291//1289 1290//1289 1292//1289
f 1291//1290 1289//1290 1290//1290
f 1293//1291 1292//1291 1294//1291
f 1293//1292 1291//1292 1292//1292
f 1295//1293 1294//1293 1296//1293
f 1295//1294 1293//1294 1294//1294
f 1297//1295 1295//1295 1296//1295
f 1297//1296 1296//1296 1298//1296
f 1299//1297 1297//1297 1298//1297
f 1299//1298 1298//1298 1300//1298
f 1301//1299 1299//1299 1300//1299
f 1301//1300 1300//1300 1302//1300
f 1303//1301 1301//1301 1302//1301
f 1303//1302 1302//1302 1304//1302
f 1303//1303 1304//1303 1305//1303
f 1306//1304 1303//1304 1305//1304
f 1307//1305 1306//1305 1305//1305
f 1307//1306 1305//1306 1308//1306
f 1309//1307 1307//1307 1308//1307
f 1309//1308 1308//1308 1310//1308
f 1311//1309 1309//1309 1310//1309
f 1311//1310 1310//1310 1312//1310
f 1313//1311 1311//1311 1312//1311
f 1313//1312 1312//1312 1314//1312
f 1315//1313 1313//1313 1314//1313
f 1315//1314 1314//1314 1316//1314
f 1317//1315 1315//1315 1316//1315
f 1317//1316 1316//1316 1318//1316
f 1319//1317 1317//1317 1318//1317
f 1319//1318 1318//1318 1320//1318
f 1321//1319 1319//1319 1320//1319
f 1321//1320 1320//1320 1322//1320
f 1323//1321 1321//1321 1322//1321
f 1323//1322 1322//1322 1324//1322
f 1325//1323 1324//1323 1326//1323
f 1325//1324 1323//1324 1324//1324
f 1327//1325 1326//1325 1328//1325
f 1327//1326 1325//1326 1326//1326
f 1329//1327 1328//1327 1330//1327
f 1329//1328 1330//1328 1331//1328
f 1329//1329 1327//1329 1328//1329
f 1332//1330 1331//1330 1333//1330
f 1332//1331 1329//1331 1331//1331
f 1334//1332 1332//1332 1333//1332
f 1335//1333 1333//1333 1336//1333
f 1335//1334 1336//1334 1337//1334
f 1335//1335 1334//1335 1333//1335
f 1338//1336 1335//1336 1337//1336
f 1339//1337 1337//1337 1340//1337
f 1339//1338 1338//1338 1337//1338
f 1341//1339 1340//1339 1342//1339
f 1341//1340 1342//1340 1343//1340
f 1341//1341 1339//1341 1340//1341
f 1344//1342 1341//1342 1343//1342
f 1345//1343 1343//1343 1346//1343
f 1345//1344 1346//1344 1347//1344
f 1345//1345 1344//1345 1343//1345
f 1348//1346 1347//1346 1349//1346
f 1348//1347 1345//1347 1347//1347
f 1350//1348 1348//1348 1349//1348
f 1351//1349 1350//1349 1349//1349
f 1351//1350 1349//1350 1352//1350
f 1353//1351 1351//1351 1352//1351
f 1353//1352 1352//1352 1354//1352
f 1355//1353 1354//1353 1356//1353
f 1355//1354 1353//1354 1354//1354
f 1357//1355 1356//1355 1358//1355
f 1357//1356 1355//1356 1356//1356
f 1359//1357 1358//1357 1360//1357
f 1359//1358 1357//1358 1358//1358
f 1361//1359 1360//1359 1362//1359
f 1361//1360 1359//1360 1360//1360
f 1363//1361 1362//1361 1364//1361
f 1363//1362 1361//1362 1362//1362
f 1365//1363 1364//1363 1366//1363
f 1365//1364 1363//1364 1364//1364
f 1367//1365 1366//1365 1368//1365
f 1367//1366 1365//1366 1366//1366
f 1369//1367 1368//1367 1370//1367
f 1369//1368 1367//1368 1368//1368
f 1371//1369 1370//1369 1372//1369
f 1371//1370 1372//1370 1373//1370
f 1371//1371 1369//1371 1370//1371
f 1374//1372 1371//1372 1373//1372
f 1375//1373 1373//1373 1376//1373
f 1375//1374 1376//1374 1377//1374
f 1375//1375 1374//1375 1373//1375
f 1378//1376 1375//1376 1377//1376
f 1379//1377 1377//1377 1380//1377
f 1379//1378 1378//1378 1377//1378
f 924//1379 1380//1379 925//1379
f 924//1380 1379//1380 1380//1380
f 1381//1381 1382//1381 1383//1381
f 1381//1382 1383//1382 1384//1382
f 1385//1383 1384//1383 1386//1383
f 1385//1384 1381//1384 1384//1384
f 1387//1385 1386//1385 1388//1385
f 1387//1386 1385//1386 1386//1386
f 1389//1387 1388//1387 1390//1387
f 1389//1388 1387//1388 1388//1388
f 1391//1389 1390//1389 1392//1389
f 1391//1390 1389//1390 1390//1390
f 1393//1391 1392//1391 1394//1391
f 1393//1392 1391//1392 1392//1392
f 1395//1393 1394//1393 1396//1393
f 1395//1394 1393//1394 1394//1394
f 1397//1395 1396//1395 1398//1395
f 1397//1396 1395//1396 1396//1396
f 1399//1397 1398//1397 1400//1397
f 1399//1398 1400//1398 1401//1398
f 1399//1399 1397//1399 1398//1399
f 1402//1400 1399//1400 1401//1400
f 1403//1401 1402//1401 1401//1401
f 1403//1402 1401//1402 1404//1402
f 1403//1403 1404//1403 1405//1403
f 1406//1404 1403//1404 1405//1404
f 1407//1405 1405//1405 1408//1405
f 1407//1406 1406//1406 1405//1406
f 1409//1407 1408//1407 1410//1407
f 1409//1408 1407//1408 1408//1408
f 1411//1409 1410//1409 1412//1409
f 1411//1410 1409//1410 1410//1410
f 1413//1411 1412//1411 1414//1411
f 1413//1412 1414//1412 1415//1412
f 1413//1413 1411//1413 1412//1413
f 1416//1414 1415//1414 1417//1414
f 1416//1415 1413//1415 1415//1415
f 1418//1416 1416//1416 1417//1416
f 1419//1417 1417//1417 1420//1417
f 1419//1418 1418//1418 1417//1418
f 1421//1419 1420//1419 1422//1419
f 1421//1420 1419//1420 1420//1420
f 1423//1421 1422//1421 1424//1421
f 1423//1422 1424//1422 1425//1422
f 1423//1423 1421//1423 1422//1423
f 1426//1424 1423//1424 1425//1424
f 1427//1425 1425//1425 1428//1425
f 1427//1426 1426//1426 1425//1426
f 1429//1427 1428//1427 1430//1427
f 1429//1428 1430//1428 1431//1428
f 1429//1429 1427//1429 1428//1429
f 1432//1430 1429//1430 1431//1430
f 1433//1431 1431//1431 1434//1431
f 1433//1432 1432//1432 1431//1432
f 1435//1433 1434//1433 1436//1433
f 1435//1434 1433//1434 1434//1434
f 1437//1435 1436//1435 1438//1435
f 1437//1436 1435//1436 1436//1436
f 1439//1437 1438//1437 1440//1437
f 1439//1438 1437//1438 1438//1438
f 1441//1439 1440//1439 1442//1439
f 1441//1440 1442//1440 1443//1440
f 1441//1441 1439//1441 1440//1441
f 1444//1442 1441//1442 1443//1442
f 1445//1443 1443//1443 1446//1443
f 1445//1444 1444//1444 1443//1444
f 1447//1445 1446//1445 1448//1445
f 1447//1446 1445//1446 1446//1446
f 1449//1447 1448//1447 1450//1447
f 1449//1448 1450//1448 1451//1448
f 1449//1449 1447//1449 1448//1449
f 1452//1450 1449//1450 1451//1450
f 1453//1451 1452//1451 1451//1451
f 1453//1452 1451//1452 1454//1452
f 1455//1453 1453//1453 1454//1453
f 1455//1454 1454//1454 1456//1454
f 1457//1455 1455//1455 1456//1455
f 1457//1456 1456//1456 1458//1456
f 1459//1457 1457//1457 1458//1457
f 1459//1458 1458//1458 1460//1458
f 1461//1459 1459//1459 1460//1459
f 1461//1460 1460//1460 1462//1460
f 1463//1461 1461//1461 1462//1461
f 1463//1462 1462//1462 1464//1462
f 1465//1463 1463//1463 1464//1463
f 1465//1464 1464//1464 1466//1464
f 1467//1465 1465//1465 1466//1465
f 1467//1466 1466//1466 1468//1466
f 1469//1467 1467//1467 1468//1467
f 1469//1468 1468//1468 1470//1468
f 1471//1469 1469//1469 1470//1469
f 1471//1470 1470//1470 1472//1470
f 1473//1471 1471//1471 1472//1471
f 1473//1472 1472//1472 1474//1472
f 1475//1473 1474//1473 1476//1473
f 1475//1474 1473//1474 1474//1474
f 1477//1475 1476//1475 1478//1475
f 1477//1476 1475//1476 1476//1476
f 1479//1477 1478//1477 1480//1477
f 1479//1478 1477//1478 1478//1478
f 1481//1479 1480//1479 1482//1479
f 1481//1480 1479//1480 1480//1480
f 1483//1481 1482//1481 1484//1481
f 1483//1482 1481//1482 1482//1482
f 1485//1483 1484//1483 1486//1483
f 1485//1484 1486//1484 1487//1484
f 1485//1485 1483//1485 1484//1485
f 1488//1486 1485//1486 1487//1486
f 1489//1487 1487//1487 1490//1487
f 1489//1488 1488//1488 1487//1488
f 1491//1489 1490//1489 1492//1489
f 1491//1490 1489//1490 1490//1490
f 1493//1491 1492//1491 1494//1491
f 1493//1492 1491//1492 1492//1492
f 1495//1493 1494//1493 1496//1493
f 1495//1494 1496//1494 1497//1494
f 1495//1495 1493//1495 1494//1495
f 1498//1496 1495//1496 1497//1496
f 1499//1497 1497//1497 1500//1497
f 1499//1498 1500//1498 1501//1498
f 1499//1499 1498//1499 1497//1499
f 1502//1500 1499//1500 1501//1500
f 1503//1501 1502//1501 1501//1501
f 1503//1502 1501//1502 1504//1502
f 1503//1503 1504//1503 1505//1503
f 1506//1504 1503//1504 1505//1504
f 1507//1505 1506//1505 1505//1505
f 1507//1506 1505//1506 1508//1506
f 1507//1507 1508//1507 1509//1507
f 1510//1508 1507//1508 1509//1508
f 1511//1509 1510//1509 1509//1509
f 1511//1510 1509//1510 1512//1510
f 1511//1511 1512//1511 1513//1511
f 1514//1512 1511//1512 1513//1512
f 1514//1513 1513//1513 1515//1513
f 1516//1514 1514//1514 1515//1514
f 1517//1515 1516//1515 1515//1515
f 1517//1516 1515//1516 1518//1516
f 1517//1517 1518//1517 1519//1517
f 1520//1518 1517//1518 1519//1518
f 1521//1519 1520//1519 1519//1519
f 1521//1520 1519//1520 1522//1520
f 1521//1521 1522//1521 1523//1521
f 1524//1522 1521//1522 1523//1522
f 1525//1523 1524//1523 1523//1523
f 1525//1524 1523//1524 1526//1524
f 1525//1525 1526//1525 1527//1525
f 1528//1526 1525//1526 1527//1526
f 1528//1527 1527//1527 1529//1527
f 1530//1528 1528//1528 1529//1528
f 1531//1529 1530//1529 1529//1529
f 1531//1530 1529//1530 1532//1530
f 1531//1531 1532//1531 1533//1531
f 1534//1532 1531//1532 1533//1532
f 1535//1533 1534//1533 1533//1533
f 1535//1534 1533//1534 1536//1534
f 1535//1535 1536//1535 1537//1535
f 1538//1536 1535//1536 1537//1536
f 1539//1537 1538//1537 1537//1537
f 1539//1538 1537//1538 1540//1538
f 1541//1539 1539//1539 1540//1539
f 1541//1540 1540//1540 1542//1540
f 1541//1541 1542//1541 1543//1541
f 1544//1542 1541//1542 1543//1542
f 1545//1543 1543//1543 1546//1543
f 1545//1544 1544//1544 1543//1544
f 1547//1545 1546//1545 1548//1545
f 1547//1546 1548//1546 1549//1546
f 1547//1547 1545//1547 1546//1547
f 1550//1548 1547//1548 1549//1548
f 1551//1549 1549//1549 1552//1549
f 1551//1550 1550//1550 1549//1550
f 1553//1551 1552//1551 1554//1551
f 1553//1552 1551//1552 1552//1552
f 1555//1553 1553//1553 1554//1553
f 1555//1554 1554//1554 1556//1554
f 1555//1555 1556//1555 1557//1555
f 1558//1556 1555//1556 1557//1556
f 1558//1557 1557//1557 1559//1557
f 1560//1558 1558//1558 1559//1558
f 1561//1559 1560//1559 1559//1559
f 1561//1560 1559//1560 1562//1560
f 1563//1561 1561//1561 1562//1561
f 1563//1562 1562//1562 1564//1562
f 1563//1563 1564//1563 1565//1563
f 1566//1564 1563//1564 1565//1564
f 1567//1565 1566//1565 1565//1565
f 1567//1566 1565//1566 1568//1566
f 1569//1567 1567//1567 1568//1567
f 1569//1568 1568//1568 1570//1568
f 1569//1569 1570//1569 1571//1569
f 1572//1570 1569//1570 1571//1570
f 1573//1571 1572//1571 1571//1571
f 1573//1572 1571//1572 1574//1572
f 1575//1573 1573//1573 1574//1573
f 1575//1574 1574//1574 1576//1574
f 1577//1575 1575//1575 1576//1575
f 1577//1576 1576//1576 1578//1576
f 1577//1577 1578//1577 1579//1577
f 1580//1578 1577//1578 1579//1578
f 1581//1579 1579//1579 1582//1579
f 1581//1580 1580//1580 1579//1580
f 1583//1581 1582//1581 1584//1581
f 1583//1582 1584//1582 1585//1582
f 1583//1583 1581//1583 1582//1583
f 1586//1584 1583//1584 1585//1584
f 1586//1585 1585//1585 1587//1585
f 1588//1586 1586//1586 1587//1586
f 1589//1587 1587//1587 1590//1587
f 1589//1588 1588//1588 1587//1588
f 1591//1589 1590//1589 1592//1589
f 1591//1590 1592//1590 1593//1590
f 1591//1591 1589//1591 1590//1591
f 1594//1592 1591//1592 1593//1592
f 1595//1593 1593//1593 1596//1593
f 1595//1594 1594//1594 1593//1594
f 1597//1595 1596//1595 1598//1595
f 1597//1596 1595//1596 1596//1596
f 1599//1597 1598//1597 1600//1597
f 1599//1598 1600//1598 1601//1598
f 1599//1599 1597//1599 1598//1599
f 1602//1600 1599//1600 1601//1600
f 1603//1601 1602//1601 1601//1601
f 1603//1602 1601//1602 1604//1602
f 1605//1603 1603//1603 1604//1603
f 1605//1604 1604//1604 1606//1604
f 1605//1605 1606//1605 1607//1605
f 1608//1606 1605//1606 1607//1606
f 1609//1607 1607//1607 1610//1607
f 1609//1608 1608//1608 1607//1608
f 1611//1609 1610//1609 1612//1609
f 1611//1610 1609//1610 1610//1610
f 1613//1611 1612//1611 1614//1611
f 1613//1612 1614//1612 1615//1612
f 1613//1613 1611//1613 1612//1613
f 1616//1614 1613//1614 1615//1614
f 1617//1615 1616//1615 1615//1615
f 1617//1616 1615//1616 1618//1616
f 1619//1617 1618//1617 1620//1617
f 1619//1618 1617//1618 1618//1618
f 1621//1619 1620//1619 1622//1619
f 1621//1620 1622//1620 1623//1620
f 1621//1621 1619//1621 1620//1621
f 1624//1622 1621//1622 1623//1622
f 1625//1623 1623//1623 1626//1623
f 1625//1624 1624//1624 1623//1624
f 1627//1625 1626//1625 1628//1625
f 1627//1626 1625//1626 1626//1626
f 1629//1627 1628//1627 1630//1627
f 1629//1628 1627//1628 1628//1628
f 1631//1629 1630//1629 1632//1629
f 1631//1630 1629//1630 1630//1630
f 1633//1631 1632//1631 1634//1631
f 1633//1632 1631//1632 1632//1632
f 1635//1633 1634//1633 1636//1633
f 1635//1634 1633//1634 1634//1634
f 1637//1635 1636//1635 1638//1635
f 1637//1636 1635//1636 1636//1636
f 1639//1637 1638//1637 1640//1637
f 1639//1638 1637//1638 1638//1638
f 1641//1639 1640//1639 1642//1639
f 1641//1640 1639//1640 1640//1640
f 1643//1641 1642//1641 1644//1641
f 1643//1642 1644//1642 1645//1642
f 1643//1643 1641//1643 1642//1643
f 1646//1644 1643//1644 1645//1644
f 1647//1645 1645//1645 1648//1645
f 1647//1646 1646//1646 1645//1646
f 1649//1647 1648//1647 1650//1647
f 1649//1648 1647//1648 1648//1648
f 1651//1649 1650//1649 1652//1649
f 1651//1650 1649//1650 1650//1650
f 1653//1651 1652//1651 1654//1651
f 1653//1652 1651//1652 1652//1652
f 1655//1653 1653//1653 1654//1653
f 1655//1654 1654//1654 1656//1654
f 1657//1655 1655//1655 1656//1655
f 1657//1656 1656//1656 1658//1656
f 1657//1657 1658//1657 1659//1657
f 1660//1658 1657//1658 1659//1658
f 1661//1659 1660//1659 1659//1659
f 1661//1660 1659//1660 1662//1660
f 1663//1661 1661//1661 1662//1661
f 1663//1662 1662//1662 1664//1662
f 1663//1663 1664//1663 1665//1663
f 1666//1664 1663//1664 1665//1664
f 1667//1665 1666//1665 1665//1665
f 1667//1666 1665//1666 1668//1666
f 1669//1667 1667//1667 1668//1667
f 1669//1668 1668//1668 1670//1668
f 1671//1669 1669//1669 1670//1669
f 1671//1670 1670//1670 1672//1670
f 1673//1671 1671//1671 1672//1671
f 1673//1672 1672//1672 1674//1672
f 1675//1673 1673//1673 1674//1673
f 1675//1674 1674//1674 1676//1674
f 1677//1675 1676//1675 1678//1675
f 1677//1676 1675//1676 1676//1676
f 1679//1677 1678//1677 1680//1677
f 1679//1678 1677//1678 1678//1678
f 1681//1679 1680//1679 1682//1679
f 1681//1680 1679//1680 1680//1680
f 1683//1681 1682//1681 1684//1681
f 1683//1682 1684//1682 1685//1682
f 1683//1683 1681//1683 1682//1683
f 1686//1684 1683//1684 1685//1684
f 1687//1685 1685//1685 1688//1685
f 1687//1686 1686//1686 1685//1686
f 1689//1687 1688//1687 1690//1687
f 1689//1688 1687//1688 1688//1688
f 1691//1689 1690//1689 1692//1689
f 1691//1690 1689//1690 1690//1690
f 1693//1691 1692//1691 1694//1691
f 1693//1692 1691//1692 1692//1692
f 1695//1693 1694//1693 1696//1693
f 1695//1694 1696//1694 1697//1694
f 1695//1695 1693//1695 1694//1695
f 1698//1696 1695//1696 1697//1696
f 1699//1697 1697//1697 1700//1697
f 1699//1698 1698//1698 1697//1698
f 1701//1699 1700//1699 1702//1699
f 1701//1700 1699//1700 1700//1700
f 1703//1701 1702//1701 1704//1701
f 1703//1702 1701//1702 1702//1702
f 1705//1703 1703//1703 1704//1703
f 1705//1704 1704//1704 1706//1704
f 1707//1705 1705//1705 1706//1705
f 1707//1706 1706//1706 1708//1706
f 1707//1707 1708//1707 1709//1707
f 1710//1708 1707//1708 1709//1708
f 1711//1709 1710//1709 1709//1709
f 1711//1710 1709//1710 1712//1710
f 1713//1711 1711//1711 1712//1711
f 1713//1712 1712//1712 1714//1712
f 1715//1713 1713//1713 1714//1713
f 1715//1714 1714//1714 1716//1714
f 1717//1715 1715//1715 1716//1715
f 1717//1716 1716//1716 1718//1716
f 1719//1717 1717//1717 1718//1717
f 1719//1718 1718//1718 1720//1718
f 1721//1719 1719//1719 1720//1719
f 1721//1720 1720//1720 1722//1720
f 1723//1721 1721//1721 1722//1721
f 1723//1722 1722//1722 1724//1722
f 1725//1723 1723//1723 1724//1723
f 1725//1724 1724//1724 1726//1724
f 1727//1725 1725//1725 1726//1725
f 1727//1726 1726//1726 1728//1726
f 1729//1727 1727//1727 1728//1727
f 1729//1728 1728//1728 1730//1728
f 1729//1729 1730//1729 1731//1729
f 1732//1730 1729//1730 1731//1730
f 1733//1731 1732//1731 1731//1731
f 1733//1732 1731//1732 1734//1732
f 1735//1733 1733//1733 1734//1733
f 1735//1734 1734//1734 1736//1734
f 1735//1735 1736//1735 1737//1735
f 1738//1736 1735//1736 1737//1736
f 1739//1737 1738//1737 1737//1737
f 1739//1738 1737//1738 1740//1738
f 1741//1739 1739//1739 1740//1739
f 1741//1740 1740//1740 1742//1740
f 1743//1741 1741//1741 1742//1741
f 1743//1742 1742//1742 1744//1742
f 1745//1743 1744//1743 1746//1743
f 1745//1744 1743//1744 1744//1744
f 1747//1745 1746//1745 1748//1745
f 1747//1746 1745//1746 1746//1746
f 1749//1747 1748//1747 1750//1747
f 1749//1748 1747//1748 1748//1748
f 1751//1749 1750//1749 1752//1749
f 1751//1750 1749//1750 1750//1750
f 1753//1751 1752//1751 1754//1751
f 1753//1752 1751//1752 1752//1752
f 1755//1753 1753//1753 1754//1753
f 1755//1754 1754//1754 1756//1754
f 1757//1755 1755//1755 1756//1755
f 1757//1756 1756//1756 1758//1756
f 1759//1757 1757//1757 1758//1757
f 1759//1758 1758//1758 1760//1758
f 1761//1759 1759//1759 1760//1759
f 1761//1760 1760//1760 1762//1760
f 1761//1761 1762//1761 1763//1761
f 1764//1762 1761//1762 1763//1762
f 1765//1763 1764//1763 1763//1763
f 1765//1764 1763//1764 1766//1764
f 1767//1765 1765//1765 1766//1765
f 1767//1766 1766//1766 1768//1766
f 1769//1767 1767//1767 1768//1767
f 1769//1768 1768//1768 1770//1768
f 1771//1769 1769//1769 1770//1769
f 1771//1770 1770//1770 1772//1770
f 1773//1771 1771//1771 1772//1771
f 1773//1772 1772//1772 1774//1772
f 1775//1773 1773//1773 1774//1773
f 1775//1774 1774//1774 1776//1774
f 1777//1775 1775//1775 1776//1775
f 1777//1776 1776//1776 1778//1776
f 1779//1777 1777//1777 1778//1777
f 1779//1778 1778//1778 1780//1778
f 1781//1779 1779//1779 1780//1779
f 1781//1780 1780//1780 1782//1780
f 1783//1781 1782//1781 1784//1781
f 1783//1782 1781//1782 1782//1782
f 1785//1783 1784//1783 1786//1783
f 1785//1784 1783//1784 1784//1784
f 1787//1785 1786//1785 1788//1785
f 1787//1786 1788//1786 1789//1786
f 1787//1787 1785//1787 1786//1787
f 1790//1788 1789//1788 1791//1788
f 1790//1789 1787//1789 1789//1789
f 1792//1790 1790//1790 1791//1790
f 1793//1791 1791//1791 1794//1791
f 1793//1792 1794//1792 1795//1792
f 1793//1793 1792//1793 1791//1793
f 1796//1794 1793//1794 1795//1794
f 1797//1795 1795//1795 1798//1795
f 1797//1796 1796//1796 1795//1796
f 1799//1797 1798//1797 1800//1797
f 1799//1798 1800//1798 1801//1798
f 1799//1799 1797//1799 1798//1799
f 1802//1800 1799//1800 1801//1800
f 1803//1801 1801//1801 1804//1801
f 1803//1802 1804//1802 1805//1802
f 1803//1803 1802//1803 1801//1803
f 1806//1804 1805//1804 1807//1804
f 1806//1805 1803//1805 1805//1805
f 1808//1806 1806//1806 1807//1806
f 1809//1807 1808//1807 1807//1807
f 1809//1808 1807//1808 1810//1808
f 1811//1809 1809//1809 1810//1809
f 1811//1810 1810//1810 1812//1810
f 1813//1811 1812//1811 1814//1811
f 1813//1812 1811//1812 1812//1812
f 1815//1813 1814//1813 1816//1813
f 1815//1814 1813//1814 1814//1814
f 1817//1815 1816//1815 1818//1815
f 1817//1816 1815//1816 1816//1816
f 1819//1817 1818//1817 1820//1817
f 1819//1818 1817//1818 1818//1818
f 1821//1819 1820//1819 1822//1819
f 1821//1820 1819//1820 1820//1820
f 1823//1821 1822//1821 1824//1821
f 1823//1822 1821//1822 1822//1822
f 1825//1823 1824//1823 1826//1823
f 1825//1824 1823//1824 1824//1824
f 1827//1825 1826//1825 1828//1825
f 1827//1826 1825//1826 1826//1826
f 1829//1827 1828//1827 1830//1827
f 1829//1828 1830//1828 1831//1828
f 1829//1829 1827//1829 1828//1829
f 1832//1830 1829//1830 1831//1830
f 1833//1831 1831//1831 1834//1831
f 1833//1832 1834//1832 1835//1832
f 1833//1833 1832//1833 1831//1833
f 1836//1834 1833//1834 1835//1834
f 1837//1835 1835//1835 1838//1835
f 1837//1836 1836//1836 1835//1836
f 1382//1837 1838//1837 1383//1837
f 1382//1838 1837//1838 1838//1838
f 171//1839 169//1839 173//1839
f 173//1840 169//1840 176//1840
f 176//1841 169//1841 178//1841
f 169//1842 182//1842 178//1842
f 178//1843 182//1843 179//1843
f 168//1844 165//1844 169//1844
f 182//1845 185//1845 183//1845
f 163//1846 161//1846 165//1846
f 182//1847 190//1847 185//1847
f 185//1848 190//1848 187//1848
f 161//1849 157//1849 165//1849
f 159//1850 157//1850 161//1850
f 155//1851 154//1851 157//1851
f 182//1852 196//1852 190//1852
f 190//1853 196//1853 191//1853
f 191//1854 196//1854 193//1854
f 154//1855 151//1855 157//1855
f 151//1856 148//1856 157//1856
f 150//1857 148//1857 151//1857
f 196//1858 201//1858 197//1858
f 197//1859 201//1859 199//1859
f 196//1860 204//1860 201//1860
f 157//1861 144//1861 165//1861
f 148//1862 144//1862 157//1862
f 145//1863 144//1863 148//1863
f 205//1864 209//1864 207//1864
f 140//1865 138//1865 141//1865
f 209//1866 213//1866 211//1866
f 135//1867 134//1867 138//1867
f 138//1868 131//1868 141//1868
f 134//1869 131//1869 138//1869
f 213//1870 218//1870 215//1870
f 205//1871 218//1871 209//1871
f 209//1872 218//1872 213//1872
f 141//1873 130//1873 144//1873
f 131//1874 130//1874 141//1874
f 130//1875 128//1875 144//1875
f 124//1876 121//1876 125//1876
f 218//1877 230//1877 220//1877
f 220//1878 230//1878 221//1878
f 221//1879 230//1879 224//1879
f 224//1880 230//1880 225//1880
f 225//1881 230//1881 227//1881
f 204//1882 231//1882 205//1882
f 218//1883 231//1883 230//1883
f 196//1884 231//1884 204//1884
f 205//1885 231//1885 218//1885
f 121//1886 116//1886 125//1886
f 117//1887 116//1887 120//1887
f 120//1888 116//1888 121//1888
f 125//1889 116//1889 128//1889
f 114//1890 111//1890 116//1890
f 116//1891 107//1891 128//1891
f 109//1892 107//1892 111//1892
f 111//1893 107//1893 116//1893
f 105//1894 104//1894 107//1894
f 100//1895 97//1895 101//1895
f 101//1896 97//1896 104//1896
f 95//1897 93//1897 97//1897
f 128//1898 90//1898 144//1898
f 107//1899 90//1899 128//1899
f 165//1900 90//1900 169//1900
f 104//1901 90//1901 107//1901
f 91//1902 90//1902 93//1902
f 97//1903 90//1903 104//1903
f 93//1904 90//1904 97//1904
f 144//1905 90//1905 165//1905
f 87//1906 86//1906 90//1906
f 82//1907 79//1907 83//1907
f 83//1908 79//1908 86//1908
f 86//1909 79//1909 90//1909
f 77//1910 75//1910 79//1910
f 79//1911 75//1911 90//1911
f 73//1912 71//1912 75//1912
f 69//1913 67//1913 71//1913
f 65//1914 63//1914 67//1914
f 67//1915 61//1915 71//1915
f 75//1916 61//1916 90//1916
f 71//1917 61//1917 75//1917
f 63//1918 61//1918 67//1918
f 57//1919 55//1919 59//1919
f 59//1920 55//1920 61//1920
f 54//1921 51//1921 55//1921
f 49//1922 47//1922 51//1922
f 51//1923 47//1923 55//1923
f 55//1924 46//1924 61//1924
f 47//1925 46//1925 55//1925
f 39//1926 37//1926 41//1926
f 41//1927 37//1927 43//1927
f 43//1928 37//1928 46//1928
f 37//1929 35//1929 46//1929
f 46//1930 35//1930 61//1930
f 33//1931 31//1931 35//1931
f 31//1932 29//1932 35//1932
f 28//1933 25//1933 29//1933
f 29//1934 23//1934 35//1934
f 25//1935 23//1935 29//1935
f 22//1936 19//1936 23//1936
f 17//1937 15//1937 19//1937
f 19//1938 15//1938 23//1938
f 15//1939 13//1939 23//1939
f 13//1940 11//1940 23//1940
f 9//1941 7//1941 11//1941
f 11//1942 7//1942 23//1942
f 5//1943 2//1943 7//1943
f 23//1944 1//1944 35//1944
f 35//1945 1//1945 61//1945
f 2//1946 1//1946 7//1946
f 169//1947 1//1947 182//1947
f 196//1948 1//1948 231//1948
f 7//1949 1//1949 23//1949
f 90//1950 1//1950 169//1950
f 182//1951 1//1951 196//1951
f 61//1952 1//1952 90//1952
f 865//1953 867//1953 231//1953
f 231//1954 863//1954 865//1954
f 867//1955 869//1955 231//1955
f 231//1956 861//1956 863//1956
f 869//1957 871//1957 231//1957
f 231//1958 859//1958 861//1958
f 871//1959 874//1959 231//1959
f 231//1960 857//1960 859//1960
f 874//1961 876//1961 231//1961
f 231//1962 855//1962 857//1962
f 876//1963 877//1963 231//1963
f 231//1964 853//1964 855//1964
f 877//1965 880//1965 231//1965
f 231//1966 851//1966 853//1966
f 880//1967 881//1967 231//1967
f 231//1968 849//1968 851//1968
f 881//1969 883//1969 231//1969
f 231//1970 848//1970 849//1970
f 883//1971 886//1971 231//1971
f 231//1972 845//1972 848//1972
f 886//1973 887//1973 231//1973
f 231//1974 843//1974 845//1974
f 887//1975 890//1975 231//1975
f 231//1976 841//1976 843//1976
f 890//1977 892//1977 231//1977
f 231//1978 839//1978 841//1978
f 892//1979 893//1979 231//1979
f 231//1980 837//1980 839//1980
f 893//1981 895//1981 231//1981
f 231//1982 835//1982 837//1982
f 895//1983 897//1983 231//1983
f 231//1984 833//1984 835//1984
f 897//1985 899//1985 231//1985
f 231//1986 831//1986 833//1986
f 899//1987 901//1987 231//1987
f 231//1988 829//1988 831//1988
f 901//1989 903//1989 231//1989
f 231//1990 827//1990 829//1990
f 903//1991 905//1991 231//1991
f 231//1992 825//1992 827//1992
f 905//1993 907//1993 231//1993
f 231//1994 823//1994 825//1994
f 907//1995 909//1995 231//1995
f 231//1996 822//1996 823//1996
f 909//1997 911//1997 231//1997
f 231//1998 819//1998 822//1998
f 911//1999 913//1999 231//1999
f 231//2000 817//2000 819//2000
f 913//2001 916//2001 231//2001
f 231//2002 816//2002 817//2002
f 916//2003 917//2003 231//2003
f 231//2004 813//2004 816//2004
f 917//2005 920//2005 231//2005
f 1//2006 811//2006 231//2006
f 231//2007 811//2007 813//2007
f 920//2008 921//2008 231//2008
f 1//2009 809//2009 811//2009
f 1//2010 807//2010 809//2010
f 1//2011 805//2011 807//2011
f 1//2012 803//2012 805//2012
f 1//2013 801//2013 803//2013
f 1//2014 799//2014 801//2014
f 1//2015 797//2015 799//2015
f 1//2016 795//2016 797//2016
f 1//2017 794//2017 795//2017
f 1//2018 791//2018 794//2018
f 1//2019 789//2019 791//2019
f 1//2020 787//2020 789//2020
f 1//2021 785//2021 787//2021
f 1//2022 783//2022 785//2022
f 1//2023 782//2023 783//2023
f 1//2024 779//2024 782//2024
f 1//2025 777//2025 779//2025
f 1//2026 775//2026 777//2026
f 1//2027 773//2027 775//2027
f 1//2028 771//2028 773//2028
f 1//2029 770//2029 771//2029
f 1//2030 767//2030 770//2030
f 1//2031 765//2031 767//2031
f 1//2032 763//2032 765//2032
f 1//2033 761//2033 763//2033
f 1//2034 759//2034 761//2034
f 1//2035 757//2035 759//2035
f 1//2036 755//2036 757//2036
f 1//2037 753//2037 755//2037
f 1//2038 751//2038 753//2038
f 1//2039 750//2039 751//2039
f 1//2040 747//2040 750//2040
f 1//2041 745//2041 747//2041
f 1//2042 744//2042 745//2042
f 1//2043 741//2043 744//2043
f 1//2044 739//2044 741//2044
f 1//2045 737//2045 739//2045
f 1//2046 735//2046 737//2046
f 1//2047 733//2047 735//2047
f 1//2048 731//2048 733//2048
f 1//2049 730//2049 731//2049
f 1//2050 727//2050 730//2050
f 1//2051 725//2051 727//2051
f 1//2052 723//2052 725//2052
f 1//2053 721//2053 723//2053
f 1//2054 719//2054 721//2054
f 1//2055 717//2055 719//2055
f 1//2056 715//2056 717//2056
f 1//2057 713//2057 715//2057
f 519//2058 1323//2058 517//2058
f 517//2059 1325//2059 516//2059
f 1323//2060 1325//2060 517//2060
f 521//2061 1321//2061 519//2061
f 519//2062 1321//2062 1323//2062
f 1325//2063 1327//2063 516//2063
f 516//2064 1327//2064 513//2064
f 521//2065 1319//2065 1321//2065
f 523//2066 1319//2066 521//2066
f 1327//2067 1329//2067 513//2067
f 513//2068 1329//2068 511//2068
f 523//2069 1317//2069 1319//2069
f 525//2070 1317//2070 523//2070
f 1329//2071 1332//2071 511//2071
f 511//2072 1332//2072 510//2072
f 525//2073 1315//2073 1317//2073
f 528//2074 1315//2074 525//2074
f 1332//2075 1334//2075 510//2075
f 510//2076 1334//2076 507//2076
f 528//2077 1313//2077 1315//2077
f 529//2078 1313//2078 528//2078
f 1334//2079 1335//2079 507//2079
f 507//2080 1335//2080 505//2080
f 531//2081 1311//2081 529//2081
f 529//2082 1311//2082 1313//2082
f 1335//2083 1338//2083 505//2083
f 505//2084 1338//2084 503//2084
f 531//2085 1309//2085 1311//2085
f 533//2086 1309//2086 531//2086
f 1338//2087 1339//2087 503//2087
f 503//2088 1339//2088 502//2088
f 536//2089 1307//2089 533//2089
f 533//2090 1307//2090 1309//2090
f 1339//2091 1341//2091 502//2091
f 502//2092 1341//2092 500//2092
f 536//2093 1306//2093 1307//2093
f 537//2094 1306//2094 536//2094
f 1341//2095 1344//2095 500//2095
f 500//2096 1344//2096 497//2096
f 537//2097 1303//2097 1306//2097
f 539//2098 1303//2098 537//2098
f 1344//2099 1345//2099 497//2099
f 497//2100 1345//2100 495//2100
f 539//2101 1301//2101 1303//2101
f 541//2102 1301//2102 539//2102
f 1345//2103 1348//2103 495//2103
f 495//2104 1348//2104 493//2104
f 543//2105 1299//2105 541//2105
f 541//2106 1299//2106 1301//2106
f 493//2107 1350//2107 491//2107
f 1348//2108 1350//2108 493//2108
f 545//2109 1297//2109 543//2109
f 543//2110 1297//2110 1299//2110
f 1350//2111 1351//2111 491//2111
f 491//2112 1351//2112 490//2112
f 545//2113 1295//2113 1297//2113
f 547//2114 1295//2114 545//2114
f 490//2115 1353//2115 487//2115
f 1351//2116 1353//2116 490//2116
f 549//2117 1293//2117 547//2117
f 547//2118 1293//2118 1295//2118
f 1353//2119 1355//2119 487//2119
f 487//2120 1355//2120 486//2120
f 549//2121 1291//2121 1293//2121
f 551//2122 1291//2122 549//2122
f 486//2123 1357//2123 483//2123
f 1355//2124 1357//2124 486//2124
f 553//2125 1289//2125 551//2125
f 551//2126 1289//2126 1291//2126
f 483//2127 1359//2127 481//2127
f 1357//2128 1359//2128 483//2128
f 553//2129 1287//2129 1289//2129
f 555//2130 1287//2130 553//2130
f 481//2131 1361//2131 479//2131
f 1359//2132 1361//2132 481//2132
f 557//2133 1285//2133 555//2133
f 555//2134 1285//2134 1287//2134
f 479//2135 1363//2135 477//2135
f 1361//2136 1363//2136 479//2136
f 559//2137 1283//2137 557//2137
f 557//2138 1283//2138 1285//2138
f 477//2139 1365//2139 475//2139
f 1363//2140 1365//2140 477//2140
f 559//2141 1281//2141 1283//2141
f 561//2142 1281//2142 559//2142
f 475//2143 1367//2143 473//2143
f 1365//2144 1367//2144 475//2144
f 563//2145 1280//2145 561//2145
f 561//2146 1280//2146 1281//2146
f 473//2147 1369//2147 471//2147
f 1367//2148 1369//2148 473//2148
f 565//2149 1277//2149 563//2149
f 563//2150 1277//2150 1280//2150
f 567//2151 1275//2151 565//2151
f 565//2152 1275//2152 1277//2152
f 569//2153 1274//2153 567//2153
f 567//2154 1274//2154 1275//2154
f 572//2155 1271//2155 569//2155
f 569//2156 1271//2156 1274//2156
f 573//2157 1269//2157 572//2157
f 572//2158 1269//2158 1271//2158
f 573//2159 1267//2159 1269//2159
f 575//2160 1267//2160 573//2160
f 575//2161 1265//2161 1267//2161
f 577//2162 1265//2162 575//2162
f 577//2163 1263//2163 1265//2163
f 579//2164 1263//2164 577//2164
f 579//2165 1261//2165 1263//2165
f 582//2166 1261//2166 579//2166
f 582//2167 1259//2167 1261//2167
f 583//2168 1259//2168 582//2168
f 583//2169 1257//2169 1259//2169
f 586//2170 1257//2170 583//2170
f 586//2171 1255//2171 1257//2171
f 587//2172 1255//2172 586//2172
f 587//2173 1253//2173 1255//2173
f 590//2174 1253//2174 587//2174
f 590//2175 1252//2175 1253//2175
f 591//2176 1252//2176 590//2176
f 591//2177 1249//2177 1252//2177
f 594//2178 1249//2178 591//2178
f 594//2179 1247//2179 1249//2179
f 595//2180 1247//2180 594//2180
f 595//2181 1245//2181 1247//2181
f 598//2182 1245//2182 595//2182
f 598//2183 1243//2183 1245//2183
f 600//2184 1243//2184 598//2184
f 600//2185 1241//2185 1243//2185
f 601//2186 1241//2186 600//2186
f 601//2187 1240//2187 1241//2187
f 604//2188 1240//2188 601//2188
f 604//2189 1237//2189 1240//2189
f 605//2190 1237//2190 604//2190
f 608//2191 1235//2191 605//2191
f 605//2192 1235//2192 1237//2192
f 609//2193 1233//2193 608//2193
f 608//2194 1233//2194 1235//2194
f 612//2195 1231//2195 609//2195
f 609//2196 1231//2196 1233//2196
f 614//2197 1229//2197 612//2197
f 612//2198 1229//2198 1231//2198
f 615//2199 1228//2199 614//2199
f 614//2200 1228//2200 1229//2200
f 618//2201 1225//2201 615//2201
f 615//2202 1225//2202 1228//2202
f 619//2203 1223//2203 618//2203
f 618//2204 1223//2204 1225//2204
f 622//2205 1221//2205 619//2205
f 619//2206 1221//2206 1223//2206
f 622//2207 1219//2207 1221//2207
f 623//2208 1219//2208 622//2208
f 625//2209 1217//2209 623//2209
f 623//2210 1217//2210 1219//2210
f 628//2211 1215//2211 625//2211
f 625//2212 1215//2212 1217//2212
f 628//2213 1213//2213 1215//2213
f 629//2214 1213//2214 628//2214
f 631//2215 1211//2215 629//2215
f 629//2216 1211//2216 1213//2216
f 634//2217 1209//2217 631//2217
f 631//2218 1209//2218 1211//2218
f 634//2219 1208//2219 1209//2219
f 635//2220 1208//2220 634//2220
f 637//2221 1205//2221 635//2221
f 635//2222 1205//2222 1208//2222
f 639//2223 1203//2223 637//2223
f 637//2224 1203//2224 1205//2224
f 642//2225 1202//2225 639//2225
f 639//2226 1202//2226 1203//2226
f 644//2227 1199//2227 642//2227
f 642//2228 1199//2228 1202//2228
f 645//2229 1197//2229 644//2229
f 644//2230 1197//2230 1199//2230
f 647//2231 1195//2231 645//2231
f 645//2232 1195//2232 1197//2232
f 650//2233 1193//2233 647//2233
f 647//2234 1193//2234 1195//2234
f 651//2235 1191//2235 650//2235
f 650//2236 1191//2236 1193//2236
f 653//2237 1189//2237 651//2237
f 651//2238 1189//2238 1191//2238
f 653//2239 1188//2239 1189//2239
f 656//2240 1188//2240 653//2240
f 657//2241 1185//2241 656//2241
f 656//2242 1185//2242 1188//2242
f 659//2243 1183//2243 657//2243
f 657//2244 1183//2244 1185//2244
f 661//2245 1181//2245 659//2245
f 659//2246 1181//2246 1183//2246
f 664//2247 1179//2247 661//2247
f 661//2248 1179//2248 1181//2248
f 665//2249 1177//2249 664//2249
f 664//2250 1177//2250 1179//2250
f 667//2251 1175//2251 665//2251
f 665//2252 1175//2252 1177//2252
f 670//2253 1173//2253 667//2253
f 667//2254 1173//2254 1175//2254
f 672//2255 1171//2255 670//2255
f 670//2256 1171//2256 1173//2256
f 673//2257 1169//2257 672//2257
f 672//2258 1169//2258 1171//2258
f 673//2259 1167//2259 1169//2259
f 675//2260 1167//2260 673//2260
f 678//2261 1166//2261 675//2261
f 675//2262 1166//2262 1167//2262
f 679//2263 1163//2263 678//2263
f 678//2264 1163//2264 1166//2264
f 679//2265 1161//2265 1163//2265
f 681//2266 1161//2266 679//2266
f 465//2267 233//2267 466//2267
f 469//2268 233//2268 465//2268
f 471//2269 233//2269 469//2269
f 921//2270 233//2270 231//2270
f 466//2271 233//2271 921//2271
f 923//2272 233//2272 924//2272
f 927//2273 233//2273 923//2273
f 929//2274 233//2274 927//2274
f 931//2275 233//2275 929//2275
f 933//2276 233//2276 931//2276
f 935//2277 233//2277 933//2277
f 937//2278 233//2278 935//2278
f 939//2279 233//2279 937//2279
f 941//2280 233//2280 939//2280
f 944//2281 233//2281 941//2281
f 945//2282 233//2282 944//2282
f 948//2283 233//2283 945//2283
f 949//2284 233//2284 948//2284
f 951//2285 233//2285 949//2285
f 953//2286 233//2286 951//2286
f 955//2287 233//2287 953//2287
f 958//2288 233//2288 955//2288
f 960//2289 233//2289 958//2289
f 961//2290 233//2290 960//2290
f 963//2291 233//2291 961//2291
f 965//2292 233//2292 963//2292
f 1371//2293 233//2293 1369//2293
f 968//2294 233//2294 965//2294
f 1374//2295 233//2295 1371//2295
f 969//2296 233//2296 968//2296
f 1375//2297 233//2297 1374//2297
f 1378//2298 233//2298 1375//2298
f 1379//2299 233//2299 1378//2299
f 924//2300 233//2300 1379//2300
f 1369//2301 233//2301 471//2301
f 981//2302 1781//2302 979//2302
f 983//2303 1781//2303 981//2303
f 1781//2304 1783//2304 979//2304
f 986//2305 1779//2305 983//2305
f 983//2306 1779//2306 1781//2306
f 1783//2307 1785//2307 979//2307
f 979//2308 1785//2308 977//2308
f 986//2309 1777//2309 1779//2309
f 987//2310 1777//2310 986//2310
f 1785//2311 1787//2311 977//2311
f 977//2312 1787//2312 975//2312
f 987//2313 1775//2313 1777//2313
f 989//2314 1775//2314 987//2314
f 974//2315 1790//2315 971//2315
f 975//2316 1790//2316 974//2316
f 1787//2317 1790//2317 975//2317
f 989//2318 1773//2318 1775//2318
f 991//2319 1773//2319 989//2319
f 1790//2320 1792//2320 971//2320
f 991//2321 1771//2321 1773//2321
f 969//2322 1793//2322 233//2322
f 1792//2323 1793//2323 971//2323
f 971//2324 1793//2324 969//2324
f 991//2325 1769//2325 1771//2325
f 994//2326 1769//2326 991//2326
f 1793//2327 1796//2327 233//2327
f 994//2328 1767//2328 1769//2328
f 995//2329 1767//2329 994//2329
f 1796//2330 1797//2330 233//2330
f 995//2331 1765//2331 1767//2331
f 997//2332 1765//2332 995//2332
f 1797//2333 1799//2333 233//2333
f 997//2334 1764//2334 1765//2334
f 999//2335 1764//2335 997//2335
f 1799//2336 1802//2336 233//2336
f 999//2337 1761//2337 1764//2337
f 1001//2338 1761//2338 999//2338
f 1003//2339 1761//2339 1001//2339
f 1802//2340 1803//2340 233//2340
f 1003//2341 1759//2341 1761//2341
f 1803//2342 1806//2342 233//2342
f 1003//2343 1757//2343 1759//2343
f 1005//2344 1757//2344 1003//2344
f 1806//2345 1808//2345 233//2345
f 1005//2346 1755//2346 1757//2346
f 1007//2347 1755//2347 1005//2347
f 1009//2348 1755//2348 1007//2348
f 1808//2349 1809//2349 233//2349
f 1009//2350 1753//2350 1755//2350
f 1809//2351 1811//2351 233//2351
f 1011//2352 1751//2352 1009//2352
f 1013//2353 1751//2353 1011//2353
f 1009//2354 1751//2354 1753//2354
f 1811//2355 1813//2355 233//2355
f 1013//2356 1749//2356 1751//2356
f 1813//2357 1815//2357 233//2357
f 1015//2358 1747//2358 1013//2358
f 1013//2359 1747//2359 1749//2359
f 1815//2360 1817//2360 233//2360
f 1015//2361 1745//2361 1747//2361
f 1017//2362 1745//2362 1015//2362
f 1817//2363 1819//2363 233//2363
f 1019//2364 1743//2364 1017//2364
f 1017//2365 1743//2365 1745//2365
f 1819//2366 1821//2366 233//2366
f 1021//2367 1741//2367 1019//2367
f 1023//2368 1741//2368 1021//2368
f 1019//2369 1741//2369 1743//2369
f 1821//2370 1823//2370 233//2370
f 1023//2371 1739//2371 1741//2371
f 1823//2372 1825//2372 233//2372
f 1025//2373 1738//2373 1023//2373
f 1027//2374 1738//2374 1025//2374
f 1023//2375 1738//2375 1739//2375
f 1825//2376 1827//2376 233//2376
f 1027//2377 1735//2377 1738//2377
f 1827//2378 1829//2378 233//2378
f 1030//2379 1733//2379 1027//2379
f 1031//2380 1733//2380 1030//2380
f 1027//2381 1733//2381 1735//2381
f 1829//2382 1832//2382 233//2382
f 1031//2383 1732//2383 1733//2383
f 1832//2384 1833//2384 233//2384
f 1033//2385 1729//2385 1031//2385
f 1031//2386 1729//2386 1732//2386
f 1833//2387 1836//2387 233//2387
f 1035//2388 1727//2388 1033//2388
f 1037//2389 1727//2389 1035//2389
f 1033//2390 1727//2390 1729//2390
f 1836//2391 1837//2391 233//2391
f 1037//2392 1725//2392 1727//2392
f 233//2393 1382//2393 235//2393
f 1837//2394 1382//2394 233//2394
f 1040//2395 1723//2395 1037//2395
f 1041//2396 1723//2396 1040//2396
f 1037//2397 1723//2397 1725//2397
f 235//2398 1381//2398 237//2398
f 1382//2399 1381//2399 235//2399
f 1041//2400 1721//2400 1723//2400
f 237//2401 1385//2401 239//2401
f 1381//2402 1385//2402 237//2402
f 1044//2403 1719//2403 1041//2403
f 1041//2404 1719//2404 1721//2404
f 239//2405 1387//2405 241//2405
f 1385//2406 1387//2406 239//2406
f 1044//2407 1717//2407 1719//2407
f 1045//2408 1717//2408 1044//2408
f 241//2409 1389//2409 243//2409
f 1387//2410 1389//2410 241//2410
f 1045//2411 1715//2411 1717//2411
f 1048//2412 1715//2412 1045//2412
f 243//2413 1391//2413 245//2413
f 1389//2414 1391//2414 243//2414
f 1049//2415 1713//2415 1048//2415
f 1048//2416 1713//2416 1715//2416
f 1391//2417 1393//2417 245//2417
f 245//2418 1393//2418 247//2418
f 1052//2419 1711//2419 1049//2419
f 1049//2420 1711//2420 1713//2420
f 1393//2421 1395//2421 247//2421
f 247//2422 1395//2422 249//2422
f 1053//2423 1710//2423 1052//2423
f 1052//2424 1710//2424 1711//2424
f 249//2425 1397//2425 251//2425
f 1395//2426 1397//2426 249//2426
f 1056//2427 1707//2427 1053//2427
f 1053//2428 1707//2428 1710//2428
f 251//2429 1399//2429 254//2429
f 1397//2430 1399//2430 251//2430
f 1056//2431 1705//2431 1707//2431
f 1058//2432 1705//2432 1056//2432
f 1059//2433 1705//2433 1058//2433
f 254//2434 1402//2434 255//2434
f 1399//2435 1402//2435 254//2435
f 1059//2436 1703//2436 1705//2436
f 255//2437 1403//2437 257//2437
f 1402//2438 1403//2438 255//2438
f 1062//2439 1701//2439 1059//2439
f 1059//2440 1701//2440 1703//2440
f 257//2441 1406//2441 259//2441
f 1403//2442 1406//2442 257//2442
f 1062//2443 1699//2443 1701//2443
f 1063//2444 1699//2444 1062//2444
f 259//2445 1407//2445 261//2445
f 1406//2446 1407//2446 259//2446
f 1066//2447 1698//2447 1063//2447
f 1067//2448 1698//2448 1066//2448
f 1063//2449 1698//2449 1699//2449
f 261//2450 1409//2450 263//2450
f 1407//2451 1409//2451 261//2451
f 1070//2452 1695//2452 1067//2452
f 1067//2453 1695//2453 1698//2453
f 1409//2454 1411//2454 263//2454
f 263//2455 1411//2455 265//2455
f 1070//2456 1693//2456 1695//2456
f 1411//2457 1413//2457 265//2457
f 265//2458 1413//2458 267//2458
f 1072//2459 1691//2459 1070//2459
f 1070//2460 1691//2460 1693//2460
f 267//2461 1416//2461 269//2461
f 1413//2462 1416//2462 267//2462
f 1073//2463 1689//2463 1072//2463
f 1076//2464 1689//2464 1073//2464
f 1072//2465 1689//2465 1691//2465
f 269//2466 1418//2466 271//2466
f 1416//2467 1418//2467 269//2467
f 1076//2468 1687//2468 1689//2468
f 271//2469 1419//2469 274//2469
f 1418//2470 1419//2470 271//2470
f 1077//2471 1686//2471 1076//2471
f 1076//2472 1686//2472 1687//2472
f 274//2473 1421//2473 275//2473
f 1419//2474 1421//2474 274//2474
f 1080//2475 1683//2475 1077//2475
f 1077//2476 1683//2476 1686//2476
f 275//2477 1423//2477 277//2477
f 1421//2478 1423//2478 275//2478
f 1081//2479 1681//2479 1080//2479
f 1080//2480 1681//2480 1683//2480
f 277//2481 1426//2481 279//2481
f 1423//2482 1426//2482 277//2482
f 1083//2483 1679//2483 1081//2483
f 1081//2484 1679//2484 1681//2484
f 279//2485 1427//2485 281//2485
f 1426//2486 1427//2486 279//2486
f 1086//2487 1677//2487 1083//2487
f 1087//2488 1677//2488 1086//2488
f 1083//2489 1677//2489 1679//2489
f 1427//2490 1429//2490 281//2490
f 281//2491 1429//2491 283//2491
f 1087//2492 1675//2492 1677//2492
f 1429//2493 1432//2493 283//2493
f 283//2494 1432//2494 286//2494
f 1087//2495 1673//2495 1675//2495
f 1089//2496 1673//2496 1087//2496
f 1432//2497 1433//2497 286//2497
f 286//2498 1433//2498 287//2498
f 1089//2499 1671//2499 1673//2499
f 1092//2500 1671//2500 1089//2500
f 1433//2501 1435//2501 287//2501
f 1435//2502 289//2502 287//2502
f 1093//2503 1669//2503 1092//2503
f 1092//2504 1669//2504 1671//2504
f 1435//2505 1437//2505 289//2505
f 1093//2506 1667//2506 1669//2506
f 1095//2507 1667//2507 1093//2507
f 1439//2508 291//2508 1437//2508
f 1437//2509 291//2509 289//2509
f 1097//2510 1666//2510 1095//2510
f 1095//2511 1666//2511 1667//2511
f 1097//2512 1663//2512 1666//2512
f 1100//2513 1663//2513 1097//2513
f 1441//2514 293//2514 1439//2514
f 1439//2515 293//2515 291//2515
f 1100//2516 1661//2516 1663//2516
f 1102//2517 1661//2517 1100//2517
f 1102//2518 1660//2518 1661//2518
f 1103//2519 1660//2519 1102//2519
f 1444//2520 295//2520 1441//2520
f 1441//2521 295//2521 293//2521
f 1105//2522 1657//2522 1103//2522
f 1103//2523 1657//2523 1660//2523
f 1445//2524 297//2524 1444//2524
f 1444//2525 297//2525 295//2525
f 1447//2526 299//2526 1445//2526
f 1445//2527 299//2527 297//2527
f 1449//2528 301//2528 1447//2528
f 1447//2529 301//2529 299//2529
f 1452//2530 303//2530 1449//2530
f 1449//2531 303//2531 301//2531
f 1453//2532 305//2532 1452//2532
f 1452//2533 305//2533 303//2533
f 1453//2534 307//2534 305//2534
f 1455//2535 307//2535 1453//2535
f 1455//2536 309//2536 307//2536
f 1457//2537 309//2537 1455//2537
f 1457//2538 311//2538 309//2538
f 1459//2539 311//2539 1457//2539
f 1461//2540 313//2540 1459//2540
f 1459//2541 313//2541 311//2541
f 1463//2542 316//2542 1461//2542
f 1461//2543 316//2543 313//2543
f 1465//2544 317//2544 1463//2544
f 1463//2545 317//2545 316//2545
f 1467//2546 319//2546 1465//2546
f 1465//2547 319//2547 317//2547
f 1469//2548 321//2548 1467//2548
f 1467//2549 321//2549 319//2549
f 1471//2550 324//2550 1469//2550
f 1469//2551 324//2551 321//2551
f 1471//2552 326//2552 324//2552
f 1473//2553 326//2553 1471//2553
f 1473//2554 327//2554 326//2554
f 1475//2555 327//2555 1473//2555
f 1475//2556 330//2556 327//2556
f 1477//2557 330//2557 1475//2557
f 1479//2558 331//2558 1477//2558
f 1477//2559 331//2559 330//2559
f 1481//2560 334//2560 1479//2560
f 1479//2561 334//2561 331//2561
f 1481//2562 335//2562 334//2562
f 1483//2563 335//2563 1481//2563
f 1485//2564 337//2564 1483//2564
f 1483//2565 337//2565 335//2565
f 1485//2566 340//2566 337//2566
f 1488//2567 340//2567 1485//2567
f 1489//2568 341//2568 1488//2568
f 1488//2569 341//2569 340//2569
f 1489//2570 344//2570 341//2570
f 1491//2571 344//2571 1489//2571
f 1493//2572 345//2572 1491//2572
f 1491//2573 345//2573 344//2573
f 1493//2574 348//2574 345//2574
f 1495//2575 348//2575 1493//2575
f 1617//2576 463//2576 1616//2576
f 1619//2577 463//2577 1617//2577
f 1621//2578 463//2578 1619//2578
f 1624//2579 463//2579 1621//2579
f 1625//2580 463//2580 1624//2580
f 1627//2581 463//2581 1625//2581
f 1629//2582 463//2582 1627//2582
f 1631//2583 463//2583 1629//2583
f 1633//2584 463//2584 1631//2584
f 1635//2585 463//2585 1633//2585
f 1637//2586 463//2586 1635//2586
f 1639//2587 463//2587 1637//2587
f 1641//2588 463//2588 1639//2588
f 1643//2589 463//2589 1641//2589
f 1646//2590 463//2590 1643//2590
f 1647//2591 463//2591 1646//2591
f 1649//2592 463//2592 1647//2592
f 1651//2593 463//2593 1649//2593
f 1653//2594 463//2594 1651//2594
f 1655//2595 463//2595 1653//2595
f 1657//2596 463//2596 1655//2596
f 681//2597 463//2597 1161//2597
f 1108//2598 463//2598 1105//2598
f 1109//2599 463//2599 1108//2599
f 1111//2600 463//2600 1109//2600
f 1114//2601 463//2601 1111//2601
f 1115//2602 463//2602 1114//2602
f 1117//2603 463//2603 1115//2603
f 1119//2604 463//2604 1117//2604
f 1122//2605 463//2605 1119//2605
f 1123//2606 463//2606 1122//2606
f 1125//2607 463//2607 1123//2607
f 1128//2608 463//2608 1125//2608
f 1130//2609 463//2609 1128//2609
f 1131//2610 463//2610 1130//2610
f 1133//2611 463//2611 1131//2611
f 1136//2612 463//2612 1133//2612
f 1137//2613 463//2613 1136//2613
f 1139//2614 463//2614 1137//2614
f 1141//2615 463//2615 1139//2615
f 1144//2616 463//2616 1141//2616
f 1145//2617 463//2617 1144//2617
f 1147//2618 463//2618 1145//2618
f 1150//2619 463//2619 1147//2619
f 1151//2620 463//2620 1150//2620
f 1153//2621 463//2621 1151//2621
f 1155//2622 463//2622 1153//2622
f 1158//2623 463//2623 1155//2623
f 1159//2624 463//2624 1158//2624
f 1105//2625 463//2625 1657//2625
f 1161//2626 463//2626 1159//2626
f 1611//2627 463//2627 1609//2627
f 1613//2628 463//2628 1611//2628
f 1616//2629 463//2629 1613//2629
f 1498//2630 350//2630 1495//2630
f 1495//2631 350//2631 348//2631
f 463//2632 461//2632 1609//2632
f 1609//2633 461//2633 1608//2633
f 1499//2634 351//2634 1498//2634
f 1498//2635 351//2635 350//2635
f 461//2636 459//2636 1608//2636
f 1608//2637 459//2637 1605//2637
f 1499//2638 354//2638 351//2638
f 1502//2639 354//2639 1499//2639
f 459//2640 458//2640 1605//2640
f 1605//2641 458//2641 1603//2641
f 1502//2642 355//2642 354//2642
f 1503//2643 355//2643 1502//2643
f 458//2644 455//2644 1603//2644
f 1603//2645 455//2645 1602//2645
f 1503//2646 358//2646 355//2646
f 1506//2647 358//2647 1503//2647
f 455//2648 453//2648 1602//2648
f 1602//2649 453//2649 1599//2649
f 1507//2650 360//2650 1506//2650
f 1506//2651 360//2651 358//2651
f 453//2652 452//2652 1599//2652
f 1599//2653 452//2653 1597//2653
f 1507//2654 361//2654 360//2654
f 1510//2655 361//2655 1507//2655
f 452//2656 450//2656 1597//2656
f 1597//2657 450//2657 1595//2657
f 1511//2658 363//2658 1510//2658
f 1510//2659 363//2659 361//2659
f 450//2660 448//2660 1595//2660
f 1595//2661 448//2661 1594//2661
f 1511//2662 365//2662 363//2662
f 1514//2663 365//2663 1511//2663
f 448//2664 445//2664 1594//2664
f 1594//2665 445//2665 1591//2665
f 1514//2666 368//2666 365//2666
f 1516//2667 368//2667 1514//2667
f 445//2668 444//2668 1591//2668
f 1591//2669 444//2669 1589//2669
f 1517//2670 370//2670 1516//2670
f 1516//2671 370//2671 368//2671
f 444//2672 441//2672 1589//2672
f 1589//2673 441//2673 1588//2673
f 1520//2674 371//2674 1517//2674
f 1517//2675 371//2675 370//2675
f 441//2676 439//2676 1588//2676
f 1588//2677 439//2677 1586//2677
f 1520//2678 374//2678 371//2678
f 1521//2679 374//2679 1520//2679
f 439//2680 437//2680 1586//2680
f 1586//2681 437//2681 1583//2681
f 1524//2682 375//2682 1521//2682
f 1521//2683 375//2683 374//2683
f 437//2684 436//2684 1583//2684
f 1583//2685 436//2685 1581//2685
f 1525//2686 378//2686 1524//2686
f 1524//2687 378//2687 375//2687
f 436//2688 433//2688 1581//2688
f 1581//2689 433//2689 1580//2689
f 1528//2690 379//2690 1525//2690
f 1525//2691 379//2691 378//2691
f 1580//2692 431//2692 1577//2692
f 433//2693 431//2693 1580//2693
f 1530//2694 382//2694 1528//2694
f 1528//2695 382//2695 379//2695
f 1577//2696 429//2696 1575//2696
f 431//2697 429//2697 1577//2697
f 1531//2698 384//2698 1530//2698
f 1530//2699 384//2699 382//2699
f 1575//2700 427//2700 1573//2700
f 429//2701 427//2701 1575//2701
f 1534//2702 385//2702 1531//2702
f 1531//2703 385//2703 384//2703
f 427//2704 425//2704 1573//2704
f 1573//2705 425//2705 1572//2705
f 1535//2706 387//2706 1534//2706
f 1534//2707 387//2707 385//2707
f 1572//2708 424//2708 1569//2708
f 425//2709 424//2709 1572//2709
f 1535//2710 389//2710 387//2710
f 1538//2711 389//2711 1535//2711
f 424//2712 421//2712 1569//2712
f 1569//2713 421//2713 1567//2713
f 1538//2714 392//2714 389//2714
f 1539//2715 392//2715 1538//2715
f 421//2716 419//2716 1567//2716
f 1567//2717 419//2717 1566//2717
f 1541//2718 393//2718 1539//2718
f 1539//2719 393//2719 392//2719
f 419//2720 417//2720 1566//2720
f 1566//2721 417//2721 1563//2721
f 1541//2722 396//2722 393//2722
f 1544//2723 396//2723 1541//2723
f 417//2724 415//2724 1563//2724
f 1563//2725 415//2725 1561//2725
f 1544//2726 397//2726 396//2726
f 1545//2727 397//2727 1544//2727
f 415//2728 413//2728 1561//2728
f 1561//2729 413//2729 1560//2729
f 1545//2730 400//2730 397//2730
f 1547//2731 400//2731 1545//2731
f 413//2732 411//2732 1560//2732
f 1560//2733 411//2733 1558//2733
f 1547//2734 401//2734 400//2734
f 1550//2735 401//2735 1547//2735
f 411//2736 410//2736 1558//2736
f 1558//2737 410//2737 1555//2737
f 1550//2738 403//2738 401//2738
f 1551//2739 403//2739 1550//2739
f 410//2740 408//2740 1555//2740
f 1555//2741 408//2741 1553//2741
f 1551//2742 405//2742 403//2742
f 408//2743 405//2743 1553//2743
f 1553//2744 405//2744 1551//2744
f 1//2745 463//2745 695//2745
f 1//2746 695//2746 697//2746
f 1//2747 697//2747 700//2747
f 1//2748 700//2748 701//2748
f 1//2749 701//2749 703//2749
f 1//2750 703//2750 705//2750
f 1//2751 705//2751 708//2751
f 1//2752 708//2752 709//2752
f 1//2753 709//2753 711//2753
f 1//2754 711//2754 713//2754
f 695//2755 463//2755 693//2755
f 693//2756 463//2756 692//2756
f 692//2757 463//2757 689//2757
f 689//2758 463//2758 687//2758
f 687//2759 463//2759 686//2759
f 686//2760 463//2760 683//2760
f 683//2761 463//2761 681//2761
f 170//2762 172//2762 174//2762
f 170//2763 174//2763 175//2763
f 170//2764 175//2764 177//2764
f 181//2765 170//2765 177//2765
f 181//2766 177//2766 180//2766
f 166//2767 167//2767 170//2767
f 186//2768 181//2768 184//2768
f 162//2769 164//2769 166//2769
f 189//2770 181//2770 186//2770
f 189//2771 186//2771 188//2771
f 158//2772 162//2772 166//2772
f 158//2773 160//2773 162//2773
f 153//2774 156//2774 158//2774
f 195//2775 181//2775 189//2775
f 195//2776 189//2776 192//2776
f 195//2777 192//2777 194//2777
f 152//2778 153//2778 158//2778
f 147//2779 152//2779 158//2779
f 147//2780 149//2780 152//2780
f 202//2781 195//2781 198//2781
f 202//2782 198//2782 200//2782
f 203//2783 195//2783 202//2783
f 143//2784 158//2784 166//2784
f 143//2785 147//2785 158//2785
f 143//2786 146//2786 147//2786
f 210//2787 206//2787 208//2787
f 137//2788 139//2788 142//2788
f 214//2789 210//2789 212//2789
f 133//2790 136//2790 137//2790
f 132//2791 137//2791 142//2791
f 132//2792 133//2792 137//2792
f 217//2793 214//2793 216//2793
f 217//2794 206//2794 210//2794
f 217//2795 210//2795 214//2795
f 129//2796 142//2796 143//2796
f 129//2797 132//2797 142//2797
f 127//2798 129//2798 143//2798
f 122//2799 123//2799 126//2799
f 229//2800 217//2800 219//2800
f 229//2801 219//2801 222//2801
f 229//2802 222//2802 223//2802
f 229//2803 223//2803 226//2803
f 229//2804 226//2804 228//2804
f 232//2805 203//2805 206//2805
f 232//2806 217//2806 229//2806
f 232//2807 195//2807 203//2807
f 232//2808 206//2808 217//2808
f 115//2809 122//2809 126//2809
f 115//2810 118//2810 119//2810
f 115//2811 119//2811 122//2811
f 115//2812 126//2812 127//2812
f 112//2813 113//2813 115//2813
f 108//2814 115//2814 127//2814
f 108//2815 110//2815 112//2815
f 108//2816 112//2816 115//2816
f 103//2817 106//2817 108//2817
f 98//2818 99//2818 102//2818
f 98//2819 102//2819 103//2819
f 94//2820 96//2820 98//2820
f 89//2821 127//2821 143//2821
f 89//2822 108//2822 127//2822
f 89//2823 166//2823 170//2823
f 89//2824 103//2824 108//2824
f 89//2825 92//2825 94//2825
f 89//2826 98//2826 103//2826
f 89//2827 94//2827 98//2827
f 89//2828 143//2828 166//2828
f 85//2829 88//2829 89//2829
f 80//2830 81//2830 84//2830
f 80//2831 84//2831 85//2831
f 80//2832 85//2832 89//2832
f 76//2833 78//2833 80//2833
f 76//2834 80//2834 89//2834
f 72//2835 74//2835 76//2835
f 68//2836 70//2836 72//2836
f 64//2837 66//2837 68//2837
f 62//2838 68//2838 72//2838
f 62//2839 76//2839 89//2839
f 62//2840 72//2840 76//2840
f 62//2841 64//2841 68//2841
f 56//2842 58//2842 60//2842
f 56//2843 60//2843 62//2843
f 52//2844 53//2844 56//2844
f 48//2845 50//2845 52//2845
f 48//2846 52//2846 56//2846
f 45//2847 56//2847 62//2847
f 45//2848 48//2848 56//2848
f 38//2849 40//2849 42//2849
f 38//2850 42//2850 44//2850
f 38//2851 44//2851 45//2851
f 36//2852 38//2852 45//2852
f 36//2853 45//2853 62//2853
f 32//2854 34//2854 36//2854
f 30//2855 32//2855 36//2855
f 26//2856 27//2856 30//2856
f 24//2857 30//2857 36//2857
f 24//2858 26//2858 30//2858
f 20//2859 21//2859 24//2859
f 16//2860 18//2860 20//2860
f 16//2861 20//2861 24//2861
f 14//2862 16//2862 24//2862
f 12//2863 14//2863 24//2863
f 8//2864 10//2864 12//2864
f 8//2865 12//2865 24//2865
f 4//2866 6//2866 8//2866
f 3//2867 24//2867 36//2867
f 3//2868 36//2868 62//2868
f 3//2869 4//2869 8//2869
f 3//2870 170//2870 181//2870
f 3//2871 195//2871 232//2871
f 3//2872 8//2872 24//2872
f 3//2873 89//2873 170//2873
f 3//2874 181//2874 195//2874
f 3//2875 62//2875 89//2875
f 868//2876 866//2876 232//2876
f 864//2877 232//2877 866//2877
f 870//2878 868//2878 232//2878
f 862//2879 232//2879 864//2879
f 872//2880 870//2880 232//2880
f 860//2881 232//2881 862//2881
f 873//2882 872//2882 232//2882
f 858//2883 232//2883 860//2883
f 875//2884 873//2884 232//2884
f 856//2885 232//2885 858//2885
f 878//2886 875//2886 232//2886
f 854//2887 232//2887 856//2887
f 879//2888 878//2888 232//2888
f 852//2889 232//2889 854//2889
f 882//2890 879//2890 232//2890
f 850//2891 232//2891 852//2891
f 884//2892 882//2892 232//2892
f 847//2893 232//2893 850//2893
f 885//2894 884//2894 232//2894
f 846//2895 232//2895 847//2895
f 888//2896 885//2896 232//2896
f 844//2897 232//2897 846//2897
f 889//2898 888//2898 232//2898
f 842//2899 232//2899 844//2899
f 891//2900 889//2900 232//2900
f 840//2901 232//2901 842//2901
f 894//2902 891//2902 232//2902
f 838//2903 232//2903 840//2903
f 896//2904 894//2904 232//2904
f 836//2905 232//2905 838//2905
f 898//2906 896//2906 232//2906
f 834//2907 232//2907 836//2907
f 900//2908 898//2908 232//2908
f 832//2909 232//2909 834//2909
f 902//2910 900//2910 232//2910
f 830//2911 232//2911 832//2911
f 904//2912 902//2912 232//2912
f 828//2913 232//2913 830//2913
f 906//2914 904//2914 232//2914
f 826//2915 232//2915 828//2915
f 908//2916 906//2916 232//2916
f 824//2917 232//2917 826//2917
f 910//2918 908//2918 232//2918
f 821//2919 232//2919 824//2919
f 912//2920 910//2920 232//2920
f 820//2921 232//2921 821//2921
f 914//2922 912//2922 232//2922
f 818//2923 232//2923 820//2923
f 915//2924 914//2924 232//2924
f 815//2925 232//2925 818//2925
f 918//2926 915//2926 232//2926
f 814//2927 232//2927 815//2927
f 919//2928 918//2928 232//2928
f 812//2929 3//2929 232//2929
f 812//2930 232//2930 814//2930
f 922//2931 919//2931 232//2931
f 810//2932 3//2932 812//2932
f 808//2933 3//2933 810//2933
f 806//2934 3//2934 808//2934
f 804//2935 3//2935 806//2935
f 802//2936 3//2936 804//2936
f 800//2937 3//2937 802//2937
f 798//2938 3//2938 800//2938
f 796//2939 3//2939 798//2939
f 793//2940 3//2940 796//2940
f 792//2941 3//2941 793//2941
f 790//2942 3//2942 792//2942
f 788//2943 3//2943 790//2943
f 786//2944 3//2944 788//2944
f 784//2945 3//2945 786//2945
f 781//2946 3//2946 784//2946
f 780//2947 3//2947 781//2947
f 778//2948 3//2948 780//2948
f 776//2949 3//2949 778//2949
f 774//2950 3//2950 776//2950
f 772//2951 3//2951 774//2951
f 769//2952 3//2952 772//2952
f 768//2953 3//2953 769//2953
f 766//2954 3//2954 768//2954
f 764//2955 3//2955 766//2955
f 762//2956 3//2956 764//2956
f 760//2957 3//2957 762//2957
f 758//2958 3//2958 760//2958
f 756//2959 3//2959 758//2959
f 754//2960 3//2960 756//2960
f 752//2961 3//2961 754//2961
f 749//2962 3//2962 752//2962
f 748//2963 3//2963 749//2963
f 746//2964 3//2964 748//2964
f 743//2965 3//2965 746//2965
f 742//2966 3//2966 743//2966
f 740//2967 3//2967 742//2967
f 738//2968 3//2968 740//2968
f 736//2969 3//2969 738//2969
f 734//2970 3//2970 736//2970
f 732//2971 3//2971 734//2971
f 729//2972 3//2972 732//2972
f 728//2973 3//2973 729//2973
f 726//2974 3//2974 728//2974
f 724//2975 3//2975 726//2975
f 722//2976 3//2976 724//2976
f 720//2977 3//2977 722//2977
f 718//2978 3//2978 720//2978
f 716//2979 3//2979 718//2979
f 714//2980 3//2980 716//2980
f 1324//2981 520//2981 518//2981
f 1326//2982 518//2982 515//2982
f 1326//2983 1324//2983 518//2983
f 1322//2984 522//2984 520//2984
f 1322//2985 520//2985 1324//2985
f 1328//2986 1326//2986 515//2986
f 1328//2987 515//2987 514//2987
f 1320//2988 522//2988 1322//2988
f 1320//2989 524//2989 522//2989
f 1330//2990 1328//2990 514//2990
f 1330//2991 514//2991 512//2991
f 1318//2992 524//2992 1320//2992
f 1318//2993 526//2993 524//2993
f 1331//2994 1330//2994 512//2994
f 1331//2995 512//2995 509//2995
f 1316//2996 526//2996 1318//2996
f 1316//2997 527//2997 526//2997
f 1333//2998 1331//2998 509//2998
f 1333//2999 509//2999 508//2999
f 1314//3000 527//3000 1316//3000
f 1314//3001 530//3001 527//3001
f 1336//3002 1333//3002 508//3002
f 1336//3003 508//3003 506//3003
f 1312//3004 532//3004 530//3004
f 1312//3005 530//3005 1314//3005
f 1337//3006 1336//3006 506//3006
f 1337//3007 506//3007 504//3007
f 1310//3008 532//3008 1312//3008
f 1310//3009 534//3009 532//3009
f 1340//3010 1337//3010 504//3010
f 1340//3011 504//3011 501//3011
f 1308//3012 535//3012 534//3012
f 1308//3013 534//3013 1310//3013
f 1342//3014 1340//3014 501//3014
f 1342//3015 501//3015 499//3015
f 1305//3016 535//3016 1308//3016
f 1305//3017 538//3017 535//3017
f 1343//3018 1342//3018 499//3018
f 1343//3019 499//3019 498//3019
f 1304//3020 538//3020 1305//3020
f 1304//3021 540//3021 538//3021
f 1346//3022 1343//3022 498//3022
f 1346//3023 498//3023 496//3023
f 1302//3024 540//3024 1304//3024
f 1302//3025 542//3025 540//3025
f 1347//3026 1346//3026 496//3026
f 1347//3027 496//3027 494//3027
f 1300//3028 544//3028 542//3028
f 1300//3029 542//3029 1302//3029
f 1349//3030 494//3030 492//3030
f 1349//3031 1347//3031 494//3031
f 1298//3032 546//3032 544//3032
f 1298//3033 544//3033 1300//3033
f 1352//3034 1349//3034 492//3034
f 1352//3035 492//3035 489//3035
f 1296//3036 546//3036 1298//3036
f 1296//3037 548//3037 546//3037
f 1354//3038 489//3038 488//3038
f 1354//3039 1352//3039 489//3039
f 1294//3040 550//3040 548//3040
f 1294//3041 548//3041 1296//3041
f 1356//3042 1354//3042 488//3042
f 1356//3043 488//3043 485//3043
f 1292//3044 550//3044 1294//3044
f 1292//3045 552//3045 550//3045
f 1358//3046 485//3046 484//3046
f 1358//3047 1356//3047 485//3047
f 1290//3048 554//3048 552//3048
f 1290//3049 552//3049 1292//3049
f 1360//3050 484//3050 482//3050
f 1360//3051 1358//3051 484//3051
f 1288//3052 554//3052 1290//3052
f 1288//3053 556//3053 554//3053
f 1362//3054 482//3054 480//3054
f 1362//3055 1360//3055 482//3055
f 1286//3056 558//3056 556//3056
f 1286//3057 556//3057 1288//3057
f 1364//3058 480//3058 478//3058
f 1364//3059 1362//3059 480//3059
f 1284//3060 560//3060 558//3060
f 1284//3061 558//3061 1286//3061
f 1366//3062 478//3062 476//3062
f 1366//3063 1364//3063 478//3063
f 1282//3064 560//3064 1284//3064
f 1282//3065 562//3065 560//3065
f 1368//3066 476//3066 474//3066
f 1368//3067 1366//3067 476//3067
f 1279//3068 564//3068 562//3068
f 1279//3069 562//3069 1282//3069
f 1370//3070 474//3070 472//3070
f 1370//3071 1368//3071 474//3071
f 1278//3072 566//3072 564//3072
f 1278//3073 564//3073 1279//3073
f 1276//3074 568//3074 566//3074
f 1276//3075 566//3075 1278//3075
f 1273//3076 570//3076 568//3076
f 1273//3077 568//3077 1276//3077
f 1272//3078 571//3078 570//3078
f 1272//3079 570//3079 1273//3079
f 1270//3080 574//3080 571//3080
f 1270//3081 571//3081 1272//3081
f 1268//3082 574//3082 1270//3082
f 1268//3083 576//3083 574//3083
f 1266//3084 576//3084 1268//3084
f 1266//3085 578//3085 576//3085
f 1264//3086 578//3086 1266//3086
f 1264//3087 580//3087 578//3087
f 1262//3088 580//3088 1264//3088
f 1262//3089 581//3089 580//3089
f 1260//3090 581//3090 1262//3090
f 1260//3091 584//3091 581//3091
f 1258//3092 584//3092 1260//3092
f 1258//3093 585//3093 584//3093
f 1256//3094 585//3094 1258//3094
f 1256//3095 588//3095 585//3095
f 1254//3096 588//3096 1256//3096
f 1254//3097 589//3097 588//3097
f 1251//3098 589//3098 1254//3098
f 1251//3099 592//3099 589//3099
f 1250//3100 592//3100 1251//3100
f 1250//3101 593//3101 592//3101
f 1248//3102 593//3102 1250//3102
f 1248//3103 596//3103 593//3103
f 1246//3104 596//3104 1248//3104
f 1246//3105 597//3105 596//3105
f 1244//3106 597//3106 1246//3106
f 1244//3107 599//3107 597//3107
f 1242//3108 599//3108 1244//3108
f 1242//3109 602//3109 599//3109
f 1239//3110 602//3110 1242//3110
f 1239//3111 603//3111 602//3111
f 1238//3112 603//3112 1239//3112
f 1238//3113 606//3113 603//3113
f 1236//3114 607//3114 606//3114
f 1236//3115 606//3115 1238//3115
f 1234//3116 610//3116 607//3116
f 1234//3117 607//3117 1236//3117
f 1232//3118 611//3118 610//3118
f 1232//3119 610//3119 1234//3119
f 1230//3120 613//3120 611//3120
f 1230//3121 611//3121 1232//3121
f 1227//3122 616//3122 613//3122
f 1227//3123 613//3123 1230//3123
f 1226//3124 617//3124 616//3124
f 1226//3125 616//3125 1227//3125
f 1224//3126 620//3126 617//3126
f 1224//3127 617//3127 1226//3127
f 1222//3128 621//3128 620//3128
f 1222//3129 620//3129 1224//3129
f 1220//3130 621//3130 1222//3130
f 1220//3131 624//3131 621//3131
f 1218//3132 626//3132 624//3132
f 1218//3133 624//3133 1220//3133
f 1216//3134 627//3134 626//3134
f 1216//3135 626//3135 1218//3135
f 1214//3136 627//3136 1216//3136
f 1214//3137 630//3137 627//3137
f 1212//3138 632//3138 630//3138
f 1212//3139 630//3139 1214//3139
f 1210//3140 633//3140 632//3140
f 1210//3141 632//3141 1212//3141
f 1207//3142 633//3142 1210//3142
f 1207//3143 636//3143 633//3143
f 1206//3144 638//3144 636//3144
f 1206//3145 636//3145 1207//3145
f 1204//3146 640//3146 638//3146
f 1204//3147 638//3147 1206//3147
f 1201//3148 641//3148 640//3148
f 1201//3149 640//3149 1204//3149
f 1200//3150 643//3150 641//3150
f 1200//3151 641//3151 1201//3151
f 1198//3152 646//3152 643//3152
f 1198//3153 643//3153 1200//3153
f 1196//3154 648//3154 646//3154
f 1196//3155 646//3155 1198//3155
f 1194//3156 649//3156 648//3156
f 1194//3157 648//3157 1196//3157
f 1192//3158 652//3158 649//3158
f 1192//3159 649//3159 1194//3159
f 1190//3160 654//3160 652//3160
f 1190//3161 652//3161 1192//3161
f 1187//3162 654//3162 1190//3162
f 1187//3163 655//3163 654//3163
f 1186//3164 658//3164 655//3164
f 1186//3165 655//3165 1187//3165
f 1184//3166 660//3166 658//3166
f 1184//3167 658//3167 1186//3167
f 1182//3168 662//3168 660//3168
f 1182//3169 660//3169 1184//3169
f 1180//3170 663//3170 662//3170
f 1180//3171 662//3171 1182//3171
f 1178//3172 666//3172 663//3172
f 1178//3173 663//3173 1180//3173
f 1176//3174 668//3174 666//3174
f 1176//3175 666//3175 1178//3175
f 1174//3176 669//3176 668//3176
f 1174//3177 668//3177 1176//3177
f 1172//3178 671//3178 669//3178
f 1172//3179 669//3179 1174//3179
f 1170//3180 674//3180 671//3180
f 1170//3181 671//3181 1172//3181
f 1168//3182 674//3182 1170//3182
f 1168//3183 676//3183 674//3183
f 1165//3184 677//3184 676//3184
f 1165//3185 676//3185 1168//3185
f 1164//3186 680//3186 677//3186
f 1164//3187 677//3187 1165//3187
f 1162//3188 680//3188 1164//3188
f 1162//3189 682//3189 680//3189
f 234//3190 468//3190 467//3190
f 234//3191 470//3191 468//3191
f 234//3192 472//3192 470//3192
f 234//3193 922//3193 232//3193
f 234//3194 467//3194 922//3194
f 234//3195 926//3195 925//3195
f 234//3196 928//3196 926//3196
f 234//3197 930//3197 928//3197
f 234//3198 932//3198 930//3198
f 234//3199 934//3199 932//3199
f 234//3200 936//3200 934//3200
f 234//3201 938//3201 936//3201
f 234//3202 940//3202 938//3202
f 234//3203 942//3203 940//3203
f 234//3204 943//3204 942//3204
f 234//3205 946//3205 943//3205
f 234//3206 947//3206 946//3206
f 234//3207 950//3207 947//3207
f 234//3208 952//3208 950//3208
f 234//3209 954//3209 952//3209
f 234//3210 956//3210 954//3210
f 234//3211 957//3211 956//3211
f 234//3212 959//3212 957//3212
f 234//3213 962//3213 959//3213
f 234//3214 964//3214 962//3214
f 234//3215 966//3215 964//3215
f 234//3216 1372//3216 1370//3216
f 234//3217 967//3217 966//3217
f 234//3218 1373//3218 1372//3218
f 234//3219 970//3219 967//3219
f 234//3220 1376//3220 1373//3220
f 234//3221 1377//3221 1376//3221
f 234//3222 1380//3222 1377//3222
f 234//3223 925//3223 1380//3223
f 234//3224 1370//3224 472//3224
f 1782//3225 982//3225 980//3225
f 1782//3226 984//3226 982//3226
f 1784//3227 1782//3227 980//3227
f 1780//3228 985//3228 984//3228
f 1780//3229 984//3229 1782//3229
f 1786//3230 1784//3230 980//3230
f 1786//3231 980//3231 978//3231
f 1778//3232 985//3232 1780//3232
f 1778//3233 988//3233 985//3233
f 1788//3234 1786//3234 978//3234
f 1788//3235 978//3235 976//3235
f 1776//3236 988//3236 1778//3236
f 1776//3237 990//3237 988//3237
f 1789//3238 973//3238 972//3238
f 1789//3239 976//3239 973//3239
f 1789//3240 1788//3240 976//3240
f 1774//3241 990//3241 1776//3241
f 1774//3242 992//3242 990//3242
f 1791//3243 1789//3243 972//3243
f 1772//3244 992//3244 1774//3244
f 1794//3245 970//3245 234//3245
f 1794//3246 1791//3246 972//3246
f 1794//3247 972//3247 970//3247
f 1770//3248 992//3248 1772//3248
f 1770//3249 993//3249 992//3249
f 1795//3250 1794//3250 234//3250
f 1768//3251 993//3251 1770//3251
f 1768//3252 996//3252 993//3252
f 1798//3253 1795//3253 234//3253
f 1766//3254 996//3254 1768//3254
f 1766//3255 998//3255 996//3255
f 1800//3256 1798//3256 234//3256
f 1763//3257 998//3257 1766//3257
f 1763//3258 1000//3258 998//3258
f 1801//3259 1800//3259 234//3259
f 1762//3260 1000//3260 1763//3260
f 1762//3261 1002//3261 1000//3261
f 1762//3262 1004//3262 1002//3262
f 1804//3263 1801//3263 234//3263
f 1760//3264 1004//3264 1762//3264
f 1805//3265 1804//3265 234//3265
f 1758//3266 1004//3266 1760//3266
f 1758//3267 1006//3267 1004//3267
f 1807//3268 1805//3268 234//3268
f 1756//3269 1006//3269 1758//3269
f 1756//3270 1008//3270 1006//3270
f 1756//3271 1010//3271 1008//3271
f 1810//3272 1807//3272 234//3272
f 1754//3273 1010//3273 1756//3273
f 1812//3274 1810//3274 234//3274
f 1752//3275 1012//3275 1010//3275
f 1752//3276 1014//3276 1012//3276
f 1752//3277 1010//3277 1754//3277
f 1814//3278 1812//3278 234//3278
f 1750//3279 1014//3279 1752//3279
f 1816//3280 1814//3280 234//3280
f 1748//3281 1016//3281 1014//3281
f 1748//3282 1014//3282 1750//3282
f 1818//3283 1816//3283 234//3283
f 1746//3284 1016//3284 1748//3284
f 1746//3285 1018//3285 1016//3285
f 1820//3286 1818//3286 234//3286
f 1744//3287 1020//3287 1018//3287
f 1744//3288 1018//3288 1746//3288
f 1822//3289 1820//3289 234//3289
f 1742//3290 1022//3290 1020//3290
f 1742//3291 1024//3291 1022//3291
f 1742//3292 1020//3292 1744//3292
f 1824//3293 1822//3293 234//3293
f 1740//3294 1024//3294 1742//3294
f 1826//3295 1824//3295 234//3295
f 1737//3296 1026//3296 1024//3296
f 1737//3297 1028//3297 1026//3297
f 1737//3298 1024//3298 1740//3298
f 1828//3299 1826//3299 234//3299
f 1736//3300 1028//3300 1737//3300
f 1830//3301 1828//3301 234//3301
f 1734//3302 1029//3302 1028//3302
f 1734//3303 1032//3303 1029//3303
f 1734//3304 1028//3304 1736//3304
f 1831//3305 1830//3305 234//3305
f 1731//3306 1032//3306 1734//3306
f 1834//3307 1831//3307 234//3307
f 1730//3308 1034//3308 1032//3308
f 1730//3309 1032//3309 1731//3309
f 1835//3310 1834//3310 234//3310
f 1728//3311 1036//3311 1034//3311
f 1728//3312 1038//3312 1036//3312
f 1728//3313 1034//3313 1730//3313
f 1838//3314 1835//3314 234//3314
f 1726//3315 1038//3315 1728//3315
f 1383//3316 234//3316 236//3316
f 1383//3317 1838//3317 234//3317
f 1724//3318 1039//3318 1038//3318
f 1724//3319 1042//3319 1039//3319
f 1724//3320 1038//3320 1726//3320
f 1384//3321 236//3321 238//3321
f 1384//3322 1383//3322 236//3322
f 1722//3323 1042//3323 1724//3323
f 1386//3324 238//3324 240//3324
f 1386//3325 1384//3325 238//3325
f 1720//3326 1043//3326 1042//3326
f 1720//3327 1042//3327 1722//3327
f 1388//3328 240//3328 242//3328
f 1388//3329 1386//3329 240//3329
f 1718//3330 1043//3330 1720//3330
f 1718//3331 1046//3331 1043//3331
f 1390//3332 242//3332 244//3332
f 1390//3333 1388//3333 242//3333
f 1716//3334 1046//3334 1718//3334
f 1716//3335 1047//3335 1046//3335
f 1392//3336 244//3336 246//3336
f 1392//3337 1390//3337 244//3337
f 1714//3338 1050//3338 1047//3338
f 1714//3339 1047//3339 1716//3339
f 1394//3340 1392//3340 246//3340
f 1394//3341 246//3341 248//3341
f 1712//3342 1051//3342 1050//3342
f 1712//3343 1050//3343 1714//3343
f 1396//3344 1394//3344 248//3344
f 1396//3345 248//3345 250//3345
f 1709//3346 1054//3346 1051//3346
f 1709//3347 1051//3347 1712//3347
f 1398//3348 250//3348 252//3348
f 1398//3349 1396//3349 250//3349
f 1708//3350 1055//3350 1054//3350
f 1708//3351 1054//3351 1709//3351
f 1400//3352 252//3352 253//3352
f 1400//3353 1398//3353 252//3353
f 1706//3354 1055//3354 1708//3354
f 1706//3355 1057//3355 1055//3355
f 1706//3356 1060//3356 1057//3356
f 1401//3357 253//3357 256//3357
f 1401//3358 1400//3358 253//3358
f 1704//3359 1060//3359 1706//3359
f 1404//3360 256//3360 258//3360
f 1404//3361 1401//3361 256//3361
f 1702//3362 1061//3362 1060//3362
f 1702//3363 1060//3363 1704//3363
f 1405//3364 258//3364 260//3364
f 1405//3365 1404//3365 258//3365
f 1700//3366 1061//3366 1702//3366
f 1700//3367 1064//3367 1061//3367
f 1408//3368 260//3368 262//3368
f 1408//3369 1405//3369 260//3369
f 1697//3370 1065//3370 1064//3370
f 1697//3371 1068//3371 1065//3371
f 1697//3372 1064//3372 1700//3372
f 1410//3373 262//3373 264//3373
f 1410//3374 1408//3374 262//3374
f 1696//3375 1069//3375 1068//3375
f 1696//3376 1068//3376 1697//3376
f 1412//3377 1410//3377 264//3377
f 1412//3378 264//3378 266//3378
f 1694//3379 1069//3379 1696//3379
f 1414//3380 1412//3380 266//3380
f 1414//3381 266//3381 268//3381
f 1692//3382 1071//3382 1069//3382
f 1692//3383 1069//3383 1694//3383
f 1415//3384 268//3384 270//3384
f 1415//3385 1414//3385 268//3385
f 1690//3386 1074//3386 1071//3386
f 1690//3387 1075//3387 1074//3387
f 1690//3388 1071//3388 1692//3388
f 1417//3389 270//3389 272//3389
f 1417//3390 1415//3390 270//3390
f 1688//3391 1075//3391 1690//3391
f 1420//3392 272//3392 273//3392
f 1420//3393 1417//3393 272//3393
f 1685//3394 1078//3394 1075//3394
f 1685//3395 1075//3395 1688//3395
f 1422//3396 273//3396 276//3396
f 1422//3397 1420//3397 273//3397
f 1684//3398 1079//3398 1078//3398
f 1684//3399 1078//3399 1685//3399
f 1424//3400 276//3400 278//3400
f 1424//3401 1422//3401 276//3401
f 1682//3402 1082//3402 1079//3402
f 1682//3403 1079//3403 1684//3403
f 1425//3404 278//3404 280//3404
f 1425//3405 1424//3405 278//3405
f 1680//3406 1084//3406 1082//3406
f 1680//3407 1082//3407 1682//3407
f 1428//3408 280//3408 282//3408
f 1428//3409 1425//3409 280//3409
f 1678//3410 1085//3410 1084//3410
f 1678//3411 1088//3411 1085//3411
f 1678//3412 1084//3412 1680//3412
f 1430//3413 1428//3413 282//3413
f 1430//3414 282//3414 284//3414
f 1676//3415 1088//3415 1678//3415
f 1431//3416 1430//3416 284//3416
f 1431//3417 284//3417 285//3417
f 1674//3418 1088//3418 1676//3418
f 1674//3419 1090//3419 1088//3419
f 1434//3420 1431//3420 285//3420
f 1434//3421 285//3421 288//3421
f 1672//3422 1090//3422 1674//3422
f 1672//3423 1091//3423 1090//3423
f 1436//3424 1434//3424 288//3424
f 290//3425 1436//3425 288//3425
f 1670//3426 1094//3426 1091//3426
f 1670//3427 1091//3427 1672//3427
f 1438//3428 1436//3428 290//3428
f 1668//3429 1094//3429 1670//3429
f 1668//3430 1096//3430 1094//3430
f 292//3431 1440//3431 1438//3431
f 292//3432 1438//3432 290//3432
f 1665//3433 1098//3433 1096//3433
f 1665//3434 1096//3434 1668//3434
f 1664//3435 1098//3435 1665//3435
f 1664//3436 1099//3436 1098//3436
f 294//3437 1442//3437 1440//3437
f 294//3438 1440//3438 292//3438
f 1662//3439 1099//3439 1664//3439
f 1662//3440 1101//3440 1099//3440
f 1659//3441 1101//3441 1662//3441
f 1659//3442 1104//3442 1101//3442
f 296//3443 1443//3443 1442//3443
f 296//3444 1442//3444 294//3444
f 1658//3445 1106//3445 1104//3445
f 1658//3446 1104//3446 1659//3446
f 298//3447 1446//3447 1443//3447
f 298//3448 1443//3448 296//3448
f 300//3449 1448//3449 1446//3449
f 300//3450 1446//3450 298//3450
f 302//3451 1450//3451 1448//3451
f 302//3452 1448//3452 300//3452
f 304//3453 1451//3453 1450//3453
f 304//3454 1450//3454 302//3454
f 306//3455 1454//3455 1451//3455
f 306//3456 1451//3456 304//3456
f 308//3457 1454//3457 306//3457
f 308//3458 1456//3458 1454//3458
f 310//3459 1456//3459 308//3459
f 310//3460 1458//3460 1456//3460
f 312//3461 1458//3461 310//3461
f 312//3462 1460//3462 1458//3462
f 314//3463 1462//3463 1460//3463
f 314//3464 1460//3464 312//3464
f 315//3465 1464//3465 1462//3465
f 315//3466 1462//3466 314//3466
f 318//3467 1466//3467 1464//3467
f 318//3468 1464//3468 315//3468
f 320//3469 1468//3469 1466//3469
f 320//3470 1466//3470 318//3470
f 322//3471 1470//3471 1468//3471
f 322//3472 1468//3472 320//3472
f 323//3473 1472//3473 1470//3473
f 323//3474 1470//3474 322//3474
f 325//3475 1472//3475 323//3475
f 325//3476 1474//3476 1472//3476
f 328//3477 1474//3477 325//3477
f 328//3478 1476//3478 1474//3478
f 329//3479 1476//3479 328//3479
f 329//3480 1478//3480 1476//3480
f 332//3481 1480//3481 1478//3481
f 332//3482 1478//3482 329//3482
f 333//3483 1482//3483 1480//3483
f 333//3484 1480//3484 332//3484
f 336//3485 1482//3485 333//3485
f 336//3486 1484//3486 1482//3486
f 338//3487 1486//3487 1484//3487
f 338//3488 1484//3488 336//3488
f 339//3489 1486//3489 338//3489
f 339//3490 1487//3490 1486//3490
f 342//3491 1490//3491 1487//3491
f 342//3492 1487//3492 339//3492
f 343//3493 1490//3493 342//3493
f 343//3494 1492//3494 1490//3494
f 346//3495 1494//3495 1492//3495
f 346//3496 1492//3496 343//3496
f 347//3497 1494//3497 346//3497
f 347//3498 1496//3498 1494//3498
f 464//3499 1618//3499 1615//3499
f 464//3500 1620//3500 1618//3500
f 464//3501 1622//3501 1620//3501
f 464//3502 1623//3502 1622//3502
f 464//3503 1626//3503 1623//3503
f 464//3504 1628//3504 1626//3504
f 464//3505 1630//3505 1628//3505
f 464//3506 1632//3506 1630//3506
f 464//3507 1634//3507 1632//3507
f 464//3508 1636//3508 1634//3508
f 464//3509 1638//3509 1636//3509
f 464//3510 1640//3510 1638//3510
f 464//3511 1642//3511 1640//3511
f 464//3512 1644//3512 1642//3512
f 464//3513 1645//3513 1644//3513
f 464//3514 1648//3514 1645//3514
f 464//3515 1650//3515 1648//3515
f 464//3516 1652//3516 1650//3516
f 464//3517 1654//3517 1652//3517
f 464//3518 1656//3518 1654//3518
f 464//3519 1658//3519 1656//3519
f 464//3520 682//3520 1162//3520
f 464//3521 1107//3521 1106//3521
f 464//3522 1110//3522 1107//3522
f 464//3523 1112//3523 1110//3523
f 464//3524 1113//3524 1112//3524
f 464//3525 1116//3525 1113//3525
f 464//3526 1118//3526 1116//3526
f 464//3527 1120//3527 1118//3527
f 464//3528 1121//3528 1120//3528
f 464//3529 1124//3529 1121//3529
f 464//3530 1126//3530 1124//3530
f 464//3531 1127//3531 1126//3531
f 464//3532 1129//3532 1127//3532
f 464//3533 1132//3533 1129//3533
f 464//3534 1134//3534 1132//3534
f 464//3535 1135//3535 1134//3535
f 464//3536 1138//3536 1135//3536
f 464//3537 1140//3537 1138//3537
f 464//3538 1142//3538 1140//3538
f 464//3539 1143//3539 1142//3539
f 464//3540 1146//3540 1143//3540
f 464//3541 1148//3541 1146//3541
f 464//3542 1149//3542 1148//3542
f 464//3543 1152//3543 1149//3543
f 464//3544 1154//3544 1152//3544
f 464//3545 1156//3545 1154//3545
f 464//3546 1157//3546 1156//3546
f 464//3547 1160//3547 1157//3547
f 464//3548 1106//3548 1658//3548
f 464//3549 1162//3549 1160//3549
f 464//3550 1612//3550 1610//3550
f 464//3551 1614//3551 1612//3551
f 464//3552 1615//3552 1614//3552
f 349//3553 1497//3553 1496//3553
f 349//3554 1496//3554 347//3554
f 462//3555 464//3555 1610//3555
f 462//3556 1610//3556 1607//3556
f 352//3557 1500//3557 1497//3557
f 352//3558 1497//3558 349//3558
f 460//3559 462//3559 1607//3559
f 460//3560 1607//3560 1606//3560
f 353//3561 1500//3561 352//3561
f 353//3562 1501//3562 1500//3562
f 457//3563 460//3563 1606//3563
f 457//3564 1606//3564 1604//3564
f 356//3565 1501//3565 353//3565
f 356//3566 1504//3566 1501//3566
f 456//3567 457//3567 1604//3567
f 456//3568 1604//3568 1601//3568
f 357//3569 1504//3569 356//3569
f 357//3570 1505//3570 1504//3570
f 454//3571 456//3571 1601//3571
f 454//3572 1601//3572 1600//3572
f 359//3573 1508//3573 1505//3573
f 359//3574 1505//3574 357//3574
f 451//3575 454//3575 1600//3575
f 451//3576 1600//3576 1598//3576
f 362//3577 1508//3577 359//3577
f 362//3578 1509//3578 1508//3578
f 449//3579 451//3579 1598//3579
f 449//3580 1598//3580 1596//3580
f 364//3581 1512//3581 1509//3581
f 364//3582 1509//3582 362//3582
f 447//3583 449//3583 1596//3583
f 447//3584 1596//3584 1593//3584
f 366//3585 1512//3585 364//3585
f 366//3586 1513//3586 1512//3586
f 446//3587 447//3587 1593//3587
f 446//3588 1593//3588 1592//3588
f 367//3589 1513//3589 366//3589
f 367//3590 1515//3590 1513//3590
f 443//3591 446//3591 1592//3591
f 443//3592 1592//3592 1590//3592
f 369//3593 1518//3593 1515//3593
f 369//3594 1515//3594 367//3594
f 442//3595 443//3595 1590//3595
f 442//3596 1590//3596 1587//3596
f 372//3597 1519//3597 1518//3597
f 372//3598 1518//3598 369//3598
f 440//3599 442//3599 1587//3599
f 440//3600 1587//3600 1585//3600
f 373//3601 1519//3601 372//3601
f 373//3602 1522//3602 1519//3602
f 438//3603 440//3603 1585//3603
f 438//3604 1585//3604 1584//3604
f 376//3605 1523//3605 1522//3605
f 376//3606 1522//3606 373//3606
f 435//3607 438//3607 1584//3607
f 435//3608 1584//3608 1582//3608
f 377//3609 1526//3609 1523//3609
f 377//3610 1523//3610 376//3610
f 434//3611 435//3611 1582//3611
f 434//3612 1582//3612 1579//3612
f 380//3613 1527//3613 1526//3613
f 380//3614 1526//3614 377//3614
f 432//3615 1579//3615 1578//3615
f 432//3616 434//3616 1579//3616
f 381//3617 1529//3617 1527//3617
f 381//3618 1527//3618 380//3618
f 430//3619 1578//3619 1576//3619
f 430//3620 432//3620 1578//3620
f 383//3621 1532//3621 1529//3621
f 383//3622 1529//3622 381//3622
f 428//3623 1576//3623 1574//3623
f 428//3624 430//3624 1576//3624
f 386//3625 1533//3625 1532//3625
f 386//3626 1532//3626 383//3626
f 426//3627 428//3627 1574//3627
f 426//3628 1574//3628 1571//3628
f 388//3629 1536//3629 1533//3629
f 388//3630 1533//3630 386//3630
f 423//3631 1571//3631 1570//3631
f 423//3632 426//3632 1571//3632
f 390//3633 1536//3633 388//3633
f 390//3634 1537//3634 1536//3634
f 422//3635 423//3635 1570//3635
f 422//3636 1570//3636 1568//3636
f 391//3637 1537//3637 390//3637
f 391//3638 1540//3638 1537//3638
f 420//3639 422//3639 1568//3639
f 420//3640 1568//3640 1565//3640
f 394//3641 1542//3641 1540//3641
f 394//3642 1540//3642 391//3642
f 418//3643 420//3643 1565//3643
f 418//3644 1565//3644 1564//3644
f 395//3645 1542//3645 394//3645
f 395//3646 1543//3646 1542//3646
f 416//3647 418//3647 1564//3647
f 416//3648 1564//3648 1562//3648
f 398//3649 1543//3649 395//3649
f 398//3650 1546//3650 1543//3650
f 414//3651 416//3651 1562//3651
f 414//3652 1562//3652 1559//3652
f 399//3653 1546//3653 398//3653
f 399//3654 1548//3654 1546//3654
f 412//3655 414//3655 1559//3655
f 412//3656 1559//3656 1557//3656
f 402//3657 1548//3657 399//3657
f 402//3658 1549//3658 1548//3658
f 409//3659 412//3659 1557//3659
f 409//3660 1557//3660 1556//3660
f 404//3661 1549//3661 402//3661
f 404//3662 1552//3662 1549//3662
f 407//3663 409//3663 1556//3663
f 407//3664 1556//3664 1554//3664
f 406//3665 1552//3665 404//3665
f 406//3666 407//3666 1554//3666
f 406//3667 1554//3667 1552//3667
f 464//3668 3//3668 696//3668
f 696//3669 3//3669 698//3669
f 698//3670 3//3670 699//3670
f 699//3671 3//3671 702//3671
f 702//3672 3//3672 704//3672
f 704//3673 3//3673 706//3673
f 706//3674 3//3674 707//3674
f 707//3675 3//3675 710//3675
f 710//3676 3//3676 712//3676
f 712//3677 3//3677 714//3677
f 464//3678 696//3678 694//3678
f 464//3679 694//3679 691//3679
f 464//3680 691//3680 690//3680
f 464//3681 690//3681 688//3681
f 464//3682 688//3682 685//3682
f 464//3683 685//3683 684//3683
f 464//3684 684//3684 682//3684
