# Created by FreeCAD <https://www.freecad.org>
v 22.799999 -20.207260 5.000000
v 22.799999 -20.207260 0.000000
v 23.000000 -20.207260 5.000000
v 23.000000 -20.207260 0.000000
v 29.000000 -9.814955 0.000000
v 29.000000 -9.814955 5.000000
v 17.803848 -17.207260 5.000000
v 9.803847 -17.207260 5.000000
v 15.000000 -20.207260 5.000000
v 22.299999 -20.207260 5.000000
v 22.299999 -32.107258 5.000000
v 22.799999 -32.107258 5.000000
v 23.803848 -6.814955 5.000000
v 28.900000 -9.641749 5.000000
v 28.650000 -9.208736 5.000000
v 25.000000 -2.886751 5.000000
v 19.803848 0.113249 5.000000
v 38.955704 -3.258737 5.000000
v 22.799999 -26.696606 1.621158
v 22.799999 -26.682104 1.635759
v 22.799999 -26.667210 1.649956
v 22.799999 -26.710699 1.606166
v 22.799999 -26.651930 1.663738
v 22.799999 -26.724379 1.590792
v 22.799999 -26.636278 1.677097
v 22.799999 -26.737629 1.575049
v 22.799999 -26.620266 1.690021
v 22.799999 -26.750443 1.558948
v 22.799999 -26.603905 1.702501
v 22.799999 -26.762810 1.542502
v 22.799999 -26.587208 1.714528
v 22.799999 -26.774721 1.525723
v 22.799999 -26.570187 1.726092
v 22.799999 -26.786169 1.508623
v 22.799999 -26.552855 1.737184
v 22.799999 -26.797142 1.491216
v 22.799999 -26.535225 1.747797
v 22.799999 -26.807634 1.473514
v 22.799999 -26.517311 1.757923
v 22.799999 -26.817636 1.455531
v 22.799999 -26.499126 1.767553
v 22.799999 -26.827141 1.437280
v 22.799999 -26.480684 1.776680
v 22.799999 -26.836142 1.418776
v 22.799999 -26.461998 1.785298
v 22.799999 -26.844631 1.400031
v 22.799999 -26.443083 1.793401
v 22.799999 -26.852604 1.381061
v 22.799999 -26.423952 1.800981
v 22.799999 -26.860054 1.361879
v 22.799999 -32.107258 0.000000
v 22.799999 -26.404621 1.808034
v 22.799999 -26.866974 1.342500
v 22.799999 -26.385105 1.814553
v 22.799999 -26.873360 1.322938
v 22.799999 -26.365416 1.820535
v 22.799999 -26.879206 1.303209
v 22.799999 -26.345570 1.825975
v 22.799999 -26.884508 1.283327
v 22.799999 -26.325583 1.830867
v 22.799999 -26.889265 1.263306
v 22.799999 -26.305470 1.835210
v 22.799999 -26.893469 1.243163
v 22.799999 -26.285244 1.838999
v 22.799999 -26.897120 1.222912
v 22.799999 -26.264921 1.842232
v 22.799999 -26.900213 1.202568
v 22.799999 -26.244518 1.844907
v 22.799999 -26.902746 1.182147
v 22.799999 -26.224051 1.847020
v 22.799999 -26.904720 1.161665
v 22.799999 -26.203531 1.848571
v 22.799999 -26.906130 1.141136
v 22.799999 -26.182978 1.849559
v 22.799999 -26.906977 1.120576
v 22.799999 -26.162403 1.849982
v 22.799999 -26.907259 1.100000
v 22.799999 -26.906977 1.079425
v 22.799999 -26.906130 1.058864
v 22.799999 -26.904720 1.038335
v 22.799999 -26.902746 1.017853
v 22.799999 -26.900213 0.997432
v 22.799999 -26.897120 0.977088
v 22.799999 -26.893469 0.956837
v 22.799999 -26.889265 0.936694
v 22.799999 -26.884508 0.916673
v 22.799999 -26.879206 0.896791
v 22.799999 -26.873360 0.877062
v 22.799999 -26.866974 0.857500
v 22.799999 -26.860054 0.838121
v 22.799999 -26.852604 0.818939
v 22.799999 -26.844631 0.799969
v 22.799999 -26.836142 0.781224
v 22.799999 -26.827141 0.762720
v 22.799999 -26.817636 0.744469
v 22.799999 -26.807634 0.726486
v 22.799999 -26.797142 0.708784
v 22.799999 -26.786169 0.691377
v 22.799999 -26.774721 0.674277
v 22.799999 -26.762810 0.657498
v 22.799999 -26.750443 0.641052
v 22.799999 -26.737629 0.624951
v 22.799999 -26.724379 0.609208
v 22.799999 -26.710699 0.593834
v 22.799999 -26.696606 0.578842
v 22.799999 -26.682104 0.564241
v 22.799999 -26.667210 0.550044
v 22.799999 -26.651930 0.536261
v 22.799999 -26.636278 0.522903
v 22.799999 -26.620266 0.509979
v 22.799999 -26.603905 0.497499
v 22.799999 -26.587208 0.485472
v 22.799999 -26.570187 0.473908
v 22.799999 -26.552855 0.462816
v 22.799999 -26.535225 0.452203
v 22.799999 -26.517311 0.442077
v 22.799999 -26.499126 0.432447
v 22.799999 -26.480684 0.423320
v 22.799999 -26.461998 0.414701
v 22.799999 -26.443083 0.406599
v 22.799999 -26.423952 0.399019
v 22.799999 -26.404621 0.391966
v 22.799999 -26.385105 0.385447
v 22.799999 -26.365416 0.379465
v 22.799999 -26.345570 0.374025
v 22.799999 -26.325583 0.369133
v 22.799999 -26.305470 0.364790
v 22.799999 -25.501822 1.464557
v 22.799999 -25.492067 1.446438
v 22.799999 -25.482813 1.428059
v 22.799999 -25.474068 1.409433
v 22.799999 -25.465836 1.390574
v 22.799999 -25.458124 1.371495
v 22.799999 -25.450939 1.352213
v 22.799999 -26.141827 1.849841
v 22.799999 -26.121262 1.849136
v 22.799999 -26.100723 1.847866
v 22.799999 -26.080227 1.846034
v 22.799999 -26.059790 1.843639
v 22.799999 -26.039425 1.840686
v 22.799999 -26.019150 1.837174
v 22.799999 -25.998978 1.833108
v 22.799999 -25.978926 1.828490
v 22.799999 -25.959007 1.823323
v 22.799999 -25.939238 1.817612
v 22.799999 -25.919634 1.811361
v 22.799999 -25.900208 1.804574
v 22.799999 -25.880974 1.797257
v 22.799999 -25.861950 1.789415
v 22.799999 -25.843147 1.781054
v 22.799999 -25.824581 1.772180
v 22.799999 -25.806267 1.762800
v 22.799999 -25.788216 1.752922
v 22.799999 -25.770443 1.742551
v 22.799999 -25.752960 1.731698
v 22.799999 -25.735783 1.720368
v 22.799999 -25.718922 1.708572
v 22.799999 -25.702391 1.696317
v 22.799999 -25.686203 1.683614
v 22.799999 -25.670368 1.670472
v 22.799999 -25.654902 1.656899
v 22.799999 -25.639812 1.642908
v 22.799999 -25.625114 1.628508
v 22.799999 -25.610815 1.613710
v 22.799999 -25.596928 1.598526
v 22.799999 -25.583462 1.582966
v 22.799999 -25.570427 1.567043
v 22.799999 -25.557837 1.550768
v 22.799999 -25.545694 1.534153
v 22.799999 -25.534016 1.517212
v 22.799999 -25.522804 1.499957
v 22.799999 -25.512070 1.482401
v 22.799999 -25.444286 1.332741
v 22.799999 -25.438169 1.313094
v 22.799999 -25.432594 1.293286
v 22.799999 -25.427565 1.273333
v 22.799999 -25.423082 1.253249
v 22.799999 -25.419155 1.233050
v 22.799999 -25.415783 1.212751
v 22.799999 -25.412970 1.192366
v 22.799999 -25.410715 1.171913
v 22.799999 -25.409023 1.151405
v 22.799999 -25.407894 1.130858
v 22.799999 -25.407330 1.110289
v 22.799999 -25.407330 1.089711
v 22.799999 -25.407894 1.069142
v 22.799999 -25.409023 1.048595
v 22.799999 -25.410715 1.028087
v 22.799999 -25.412970 1.007634
v 22.799999 -25.415783 0.987249
v 22.799999 -25.419155 0.966950
v 22.799999 -25.423082 0.946751
v 22.799999 -25.427565 0.926667
v 22.799999 -25.432594 0.906714
v 22.799999 -25.438169 0.886906
v 22.799999 -25.444286 0.867259
v 22.799999 -25.450939 0.847787
v 22.799999 -25.458124 0.828504
v 22.799999 -25.465836 0.809427
v 22.799999 -25.474068 0.790567
v 22.799999 -25.482813 0.771941
v 22.799999 -25.492067 0.753562
v 22.799999 -25.501822 0.735443
v 22.799999 -25.512070 0.717599
v 22.799999 -25.522804 0.700043
v 22.799999 -25.534016 0.682788
v 22.799999 -25.545694 0.665847
v 22.799999 -25.557837 0.649232
v 22.799999 -25.570427 0.632957
v 22.799999 -25.583462 0.617034
v 22.799999 -25.596928 0.601474
v 22.799999 -25.610815 0.586290
v 22.799999 -25.625114 0.571492
v 22.799999 -25.639812 0.557092
v 22.799999 -25.654902 0.543101
v 22.799999 -25.670368 0.529528
v 22.799999 -25.686203 0.516386
v 22.799999 -25.702391 0.503682
v 22.799999 -25.718922 0.491428
v 22.799999 -25.735783 0.479632
v 22.799999 -25.752960 0.468302
v 22.799999 -25.770443 0.457449
v 22.799999 -25.788216 0.447078
v 22.799999 -25.806267 0.437200
v 22.799999 -25.824581 0.427820
v 22.799999 -25.843147 0.418946
v 22.799999 -25.861950 0.410585
v 22.799999 -25.880974 0.402743
v 22.799999 -25.900208 0.395426
v 22.799999 -25.919634 0.388639
v 22.799999 -25.939238 0.382388
v 22.799999 -25.959007 0.376677
v 22.799999 -25.978926 0.371510
v 22.799999 -25.998978 0.366892
v 22.799999 -26.019150 0.362826
v 22.799999 -26.039425 0.359314
v 22.799999 -26.162403 0.350018
v 22.799999 -26.141827 0.350159
v 22.799999 -26.121262 0.350864
v 22.799999 -26.100723 0.352134
v 22.799999 -26.080227 0.353966
v 22.799999 -26.059790 0.356361
v 22.799999 -26.182978 0.350441
v 22.799999 -26.203531 0.351429
v 22.799999 -26.224051 0.352980
v 22.799999 -26.244518 0.355093
v 22.799999 -26.264921 0.357768
v 22.799999 -26.285244 0.361001
v 20.799999 -20.207260 0.000000
v 20.799999 -32.107258 0.000000
v 27.900000 -7.909698 -0.000000
v 28.900000 -9.641749 -0.000000
v 17.803848 -17.207260 0.000000
v 15.200000 -20.207260 0.000000
v 23.803848 -6.814955 0.000000
v 25.100000 -3.059956 -0.000000
v -15.200000 -20.207260 0.000000
v 15.200000 -34.107258 0.000000
v -15.200000 -34.107258 0.000000
v -17.803848 -17.207260 0.000000
v -20.799999 -20.207260 0.000000
v -22.799999 -20.207260 0.000000
v -23.000000 -20.207260 0.000000
v 9.900000 23.267216 -0.000000
v 21.937754 30.217216 0.000000
v 37.137753 3.890043 0.000000
v 6.000000 24.022215 0.000000
v -29.000000 -9.814955 0.000000
v -23.803848 -6.814955 0.000000
v -28.900000 -9.641749 0.000000
v -27.900000 -7.909698 0.000000
v 7.100000 28.116959 0.000000
v -25.100000 -3.059956 0.000000
v 6.100000 29.849009 0.000000
v 16.405703 35.799007 0.000000
v 17.405703 34.066959 0.000000
v 6.000000 30.022215 0.000000
v -6.000000 24.022215 0.000000
v -9.900000 23.267216 -0.000000
v -7.100000 28.116959 -0.000000
v -6.100000 29.849009 -0.000000
v -6.000000 30.022215 0.000000
v -38.205704 -1.959699 0.000000
v -21.937754 30.217216 0.000000
v -37.137753 3.890043 0.000000
v -16.405703 35.799007 0.000000
v -20.799999 -20.207260 3.500000
v -15.000000 -20.207260 5.000000
v -22.299999 -20.207260 5.000000
v -15.200000 -20.207260 2.200000
v 15.000000 -20.207260 15.000000
v -15.000000 -20.207260 15.000000
v 15.200000 -20.207260 2.200000
v 20.799999 -20.207260 3.500000
v 20.799999 -32.107258 3.500000
v 34.519939 -6.397077 1.621158
v 34.481247 -6.419414 1.663738
v 34.467693 -6.427240 1.677097
v 34.566563 -6.370158 1.558948
v 34.587589 -6.358018 1.525723
v 34.597504 -6.352295 1.508623
v 34.607006 -6.346808 1.491216
v 34.380180 -6.477767 1.747797
v 34.616093 -6.341562 1.473514
v 34.624756 -6.336561 1.455531
v 34.332947 -6.505037 1.776680
v 34.640781 -6.327308 1.418776
v 34.316765 -6.514380 1.785298
v 34.655037 -6.319077 1.381061
v 34.267075 -6.543068 1.808034
v 34.690426 -6.298645 1.243163
v 34.163689 -6.602757 1.838999
v 34.693588 -6.296820 1.222912
v 34.696266 -6.295273 1.202568
v 34.110695 -6.633354 1.847020
v 34.700172 -6.293019 1.161665
v 34.092922 -6.643614 1.848571
v 34.701393 -6.292314 1.141136
v 34.702126 -6.291891 1.079425
v 34.696266 -6.295273 0.997432
v 34.693588 -6.296820 0.977088
v 34.686787 -6.300747 0.936694
v 34.624756 -6.336561 0.744469
v 34.597504 -6.352295 0.691377
v 34.519939 -6.397077 0.578842
v 34.507381 -6.404327 0.564241
v 34.453827 -6.435246 0.509979
v 34.439659 -6.443427 0.497499
v 34.425198 -6.451776 0.485472
v 34.410458 -6.460286 0.473908
v 34.395447 -6.468952 0.462816
v 34.364666 -6.486723 0.442077
v 34.348915 -6.495816 0.432447
v 34.300381 -6.523838 0.406599
v 34.283813 -6.533403 0.399019
v 34.267075 -6.543068 0.391966
v 33.476776 -6.999346 1.446438
v 33.468765 -7.003973 1.428059
v 33.461189 -7.008346 1.409433
v 33.454060 -7.012462 1.390574
v 33.447384 -7.016317 1.371495
v 33.441158 -7.019910 1.352213
v 33.915775 -6.745890 1.833108
v 33.830238 -6.795276 1.804574
v 33.780823 -6.823805 1.781054
v 33.764744 -6.833088 1.772180
v 33.717857 -6.860158 1.742551
v 33.702717 -6.868899 1.731698
v 33.687840 -6.877488 1.720368
v 33.631191 -6.910195 1.670472
v 33.533733 -6.966461 1.550768
v 33.523220 -6.972532 1.534153
v 33.513107 -6.978372 1.517212
v 33.503395 -6.983977 1.499957
v 33.494102 -6.989344 1.482401
v 33.420918 -7.031597 1.273333
v 33.417034 -7.033838 1.253249
v 33.413635 -7.035801 1.233050
v 33.408276 -7.038895 1.192366
v 33.403393 -7.041714 1.089711
v 33.403881 -7.041432 1.069142
v 33.404858 -7.040868 1.048595
v 33.406326 -7.040022 1.028087
v 33.417034 -7.033838 0.946751
v 33.420918 -7.031597 0.926667
v 33.425274 -7.029082 0.906714
v 33.430099 -7.026295 0.886906
v 33.435398 -7.023236 0.867259
v 33.441158 -7.019910 0.847787
v 33.447384 -7.016317 0.828504
v 33.454060 -7.012462 0.809427
v 33.461189 -7.008346 0.790567
v 33.468765 -7.003973 0.771941
v 33.476776 -6.999346 0.753562
v 33.485226 -6.994468 0.735443
v 33.533733 -6.966461 0.649232
v 33.604729 -6.925473 0.557092
v 33.617798 -6.917928 0.543101
v 33.631191 -6.910195 0.529528
v 33.658924 -6.894184 0.503682
v 33.673241 -6.885919 0.491428
v 33.797104 -6.814404 0.410585
v 33.830238 -6.795276 0.395426
v 33.864040 -6.775760 0.382388
v 33.898411 -6.755917 0.371510
v 33.950806 -6.725667 0.359314
v 34.057308 -6.664177 0.350018
v 34.003891 -6.695017 0.352134
v 33.986141 -6.705266 0.353966
v 34.075123 -6.653891 0.350441
v 34.092922 -6.643614 0.351429
v 34.110695 -6.633354 0.352980
v 39.205704 -3.691750 5.000000
v 38.205704 -1.959699 3.500000
v 39.205704 -3.691750 0.000000
v 38.205704 -1.959699 0.000000
v 27.900000 -7.909698 3.500000
v 25.100000 -3.059956 2.200000
v 10.000000 23.094011 5.000000
v 25.000000 -2.886751 15.000000
v 10.000000 23.094011 15.000000
v 9.900000 23.267216 2.200000
v 7.100000 28.116959 3.500000
v 6.350000 29.415997 5.000000
v 19.803848 0.113249 15.000000
v 10.000000 17.094011 5.000000
v 10.000000 17.094011 15.000000
v 6.000000 24.022215 5.000000
v -9.803847 -17.207260 5.000000
v -17.803848 -17.207260 5.000000
v 9.803847 -17.207260 15.000000
v -9.803847 -17.207260 15.000000
v 20.799999 -26.907259 1.100000
v 20.799999 -26.906977 1.120576
v 20.799999 -26.906130 1.141136
v 20.799999 -26.904720 1.161665
v 20.799999 -26.902746 1.182147
v 20.799999 -26.900213 1.202568
v 20.799999 -26.897120 1.222912
v 20.799999 -26.893469 1.243163
v 20.799999 -26.889265 1.263306
v 20.799999 -26.884508 1.283327
v 20.799999 -26.879206 1.303209
v 20.799999 -26.873360 1.322938
v 20.799999 -26.866974 1.342500
v 20.799999 -26.860054 1.361879
v 20.799999 -26.852604 1.381061
v 20.799999 -26.844631 1.400031
v 20.799999 -26.836142 1.418776
v 20.799999 -26.827141 1.437280
v 20.799999 -26.817636 1.455531
v 20.799999 -26.807634 1.473514
v 20.799999 -26.797142 1.491216
v 20.799999 -26.786169 1.508623
v 20.799999 -26.774721 1.525723
v 20.799999 -26.762810 1.542502
v 20.799999 -26.750443 1.558948
v 20.799999 -26.737629 1.575049
v 20.799999 -26.724379 1.590792
v 20.799999 -26.710699 1.606166
v 20.799999 -26.696606 1.621158
v 20.799999 -26.682104 1.635759
v 20.799999 -26.667210 1.649956
v 20.799999 -26.651930 1.663738
v 20.799999 -26.636278 1.677097
v 20.799999 -26.620266 1.690021
v 20.799999 -26.603905 1.702501
v 20.799999 -26.587208 1.714528
v 20.799999 -26.570187 1.726092
v 20.799999 -26.552855 1.737184
v 20.799999 -26.535225 1.747797
v 20.799999 -26.517311 1.757923
v 20.799999 -26.499126 1.767553
v 20.799999 -26.480684 1.776680
v 20.799999 -26.461998 1.785298
v 20.799999 -26.443083 1.793401
v 20.799999 -26.423952 1.800981
v 20.799999 -26.404621 1.808034
v 20.799999 -26.385105 1.814553
v 20.799999 -26.365416 1.820535
v 20.799999 -26.345570 1.825975
v 20.799999 -26.325583 1.830867
v 20.799999 -26.305470 1.835210
v 20.799999 -26.285244 1.838999
v 20.799999 -26.264921 1.842232
v 20.799999 -26.244518 1.844907
v 20.799999 -26.224051 1.847020
v 20.799999 -26.203531 1.848571
v 20.799999 -26.182978 1.849559
v 20.799999 -26.162403 1.849982
v 20.799999 -26.141827 1.849841
v 20.799999 -26.121262 1.849136
v 20.799999 -26.100723 1.847866
v 20.799999 -26.080227 1.846034
v 20.799999 -26.059790 1.843639
v 20.799999 -26.039425 1.840686
v 20.799999 -26.019150 1.837174
v 20.799999 -25.998978 1.833108
v 20.799999 -25.978926 1.828490
v 20.799999 -25.959007 1.823323
v 20.799999 -25.939238 1.817612
v 20.799999 -25.919634 1.811361
v 20.799999 -25.900208 1.804574
v 20.799999 -25.880974 1.797257
v 20.799999 -25.861950 1.789415
v 20.799999 -25.843147 1.781054
v 20.799999 -25.824581 1.772180
v 20.799999 -25.806267 1.762800
v 20.799999 -25.788216 1.752922
v 20.799999 -25.770443 1.742551
v 20.799999 -25.752960 1.731698
v 20.799999 -25.735783 1.720368
v 20.799999 -25.718922 1.708572
v 20.799999 -25.702391 1.696317
v 20.799999 -25.686203 1.683614
v 20.799999 -25.670368 1.670472
v 20.799999 -25.654902 1.656899
v 20.799999 -25.639812 1.642908
v 20.799999 -25.625114 1.628508
v 20.799999 -25.610815 1.613710
v 20.799999 -25.596928 1.598526
v 20.799999 -25.583462 1.582966
v 20.799999 -25.570427 1.567043
v 20.799999 -25.557837 1.550768
v 20.799999 -25.545694 1.534153
v 20.799999 -25.534016 1.517212
v 20.799999 -25.522804 1.499957
v 20.799999 -25.512070 1.482401
v 20.799999 -25.501822 1.464557
v 20.799999 -25.492067 1.446438
v 20.799999 -25.482813 1.428059
v 20.799999 -25.474068 1.409433
v 20.799999 -25.465836 1.390574
v 20.799999 -25.458124 1.371495
v 20.799999 -25.450939 1.352213
v 20.799999 -25.444286 1.332741
v 20.799999 -25.438169 1.313094
v 20.799999 -25.432594 1.293286
v 20.799999 -25.427565 1.273333
v 20.799999 -25.423082 1.253249
v 20.799999 -25.419155 1.233050
v 20.799999 -25.415783 1.212751
v 20.799999 -25.412970 1.192366
v 20.799999 -25.410715 1.171913
v 20.799999 -25.409023 1.151405
v 20.799999 -25.407894 1.130858
v 20.799999 -25.407330 1.110289
v 20.799999 -25.407330 1.089711
v 20.799999 -25.407894 1.069142
v 20.799999 -25.409023 1.048595
v 20.799999 -25.410715 1.028087
v 20.799999 -25.412970 1.007634
v 20.799999 -25.415783 0.987249
v 20.799999 -25.419155 0.966950
v 20.799999 -25.423082 0.946751
v 20.799999 -25.427565 0.926667
v 20.799999 -25.432594 0.906714
v 20.799999 -25.438169 0.886906
v 20.799999 -25.444286 0.867259
v 20.799999 -25.450939 0.847787
v 20.799999 -25.458124 0.828504
v 20.799999 -25.465836 0.809427
v 20.799999 -25.474068 0.790567
v 20.799999 -25.482813 0.771941
v 20.799999 -25.492067 0.753562
v 20.799999 -25.501822 0.735443
v 20.799999 -25.512070 0.717599
v 20.799999 -25.522804 0.700043
v 20.799999 -25.534016 0.682788
v 20.799999 -25.545694 0.665847
v 20.799999 -25.557837 0.649232
v 20.799999 -25.570427 0.632957
v 20.799999 -25.583462 0.617034
v 20.799999 -25.596928 0.601474
v 20.799999 -25.610815 0.586290
v 20.799999 -25.625114 0.571492
v 20.799999 -25.639812 0.557092
v 20.799999 -25.654902 0.543101
v 20.799999 -25.670368 0.529528
v 20.799999 -25.686203 0.516386
v 20.799999 -25.702391 0.503682
v 20.799999 -25.718922 0.491428
v 20.799999 -25.735783 0.479632
v 20.799999 -25.752960 0.468302
v 20.799999 -25.770443 0.457449
v 20.799999 -25.788216 0.447078
v 20.799999 -25.806267 0.437200
v 20.799999 -25.824581 0.427820
v 20.799999 -25.843147 0.418946
v 20.799999 -25.861950 0.410585
v 20.799999 -25.880974 0.402743
v 20.799999 -25.900208 0.395426
v 20.799999 -25.919634 0.388639
v 20.799999 -25.939238 0.382388
v 20.799999 -25.959007 0.376677
v 20.799999 -25.978926 0.371510
v 20.799999 -25.998978 0.366892
v 20.799999 -26.019150 0.362826
v 20.799999 -26.039425 0.359314
v 20.799999 -26.059790 0.356361
v 20.799999 -26.080227 0.353966
v 20.799999 -26.100723 0.352134
v 20.799999 -26.121262 0.350864
v 20.799999 -26.141827 0.350159
v 20.799999 -26.162403 0.350018
v 20.799999 -26.182978 0.350441
v 20.799999 -26.203531 0.351429
v 20.799999 -26.224051 0.352980
v 20.799999 -26.244518 0.355093
v 20.799999 -26.264921 0.357768
v 20.799999 -26.285244 0.361001
v 20.799999 -26.305470 0.364790
v 20.799999 -26.325583 0.369133
v 20.799999 -26.345570 0.374025
v 20.799999 -26.365416 0.379465
v 20.799999 -26.385105 0.385447
v 20.799999 -26.404621 0.391966
v 20.799999 -26.423952 0.399019
v 20.799999 -26.443083 0.406599
v 20.799999 -26.461998 0.414701
v 20.799999 -26.480684 0.423320
v 20.799999 -26.499126 0.432447
v 20.799999 -26.517311 0.442077
v 20.799999 -26.535225 0.452203
v 20.799999 -26.552855 0.462816
v 20.799999 -26.570187 0.473908
v 20.799999 -26.587208 0.485472
v 20.799999 -26.603905 0.497499
v 20.799999 -26.620266 0.509979
v 20.799999 -26.636278 0.522903
v 20.799999 -26.651930 0.536261
v 20.799999 -26.667210 0.550044
v 20.799999 -26.682104 0.564241
v 20.799999 -26.696606 0.578842
v 20.799999 -26.710699 0.593834
v 20.799999 -26.724379 0.609208
v 20.799999 -26.737629 0.624951
v 20.799999 -26.750443 0.641052
v 20.799999 -26.762810 0.657498
v 20.799999 -26.774721 0.674277
v 20.799999 -26.786169 0.691377
v 20.799999 -26.797142 0.708784
v 20.799999 -26.807634 0.726486
v 20.799999 -26.817636 0.744469
v 20.799999 -26.827141 0.762720
v 20.799999 -26.836142 0.781224
v 20.799999 -26.844631 0.799969
v 20.799999 -26.852604 0.818939
v 20.799999 -26.860054 0.838121
v 20.799999 -26.866974 0.857500
v 20.799999 -26.873360 0.877062
v 20.799999 -26.879206 0.896791
v 20.799999 -26.884508 0.916673
v 20.799999 -26.889265 0.936694
v 20.799999 -26.893469 0.956837
v 20.799999 -26.897120 0.977088
v 20.799999 -26.900213 0.997432
v 20.799999 -26.902746 1.017853
v 20.799999 -26.904720 1.038335
v 20.799999 -26.906130 1.058864
v 20.799999 -26.906977 1.079425
v -6.000000 30.022215 5.000000
v -6.100000 29.849009 5.000000
v 6.000000 30.022215 5.000000
v -16.405703 35.799007 5.000000
v -11.694481 33.078983 1.649956
v -11.681249 33.071342 1.663738
v -11.743990 33.107567 1.590792
v -11.667693 33.063519 1.677097
v -11.653827 33.055511 1.690021
v -11.639657 33.047333 1.702501
v -11.625197 33.038982 1.714528
v -11.787589 33.132740 1.525723
v -11.610456 33.030472 1.726092
v -11.595448 33.021809 1.737184
v -11.580179 33.012993 1.747797
v -11.824755 33.154198 1.455531
v -11.832986 33.158951 1.437280
v -11.516763 32.976379 1.785298
v -11.450171 32.937931 1.814553
v -11.433120 32.928085 1.820535
v -11.415933 32.918163 1.825975
v -11.398623 32.908169 1.830867
v -11.381205 32.898113 1.835210
v -11.363688 32.888000 1.838999
v -11.346089 32.877838 1.842232
v -11.328420 32.867638 1.844907
v -11.310693 32.857403 1.847020
v -11.292923 32.847145 1.848571
v -11.275124 32.836868 1.849559
v -11.902125 33.198868 1.120576
v -11.257306 32.826580 1.849982
v -11.902125 33.198868 1.079425
v -11.896268 33.195484 0.997432
v -11.886786 33.190010 0.936694
v -11.882668 33.187634 0.916673
v -11.878075 33.184982 0.896791
v -11.861488 33.175407 0.838121
v -11.855038 33.171680 0.818939
v -11.848133 33.167694 0.799969
v -11.840781 33.163452 0.781224
v -11.807006 33.143951 0.708784
v -11.797503 33.138462 0.691377
v -11.766563 33.120602 0.641052
v -11.732144 33.100731 0.593834
v -11.707380 33.086433 0.564241
v -11.694481 33.078983 0.550044
v -11.681249 33.071342 0.536261
v -11.667693 33.063519 0.522903
v -11.653827 33.055511 0.509979
v -11.639657 33.047333 0.497499
v -11.625197 33.038982 0.485472
v -11.580179 33.012993 0.452203
v -11.532946 32.985722 0.423320
v -11.516763 32.976379 0.414701
v -11.500381 32.966923 0.406599
v -11.467073 32.947689 0.391966
v -11.433120 32.928085 0.379465
v -11.415933 32.918163 0.374025
v -11.398623 32.908169 0.369133
v -11.381205 32.898113 0.364790
v -10.685225 32.496288 1.464557
v -10.661189 32.482414 1.409433
v -10.654060 32.478298 1.390574
v -10.647382 32.474442 1.371495
v -10.641160 32.470848 1.352213
v -11.239486 32.816292 1.849841
v -11.221676 32.806011 1.849136
v -11.203890 32.795742 1.847866
v -11.168440 32.775272 1.843639
v -11.150804 32.765091 1.840686
v -11.133245 32.754955 1.837174
v -11.115775 32.744869 1.833108
v -11.098410 32.734840 1.828490
v -11.081160 32.724884 1.823323
v -11.013581 32.685867 1.797257
v -10.948882 32.648514 1.762800
v -10.933249 32.639488 1.752922
v -10.917857 32.630600 1.742551
v -10.844904 32.588482 1.683614
v -10.831192 32.580563 1.670472
v -10.817797 32.572830 1.656899
v -10.804729 32.565285 1.642908
v -10.792000 32.557938 1.628508
v -10.779616 32.550785 1.613710
v -10.767590 32.543842 1.598526
v -10.755928 32.537109 1.582966
v -10.744640 32.530594 1.567043
v -10.694100 32.501415 1.482401
v -10.635398 32.467522 1.332741
v -10.630100 32.464462 1.313094
v -10.608276 32.451862 1.192366
v -10.604859 32.449890 1.151405
v -10.603882 32.449326 1.130858
v -10.604859 32.449890 1.048595
v -10.606325 32.450737 1.028087
v -10.610714 32.453270 0.987249
v -10.613634 32.454956 0.966950
v -10.625272 32.461678 0.906714
v -10.641160 32.470848 0.847787
v -10.654060 32.478298 0.809427
v -10.661189 32.482414 0.790567
v -10.676778 32.491413 0.753562
v -10.694100 32.501415 0.717599
v -10.779616 32.550785 0.586290
v -10.873240 32.604839 0.491428
v -10.887841 32.613270 0.479632
v -10.902718 32.621861 0.468302
v -10.933249 32.639488 0.447078
v -10.948882 32.648514 0.437200
v -10.980823 32.666954 0.418946
v -10.997106 32.676353 0.410585
v -11.013581 32.685867 0.402743
v -11.030237 32.695484 0.395426
v -11.150804 32.765091 0.359314
v -11.257306 32.826580 0.350018
v -11.239486 32.816292 0.350159
v -11.203890 32.795742 0.352134
v -11.186140 32.785492 0.353966
v -11.168440 32.775272 0.356361
v -11.275124 32.836868 0.350441
v -11.292923 32.847145 0.351429
v -11.328420 32.867638 0.355093
v -11.346089 32.877838 0.357768
v -11.363688 32.888000 0.361001
v 6.100000 29.849009 5.000000
v -16.655703 35.365997 5.000000
v -17.405703 34.066959 0.000000
v 11.719938 33.093681 1.621158
v 11.707380 33.086433 1.635759
v 16.405703 35.799007 5.000000
v 11.694481 33.078983 1.649956
v 11.732144 33.100731 1.606166
v 11.681249 33.071342 1.663738
v 11.743990 33.107567 1.590792
v 11.667693 33.063519 1.677097
v 11.755466 33.114193 1.575049
v 11.653827 33.055511 1.690021
v 11.766563 33.120602 1.558948
v 11.639657 33.047333 1.702501
v 11.777273 33.126785 1.542502
v 11.625197 33.038982 1.714528
v 11.787589 33.132740 1.525723
v 11.610456 33.030472 1.726092
v 11.797503 33.138462 1.508623
v 11.595448 33.021809 1.737184
v 11.807006 33.143951 1.491216
v 11.580179 33.012993 1.747797
v 11.816092 33.149197 1.473514
v 11.564666 33.004036 1.757923
v 11.824755 33.154198 1.455531
v 11.548917 32.994942 1.767553
v 11.832986 33.158951 1.437280
v 11.532946 32.985722 1.776680
v 11.840781 33.163452 1.418776
v 11.516763 32.976379 1.785298
v 11.848133 33.167694 1.400031
v 11.500381 32.966923 1.793401
v 11.855038 33.171680 1.381061
v 11.483814 32.957355 1.800981
v 11.861488 33.175407 1.361879
v 11.467073 32.947689 1.808034
v 11.867481 33.178867 1.342500
v 11.450171 32.937931 1.814553
v 11.873012 33.182060 1.322938
v 11.433120 32.928085 1.820535
v 11.878075 33.184982 1.303209
v 11.415933 32.918163 1.825975
v 11.882668 33.187634 1.283327
v 11.398623 32.908169 1.830867
v 11.886786 33.190010 1.263306
v 11.381205 32.898113 1.835210
v 11.890428 33.192112 1.243163
v 11.363688 32.888000 1.838999
v 11.893589 33.193939 1.222912
v 11.346089 32.877838 1.842232
v 11.896268 33.195484 1.202568
v 11.328420 32.867638 1.844907
v 11.898462 33.196754 1.182147
v 11.310693 32.857403 1.847020
v 11.900171 33.197739 1.161665
v 11.292923 32.847145 1.848571
v 11.901393 33.198444 1.141136
v 11.275124 32.836868 1.849559
v 11.902125 33.198868 1.120576
v 11.257306 32.826580 1.849982
v 11.902370 33.199009 1.100000
v 11.902125 33.198868 1.079425
v 11.901393 33.198444 1.058864
v 11.900171 33.197739 1.038335
v 11.898462 33.196754 1.017853
v 11.896268 33.195484 0.997432
v 11.893589 33.193939 0.977088
v 11.890428 33.192112 0.956837
v 11.886786 33.190010 0.936694
v 11.882668 33.187634 0.916673
v 11.878075 33.184982 0.896791
v 11.873012 33.182060 0.877062
v 11.867481 33.178867 0.857500
v 11.861488 33.175407 0.838121
v 11.855038 33.171680 0.818939
v 11.848133 33.167694 0.799969
v 11.840781 33.163452 0.781224
v 11.832986 33.158951 0.762720
v 11.824755 33.154198 0.744469
v 11.816092 33.149197 0.726486
v 11.807006 33.143951 0.708784
v 11.797503 33.138462 0.691377
v 11.787589 33.132740 0.674277
v 11.777273 33.126785 0.657498
v 11.766563 33.120602 0.641052
v 11.755466 33.114193 0.624951
v 11.743990 33.107567 0.609208
v 11.732144 33.100731 0.593834
v 11.719938 33.093681 0.578842
v 11.707380 33.086433 0.564241
v 11.694481 33.078983 0.550044
v 11.681249 33.071342 0.536261
v 11.667693 33.063519 0.522903
v 11.653827 33.055511 0.509979
v 11.639657 33.047333 0.497499
v 11.625197 33.038982 0.485472
v 11.610456 33.030472 0.473908
v 11.595448 33.021809 0.462816
v 11.580179 33.012993 0.452203
v 11.564666 33.004036 0.442077
v 11.548917 32.994942 0.432447
v 11.532946 32.985722 0.423320
v 11.516763 32.976379 0.414701
v 11.500381 32.966923 0.406599
v 11.483814 32.957355 0.399019
v 11.467073 32.947689 0.391966
v 11.450171 32.937931 0.385447
v 11.433120 32.928085 0.379465
v 11.415933 32.918163 0.374025
v 11.398623 32.908169 0.369133
v 11.381205 32.898113 0.364790
v 10.685225 32.496288 1.464557
v 10.676778 32.491413 1.446438
v 10.668764 32.486786 1.428059
v 10.661189 32.482414 1.409433
v 10.654060 32.478298 1.390574
v 10.647382 32.474442 1.371495
v 10.641160 32.470848 1.352213
v 11.239486 32.816292 1.849841
v 11.221676 32.806011 1.849136
v 11.203890 32.795742 1.847866
v 11.186140 32.785492 1.846034
v 11.168440 32.775272 1.843639
v 11.150804 32.765091 1.840686
v 11.133245 32.754955 1.837174
v 11.115775 32.744869 1.833108
v 11.098410 32.734840 1.828490
v 11.081160 32.724884 1.823323
v 11.064039 32.715000 1.817612
v 11.047061 32.705196 1.811361
v 11.030237 32.695484 1.804574
v 11.013581 32.685867 1.797257
v 10.997106 32.676353 1.789415
v 10.980823 32.666954 1.781054
v 10.964744 32.657669 1.772180
v 10.948882 32.648514 1.762800
v 10.933249 32.639488 1.752922
v 10.917857 32.630600 1.742551
v 10.902718 32.621861 1.731698
v 10.887841 32.613270 1.720368
v 10.873240 32.604839 1.708572
v 10.858923 32.596573 1.696317
v 10.844904 32.588482 1.683614
v 10.831192 32.580563 1.670472
v 10.817797 32.572830 1.656899
v 10.804729 32.565285 1.642908
v 10.792000 32.557938 1.628508
v 10.779616 32.550785 1.613710
v 10.767590 32.543842 1.598526
v 10.755928 32.537109 1.582966
v 10.744640 32.530594 1.567043
v 10.733735 32.524296 1.550768
v 10.723221 32.518227 1.534153
v 10.713105 32.512386 1.517212
v 10.703396 32.506783 1.499957
v 10.694100 32.501415 1.482401
v 10.635398 32.467522 1.332741
v 10.630100 32.464462 1.313094
v 10.625272 32.461678 1.293286
v 10.620916 32.459160 1.273333
v 10.617036 32.456921 1.253249
v 10.613634 32.454956 1.233050
v 10.610714 32.453270 1.212751
v 10.608276 32.451862 1.192366
v 10.606325 32.450737 1.171913
v 10.604859 32.449890 1.151405
v 10.603882 32.449326 1.130858
v 10.603394 32.449043 1.110289
v 10.603394 32.449043 1.089711
v 10.603882 32.449326 1.069142
v 10.604859 32.449890 1.048595
v 10.606325 32.450737 1.028087
v 10.608276 32.451862 1.007634
v 10.610714 32.453270 0.987249
v 10.613634 32.454956 0.966950
v 10.617036 32.456921 0.946751
v 10.620916 32.459160 0.926667
v 10.625272 32.461678 0.906714
v 10.630100 32.464462 0.886906
v 10.635398 32.467522 0.867259
v 10.641160 32.470848 0.847787
v 10.647382 32.474442 0.828504
v 10.654060 32.478298 0.809427
v 10.661189 32.482414 0.790567
v 10.668764 32.486786 0.771941
v 10.676778 32.491413 0.753562
v 10.685225 32.496288 0.735443
v 10.694100 32.501415 0.717599
v 10.703396 32.506783 0.700043
v 10.713105 32.512386 0.682788
v 10.723221 32.518227 0.665847
v 10.733735 32.524296 0.649232
v 10.744640 32.530594 0.632957
v 10.755928 32.537109 0.617034
v 10.767590 32.543842 0.601474
v 10.779616 32.550785 0.586290
v 10.792000 32.557938 0.571492
v 10.804729 32.565285 0.557092
v 10.817797 32.572830 0.543101
v 10.831192 32.580563 0.529528
v 10.844904 32.588482 0.516386
v 10.858923 32.596573 0.503682
v 10.873240 32.604839 0.491428
v 10.887841 32.613270 0.479632
v 10.902718 32.621861 0.468302
v 10.917857 32.630600 0.457449
v 10.933249 32.639488 0.447078
v 10.948882 32.648514 0.437200
v 10.964744 32.657669 0.427820
v 10.980823 32.666954 0.418946
v 10.997106 32.676353 0.410585
v 11.013581 32.685867 0.402743
v 11.030237 32.695484 0.395426
v 11.047061 32.705196 0.388639
v 11.064039 32.715000 0.382388
v 11.081160 32.724884 0.376677
v 11.098410 32.734840 0.371510
v 11.115775 32.744869 0.366892
v 11.133245 32.754955 0.362826
v 11.150804 32.765091 0.359314
v 11.257306 32.826580 0.350018
v 11.239486 32.816292 0.350159
v 11.221676 32.806011 0.350864
v 11.203890 32.795742 0.352134
v 11.186140 32.785492 0.353966
v 11.168440 32.775272 0.356361
v 11.275124 32.836868 0.350441
v 11.292923 32.847145 0.351429
v 11.310693 32.857403 0.352980
v 11.328420 32.867638 0.355093
v 11.346089 32.877838 0.357768
v 11.363688 32.888000 0.361001
v -12.707380 31.354382 0.564241
v -12.694481 31.346933 0.550044
v -12.732144 31.368679 0.593834
v -12.681249 31.339293 0.536261
v -12.667693 31.331467 0.522903
v -12.755466 31.382143 0.624951
v -12.653827 31.323462 0.509979
v -12.639657 31.315281 0.497499
v -12.777273 31.394733 0.657498
v -12.787589 31.400690 0.674277
v -12.580179 31.280941 0.452203
v -12.816092 31.417145 0.726486
v -12.824755 31.422146 0.744469
v -12.532946 31.253670 0.423320
v -12.840781 31.431400 0.781224
v -12.848133 31.435644 0.799969
v -12.500381 31.234871 0.406599
v -12.855038 31.439631 0.818939
v -12.861488 31.443356 0.838121
v -12.867481 31.446815 0.857500
v -12.873012 31.450008 0.877062
v -12.878075 31.452930 0.896791
v -12.886786 31.457960 0.936694
v -12.896268 31.463434 0.997432
v -12.898462 31.464703 1.017853
v -12.901393 31.466394 1.058864
v -12.898462 31.464703 1.182147
v -12.893589 31.461887 1.222912
v -17.405703 34.066959 3.500000
v -12.848133 31.435644 1.400031
v -12.840781 31.431400 1.418776
v -12.832986 31.426899 1.437280
v -12.787589 31.400690 1.525723
v -12.766563 31.388550 1.558948
v -12.755466 31.382143 1.575049
v -12.743990 31.375517 1.590792
v -12.719938 31.361631 1.621158
v -12.707380 31.354382 1.635759
v -12.681249 31.339293 1.663738
v -12.667693 31.331467 1.677097
v -12.653827 31.323462 1.690021
v -12.610456 31.298422 1.726092
v -12.595448 31.289757 1.737184
v -12.580179 31.280941 1.747797
v -12.564666 31.271984 1.757923
v -12.548917 31.262892 1.767553
v -12.532946 31.253670 1.776680
v -12.483814 31.225306 1.800981
v -12.467073 31.215639 1.808034
v -12.450171 31.205881 1.814553
v -12.415933 31.186113 1.825975
v -12.398623 31.176121 1.830867
v -12.328420 31.135588 1.844907
v -12.292923 31.115093 1.848571
v -12.275124 31.104816 1.849559
v -12.257306 31.094530 1.849982
v -11.613634 30.722906 1.233050
v -11.603882 30.717276 1.069142
v -11.610714 30.721220 0.987249
v -11.625272 30.729626 0.906714
v -11.630100 30.732412 0.886906
v -11.635398 30.735472 0.867259
v -11.641160 30.738798 0.847787
v -11.647382 30.742390 0.828504
v -11.654060 30.746246 0.809427
v -11.661189 30.750362 0.790567
v -11.668764 30.754736 0.771941
v -11.676778 30.759361 0.753562
v -11.694100 30.769363 0.717599
v -11.703396 30.774731 0.700043
v -11.713105 30.780336 0.682788
v -11.723221 30.786177 0.665847
v -11.733735 30.792246 0.649232
v -11.804729 30.833235 0.557092
v -11.817797 30.840780 0.543101
v -11.933249 30.907436 0.447078
v -11.980823 30.934902 0.418946
v -11.997106 30.944304 0.410585
v -12.013581 30.953815 0.402743
v -12.030237 30.963432 0.395426
v -12.047061 30.973145 0.388639
v -12.064039 30.982948 0.382388
v -12.081160 30.992832 0.376677
v -12.098410 31.002790 0.371510
v -12.115775 31.012817 0.366892
v -11.676778 30.759361 1.446438
v -7.100000 28.116959 3.500000
v -11.685225 30.764240 1.464557
v -11.668764 30.754736 1.428059
v -11.661189 30.750362 1.409433
v -11.654060 30.746246 1.390574
v -11.647382 30.742390 1.371495
v -11.620916 30.727110 1.273333
v -11.617036 30.724871 1.253249
v -12.239486 31.084242 1.849841
v -12.203890 31.063690 1.847866
v -12.168440 31.043222 1.843639
v -12.150804 31.033041 1.840686
v -12.133245 31.022903 1.837174
v -12.081160 30.992832 1.823323
v -12.047061 30.973145 1.811361
v -12.030237 30.963432 1.804574
v -11.980823 30.934902 1.781054
v -11.933249 30.907436 1.752922
v -11.917857 30.898550 1.742551
v -11.902718 30.889809 1.731698
v -11.887841 30.881220 1.720368
v -11.873240 30.872789 1.708572
v -11.817797 30.840780 1.656899
v -11.779616 30.818735 1.613710
v -11.767590 30.811792 1.598526
v -11.723221 30.786177 1.534153
v -11.713105 30.780336 1.517212
v -11.703396 30.774731 1.499957
v -11.694100 30.769363 1.482401
v -12.257306 31.094530 0.350018
v -12.275124 31.104816 0.350441
v -12.310693 31.125353 0.352980
v -12.328420 31.135588 0.355093
v -12.239486 31.084242 0.350159
v -12.221676 31.073959 0.350864
v -12.203890 31.063690 0.352134
v -12.186140 31.053442 0.353966
v -12.168440 31.043222 0.356361
v 17.405703 34.066959 3.500000
v -10.000000 23.094011 5.000000
v -6.350000 29.415997 5.000000
v -9.900000 23.267216 2.200000
v -25.000000 -2.886751 5.000000
v -10.000000 23.094011 15.000000
v -25.000000 -2.886751 15.000000
v -25.100000 -3.059956 2.200000
v -27.900000 -7.909698 3.500000
v -28.650000 -9.208736 5.000000
v 12.719938 31.361631 0.578842
v 12.707380 31.354382 0.564241
v 12.694481 31.346933 0.550044
v 12.732144 31.368679 0.593834
v 12.681249 31.339293 0.536261
v 12.743990 31.375517 0.609208
v 12.667693 31.331467 0.522903
v 12.755466 31.382143 0.624951
v 12.653827 31.323462 0.509979
v 12.766563 31.388550 0.641052
v 12.639657 31.315281 0.497499
v 12.777273 31.394733 0.657498
v 12.625197 31.306932 0.485472
v 12.787589 31.400690 0.674277
v 12.610456 31.298422 0.473908
v 12.797503 31.406412 0.691377
v 12.595448 31.289757 0.462816
v 12.807006 31.411900 0.708784
v 12.580179 31.280941 0.452203
v 12.816092 31.417145 0.726486
v 12.564666 31.271984 0.442077
v 12.824755 31.422146 0.744469
v 12.548917 31.262892 0.432447
v 12.832986 31.426899 0.762720
v 12.532946 31.253670 0.423320
v 12.840781 31.431400 0.781224
v 12.516763 31.244328 0.414701
v 12.848133 31.435644 0.799969
v 12.500381 31.234871 0.406599
v 12.855038 31.439631 0.818939
v 12.483814 31.225306 0.399019
v 12.861488 31.443356 0.838121
v 12.467073 31.215639 0.391966
v 12.867481 31.446815 0.857500
v 12.450171 31.205881 0.385447
v 12.873012 31.450008 0.877062
v 12.433120 31.196035 0.379465
v 12.878075 31.452930 0.896791
v 12.415933 31.186113 0.374025
v 12.882668 31.455584 0.916673
v 12.886786 31.457960 0.936694
v 12.890428 31.460062 0.956837
v 12.893589 31.461887 0.977088
v 12.896268 31.463434 0.997432
v 12.898462 31.464703 1.017853
v 12.900171 31.465689 1.038335
v 12.901393 31.466394 1.058864
v 12.902125 31.466818 1.079425
v 12.902370 31.466959 1.100000
v 12.902125 31.466818 1.120576
v 12.901393 31.466394 1.141136
v 12.900171 31.465689 1.161665
v 12.898462 31.464703 1.182147
v 12.896268 31.463434 1.202568
v 12.893589 31.461887 1.222912
v 12.890428 31.460062 1.243163
v 12.886786 31.457960 1.263306
v 12.882668 31.455584 1.283327
v 12.878075 31.452930 1.303209
v 12.873012 31.450008 1.322938
v 12.867481 31.446815 1.342500
v 12.861488 31.443356 1.361879
v 12.855038 31.439631 1.381061
v 12.848133 31.435644 1.400031
v 12.840781 31.431400 1.418776
v 12.832986 31.426899 1.437280
v 12.824755 31.422146 1.455531
v 12.816092 31.417145 1.473514
v 12.807006 31.411900 1.491216
v 12.797503 31.406412 1.508623
v 12.787589 31.400690 1.525723
v 12.777273 31.394733 1.542502
v 12.766563 31.388550 1.558948
v 12.755466 31.382143 1.575049
v 12.743990 31.375517 1.590792
v 12.732144 31.368679 1.606166
v 12.719938 31.361631 1.621158
v 12.707380 31.354382 1.635759
v 12.694481 31.346933 1.649956
v 12.681249 31.339293 1.663738
v 12.667693 31.331467 1.677097
v 12.653827 31.323462 1.690021
v 12.639657 31.315281 1.702501
v 12.625197 31.306932 1.714528
v 12.610456 31.298422 1.726092
v 12.595448 31.289757 1.737184
v 12.580179 31.280941 1.747797
v 12.564666 31.271984 1.757923
v 12.548917 31.262892 1.767553
v 12.532946 31.253670 1.776680
v 12.516763 31.244328 1.785298
v 12.500381 31.234871 1.793401
v 12.483814 31.225306 1.800981
v 12.467073 31.215639 1.808034
v 12.450171 31.205881 1.814553
v 12.433120 31.196035 1.820535
v 12.415933 31.186113 1.825975
v 12.398623 31.176121 1.830867
v 12.381205 31.166063 1.835210
v 12.363688 31.155951 1.838999
v 12.346089 31.145788 1.842232
v 12.328420 31.135588 1.844907
v 12.310693 31.125353 1.847020
v 12.292923 31.115093 1.848571
v 12.275124 31.104816 1.849559
v 12.257306 31.094530 1.849982
v 11.610714 30.721220 1.212751
v 11.613634 30.722906 1.233050
v 11.608276 30.719812 1.192366
v 11.606325 30.718685 1.171913
v 11.604859 30.717840 1.151405
v 11.603882 30.717276 1.130858
v 11.603394 30.716993 1.110289
v 11.603394 30.716993 1.089711
v 11.603882 30.717276 1.069142
v 11.604859 30.717840 1.048595
v 11.606325 30.718685 1.028087
v 11.608276 30.719812 1.007634
v 11.610714 30.721220 0.987249
v 11.613634 30.722906 0.966950
v 11.617036 30.724871 0.946751
v 11.620916 30.727110 0.926667
v 11.625272 30.729626 0.906714
v 11.630100 30.732412 0.886906
v 11.635398 30.735472 0.867259
v 11.641160 30.738798 0.847787
v 11.647382 30.742390 0.828504
v 11.654060 30.746246 0.809427
v 11.661189 30.750362 0.790567
v 11.668764 30.754736 0.771941
v 11.676778 30.759361 0.753562
v 11.685225 30.764240 0.735443
v 11.694100 30.769363 0.717599
v 11.703396 30.774731 0.700043
v 11.713105 30.780336 0.682788
v 11.723221 30.786177 0.665847
v 11.733735 30.792246 0.649232
v 11.744640 30.798542 0.632957
v 11.755928 30.805059 0.617034
v 11.767590 30.811792 0.601474
v 11.779616 30.818735 0.586290
v 11.792000 30.825886 0.571492
v 11.804729 30.833235 0.557092
v 11.817797 30.840780 0.543101
v 11.831192 30.848513 0.529528
v 11.844904 30.856430 0.516386
v 11.858923 30.864523 0.503682
v 11.873240 30.872789 0.491428
v 11.887841 30.881220 0.479632
v 11.902718 30.889809 0.468302
v 11.917857 30.898550 0.457449
v 11.933249 30.907436 0.447078
v 11.948882 30.916462 0.437200
v 11.964744 30.925619 0.427820
v 11.980823 30.934902 0.418946
v 11.997106 30.944304 0.410585
v 12.013581 30.953815 0.402743
v 12.030237 30.963432 0.395426
v 12.047061 30.973145 0.388639
v 12.064039 30.982948 0.382388
v 12.081160 30.992832 0.376677
v 12.098410 31.002790 0.371510
v 12.115775 31.012817 0.366892
v 12.133245 31.022903 0.362826
v 11.676778 30.759361 1.446438
v 11.685225 30.764240 1.464557
v 11.668764 30.754736 1.428059
v 11.661189 30.750362 1.409433
v 11.654060 30.746246 1.390574
v 11.647382 30.742390 1.371495
v 11.641160 30.738798 1.352213
v 11.635398 30.735472 1.332741
v 11.630100 30.732412 1.313094
v 11.625272 30.729626 1.293286
v 11.620916 30.727110 1.273333
v 11.617036 30.724871 1.253249
v 12.221676 31.073959 1.849136
v 12.239486 31.084242 1.849841
v 12.203890 31.063690 1.847866
v 12.186140 31.053442 1.846034
v 12.168440 31.043222 1.843639
v 12.150804 31.033041 1.840686
v 12.133245 31.022903 1.837174
v 12.115775 31.012817 1.833108
v 12.098410 31.002790 1.828490
v 12.081160 30.992832 1.823323
v 12.064039 30.982948 1.817612
v 12.047061 30.973145 1.811361
v 12.030237 30.963432 1.804574
v 12.013581 30.953815 1.797257
v 11.997106 30.944304 1.789415
v 11.980823 30.934902 1.781054
v 11.964744 30.925619 1.772180
v 11.948882 30.916462 1.762800
v 11.933249 30.907436 1.752922
v 11.917857 30.898550 1.742551
v 11.902718 30.889809 1.731698
v 11.887841 30.881220 1.720368
v 11.873240 30.872789 1.708572
v 11.858923 30.864523 1.696317
v 11.844904 30.856430 1.683614
v 11.831192 30.848513 1.670472
v 11.817797 30.840780 1.656899
v 11.804729 30.833235 1.642908
v 11.792000 30.825886 1.628508
v 11.779616 30.818735 1.613710
v 11.767590 30.811792 1.598526
v 11.755928 30.805059 1.582966
v 11.744640 30.798542 1.567043
v 11.733735 30.792246 1.550768
v 11.723221 30.786177 1.534153
v 11.713105 30.780336 1.517212
v 11.703396 30.774731 1.499957
v 11.694100 30.769363 1.482401
v 12.257306 31.094530 0.350018
v 12.275124 31.104816 0.350441
v 12.292923 31.115093 0.351429
v 12.310693 31.125353 0.352980
v 12.328420 31.135588 0.355093
v 12.346089 31.145788 0.357768
v 12.363688 31.155951 0.361001
v 12.381205 31.166063 0.364790
v 12.398623 31.176121 0.369133
v 12.239486 31.084242 0.350159
v 12.221676 31.073959 0.350864
v 12.203890 31.063690 0.352134
v 12.186140 31.053442 0.353966
v 12.168440 31.043222 0.356361
v 12.150804 31.033041 0.359314
v -14.604730 25.983492 0.557092
v -14.591999 25.976143 0.571492
v -14.617797 25.991037 0.543101
v -14.631191 25.998770 0.529528
v -14.644904 26.006687 0.516386
v -14.513105 25.930593 0.682788
v -14.503396 25.924988 0.700043
v -14.717857 26.048807 0.457449
v -14.476778 25.909620 0.753562
v -14.468763 25.904993 0.771941
v -14.461189 25.900620 0.790567
v -14.454061 25.896503 0.809427
v -14.813581 26.104073 0.402743
v -14.447382 25.892649 0.828504
v -14.441160 25.889055 0.847787
v -14.847061 26.123404 0.388639
v -14.864039 26.133205 0.382388
v -14.881160 26.143089 0.376677
v -14.915775 26.163074 0.366892
v -14.933245 26.173161 0.362826
v -14.413634 25.873163 0.966950
v -14.410714 25.871477 0.987249
v -15.021676 26.224216 0.350864
v -15.039486 26.234499 0.350159
v -15.057306 26.244787 0.350018
v -14.403393 25.867250 1.110289
v -14.403882 25.867533 1.130858
v -14.441160 25.889055 1.352213
v -14.468763 25.904993 1.428059
v -14.476778 25.909620 1.446438
v -14.494101 25.919621 1.482401
v -14.503396 25.924988 1.499957
v -14.513105 25.930593 1.517212
v -14.523221 25.936434 1.534153
v -14.533735 25.942505 1.550768
v -14.544641 25.948799 1.567043
v -14.555927 25.955317 1.582966
v -14.567590 25.962049 1.598526
v -14.579617 25.968994 1.613710
v -14.591999 25.976143 1.628508
v -14.604730 25.983492 1.642908
v -14.617797 25.991037 1.656899
v -14.631191 25.998770 1.670472
v -14.644904 26.006687 1.683614
v -14.658923 26.014782 1.696317
v -14.673240 26.023046 1.708572
v -14.748882 26.066719 1.762800
v -14.780823 26.085159 1.781054
v -15.587589 26.550947 0.674277
v -15.597503 26.556671 0.691377
v -15.092923 26.265352 0.351429
v -15.075123 26.255075 0.350441
v -15.128420 26.285845 0.355093
v -15.163689 26.306208 0.361001
v -15.215933 26.336370 0.374025
v -15.233120 26.346294 0.379465
v -15.250171 26.356138 0.385447
v -15.267074 26.365896 0.391966
v -15.283814 26.375563 0.399019
v -15.300382 26.385128 0.406599
v -15.348917 26.413149 0.432447
v -15.364666 26.422241 0.442077
v -15.380179 26.431198 0.452203
v -15.395447 26.440014 0.462816
v -15.410457 26.448679 0.473908
v -15.425198 26.457190 0.485472
v -15.439657 26.465538 0.497499
v -15.453826 26.473719 0.509979
v -15.467693 26.481726 0.522903
v -15.481248 26.489552 0.536261
v -15.494481 26.497190 0.550044
v -15.507380 26.504639 0.564241
v -20.205702 29.217216 2.200000
v -15.702126 26.617075 1.120576
v -15.700171 26.615946 1.161665
v -15.698462 26.614960 1.182147
v -15.696268 26.613693 1.202568
v -15.690427 26.610321 1.243163
v -15.616093 26.567404 0.726486
v -15.686786 26.608219 1.263306
v -15.632986 26.577156 0.762720
v -15.678075 26.603189 1.303209
v -15.673012 26.600266 1.322938
v -15.648133 26.585901 0.799969
v -15.655038 26.589888 0.818939
v -15.673012 26.600266 0.877062
v -15.632986 26.577156 1.437280
v -15.624754 26.572405 1.455531
v -15.597503 26.556671 1.508623
v -15.587589 26.550947 1.525723
v -15.698462 26.614960 1.017853
v -15.577273 26.544991 1.542502
v -15.700171 26.615946 1.038335
v -15.532145 26.518936 1.606166
v -15.494481 26.497190 1.649956
v -15.481248 26.489552 1.663738
v -15.467693 26.481726 1.677097
v -15.453826 26.473719 1.690021
v -15.425198 26.457190 1.714528
v -15.410457 26.448679 1.726092
v -15.395447 26.440014 1.737184
v -15.380179 26.431198 1.747797
v -15.364666 26.422241 1.757923
v -21.937754 30.217216 12.200000
v -21.504740 29.967216 12.200000
v -15.039486 26.234499 1.849841
v -15.021676 26.224216 1.849136
v -15.003889 26.213947 1.847866
v -14.986139 26.203699 1.846034
v -14.968440 26.193481 1.843639
v -14.950804 26.183298 1.840686
v -14.933245 26.173161 1.837174
v -14.915775 26.163074 1.833108
v -14.898410 26.153049 1.828490
v -15.181204 26.316320 1.835210
v -15.215933 26.336370 1.825975
v -15.250171 26.356138 1.814553
v -15.267074 26.365896 1.808034
v -15.300382 26.385128 1.793401
v -37.137753 3.890043 12.200000
v 14.591999 25.976143 0.571492
v 14.604730 25.983492 0.557092
v 14.617797 25.991037 0.543101
v 14.631191 25.998770 0.529528
v 14.555927 25.955317 0.617034
v 14.544641 25.948799 0.632957
v 14.658923 26.014782 0.503682
v 14.702718 26.040066 0.468302
v 14.503396 25.924988 0.700043
v 14.485226 25.914497 0.735443
v 14.748882 26.066719 0.437200
v 14.476778 25.909620 0.753562
v 14.461189 25.900620 0.790567
v 14.447382 25.892649 0.828504
v 14.441160 25.889055 0.847787
v 14.435398 25.885729 0.867259
v 14.864039 26.133205 0.382388
v 14.430100 25.882671 0.886906
v 14.420917 25.877369 0.926667
v 14.915775 26.163074 0.366892
v 14.417036 25.875128 0.946751
v 14.933245 26.173161 0.362826
v 14.413634 25.873163 0.966950
v 14.986139 26.203699 0.353966
v 15.021676 26.224216 0.350864
v 15.039486 26.234499 0.350159
v 14.403393 25.867250 1.110289
v 14.403882 25.867533 1.130858
v 14.404860 25.868097 1.151405
v 14.406324 25.868944 1.171913
v 14.408277 25.870071 1.192366
v 14.417036 25.875128 1.253249
v 14.420917 25.877369 1.273333
v 14.425272 25.879883 1.293286
v 14.430100 25.882671 1.313094
v 14.441160 25.889055 1.352213
v 14.447382 25.892649 1.371495
v 14.476778 25.909620 1.446438
v 14.485226 25.914497 1.464557
v 14.494101 25.919621 1.482401
v 14.513105 25.930593 1.517212
v 14.544641 25.948799 1.567043
v 14.579617 25.968994 1.613710
v 14.591999 25.976143 1.628508
v 14.604730 25.983492 1.642908
v 14.617797 25.991037 1.656899
v 14.644904 26.006687 1.683614
v 14.673240 26.023046 1.708572
v 14.687841 26.031477 1.720368
v 14.702718 26.040066 1.731698
v 14.717857 26.048807 1.742551
v 14.733250 26.057693 1.752922
v 14.748882 26.066719 1.762800
v 14.764744 26.075876 1.772180
v 14.780823 26.085159 1.781054
v 15.555466 26.532400 0.624951
v 15.577273 26.544991 0.657498
v 15.587589 26.550947 0.674277
v 15.597503 26.556671 0.691377
v 15.607006 26.562157 0.708784
v 15.075123 26.255075 0.350441
v 15.163689 26.306208 0.361001
v 15.198624 26.326378 0.369133
v 15.250171 26.356138 0.385447
v 15.267074 26.365896 0.391966
v 15.283814 26.375563 0.399019
v 15.348917 26.413149 0.432447
v 15.453826 26.473719 0.509979
v 15.467693 26.481726 0.522903
v 15.481248 26.489552 0.536261
v 15.494481 26.497190 0.550044
v 15.702371 26.617216 1.100000
v 15.700171 26.615946 1.161665
v 15.698462 26.614960 1.182147
v 15.690427 26.610321 1.243163
v 15.686786 26.608219 1.263306
v 15.624754 26.572405 0.744469
v 15.682668 26.605841 1.283327
v 15.632986 26.577156 0.762720
v 15.678075 26.603189 1.303209
v 15.673012 26.600266 1.322938
v 15.648133 26.585901 0.799969
v 15.667481 26.597073 0.857500
v 15.648133 26.585901 1.400031
v 15.597503 26.556671 1.508623
v 15.587589 26.550947 1.525723
v 15.698462 26.614960 1.017853
v 15.700171 26.615946 1.038335
v 15.566563 26.538807 1.558948
v 15.701392 26.616652 1.058864
v 15.555466 26.532400 1.575049
v 15.481248 26.489552 1.663738
v 15.453826 26.473719 1.690021
v 15.439657 26.465538 1.702501
v 15.425198 26.457190 1.714528
v 15.380179 26.431198 1.747797
v 15.364666 26.422241 1.757923
v 15.348917 26.413149 1.767553
v 21.937754 30.217216 12.200000
v 14.968440 26.193481 1.843639
v 14.950804 26.183298 1.840686
v 14.915775 26.163074 1.833108
v 14.898410 26.153049 1.828490
v 15.092923 26.265352 1.848571
v 15.128420 26.285845 1.844907
v 15.146090 26.296047 1.842232
v 15.181204 26.316320 1.835210
v 15.233120 26.346294 1.820535
v 15.250171 26.356138 1.814553
v 15.267074 26.365896 1.808034
v 15.316763 26.394585 1.785298
v 15.332946 26.403929 1.776680
v -29.792000 -0.351029 0.571492
v -29.804729 -0.343680 0.557092
v -29.779615 -0.358179 0.586290
v -29.755928 -0.371855 0.617034
v -29.744640 -0.378372 0.632957
v -29.902718 -0.287106 0.468302
v -29.917858 -0.278365 0.457449
v -29.933250 -0.269478 0.447078
v -29.668764 -0.422179 0.771941
v -29.661190 -0.426552 0.790567
v -29.654060 -0.430668 0.809427
v -30.064039 -0.193967 0.382388
v -30.081160 -0.184082 0.376677
v -29.620916 -0.449804 0.926667
v -30.115776 -0.164097 0.366892
v -29.617037 -0.452045 0.946751
v -30.133245 -0.154011 0.362826
v -29.613634 -0.454008 0.966950
v -30.150805 -0.143873 0.359314
v -29.610714 -0.455695 0.987249
v -29.608276 -0.457102 1.007634
v -29.604860 -0.459075 1.048595
v -30.221676 -0.102955 0.350864
v -29.603882 -0.459639 1.069142
v -30.239487 -0.092673 0.350159
v -29.603394 -0.459921 1.089711
v -29.603394 -0.459921 1.110289
v -29.603882 -0.459639 1.130858
v -29.608276 -0.457102 1.192366
v -29.610714 -0.455695 1.212751
v -29.613634 -0.454008 1.233050
v -29.620916 -0.449804 1.273333
v -29.625273 -0.447289 1.293286
v -29.630100 -0.444502 1.313094
v -29.635397 -0.441443 1.332741
v -29.668764 -0.422179 1.428059
v -29.676779 -0.417553 1.446438
v -29.694101 -0.407551 1.482401
v -29.703396 -0.402184 1.499957
v -29.713106 -0.396579 1.517212
v -29.744640 -0.378372 1.567043
v -29.792000 -0.351029 1.628508
v -29.817797 -0.336135 1.656899
v -29.873240 -0.304125 1.708572
v -29.887840 -0.295695 1.720368
v -29.948883 -0.260453 1.762800
v -29.980822 -0.242012 1.781054
v -30.732145 0.191764 0.593834
v -30.743990 0.198603 0.609208
v -30.766563 0.211635 0.641052
v -30.807007 0.234985 0.708784
v -30.292923 -0.061821 0.351429
v -30.275124 -0.072098 0.350441
v -30.328419 -0.041327 0.355093
v -30.381205 -0.010852 0.364790
v -30.398624 -0.000795 0.369133
v -30.415934 0.009199 0.374025
v -30.450171 0.028966 0.385447
v -30.467073 0.038725 0.391966
v -30.483814 0.048390 0.399019
v -30.639658 0.138366 0.497499
v -30.653826 0.146547 0.509979
v -30.681248 0.162379 0.536261
v -30.694481 0.170019 0.550044
v -35.405701 2.890043 2.200000
v -30.902370 0.290044 1.100000
v -30.901392 0.289479 1.141136
v -30.900171 0.288774 1.161665
v -30.898462 0.287787 1.182147
v -30.886786 0.281046 1.263306
v -30.824755 0.245232 0.744469
v -30.832987 0.249985 0.762720
v -30.840780 0.254485 0.781224
v -30.873011 0.273093 1.322938
v -30.867481 0.269901 1.342500
v -30.855038 0.262716 1.381061
v -30.848133 0.258730 1.400031
v -30.882668 0.278668 0.916673
v -30.807007 0.234985 1.491216
v -30.797503 0.229498 1.508623
v -30.900171 0.288774 1.038335
v -30.755466 0.205228 1.575049
v -30.732145 0.191764 1.606166
v -30.707380 0.177466 1.635759
v -30.595448 0.112841 1.737184
v -30.580179 0.104027 1.747797
v -30.564665 0.095070 1.757923
v -30.548918 0.085977 1.767553
v -35.405701 2.890043 10.700000
v -30.257307 -0.082384 1.849982
v -30.221676 -0.102955 1.849136
v -30.203890 -0.113224 1.847866
v -30.186140 -0.123472 1.846034
v -30.168440 -0.133691 1.843639
v -30.328419 -0.041327 1.844907
v -30.346088 -0.031125 1.842232
v -30.363688 -0.020965 1.838999
v -30.381205 -0.010852 1.835210
v -30.398624 -0.000795 1.830867
v -30.415934 0.009199 1.825975
v -30.500381 0.057956 1.793401
v -30.532946 0.076756 1.776680
v 37.137753 3.890043 12.200000
v 29.779615 -0.358179 0.586290
v 29.767590 -0.365122 0.601474
v 29.844904 -0.320485 0.516386
v 29.744640 -0.378372 0.632957
v 29.723221 -0.390739 0.665847
v 29.887840 -0.295695 0.479632
v 29.902718 -0.287106 0.468302
v 29.703396 -0.402184 0.700043
v 29.694101 -0.407551 0.717599
v 29.685226 -0.412675 0.735443
v 29.948883 -0.260453 0.437200
v 29.668764 -0.422179 0.771941
v 29.980822 -0.242012 0.418946
v 29.661190 -0.426552 0.790567
v 29.997107 -0.232611 0.410585
v 30.013582 -0.223099 0.402743
v 29.647383 -0.434524 0.828504
v 30.030237 -0.213483 0.395426
v 29.641159 -0.438117 0.847787
v 30.047060 -0.203769 0.388639
v 29.635397 -0.441443 0.867259
v 30.064039 -0.193967 0.382388
v 29.630100 -0.444502 0.886906
v 29.620916 -0.449804 0.926667
v 30.115776 -0.164097 0.366892
v 30.133245 -0.154011 0.362826
v 29.613634 -0.454008 0.966950
v 30.150805 -0.143873 0.359314
v 29.610714 -0.455695 0.987249
v 29.608276 -0.457102 1.007634
v 29.606325 -0.458229 1.028087
v 29.604860 -0.459075 1.048595
v 29.603882 -0.459639 1.069142
v 30.239487 -0.092673 0.350159
v 29.603394 -0.459921 1.089711
v 29.603882 -0.459639 1.130858
v 29.606325 -0.458229 1.171913
v 29.608276 -0.457102 1.192366
v 29.610714 -0.455695 1.212751
v 29.613634 -0.454008 1.233050
v 29.620916 -0.449804 1.273333
v 29.625273 -0.447289 1.293286
v 29.630100 -0.444502 1.313094
v 29.635397 -0.441443 1.332741
v 29.641159 -0.438117 1.352213
v 29.676779 -0.417553 1.446438
v 29.685226 -0.412675 1.464557
v 29.694101 -0.407551 1.482401
v 29.733736 -0.384668 1.550768
v 29.817797 -0.336135 1.656899
v 29.831192 -0.328402 1.670472
v 29.858923 -0.312391 1.696317
v 29.873240 -0.304125 1.708572
v 29.948883 -0.260453 1.762800
v 29.980822 -0.242012 1.781054
v 29.997107 -0.232611 1.789415
v 30.013582 -0.223099 1.797257
v 30.030237 -0.213483 1.804574
v 30.047060 -0.203769 1.811361
v 30.064039 -0.193967 1.817612
v 30.081160 -0.184082 1.823323
v 30.732145 0.191764 0.593834
v 30.719938 0.184717 0.578842
v 30.743990 0.198603 0.609208
v 30.766563 0.211635 0.641052
v 30.797503 0.229498 0.691377
v 30.807007 0.234985 0.708784
v 30.292923 -0.061821 0.351429
v 30.275124 -0.072098 0.350441
v 30.328419 -0.041327 0.355093
v 30.346088 -0.031125 0.357768
v 30.381205 -0.010852 0.364790
v 30.398624 -0.000795 0.369133
v 30.415934 0.009199 0.374025
v 30.433119 0.019122 0.379465
v 30.467073 0.038725 0.391966
v 30.516764 0.067413 0.414701
v 30.532946 0.076756 0.423320
v 30.564665 0.095070 0.442077
v 30.580179 0.104027 0.452203
v 30.595448 0.112841 0.462816
v 30.902370 0.290044 1.100000
v 30.901392 0.289479 1.141136
v 30.896267 0.286520 1.202568
v 30.893589 0.284974 1.222912
v 30.816092 0.240231 0.726486
v 30.886786 0.281046 1.263306
v 30.878075 0.276017 1.303209
v 30.867481 0.269901 1.342500
v 30.855038 0.262716 0.818939
v 30.861488 0.266441 1.361879
v 30.861488 0.266441 0.838121
v 30.855038 0.262716 1.381061
v 30.867481 0.269901 0.857500
v 30.848133 0.258730 1.400031
v 30.873011 0.273093 0.877062
v 30.840780 0.254485 1.418776
v 30.878075 0.276017 0.896791
v 30.824755 0.245232 1.455531
v 30.886786 0.281046 0.936694
v 30.816092 0.240231 1.473514
v 30.890427 0.283148 0.956837
v 30.807007 0.234985 1.491216
v 30.893589 0.284974 0.977088
v 30.787590 0.223775 1.525723
v 30.898462 0.287787 1.017853
v 30.900171 0.288774 1.038335
v 30.902126 0.289902 1.079425
v 30.732145 0.191764 1.606166
v 30.625196 0.130018 1.714528
v 30.595448 0.112841 1.737184
v 30.564665 0.095070 1.757923
v 30.548918 0.085977 1.767553
v 30.133245 -0.154011 1.837174
v 30.098410 -0.174123 1.828490
v 30.310694 -0.051561 1.847020
v 30.328419 -0.041327 1.844907
v 30.346088 -0.031125 1.842232
v 30.363688 -0.020965 1.838999
v 30.381205 -0.010852 1.835210
v 30.398624 -0.000795 1.830867
v 30.415934 0.009199 1.825975
v 30.433119 0.019122 1.820535
v 30.450171 0.028966 1.814553
v 30.467073 0.038725 1.808034
v 30.483814 0.048390 1.800981
v 30.500381 0.057956 1.793401
v 30.516764 0.067413 1.785298
v 30.532946 0.076756 1.776680
v -33.519939 -4.665026 0.578842
v -33.507381 -4.672276 0.564241
v -33.494480 -4.679724 0.550044
v -33.532146 -4.657979 0.593834
v -33.481247 -4.687364 0.536261
v -33.543991 -4.651140 0.609208
v -33.467693 -4.695189 0.522903
v -33.555466 -4.644514 0.624951
v -33.453827 -4.703196 0.509979
v -33.566563 -4.638107 0.641052
v -33.439659 -4.711376 0.497499
v -33.577274 -4.631923 0.657498
v -33.425198 -4.719725 0.485472
v -33.587589 -4.625968 0.674277
v -33.410458 -4.728235 0.473908
v -33.597504 -4.620244 0.691377
v -33.395447 -4.736901 0.462816
v -33.607006 -4.614757 0.708784
v -33.380180 -4.745716 0.452203
v -33.616093 -4.609511 0.726486
v -33.364666 -4.754673 0.442077
v -33.624756 -4.604510 0.744469
v -33.348915 -4.763765 0.432447
v -33.632984 -4.599758 0.762720
v -33.332947 -4.772986 0.423320
v -33.640781 -4.595257 0.781224
v -33.316765 -4.782329 0.414701
v -33.648132 -4.591012 0.799969
v -33.300381 -4.791787 0.406599
v -33.655037 -4.587026 0.818939
v -33.283813 -4.801352 0.399019
v -33.661488 -4.583302 0.838121
v -33.267075 -4.811018 0.391966
v -33.667480 -4.579842 0.857500
v -33.250172 -4.820776 0.385447
v -33.673012 -4.576649 0.877062
v -33.233120 -4.830621 0.379465
v -33.678074 -4.573726 0.896791
v -33.215935 -4.840543 0.374025
v -33.682667 -4.571074 0.916673
v -33.686787 -4.568696 0.936694
v -33.690426 -4.566594 0.956837
v -33.693588 -4.564769 0.977088
v -33.696266 -4.563222 0.997432
v -33.698463 -4.561955 1.017853
v -33.700172 -4.560968 1.038335
v -33.701393 -4.560263 1.058864
v -33.702126 -4.559840 1.079425
v -33.702370 -4.559699 1.100000
v -33.702126 -4.559840 1.120576
v -33.701393 -4.560263 1.141136
v -33.700172 -4.560968 1.161665
v -33.698463 -4.561955 1.182147
v -33.696266 -4.563222 1.202568
v -33.693588 -4.564769 1.222912
v -38.205704 -1.959699 3.500000
v -33.690426 -4.566594 1.243163
v -33.686787 -4.568696 1.263306
v -33.682667 -4.571074 1.283327
v -33.678074 -4.573726 1.303209
v -33.673012 -4.576649 1.322938
v -33.667480 -4.579842 1.342500
v -33.661488 -4.583302 1.361879
v -33.655037 -4.587026 1.381061
v -33.648132 -4.591012 1.400031
v -33.640781 -4.595257 1.418776
v -33.632984 -4.599758 1.437280
v -33.624756 -4.604510 1.455531
v -33.616093 -4.609511 1.473514
v -33.607006 -4.614757 1.491216
v -33.597504 -4.620244 1.508623
v -33.587589 -4.625968 1.525723
v -33.577274 -4.631923 1.542502
v -33.566563 -4.638107 1.558948
v -33.555466 -4.644514 1.575049
v -33.543991 -4.651140 1.590792
v -33.532146 -4.657979 1.606166
v -33.519939 -4.665026 1.621158
v -33.507381 -4.672276 1.635759
v -33.494480 -4.679724 1.649956
v -33.481247 -4.687364 1.663738
v -33.467693 -4.695189 1.677097
v -33.453827 -4.703196 1.690021
v -33.439659 -4.711376 1.702501
v -33.425198 -4.719725 1.714528
v -33.410458 -4.728235 1.726092
v -33.395447 -4.736901 1.737184
v -33.380180 -4.745716 1.747797
v -33.364666 -4.754673 1.757923
v -33.348915 -4.763765 1.767553
v -33.332947 -4.772986 1.776680
v -33.316765 -4.782329 1.785298
v -33.300381 -4.791787 1.793401
v -33.283813 -4.801352 1.800981
v -33.267075 -4.811018 1.808034
v -33.250172 -4.820776 1.814553
v -33.233120 -4.830621 1.820535
v -33.215935 -4.840543 1.825975
v -33.198624 -4.850537 1.830867
v -33.181206 -4.860594 1.835210
v -33.163689 -4.870707 1.838999
v -33.146088 -4.880868 1.842232
v -33.128418 -4.891069 1.844907
v -33.110695 -4.901304 1.847020
v -33.092922 -4.911563 1.848571
v -33.075123 -4.921840 1.849559
v -33.057308 -4.932127 1.849982
v -32.410713 -5.305437 1.212751
v -32.413635 -5.303751 1.233050
v -32.408276 -5.306844 1.192366
v -32.406326 -5.307971 1.171913
v -32.404858 -5.308817 1.151405
v -32.403881 -5.309381 1.130858
v -32.403393 -5.309663 1.110289
v -32.403393 -5.309663 1.089711
v -32.403881 -5.309381 1.069142
v -32.404858 -5.308817 1.048595
v -32.406326 -5.307971 1.028087
v -32.408276 -5.306844 1.007634
v -32.410713 -5.305437 0.987249
v -32.413635 -5.303751 0.966950
v -32.417034 -5.301787 0.946751
v -32.420918 -5.299547 0.926667
v -32.425274 -5.297031 0.906714
v -32.430099 -5.294244 0.886906
v -32.435398 -5.291185 0.867259
v -32.441158 -5.287859 0.847787
v -32.447384 -5.284266 0.828504
v -32.454060 -5.280411 0.809427
v -32.461189 -5.276295 0.790567
v -32.468765 -5.271922 0.771941
v -32.476776 -5.267295 0.753562
v -32.485226 -5.262417 0.735443
v -32.494102 -5.257294 0.717599
v -32.503395 -5.251927 0.700043
v -32.513107 -5.246321 0.682788
v -32.523220 -5.240481 0.665847
v -32.533733 -5.234410 0.649232
v -32.544640 -5.228115 0.632957
v -32.555927 -5.221598 0.617034
v -32.567589 -5.214865 0.601474
v -32.579617 -5.207921 0.586290
v -32.591999 -5.200772 0.571492
v -32.604729 -5.193422 0.557092
v -32.617798 -5.185877 0.543101
v -32.631191 -5.178144 0.529528
v -32.644905 -5.170227 0.516386
v -32.658924 -5.162133 0.503682
v -32.673241 -5.153868 0.491428
v -32.687840 -5.145437 0.479632
v -32.702717 -5.136848 0.468302
v -32.717857 -5.128108 0.457449
v -32.733250 -5.119221 0.447078
v -32.748882 -5.110195 0.437200
v -32.764744 -5.101038 0.427820
v -32.780823 -5.091754 0.418946
v -32.797104 -5.082353 0.410585
v -32.813583 -5.072841 0.402743
v -32.830238 -5.063225 0.395426
v -32.847061 -5.053512 0.388639
v -32.864040 -5.043709 0.382388
v -32.881161 -5.033825 0.376677
v -32.898411 -5.023866 0.371510
v -32.915775 -5.013839 0.366892
v -32.933247 -5.003754 0.362826
v -32.476776 -5.267295 1.446438
v -32.485226 -5.262417 1.464557
v -32.468765 -5.271922 1.428059
v -32.461189 -5.276295 1.409433
v -32.454060 -5.280411 1.390574
v -32.447384 -5.284266 1.371495
v -32.441158 -5.287859 1.352213
v -32.435398 -5.291185 1.332741
v -32.430099 -5.294244 1.313094
v -32.425274 -5.297031 1.293286
v -32.420918 -5.299547 1.273333
v -32.417034 -5.301787 1.253249
v -33.021675 -4.952698 1.849136
v -33.039486 -4.942415 1.849841
v -33.003891 -4.962967 1.847866
v -32.986141 -4.973215 1.846034
v -32.968441 -4.983433 1.843639
v -32.950806 -4.993616 1.840686
v -32.933247 -5.003754 1.837174
v -32.915775 -5.013839 1.833108
v -32.898411 -5.023866 1.828490
v -32.881161 -5.033825 1.823323
v -32.864040 -5.043709 1.817612
v -32.847061 -5.053512 1.811361
v -32.830238 -5.063225 1.804574
v -32.813583 -5.072841 1.797257
v -32.797104 -5.082353 1.789415
v -32.780823 -5.091754 1.781054
v -32.764744 -5.101038 1.772180
v -32.748882 -5.110195 1.762800
v -32.733250 -5.119221 1.752922
v -32.717857 -5.128108 1.742551
v -32.702717 -5.136848 1.731698
v -32.687840 -5.145437 1.720368
v -32.673241 -5.153868 1.708572
v -32.658924 -5.162133 1.696317
v -32.644905 -5.170227 1.683614
v -32.631191 -5.178144 1.670472
v -32.617798 -5.185877 1.656899
v -32.604729 -5.193422 1.642908
v -32.591999 -5.200772 1.628508
v -32.579617 -5.207921 1.613710
v -32.567589 -5.214865 1.598526
v -32.555927 -5.221598 1.582966
v -32.544640 -5.228115 1.567043
v -32.533733 -5.234410 1.550768
v -32.523220 -5.240481 1.534153
v -32.513107 -5.246321 1.517212
v -32.503395 -5.251927 1.499957
v -32.494102 -5.257294 1.482401
v -33.057308 -4.932127 0.350018
v -33.075123 -4.921840 0.350441
v -33.092922 -4.911563 0.351429
v -33.110695 -4.901304 0.352980
v -33.128418 -4.891069 0.355093
v -33.146088 -4.880868 0.357768
v -33.163689 -4.870707 0.361001
v -33.181206 -4.860594 0.364790
v -33.198624 -4.850537 0.369133
v -33.039486 -4.942415 0.350159
v -33.021675 -4.952698 0.350864
v -33.003891 -4.962967 0.352134
v -32.986141 -4.973215 0.353966
v -32.968441 -4.983433 0.356361
v -32.950806 -4.993616 0.359314
v -39.205704 -3.691750 5.000000
v -38.955704 -3.258737 5.000000
v -39.205704 -3.691750 0.000000
v 33.519939 -4.665026 0.578842
v 33.494480 -4.679724 0.550044
v 33.532146 -4.657979 0.593834
v 33.481247 -4.687364 0.536261
v 33.543991 -4.651140 0.609208
v 33.467693 -4.695189 0.522903
v 33.566563 -4.638107 0.641052
v 33.439659 -4.711376 0.497499
v 33.425198 -4.719725 0.485472
v 33.587589 -4.625968 0.674277
v 33.410458 -4.728235 0.473908
v 33.395447 -4.736901 0.462816
v 33.380180 -4.745716 0.452203
v 33.364666 -4.754673 0.442077
v 33.348915 -4.763765 0.432447
v 33.332947 -4.772986 0.423320
v 33.283813 -4.801352 0.399019
v 33.267075 -4.811018 0.391966
v 33.233120 -4.830621 0.379465
v 33.678074 -4.573726 0.896791
v 33.215935 -4.840543 0.374025
v 33.690426 -4.566594 0.956837
v 33.693588 -4.564769 0.977088
v 33.702126 -4.559840 1.079425
v 33.702126 -4.559840 1.120576
v 33.700172 -4.560968 1.161665
v 33.698463 -4.561955 1.182147
v 33.693588 -4.564769 1.222912
v 33.690426 -4.566594 1.243163
v 33.686787 -4.568696 1.263306
v 33.667480 -4.579842 1.342500
v 33.632984 -4.599758 1.437280
v 33.624756 -4.604510 1.455531
v 33.616093 -4.609511 1.473514
v 33.607006 -4.614757 1.491216
v 33.597504 -4.620244 1.508623
v 33.566563 -4.638107 1.558948
v 33.555466 -4.644514 1.575049
v 33.543991 -4.651140 1.590792
v 33.532146 -4.657979 1.606166
v 33.519939 -4.665026 1.621158
v 33.507381 -4.672276 1.635759
v 33.481247 -4.687364 1.663738
v 33.467693 -4.695189 1.677097
v 33.439659 -4.711376 1.702501
v 33.425198 -4.719725 1.714528
v 33.410458 -4.728235 1.726092
v 33.250172 -4.820776 1.814553
v 33.128418 -4.891069 1.844907
v 33.092922 -4.911563 1.848571
v 33.075123 -4.921840 1.849559
v 33.057308 -4.932127 1.849982
v 32.406326 -5.307971 1.171913
v 32.404858 -5.308817 1.151405
v 32.403881 -5.309381 1.130858
v 32.403881 -5.309381 1.069142
v 32.406326 -5.307971 1.028087
v 32.430099 -5.294244 0.886906
v 32.435398 -5.291185 0.867259
v 32.441158 -5.287859 0.847787
v 32.447384 -5.284266 0.828504
v 32.513107 -5.246321 0.682788
v 32.523220 -5.240481 0.665847
v 32.533733 -5.234410 0.649232
v 32.544640 -5.228115 0.632957
v 32.567589 -5.214865 0.601474
v 32.579617 -5.207921 0.586290
v 32.591999 -5.200772 0.571492
v 32.604729 -5.193422 0.557092
v 32.644905 -5.170227 0.516386
v 32.673241 -5.153868 0.491428
v 32.797104 -5.082353 0.410585
v 32.830238 -5.063225 0.395426
v 32.847061 -5.053512 0.388639
v 32.864040 -5.043709 0.382388
v 32.476776 -5.267295 1.446438
v 32.485226 -5.262417 1.464557
v 32.468765 -5.271922 1.428059
v 32.461189 -5.276295 1.409433
v 32.447384 -5.284266 1.371495
v 32.441158 -5.287859 1.352213
v 32.435398 -5.291185 1.332741
v 32.430099 -5.294244 1.313094
v 32.425274 -5.297031 1.293286
v 32.420918 -5.299547 1.273333
v 32.417034 -5.301787 1.253249
v 33.021675 -4.952698 1.849136
v 33.003891 -4.962967 1.847866
v 32.898411 -5.023866 1.828490
v 32.881161 -5.033825 1.823323
v 32.813583 -5.072841 1.797257
v 32.780823 -5.091754 1.781054
v 32.733250 -5.119221 1.752922
v 32.717857 -5.128108 1.742551
v 32.687840 -5.145437 1.720368
v 32.644905 -5.170227 1.683614
v 32.591999 -5.200772 1.628508
v 32.579617 -5.207921 1.613710
v 32.513107 -5.246321 1.517212
v 32.503395 -5.251927 1.499957
v 32.494102 -5.257294 1.482401
v 33.075123 -4.921840 0.350441
v 33.021675 -4.952698 0.350864
v 33.003891 -4.962967 0.352134
v 32.986141 -4.973215 0.353966
v 32.968441 -4.983433 0.356361
v 32.950806 -4.993616 0.359314
v -34.519939 -6.397077 1.621158
v -34.507381 -6.404327 1.635759
v -34.494480 -6.411775 1.649956
v -34.532146 -6.390029 1.606166
v -34.481247 -6.419414 1.663738
v -34.543991 -6.383190 1.590792
v -34.467693 -6.427240 1.677097
v -34.555466 -6.376565 1.575049
v -34.453827 -6.435246 1.690021
v -34.566563 -6.370158 1.558948
v -34.439659 -6.443427 1.702501
v -34.577274 -6.363974 1.542502
v -34.425198 -6.451776 1.714528
v -34.587589 -6.358018 1.525723
v -34.410458 -6.460286 1.726092
v -34.597504 -6.352295 1.508623
v -34.395447 -6.468952 1.737184
v -34.607006 -6.346808 1.491216
v -34.380180 -6.477767 1.747797
v -34.616093 -6.341562 1.473514
v -34.364666 -6.486723 1.757923
v -34.624756 -6.336561 1.455531
v -34.348915 -6.495816 1.767553
v -34.632984 -6.331809 1.437280
v -34.332947 -6.505037 1.776680
v -34.640781 -6.327308 1.418776
v -34.316765 -6.514380 1.785298
v -34.648132 -6.323063 1.400031
v -34.300381 -6.523838 1.793401
v -34.655037 -6.319077 1.381061
v -34.283813 -6.533403 1.800981
v -34.661488 -6.315352 1.361879
v -34.267075 -6.543068 1.808034
v -34.667480 -6.311893 1.342500
v -34.250172 -6.552827 1.814553
v -34.673012 -6.308700 1.322938
v -34.233120 -6.562671 1.820535
v -34.678074 -6.305777 1.303209
v -34.215935 -6.572594 1.825975
v -34.682667 -6.303125 1.283327
v -34.198624 -6.582588 1.830867
v -34.686787 -6.300747 1.263306
v -34.181206 -6.592645 1.835210
v -34.690426 -6.298645 1.243163
v -34.163689 -6.602757 1.838999
v -34.693588 -6.296820 1.222912
v -34.146088 -6.612918 1.842232
v -34.696266 -6.295273 1.202568
v -34.128418 -6.623120 1.844907
v -34.698463 -6.294006 1.182147
v -34.110695 -6.633354 1.847020
v -34.700172 -6.293019 1.161665
v -34.092922 -6.643614 1.848571
v -34.701393 -6.292314 1.141136
v -34.075123 -6.653891 1.849559
v -34.702126 -6.291891 1.120576
v -34.057308 -6.664177 1.849982
v -34.702370 -6.291749 1.100000
v -34.702126 -6.291891 1.079425
v -34.701393 -6.292314 1.058864
v -34.700172 -6.293019 1.038335
v -34.698463 -6.294006 1.017853
v -34.696266 -6.295273 0.997432
v -34.693588 -6.296820 0.977088
v -34.690426 -6.298645 0.956837
v -34.686787 -6.300747 0.936694
v -34.682667 -6.303125 0.916673
v -34.678074 -6.305777 0.896791
v -34.673012 -6.308700 0.877062
v -34.667480 -6.311893 0.857500
v -34.661488 -6.315352 0.838121
v -34.655037 -6.319077 0.818939
v -34.648132 -6.323063 0.799969
v -34.640781 -6.327308 0.781224
v -34.632984 -6.331809 0.762720
v -34.624756 -6.336561 0.744469
v -34.616093 -6.341562 0.726486
v -34.607006 -6.346808 0.708784
v -34.597504 -6.352295 0.691377
v -34.587589 -6.358018 0.674277
v -34.577274 -6.363974 0.657498
v -34.566563 -6.370158 0.641052
v -34.555466 -6.376565 0.624951
v -34.543991 -6.383190 0.609208
v -34.532146 -6.390029 0.593834
v -34.519939 -6.397077 0.578842
v -34.507381 -6.404327 0.564241
v -34.494480 -6.411775 0.550044
v -34.481247 -6.419414 0.536261
v -34.467693 -6.427240 0.522903
v -34.453827 -6.435246 0.509979
v -34.439659 -6.443427 0.497499
v -34.425198 -6.451776 0.485472
v -34.410458 -6.460286 0.473908
v -34.395447 -6.468952 0.462816
v -34.380180 -6.477767 0.452203
v -34.364666 -6.486723 0.442077
v -34.348915 -6.495816 0.432447
v -34.332947 -6.505037 0.423320
v -34.316765 -6.514380 0.414701
v -34.300381 -6.523838 0.406599
v -34.283813 -6.533403 0.399019
v -34.267075 -6.543068 0.391966
v -34.250172 -6.552827 0.385447
v -34.233120 -6.562671 0.379465
v -34.215935 -6.572594 0.374025
v -34.198624 -6.582588 0.369133
v -34.181206 -6.592645 0.364790
v -28.900000 -9.641749 5.000000
v -33.485226 -6.994468 1.464557
v -33.476776 -6.999346 1.446438
v -33.468765 -7.003973 1.428059
v -33.461189 -7.008346 1.409433
v -33.454060 -7.012462 1.390574
v -33.447384 -7.016317 1.371495
v -33.441158 -7.019910 1.352213
v -34.039486 -6.674466 1.849841
v -34.021675 -6.684749 1.849136
v -34.003891 -6.695017 1.847866
v -33.986141 -6.705266 1.846034
v -33.968441 -6.715484 1.843639
v -33.950806 -6.725667 1.840686
v -33.933247 -6.735804 1.837174
v -33.915775 -6.745890 1.833108
v -33.898411 -6.755917 1.828490
v -33.881161 -6.765875 1.823323
v -33.864040 -6.775760 1.817612
v -33.847061 -6.785563 1.811361
v -33.830238 -6.795276 1.804574
v -33.813583 -6.804892 1.797257
v -33.797104 -6.814404 1.789415
v -33.780823 -6.823805 1.781054
v -33.764744 -6.833088 1.772180
v -33.748882 -6.842246 1.762800
v -33.733250 -6.851272 1.752922
v -33.717857 -6.860158 1.742551
v -33.702717 -6.868899 1.731698
v -33.687840 -6.877488 1.720368
v -33.673241 -6.885919 1.708572
v -33.658924 -6.894184 1.696317
v -33.644905 -6.902278 1.683614
v -33.631191 -6.910195 1.670472
v -33.617798 -6.917928 1.656899
v -33.604729 -6.925473 1.642908
v -33.591999 -6.932822 1.628508
v -33.579617 -6.939972 1.613710
v -33.567589 -6.946916 1.598526
v -33.555927 -6.953649 1.582966
v -33.544640 -6.960166 1.567043
v -33.533733 -6.966461 1.550768
v -33.523220 -6.972532 1.534153
v -33.513107 -6.978372 1.517212
v -33.503395 -6.983977 1.499957
v -33.494102 -6.989344 1.482401
v -33.435398 -7.023236 1.332741
v -33.430099 -7.026295 1.313094
v -33.425274 -7.029082 1.293286
v -33.420918 -7.031597 1.273333
v -33.417034 -7.033838 1.253249
v -33.413635 -7.035801 1.233050
v -33.410713 -7.037488 1.212751
v -33.408276 -7.038895 1.192366
v -33.406326 -7.040022 1.171913
v -33.404858 -7.040868 1.151405
v -33.403881 -7.041432 1.130858
v -33.403393 -7.041714 1.110289
v -33.403393 -7.041714 1.089711
v -33.403881 -7.041432 1.069142
v -33.404858 -7.040868 1.048595
v -33.406326 -7.040022 1.028087
v -33.408276 -7.038895 1.007634
v -33.410713 -7.037488 0.987249
v -33.413635 -7.035801 0.966950
v -33.417034 -7.033838 0.946751
v -33.420918 -7.031597 0.926667
v -33.425274 -7.029082 0.906714
v -33.430099 -7.026295 0.886906
v -33.435398 -7.023236 0.867259
v -33.441158 -7.019910 0.847787
v -33.447384 -7.016317 0.828504
v -33.454060 -7.012462 0.809427
v -33.461189 -7.008346 0.790567
v -33.468765 -7.003973 0.771941
v -33.476776 -6.999346 0.753562
v -33.485226 -6.994468 0.735443
v -33.494102 -6.989344 0.717599
v -33.503395 -6.983977 0.700043
v -33.513107 -6.978372 0.682788
v -33.523220 -6.972532 0.665847
v -33.533733 -6.966461 0.649232
v -33.544640 -6.960166 0.632957
v -33.555927 -6.953649 0.617034
v -33.567589 -6.946916 0.601474
v -33.579617 -6.939972 0.586290
v -33.591999 -6.932822 0.571492
v -33.604729 -6.925473 0.557092
v -33.617798 -6.917928 0.543101
v -33.631191 -6.910195 0.529528
v -33.644905 -6.902278 0.516386
v -33.658924 -6.894184 0.503682
v -33.673241 -6.885919 0.491428
v -33.687840 -6.877488 0.479632
v -33.702717 -6.868899 0.468302
v -33.717857 -6.860158 0.457449
v -33.733250 -6.851272 0.447078
v -33.748882 -6.842246 0.437200
v -33.764744 -6.833088 0.427820
v -33.780823 -6.823805 0.418946
v -33.797104 -6.814404 0.410585
v -33.813583 -6.804892 0.402743
v -33.830238 -6.795276 0.395426
v -33.847061 -6.785563 0.388639
v -33.864040 -6.775760 0.382388
v -33.881161 -6.765875 0.376677
v -33.898411 -6.755917 0.371510
v -33.915775 -6.745890 0.366892
v -33.933247 -6.735804 0.362826
v -33.950806 -6.725667 0.359314
v -34.057308 -6.664177 0.350018
v -34.039486 -6.674466 0.350159
v -34.021675 -6.684749 0.350864
v -34.003891 -6.695017 0.352134
v -33.986141 -6.705266 0.353966
v -33.968441 -6.715484 0.356361
v -34.075123 -6.653891 0.350441
v -34.092922 -6.643614 0.351429
v -34.110695 -6.633354 0.352980
v -34.128418 -6.623120 0.355093
v -34.146088 -6.612918 0.357768
v -34.163689 -6.602757 0.361001
v -29.000000 -9.814955 5.000000
v -23.000000 -20.207260 5.000000
v -22.799999 -20.207260 5.000000
v -22.799999 -26.682104 1.635759
v -22.799999 -26.710699 1.606166
v -22.799999 -26.651930 1.663738
v -22.799999 -26.724379 1.590792
v -22.799999 -26.737629 1.575049
v -22.799999 -26.750443 1.558948
v -22.799999 -26.762810 1.542502
v -22.799999 -26.587208 1.714528
v -22.799999 -26.570187 1.726092
v -22.799999 -26.786169 1.508623
v -22.799999 -26.797142 1.491216
v -22.799999 -26.807634 1.473514
v -22.799999 -26.517311 1.757923
v -22.799999 -26.817636 1.455531
v -22.799999 -26.499126 1.767553
v -22.799999 -26.836142 1.418776
v -22.799999 -26.461998 1.785298
v -22.799999 -26.844631 1.400031
v -22.799999 -26.852604 1.381061
v -22.799999 -26.860054 1.361879
v -22.799999 -26.879206 1.303209
v -22.799999 -26.345570 1.825975
v -22.799999 -26.889265 1.263306
v -22.799999 -26.305470 1.835210
v -22.799999 -26.893469 1.243163
v -22.799999 -26.264921 1.842232
v -22.799999 -26.244518 1.844907
v -22.799999 -26.902746 1.182147
v -22.799999 -26.224051 1.847020
v -22.799999 -26.906130 1.141136
v -22.799999 -26.906977 1.120576
v -22.799999 -26.907259 1.100000
v -22.799999 -26.904720 1.038335
v -22.799999 -26.902746 1.017853
v -22.799999 -26.900213 0.997432
v -22.799999 -26.897120 0.977088
v -22.799999 -26.893469 0.956837
v -22.799999 -26.889265 0.936694
v -22.799999 -26.884508 0.916673
v -22.799999 -26.879206 0.896791
v -22.799999 -26.873360 0.877062
v -22.799999 -26.866974 0.857500
v -22.799999 -26.852604 0.818939
v -22.799999 -26.844631 0.799969
v -22.799999 -26.836142 0.781224
v -22.799999 -26.827141 0.762720
v -22.799999 -26.817636 0.744469
v -22.799999 -26.807634 0.726486
v -22.799999 -26.797142 0.708784
v -22.799999 -26.737629 0.624951
v -22.799999 -26.724379 0.609208
v -22.799999 -26.710699 0.593834
v -22.799999 -26.696606 0.578842
v -22.799999 -26.651930 0.536261
v -22.799999 -26.587208 0.485472
v -22.799999 -26.552855 0.462816
v -22.799999 -26.535225 0.452203
v -22.799999 -26.499126 0.432447
v -22.799999 -26.365416 0.379465
v -22.799999 -26.345570 0.374025
v -22.799999 -26.305470 0.364790
v -22.799999 -25.501822 1.464557
v -22.799999 -25.482813 1.428059
v -22.799999 -25.474068 1.409433
v -22.799999 -25.465836 1.390574
v -22.799999 -25.458124 1.371495
v -22.799999 -25.450939 1.352213
v -22.799999 -26.121262 1.849136
v -22.799999 -26.080227 1.846034
v -22.799999 -26.059790 1.843639
v -22.799999 -26.039425 1.840686
v -22.799999 -26.019150 1.837174
v -22.799999 -25.959007 1.823323
v -22.799999 -25.880974 1.797257
v -22.799999 -25.806267 1.762800
v -22.799999 -25.770443 1.742551
v -22.799999 -25.752960 1.731698
v -22.799999 -25.735783 1.720368
v -22.799999 -25.670368 1.670472
v -22.799999 -25.654902 1.656899
v -22.799999 -25.639812 1.642908
v -22.799999 -25.625114 1.628508
v -22.799999 -25.610815 1.613710
v -22.799999 -25.596928 1.598526
v -22.799999 -25.583462 1.582966
v -22.799999 -25.570427 1.567043
v -22.799999 -25.444286 1.332741
v -22.799999 -25.438169 1.313094
v -22.799999 -25.432594 1.293286
v -22.799999 -25.427565 1.273333
v -22.799999 -25.423082 1.253249
v -22.799999 -25.407894 1.130858
v -22.799999 -25.407330 1.089711
v -22.799999 -25.423082 0.946751
v -22.799999 -25.427565 0.926667
v -22.799999 -25.432594 0.906714
v -22.799999 -25.450939 0.847787
v -22.799999 -25.458124 0.828504
v -22.799999 -25.465836 0.809427
v -22.799999 -25.570427 0.632957
v -22.799999 -25.596928 0.601474
v -22.799999 -25.770443 0.457449
v -22.799999 -25.788216 0.447078
v -22.799999 -25.843147 0.418946
v -22.799999 -25.861950 0.410585
v -22.799999 -25.919634 0.388639
v -22.799999 -25.939238 0.382388
v -22.799999 -25.959007 0.376677
v -22.799999 -26.019150 0.362826
v -22.799999 -26.141827 0.350159
v -22.799999 -26.080227 0.353966
v -22.799999 -26.203531 0.351429
v -22.799999 -26.224051 0.352980
v -22.799999 -26.244518 0.355093
v -22.799999 -32.107258 5.000000
v -22.299999 -32.107258 5.000000
v -22.799999 -32.107258 0.000000
v -20.799999 -32.107258 0.000000
v -20.799999 -26.682104 0.564241
v -20.799999 -26.696606 0.578842
v -20.799999 -26.667210 0.550044
v -20.799999 -26.710699 0.593834
v -20.799999 -26.724379 0.609208
v -20.799999 -26.636278 0.522903
v -20.799999 -26.620266 0.509979
v -20.799999 -26.603905 0.497499
v -20.799999 -26.762810 0.657498
v -20.799999 -26.587208 0.485472
v -20.799999 -26.786169 0.691377
v -20.799999 -26.836142 0.781224
v -20.799999 -26.404621 0.391966
v -20.799999 -26.385105 0.385447
v -20.799999 -26.365416 0.379465
v -20.799999 -26.345570 0.374025
v -20.799999 -26.897120 0.977088
v -20.799999 -26.900213 0.997432
v -20.799999 -26.902746 1.017853
v -20.799999 -26.904720 1.038335
v -20.799999 -26.907259 1.100000
v -20.799999 -26.906977 1.120576
v -20.799999 -26.906130 1.141136
v -20.799999 -26.902746 1.182147
v -20.799999 -32.107258 3.500000
v -20.799999 -26.884508 1.283327
v -20.799999 -26.879206 1.303209
v -20.799999 -26.873360 1.322938
v -20.799999 -26.866974 1.342500
v -20.799999 -26.860054 1.361879
v -20.799999 -26.852604 1.381061
v -20.799999 -26.844631 1.400031
v -20.799999 -26.836142 1.418776
v -20.799999 -26.827141 1.437280
v -20.799999 -26.817636 1.455531
v -20.799999 -26.807634 1.473514
v -20.799999 -26.786169 1.508623
v -20.799999 -26.774721 1.525723
v -20.799999 -26.750443 1.558948
v -20.799999 -26.710699 1.606166
v -20.799999 -26.696606 1.621158
v -20.799999 -26.682104 1.635759
v -20.799999 -26.667210 1.649956
v -20.799999 -26.651930 1.663738
v -20.799999 -26.636278 1.677097
v -20.799999 -26.620266 1.690021
v -20.799999 -26.603905 1.702501
v -20.799999 -26.570187 1.726092
v -20.799999 -26.552855 1.737184
v -20.799999 -26.517311 1.757923
v -20.799999 -26.499126 1.767553
v -20.799999 -26.480684 1.776680
v -20.799999 -26.404621 1.808034
v -20.799999 -26.365416 1.820535
v -20.799999 -26.305470 1.835210
v -20.799999 -26.285244 1.838999
v -20.799999 -26.264921 1.842232
v -20.799999 -26.244518 1.844907
v -20.799999 -26.224051 1.847020
v -20.799999 -26.203531 1.848571
v -20.799999 -26.182978 1.849559
v -20.799999 -25.410715 1.171913
v -20.799999 -25.409023 1.151405
v -20.799999 -25.407894 1.130858
v -20.799999 -25.407894 1.069142
v -20.799999 -25.419155 0.966950
v -20.799999 -25.444286 0.867259
v -20.799999 -25.450939 0.847787
v -20.799999 -25.482813 0.771941
v -20.799999 -25.492067 0.753562
v -20.799999 -25.501822 0.735443
v -20.799999 -25.522804 0.700043
v -20.799999 -25.625114 0.571492
v -20.799999 -25.686203 0.516386
v -20.799999 -25.735783 0.479632
v -20.799999 -25.752960 0.468302
v -20.799999 -25.770443 0.457449
v -20.799999 -25.861950 0.410585
v -20.799999 -25.900208 0.395426
v -20.799999 -25.919634 0.388639
v -20.799999 -25.959007 0.376677
v -20.799999 -25.978926 0.371510
v -20.799999 -26.019150 0.362826
v -20.799999 -25.492067 1.446438
v -20.799999 -25.450939 1.352213
v -20.799999 -25.438169 1.313094
v -20.799999 -25.432594 1.293286
v -20.799999 -25.427565 1.273333
v -20.799999 -25.423082 1.253249
v -20.799999 -26.039425 1.840686
v -20.799999 -25.959007 1.823323
v -20.799999 -25.919634 1.811361
v -20.799999 -25.900208 1.804574
v -20.799999 -25.880974 1.797257
v -20.799999 -25.861950 1.789415
v -20.799999 -25.843147 1.781054
v -20.799999 -25.806267 1.762800
v -20.799999 -25.788216 1.752922
v -20.799999 -25.735783 1.720368
v -20.799999 -25.718922 1.708572
v -20.799999 -25.702391 1.696317
v -20.799999 -25.654902 1.656899
v -20.799999 -25.639812 1.642908
v -20.799999 -25.625114 1.628508
v -20.799999 -25.596928 1.598526
v -20.799999 -25.557837 1.550768
v -20.799999 -26.305470 0.364790
v -20.799999 -26.325583 0.369133
v -20.799999 -26.121262 0.350864
v -20.799999 -26.080227 0.353966
v -20.799999 -26.059790 0.356361
v -15.200000 -25.670368 0.529528
v -15.200000 -25.686203 0.516386
v -15.200000 -25.570427 0.632957
v -15.200000 -25.702391 0.503682
v -15.200000 -25.545694 0.665847
v -15.200000 -25.735783 0.479632
v -15.200000 -25.752960 0.468302
v -15.200000 -25.806267 0.437200
v -15.200000 -25.843147 0.418946
v -15.200000 -25.458124 0.828504
v -15.200000 -25.900208 0.395426
v -15.200000 -25.438169 0.886906
v -15.200000 -25.959007 0.376677
v -15.200000 -25.432594 0.906714
v -15.200000 -25.427565 0.926667
v -15.200000 -25.998978 0.366892
v -15.200000 -25.423082 0.946751
v -15.200000 -26.019150 0.362826
v -15.200000 -25.419155 0.966950
v -15.200000 -26.039425 0.359314
v -15.200000 -26.059790 0.356361
v -15.200000 -26.080227 0.353966
v -15.200000 -25.410715 1.028087
v -15.200000 -26.100723 0.352134
v -15.200000 -26.121262 0.350864
v -15.200000 -26.141827 0.350159
v -15.200000 -25.407330 1.089711
v -15.200000 -25.407330 1.110289
v -15.200000 -25.412970 1.192366
v -15.200000 -25.419155 1.233050
v -15.200000 -25.423082 1.253249
v -15.200000 -25.427565 1.273333
v -15.200000 -25.432594 1.293286
v -15.200000 -25.438169 1.313094
v -15.200000 -25.450939 1.352213
v -15.200000 -25.458124 1.371495
v -15.200000 -25.465836 1.390574
v -15.200000 -25.474068 1.409433
v -15.200000 -25.482813 1.428059
v -15.200000 -25.492067 1.446438
v -15.200000 -25.501822 1.464557
v -15.200000 -25.557837 1.550768
v -15.200000 -25.639812 1.642908
v -15.200000 -25.670368 1.670472
v -15.200000 -25.686203 1.683614
v -15.200000 -25.702391 1.696317
v -15.200000 -25.718922 1.708572
v -15.200000 -25.806267 1.762800
v -15.200000 -25.824581 1.772180
v -15.200000 -25.843147 1.781054
v -15.200000 -25.861950 1.789415
v -15.200000 -26.737629 0.624951
v -15.200000 -26.762810 0.657498
v -15.200000 -26.774721 0.674277
v -15.200000 -26.786169 0.691377
v -15.200000 -26.797142 0.708784
v -15.200000 -26.244518 0.355093
v -15.200000 -26.264921 0.357768
v -15.200000 -26.305470 0.364790
v -15.200000 -26.325583 0.369133
v -15.200000 -26.345570 0.374025
v -15.200000 -26.365416 0.379465
v -15.200000 -26.385105 0.385447
v -15.200000 -26.423952 0.399019
v -15.200000 -26.443083 0.406599
v -15.200000 -26.480684 0.423320
v -15.200000 -26.570187 0.473908
v -15.200000 -26.587208 0.485472
v -15.200000 -26.620266 0.509979
v -15.200000 -26.636278 0.522903
v -15.200000 -26.651930 0.536261
v -15.200000 -26.667210 0.550044
v -15.200000 -26.682104 0.564241
v -15.200000 -26.906977 1.120576
v -15.200000 -26.902746 1.182147
v -15.200000 -26.807634 0.726486
v -15.200000 -26.817636 0.744469
v -15.200000 -26.884508 1.283327
v -15.200000 -26.827141 0.762720
v -15.200000 -26.879206 1.303209
v -15.200000 -26.873360 1.322938
v -15.200000 -26.844631 0.799969
v -15.200000 -26.866974 1.342500
v -15.200000 -26.852604 0.818939
v -15.200000 -26.860054 1.361879
v -15.200000 -26.852604 1.381061
v -15.200000 -26.836142 1.418776
v -15.200000 -26.879206 0.896791
v -15.200000 -26.827141 1.437280
v -15.200000 -26.817636 1.455531
v -15.200000 -26.889265 0.936694
v -15.200000 -26.807634 1.473514
v -15.200000 -26.893469 0.956837
v -15.200000 -26.897120 0.977088
v -15.200000 -26.786169 1.508623
v -15.200000 -26.774721 1.525723
v -15.200000 -26.750443 1.558948
v -15.200000 -26.906130 1.058864
v -15.200000 -26.737629 1.575049
v -15.200000 -26.906977 1.079425
v -15.200000 -26.724379 1.590792
v -15.200000 -26.710699 1.606166
v -15.200000 -26.696606 1.621158
v -15.200000 -26.682104 1.635759
v -15.200000 -26.667210 1.649956
v -15.200000 -26.651930 1.663738
v -15.200000 -26.620266 1.690021
v -15.200000 -26.603905 1.702501
v -15.200000 -26.535225 1.747797
v -15.200000 -26.517311 1.757923
v -15.200000 -26.499126 1.767553
v -15.200000 -26.162403 1.849982
v -15.200000 -26.080227 1.846034
v -15.200000 -26.059790 1.843639
v -15.200000 -26.039425 1.840686
v -15.200000 -26.019150 1.837174
v -15.200000 -25.998978 1.833108
v -15.200000 -25.978926 1.828490
v -15.200000 -26.182978 1.849559
v -15.200000 -26.203531 1.848571
v -15.200000 -26.224051 1.847020
v -15.200000 -26.264921 1.842232
v -15.200000 -26.285244 1.838999
v -15.200000 -26.325583 1.830867
v -15.200000 -26.423952 1.800981
v -15.200000 -26.443083 1.793401
v -15.200000 -26.461998 1.785298
v -15.200000 -26.480684 1.776680
v -15.200000 -34.107258 12.200000
v 15.200000 -25.625114 0.571492
v 15.200000 -25.639812 0.557092
v 15.200000 -25.610815 0.586290
v 15.200000 -25.596928 0.601474
v 15.200000 -25.583462 0.617034
v 15.200000 -25.686203 0.516386
v 15.200000 -25.702391 0.503682
v 15.200000 -25.557837 0.649232
v 15.200000 -25.534016 0.682788
v 15.200000 -25.752960 0.468302
v 15.200000 -25.512070 0.717599
v 15.200000 -25.806267 0.437200
v 15.200000 -25.492067 0.753562
v 15.200000 -25.482813 0.771941
v 15.200000 -25.843147 0.418946
v 15.200000 -25.474068 0.790567
v 15.200000 -25.861950 0.410585
v 15.200000 -25.444286 0.867259
v 15.200000 -25.998978 0.366892
v 15.200000 -26.019150 0.362826
v 15.200000 -25.410715 1.028087
v 15.200000 -25.407894 1.069142
v 15.200000 -25.407330 1.110289
v 15.200000 -25.407894 1.130858
v 15.200000 -25.409023 1.151405
v 15.200000 -25.415783 1.212751
v 15.200000 -25.423082 1.253249
v 15.200000 -25.427565 1.273333
v 15.200000 -25.432594 1.293286
v 15.200000 -25.444286 1.332741
v 15.200000 -25.512070 1.482401
v 15.200000 -25.522804 1.499957
v 15.200000 -25.639812 1.642908
v 15.200000 -25.654902 1.656899
v 15.200000 -25.670368 1.670472
v 15.200000 -25.686203 1.683614
v 15.200000 -25.788216 1.752922
v 15.200000 -25.806267 1.762800
v 15.200000 -25.824581 1.772180
v 15.200000 -25.843147 1.781054
v 15.200000 -25.861950 1.789415
v 15.200000 -25.900208 1.804574
v 15.200000 -25.919634 1.811361
v 15.200000 -25.939238 1.817612
v 15.200000 -25.959007 1.823323
v 15.200000 -26.696606 0.578842
v 15.200000 -26.737629 0.624951
v 15.200000 -26.774721 0.674277
v 15.200000 -26.786169 0.691377
v 15.200000 -26.797142 0.708784
v 15.200000 -26.203531 0.351429
v 15.200000 -26.244518 0.355093
v 15.200000 -26.285244 0.361001
v 15.200000 -26.385105 0.385447
v 15.200000 -26.480684 0.423320
v 15.200000 -26.499126 0.432447
v 15.200000 -26.570187 0.473908
v 15.200000 -26.906977 1.120576
v 15.200000 -26.907259 1.100000
v 15.200000 -26.902746 1.182147
v 15.200000 -26.807634 0.726486
v 15.200000 -26.844631 0.799969
v 15.200000 -26.866974 1.342500
v 15.200000 -26.852604 0.818939
v 15.200000 -26.860054 1.361879
v 15.200000 -26.873360 0.877062
v 15.200000 -26.786169 1.508623
v 15.200000 -26.900213 0.997432
v 15.200000 -26.762810 1.542502
v 15.200000 -26.904720 1.038335
v 15.200000 -26.737629 1.575049
v 15.200000 -34.107258 12.200000
v 15.200000 -33.607258 12.200000
v 15.200000 -26.059790 1.843639
v 15.200000 -26.039425 1.840686
v 15.200000 -26.019150 1.837174
v 15.200000 -25.998978 1.833108
v 15.200000 -25.978926 1.828490
v 15.200000 -26.203531 1.848571
v 15.200000 -26.244518 1.844907
v 15.200000 -26.325583 1.830867
v 15.200000 -26.345570 1.825975
v 15.200000 -26.365416 1.820535
v 15.200000 -26.385105 1.814553
v 15.200000 -26.404621 1.808034
v 15.200000 -26.423952 1.800981
v 15.200000 -26.443083 1.793401
v -10.000000 17.094011 5.000000
v -6.000000 24.022215 5.000000
v -19.803848 0.113249 5.000000
v -10.000000 17.094011 15.000000
v -19.803848 0.113249 15.000000
v -23.803848 -6.814955 5.000000
v 34.702370 -6.291749 1.100000
v 34.702126 -6.291891 1.120576
v 33.702370 -4.559699 1.100000
v 33.701393 -4.560263 1.141136
v 34.698463 -6.294006 1.182147
v 33.696266 -4.563222 1.202568
v 34.686787 -6.300747 1.263306
v 34.682667 -6.303125 1.283327
v 33.682667 -4.571074 1.283327
v 34.678074 -6.305777 1.303209
v 33.678074 -4.573726 1.303209
v 34.673012 -6.308700 1.322938
v 33.673012 -4.576649 1.322938
v 34.667480 -6.311893 1.342500
v 34.661488 -6.315352 1.361879
v 33.661488 -4.583302 1.361879
v 33.655037 -4.587026 1.381061
v 34.648132 -6.323063 1.400031
v 33.648132 -4.591012 1.400031
v 33.640781 -4.595257 1.418776
v 34.632984 -6.331809 1.437280
v 33.587589 -4.625968 1.525723
v 34.577274 -6.363974 1.542502
v 33.577274 -4.631923 1.542502
v 34.555466 -6.376565 1.575049
v 34.543991 -6.383190 1.590792
v 34.532146 -6.390029 1.606166
v 34.507381 -6.404327 1.635759
v 33.494480 -4.679724 1.649956
v 34.494480 -6.411775 1.649956
v 34.453827 -6.435246 1.690021
v 33.453827 -4.703196 1.690021
v 34.439659 -6.443427 1.702501
v 34.425198 -6.451776 1.714528
v 34.410458 -6.460286 1.726092
v 34.395447 -6.468952 1.737184
v 33.395447 -4.736901 1.737184
v 33.380180 -4.745716 1.747797
v 34.364666 -6.486723 1.757923
v 33.364666 -4.754673 1.757923
v 34.348915 -6.495816 1.767553
v 33.348915 -4.763765 1.767553
v 33.332947 -4.772986 1.776680
v 33.316765 -4.782329 1.785298
v 33.300381 -4.791787 1.793401
v 34.300381 -6.523838 1.793401
v 34.283813 -6.533403 1.800981
v 33.283813 -4.801352 1.800981
v 33.267075 -4.811018 1.808034
v 34.250172 -6.552827 1.814553
v 34.233120 -6.562671 1.820535
v 33.233120 -4.830621 1.820535
v 34.215935 -6.572594 1.825975
v 33.215935 -4.840543 1.825975
v 34.198624 -6.582588 1.830867
v 33.198624 -4.850537 1.830867
v 34.181206 -6.592645 1.835210
v 33.181206 -4.860594 1.835210
v 33.163689 -4.870707 1.838999
v 34.146088 -6.612918 1.842232
v 33.146088 -4.880868 1.842232
v 34.128418 -6.623120 1.844907
v 33.110695 -4.901304 1.847020
v 34.075123 -6.653891 1.849559
v 34.057308 -6.664177 1.849982
v 34.039486 -6.674466 1.849841
v 33.039486 -4.942415 1.849841
v 34.021675 -6.684749 1.849136
v 34.003891 -6.695017 1.847866
v 32.986141 -4.973215 1.846034
v 33.986141 -6.705266 1.846034
v 33.968441 -6.715484 1.843639
v 32.968441 -4.983433 1.843639
v 33.950806 -6.725667 1.840686
v 32.950806 -4.993616 1.840686
v 33.933247 -6.735804 1.837174
v 32.933247 -5.003754 1.837174
v 32.915775 -5.013839 1.833108
v 33.898411 -6.755917 1.828490
v 33.881161 -6.765875 1.823323
v 33.864040 -6.775760 1.817612
v 32.864040 -5.043709 1.817612
v 33.847061 -6.785563 1.811361
v 32.847061 -5.053512 1.811361
v 32.830238 -5.063225 1.804574
v 33.813583 -6.804892 1.797257
v 32.797104 -5.082353 1.789415
v 33.797104 -6.814404 1.789415
v 32.764744 -5.101038 1.772180
v 32.748882 -5.110195 1.762800
v 33.748882 -6.842246 1.762800
v 33.733250 -6.851272 1.752922
v 32.702717 -5.136848 1.731698
v 33.673241 -6.885919 1.708572
v 32.673241 -5.153868 1.708572
v 33.658924 -6.894184 1.696317
v 32.658924 -5.162133 1.696317
v 33.644905 -6.902278 1.683614
v 32.631191 -5.178144 1.670472
v 33.617798 -6.917928 1.656899
v 32.617798 -5.185877 1.656899
v 32.604729 -5.193422 1.642908
v 33.604729 -6.925473 1.642908
v 33.591999 -6.932822 1.628508
v 33.579617 -6.939972 1.613710
v 32.567589 -5.214865 1.598526
v 33.567589 -6.946916 1.598526
v 33.555927 -6.953649 1.582966
v 32.555927 -5.221598 1.582966
v 33.544640 -6.960166 1.567043
v 32.544640 -5.228115 1.567043
v 32.533733 -5.234410 1.550768
v 32.523220 -5.240481 1.534153
v 33.485226 -6.994468 1.464557
v 32.454060 -5.280411 1.390574
v 33.435398 -7.023236 1.332741
v 33.430099 -7.026295 1.313094
v 33.425274 -7.029082 1.293286
v 32.413635 -5.303751 1.233050
v 32.410713 -5.305437 1.212751
v 33.410713 -7.037488 1.212751
v 32.408276 -5.306844 1.192366
v 33.406326 -7.040022 1.171913
v 33.404858 -7.040868 1.151405
v 33.403881 -7.041432 1.130858
v 32.403393 -5.309663 1.110289
v 33.403393 -7.041714 1.110289
v 32.403393 -5.309663 1.089711
v 32.404858 -5.308817 1.048595
v 32.408276 -5.306844 1.007634
v 33.408276 -7.038895 1.007634
v 32.410713 -5.305437 0.987249
v 33.410713 -7.037488 0.987249
v 33.413635 -7.035801 0.966950
v 32.413635 -5.303751 0.966950
v 32.417034 -5.301787 0.946751
v 32.420918 -5.299547 0.926667
v 32.425274 -5.297031 0.906714
v 32.454060 -5.280411 0.809427
v 32.461189 -5.276295 0.790567
v 32.468765 -5.271922 0.771941
v 32.476776 -5.267295 0.753562
v 32.485226 -5.262417 0.735443
v 33.494102 -6.989344 0.717599
v 32.494102 -5.257294 0.717599
v 33.503395 -6.983977 0.700043
v 32.503395 -5.251927 0.700043
v 33.513107 -6.978372 0.682788
v 33.523220 -6.972532 0.665847
v 33.544640 -6.960166 0.632957
v 33.555927 -6.953649 0.617034
v 32.555927 -5.221598 0.617034
v 33.567589 -6.946916 0.601474
v 33.579617 -6.939972 0.586290
v 33.591999 -6.932822 0.571492
v 32.617798 -5.185877 0.543101
v 32.631191 -5.178144 0.529528
v 33.644905 -6.902278 0.516386
v 32.658924 -5.162133 0.503682
v 33.687840 -6.877488 0.479632
v 32.687840 -5.145437 0.479632
v 33.702717 -6.868899 0.468302
v 32.702717 -5.136848 0.468302
v 33.717857 -6.860158 0.457449
v 32.717857 -5.128108 0.457449
v 33.733250 -6.851272 0.447078
v 32.733250 -5.119221 0.447078
v 33.748882 -6.842246 0.437200
v 32.748882 -5.110195 0.437200
v 33.764744 -6.833088 0.427820
v 32.764744 -5.101038 0.427820
v 33.780823 -6.823805 0.418946
v 32.780823 -5.091754 0.418946
v 33.813583 -6.804892 0.402743
v 32.813583 -5.072841 0.402743
v 33.847061 -6.785563 0.388639
v 33.881161 -6.765875 0.376677
v 32.881161 -5.033825 0.376677
v 32.898411 -5.023866 0.371510
v 33.915775 -6.745890 0.366892
v 32.915775 -5.013839 0.366892
v 33.933247 -6.735804 0.362826
v 32.933247 -5.003754 0.362826
v 33.968441 -6.715484 0.356361
v 34.021675 -6.684749 0.350864
v 33.039486 -4.942415 0.350159
v 34.039486 -6.674466 0.350159
v 33.057308 -4.932127 0.350018
v 33.092922 -4.911563 0.351429
v 33.110695 -4.901304 0.352980
v 33.128418 -4.891069 0.355093
v 34.128418 -6.623120 0.355093
v 34.146088 -6.612918 0.357768
v 33.146088 -4.880868 0.357768
v 34.163689 -6.602757 0.361001
v 33.163689 -4.870707 0.361001
v 34.181206 -6.592645 0.364790
v 33.181206 -4.860594 0.364790
v 34.198624 -6.582588 0.369133
v 33.198624 -4.850537 0.369133
v 34.215935 -6.572594 0.374025
v 34.233120 -6.562671 0.379465
v 33.250172 -4.820776 0.385447
v 34.250172 -6.552827 0.385447
v 33.300381 -4.791787 0.406599
v 33.316765 -4.782329 0.414701
v 34.316765 -6.514380 0.414701
v 34.332947 -6.505037 0.423320
v 34.380180 -6.477767 0.452203
v 33.453827 -4.703196 0.509979
v 34.467693 -6.427240 0.522903
v 34.481247 -6.419414 0.536261
v 34.494480 -6.411775 0.550044
v 33.507381 -4.672276 0.564241
v 34.532146 -6.390029 0.593834
v 34.543991 -6.383190 0.609208
v 34.555466 -6.376565 0.624951
v 33.555466 -4.644514 0.624951
v 34.566563 -6.370158 0.641052
v 34.577274 -6.363974 0.657498
v 33.577274 -4.631923 0.657498
v 34.587589 -6.358018 0.674277
v 33.597504 -4.620244 0.691377
v 34.607006 -6.346808 0.708784
v 33.607006 -4.614757 0.708784
v 33.616093 -4.609511 0.726486
v 34.616093 -6.341562 0.726486
v 33.624756 -4.604510 0.744469
v 33.632984 -4.599758 0.762720
v 34.632984 -6.331809 0.762720
v 34.640781 -6.327308 0.781224
v 33.640781 -4.595257 0.781224
v 33.648132 -4.591012 0.799969
v 34.648132 -6.323063 0.799969
v 34.655037 -6.319077 0.818939
v 33.655037 -4.587026 0.818939
v 34.661488 -6.315352 0.838121
v 33.661488 -4.583302 0.838121
v 33.667480 -4.579842 0.857500
v 34.667480 -6.311893 0.857500
v 34.673012 -6.308700 0.877062
v 33.673012 -4.576649 0.877062
v 34.678074 -6.305777 0.896791
v 33.682667 -4.571074 0.916673
v 34.682667 -6.303125 0.916673
v 33.686787 -4.568696 0.936694
v 34.690426 -6.298645 0.956837
v 33.696266 -4.563222 0.997432
v 34.698463 -6.294006 1.017853
v 33.698463 -4.561955 1.017853
v 34.700172 -6.293019 1.038335
v 33.700172 -4.560968 1.038335
v 34.701393 -6.292314 1.058864
v 33.701393 -4.560263 1.058864
v 16.655703 35.365997 5.000000
v -11.902370 33.199009 1.100000
v -12.902370 31.466959 1.100000
v -12.902125 31.466818 1.120576
v -11.901393 33.198444 1.141136
v -12.901393 31.466394 1.141136
v -11.900171 33.197739 1.161665
v -12.900171 31.465689 1.161665
v -11.898462 33.196754 1.182147
v -11.896268 33.195484 1.202568
v -12.896268 31.463434 1.202568
v -11.893589 33.193939 1.222912
v -11.890428 33.192112 1.243163
v -12.890428 31.460062 1.243163
v -11.886786 33.190010 1.263306
v -12.886786 31.457960 1.263306
v -11.882668 33.187634 1.283327
v -12.882668 31.455584 1.283327
v -11.878075 33.184982 1.303209
v -12.878075 31.452930 1.303209
v -11.873012 33.182060 1.322938
v -12.873012 31.450008 1.322938
v -11.867481 33.178867 1.342500
v -12.867481 31.446815 1.342500
v -11.861488 33.175407 1.361879
v -12.861488 31.443356 1.361879
v -11.855038 33.171680 1.381061
v -12.855038 31.439631 1.381061
v -11.848133 33.167694 1.400031
v -11.840781 33.163452 1.418776
v -12.824755 31.422146 1.455531
v -11.816092 33.149197 1.473514
v -12.816092 31.417145 1.473514
v -11.807006 33.143951 1.491216
v -12.807006 31.411900 1.491216
v -11.797503 33.138462 1.508623
v -12.797503 31.406412 1.508623
v -11.777273 33.126785 1.542502
v -12.777273 31.394733 1.542502
v -11.766563 33.120602 1.558948
v -11.755466 33.114193 1.575049
v -11.732144 33.100731 1.606166
v -12.732144 31.368679 1.606166
v -11.719938 33.093681 1.621158
v -11.707380 33.086433 1.635759
v -12.694481 31.346933 1.649956
v -12.639657 31.315281 1.702501
v -12.625197 31.306932 1.714528
v -11.564666 33.004036 1.757923
v -11.548917 32.994942 1.767553
v -11.532946 32.985722 1.776680
v -12.516763 31.244328 1.785298
v -12.500381 31.234871 1.793401
v -11.500381 32.966923 1.793401
v -11.483814 32.957355 1.800981
v -11.467073 32.947689 1.808034
v -12.433120 31.196035 1.820535
v -12.381205 31.166063 1.835210
v -12.363688 31.155951 1.838999
v -12.346089 31.145788 1.842232
v -12.310693 31.125353 1.847020
v -12.221676 31.073959 1.849136
v -12.186140 31.053442 1.846034
v -11.186140 32.785492 1.846034
v -12.115775 31.012817 1.833108
v -12.098410 31.002790 1.828490
v -11.064039 32.715000 1.817612
v -12.064039 30.982948 1.817612
v -11.047061 32.705196 1.811361
v -11.030237 32.695484 1.804574
v -12.013581 30.953815 1.797257
v -11.997106 30.944304 1.789415
v -10.997106 32.676353 1.789415
v -10.980823 32.666954 1.781054
v -10.964744 32.657669 1.772180
v -11.964744 30.925619 1.772180
v -11.948882 30.916462 1.762800
v -10.902718 32.621861 1.731698
v -10.887841 32.613270 1.720368
v -10.873240 32.604839 1.708572
v -10.858923 32.596573 1.696317
v -11.858923 30.864523 1.696317
v -11.844904 30.856430 1.683614
v -11.831192 30.848513 1.670472
v -11.804729 30.833235 1.642908
v -11.792000 30.825886 1.628508
v -11.755928 30.805059 1.582966
v -11.744640 30.798542 1.567043
v -10.733735 32.524296 1.550768
v -11.733735 30.792246 1.550768
v -10.723221 32.518227 1.534153
v -10.713105 32.512386 1.517212
v -10.703396 32.506783 1.499957
v -10.676778 32.491413 1.446438
v -10.668764 32.486786 1.428059
v -11.641160 30.738798 1.352213
v -11.635398 30.735472 1.332741
v -11.630100 30.732412 1.313094
v -11.625272 30.729626 1.293286
v -10.625272 32.461678 1.293286
v -10.620916 32.459160 1.273333
v -10.617036 32.456921 1.253249
v -10.613634 32.454956 1.233050
v -11.610714 30.721220 1.212751
v -10.610714 32.453270 1.212751
v -11.608276 30.719812 1.192366
v -10.606325 32.450737 1.171913
v -11.606325 30.718685 1.171913
v -11.604859 30.717840 1.151405
v -11.603882 30.717276 1.130858
v -11.603394 30.716993 1.110289
v -10.603394 32.449043 1.110289
v -10.603394 32.449043 1.089711
v -11.603394 30.716993 1.089711
v -10.603882 32.449326 1.069142
v -11.604859 30.717840 1.048595
v -11.606325 30.718685 1.028087
v -11.608276 30.719812 1.007634
v -10.608276 32.451862 1.007634
v -11.613634 30.722906 0.966950
v -10.617036 32.456921 0.946751
v -11.617036 30.724871 0.946751
v -10.620916 32.459160 0.926667
v -11.620916 30.727110 0.926667
v -10.630100 32.464462 0.886906
v -10.635398 32.467522 0.867259
v -10.647382 32.474442 0.828504
v -10.668764 32.486786 0.771941
v -11.685225 30.764240 0.735443
v -10.685225 32.496288 0.735443
v -10.703396 32.506783 0.700043
v -10.713105 32.512386 0.682788
v -10.723221 32.518227 0.665847
v -10.733735 32.524296 0.649232
v -10.744640 32.530594 0.632957
v -11.744640 30.798542 0.632957
v -10.755928 32.537109 0.617034
v -11.755928 30.805059 0.617034
v -10.767590 32.543842 0.601474
v -11.767590 30.811792 0.601474
v -11.779616 30.818735 0.586290
v -10.792000 32.557938 0.571492
v -11.792000 30.825886 0.571492
v -10.804729 32.565285 0.557092
v -10.817797 32.572830 0.543101
v -10.831192 32.580563 0.529528
v -11.831192 30.848513 0.529528
v -11.844904 30.856430 0.516386
v -10.844904 32.588482 0.516386
v -11.858923 30.864523 0.503682
v -10.858923 32.596573 0.503682
v -11.873240 30.872789 0.491428
v -11.887841 30.881220 0.479632
v -11.902718 30.889809 0.468302
v -10.917857 32.630600 0.457449
v -11.917857 30.898550 0.457449
v -11.948882 30.916462 0.437200
v -10.964744 32.657669 0.427820
v -11.964744 30.925619 0.427820
v -11.047061 32.705196 0.388639
v -11.064039 32.715000 0.382388
v -11.081160 32.724884 0.376677
v -11.098410 32.734840 0.371510
v -11.115775 32.744869 0.366892
v -11.133245 32.754955 0.362826
v -12.133245 31.022903 0.362826
v -12.150804 31.033041 0.359314
v -11.221676 32.806011 0.350864
v -12.292923 31.115093 0.351429
v -11.310693 32.857403 0.352980
v -12.346089 31.145788 0.357768
v -12.363688 31.155951 0.361001
v -12.381205 31.166063 0.364790
v -12.398623 31.176121 0.369133
v -12.415933 31.186113 0.374025
v -12.433120 31.196035 0.379465
v -12.450171 31.205881 0.385447
v -11.450171 32.937931 0.385447
v -12.467073 31.215639 0.391966
v -11.483814 32.957355 0.399019
v -12.483814 31.225306 0.399019
v -12.516763 31.244328 0.414701
v -11.548917 32.994942 0.432447
v -12.548917 31.262892 0.432447
v -11.564666 33.004036 0.442077
v -12.564666 31.271984 0.442077
v -11.595448 33.021809 0.462816
v -12.595448 31.289757 0.462816
v -12.610456 31.298422 0.473908
v -11.610456 33.030472 0.473908
v -12.625197 31.306932 0.485472
v -11.719938 33.093681 0.578842
v -12.719938 31.361631 0.578842
v -11.743990 33.107567 0.609208
v -12.743990 31.375517 0.609208
v -11.755466 33.114193 0.624951
v -12.766563 31.388550 0.641052
v -11.777273 33.126785 0.657498
v -11.787589 33.132740 0.674277
v -12.797503 31.406412 0.691377
v -12.807006 31.411900 0.708784
v -11.816092 33.149197 0.726486
v -11.824755 33.154198 0.744469
v -12.832986 31.426899 0.762720
v -11.832986 33.158951 0.762720
v -11.867481 33.178867 0.857500
v -11.873012 33.182060 0.877062
v -12.882668 31.455584 0.916673
v -12.890428 31.460062 0.956837
v -11.890428 33.192112 0.956837
v -11.893589 33.193939 0.977088
v -12.893589 31.461887 0.977088
v -11.898462 33.196754 1.017853
v -11.900171 33.197739 1.038335
v -12.900171 31.465689 1.038335
v -11.901393 33.198444 1.058864
v -12.902125 31.466818 1.079425
v -36.704739 3.640043 12.200000
v -20.205702 29.217216 10.700000
v -15.702371 26.617216 1.100000
v -30.902126 0.289902 1.120576
v -15.701392 26.616652 1.141136
v -30.896267 0.286520 1.202568
v -15.693588 26.612146 1.222912
v -30.893589 0.284974 1.222912
v -30.890427 0.283148 1.243163
v -15.682668 26.605841 1.283327
v -30.882668 0.278668 1.283327
v -30.878075 0.276017 1.303209
v -15.667481 26.597073 1.342500
v -15.661489 26.593613 1.361879
v -30.861488 0.266441 1.361879
v -15.655038 26.589888 1.381061
v -15.648133 26.585901 1.400031
v -15.640781 26.581657 1.418776
v -30.840780 0.254485 1.418776
v -30.832987 0.249985 1.437280
v -30.824755 0.245232 1.455531
v -30.816092 0.240231 1.473514
v -15.616093 26.567404 1.473514
v -15.607006 26.562157 1.491216
v -30.787590 0.223775 1.525723
v -30.777273 0.217819 1.542502
v -15.566563 26.538807 1.558948
v -30.766563 0.211635 1.558948
v -15.555466 26.532400 1.575049
v -15.543990 26.525776 1.590792
v -30.743990 0.198603 1.590792
v -15.519938 26.511889 1.621158
v -30.719938 0.184717 1.621158
v -15.507380 26.504639 1.635759
v -30.694481 0.170019 1.649956
v -30.681248 0.162379 1.663738
v -30.667694 0.154553 1.677097
v -30.653826 0.146547 1.690021
v -30.639658 0.138366 1.702501
v -15.439657 26.465538 1.702501
v -30.625196 0.130018 1.714528
v -30.610456 0.121507 1.726092
v -15.348917 26.413149 1.767553
v -15.332946 26.403929 1.776680
v -15.316763 26.394585 1.785298
v -30.516764 0.067413 1.785298
v -30.483814 0.048390 1.800981
v -15.283814 26.375563 1.800981
v -30.467073 0.038725 1.808034
v -30.450171 0.028966 1.814553
v -30.433119 0.019122 1.820535
v -15.233120 26.346294 1.820535
v -15.198624 26.326378 1.830867
v -15.163689 26.306208 1.838999
v -15.146090 26.296047 1.842232
v -15.128420 26.285845 1.844907
v -15.110693 26.275612 1.847020
v -30.310694 -0.051561 1.847020
v -15.092923 26.265352 1.848571
v -30.292923 -0.061821 1.848571
v -15.075123 26.255075 1.849559
v -30.275124 -0.072098 1.849559
v -15.057306 26.244787 1.849982
v -30.239487 -0.092673 1.849841
v -30.150805 -0.143873 1.840686
v -30.133245 -0.154011 1.837174
v -30.115776 -0.164097 1.833108
v -30.098410 -0.174123 1.828490
v -30.081160 -0.184082 1.823323
v -14.881160 26.143089 1.823323
v -30.064039 -0.193967 1.817612
v -14.864039 26.133205 1.817612
v -14.847061 26.123404 1.811361
v -30.047060 -0.203769 1.811361
v -14.830237 26.113689 1.804574
v -30.030237 -0.213483 1.804574
v -14.813581 26.104073 1.797257
v -30.013582 -0.223099 1.797257
v -14.797106 26.094561 1.789415
v -29.997107 -0.232611 1.789415
v -14.764744 26.075876 1.772180
v -29.964745 -0.251295 1.772180
v -14.733250 26.057693 1.752922
v -29.933250 -0.269478 1.752922
v -14.717857 26.048807 1.742551
v -29.917858 -0.278365 1.742551
v -14.702718 26.040066 1.731698
v -29.902718 -0.287106 1.731698
v -14.687841 26.031477 1.720368
v -29.858923 -0.312391 1.696317
v -29.844904 -0.320485 1.683614
v -29.831192 -0.328402 1.670472
v -29.804729 -0.343680 1.642908
v -29.779615 -0.358179 1.613710
v -29.767590 -0.365122 1.598526
v -29.755928 -0.371855 1.582966
v -29.733736 -0.384668 1.550768
v -29.723221 -0.390739 1.534153
v -14.485226 25.914497 1.464557
v -29.685226 -0.412675 1.464557
v -14.461189 25.900620 1.409433
v -29.661190 -0.426552 1.409433
v -14.454061 25.896503 1.390574
v -29.654060 -0.430668 1.390574
v -14.447382 25.892649 1.371495
v -29.647383 -0.434524 1.371495
v -29.641159 -0.438117 1.352213
v -14.435398 25.885729 1.332741
v -14.430100 25.882671 1.313094
v -14.425272 25.879883 1.293286
v -14.420917 25.877369 1.273333
v -14.417036 25.875128 1.253249
v -29.617037 -0.452045 1.253249
v -14.413634 25.873163 1.233050
v -14.410714 25.871477 1.212751
v -14.408277 25.870071 1.192366
v -14.406324 25.868944 1.171913
v -29.606325 -0.458229 1.171913
v -14.404860 25.868097 1.151405
v -29.604860 -0.459075 1.151405
v -14.403393 25.867250 1.089711
v -14.403882 25.867533 1.069142
v -14.404860 25.868097 1.048595
v -14.406324 25.868944 1.028087
v -29.606325 -0.458229 1.028087
v -14.408277 25.870071 1.007634
v -14.417036 25.875128 0.946751
v -14.420917 25.877369 0.926667
v -14.425272 25.879883 0.906714
v -29.625273 -0.447289 0.906714
v -14.430100 25.882671 0.886906
v -29.630100 -0.444502 0.886906
v -14.435398 25.885729 0.867259
v -29.635397 -0.441443 0.867259
v -29.641159 -0.438117 0.847787
v -29.647383 -0.434524 0.828504
v -29.676779 -0.417553 0.753562
v -14.485226 25.914497 0.735443
v -29.685226 -0.412675 0.735443
v -14.494101 25.919621 0.717599
v -29.694101 -0.407551 0.717599
v -29.703396 -0.402184 0.700043
v -29.713106 -0.396579 0.682788
v -14.523221 25.936434 0.665847
v -29.723221 -0.390739 0.665847
v -14.533735 25.942505 0.649232
v -29.733736 -0.384668 0.649232
v -14.544641 25.948799 0.632957
v -14.555927 25.955317 0.617034
v -14.567590 25.962049 0.601474
v -29.767590 -0.365122 0.601474
v -14.579617 25.968994 0.586290
v -29.817797 -0.336135 0.543101
v -29.831192 -0.328402 0.529528
v -29.844904 -0.320485 0.516386
v -14.658923 26.014782 0.503682
v -29.858923 -0.312391 0.503682
v -14.673240 26.023046 0.491428
v -29.873240 -0.304125 0.491428
v -14.687841 26.031477 0.479632
v -29.887840 -0.295695 0.479632
v -14.702718 26.040066 0.468302
v -14.733250 26.057693 0.447078
v -29.948883 -0.260453 0.437200
v -14.748882 26.066719 0.437200
v -14.764744 26.075876 0.427820
v -29.964745 -0.251295 0.427820
v -14.780823 26.085159 0.418946
v -29.980822 -0.242012 0.418946
v -14.797106 26.094561 0.410585
v -29.997107 -0.232611 0.410585
v -30.013582 -0.223099 0.402743
v -14.830237 26.113689 0.395426
v -30.030237 -0.213483 0.395426
v -30.047060 -0.203769 0.388639
v -14.898410 26.153049 0.371510
v -30.098410 -0.174123 0.371510
v -14.950804 26.183298 0.359314
v -14.968440 26.193481 0.356361
v -30.168440 -0.133691 0.356361
v -30.186140 -0.123472 0.353966
v -14.986139 26.203699 0.353966
v -15.003889 26.213947 0.352134
v -30.203890 -0.113224 0.352134
v -30.257307 -0.082384 0.350018
v -15.110693 26.275612 0.352980
v -30.310694 -0.051561 0.352980
v -15.146090 26.296047 0.357768
v -30.346088 -0.031125 0.357768
v -30.363688 -0.020965 0.361001
v -15.181204 26.316320 0.364790
v -15.198624 26.326378 0.369133
v -30.433119 0.019122 0.379465
v -30.500381 0.057956 0.406599
v -15.316763 26.394585 0.414701
v -30.516764 0.067413 0.414701
v -15.332946 26.403929 0.423320
v -30.532946 0.076756 0.423320
v -30.548918 0.085977 0.432447
v -30.564665 0.095070 0.442077
v -30.580179 0.104027 0.452203
v -30.595448 0.112841 0.462816
v -30.610456 0.121507 0.473908
v -30.625196 0.130018 0.485472
v -30.667694 0.154553 0.522903
v -30.707380 0.177466 0.564241
v -15.519938 26.511889 0.578842
v -30.719938 0.184717 0.578842
v -15.532145 26.518936 0.593834
v -15.543990 26.525776 0.609208
v -15.555466 26.532400 0.624951
v -30.755466 0.205228 0.624951
v -15.566563 26.538807 0.641052
v -15.577273 26.544991 0.657498
v -30.777273 0.217819 0.657498
v -30.787590 0.223775 0.674277
v -30.797503 0.229498 0.691377
v -15.607006 26.562157 0.708784
v -30.816092 0.240231 0.726486
v -15.624754 26.572405 0.744469
v -15.640781 26.581657 0.781224
v -30.848133 0.258730 0.799969
v -30.855038 0.262716 0.818939
v -15.661489 26.593613 0.838121
v -30.861488 0.266441 0.838121
v -15.667481 26.597073 0.857500
v -30.867481 0.269901 0.857500
v -30.873011 0.273093 0.877062
v -15.678075 26.603189 0.896791
v -30.878075 0.276017 0.896791
v -15.682668 26.605841 0.916673
v -15.686786 26.608219 0.936694
v -30.886786 0.281046 0.936694
v -15.690427 26.610321 0.956837
v -30.890427 0.283148 0.956837
v -15.693588 26.612146 0.977088
v -30.893589 0.284974 0.977088
v -15.696268 26.613693 0.997432
v -30.896267 0.286520 0.997432
v -30.898462 0.287787 1.017853
v -15.701392 26.616652 1.058864
v -30.901392 0.289479 1.058864
v -15.702126 26.617075 1.079425
v -30.902126 0.289902 1.079425
v 36.704739 3.640043 12.200000
v 21.504740 29.967216 12.200000
v 20.205702 29.217216 10.700000
v 35.405701 2.890043 10.700000
v 20.205702 29.217216 2.200000
v 35.405701 2.890043 2.200000
v 30.902126 0.289902 1.120576
v 15.702126 26.617075 1.120576
v 15.701392 26.616652 1.141136
v 30.900171 0.288774 1.161665
v 30.898462 0.287787 1.182147
v 15.696268 26.613693 1.202568
v 15.693588 26.612146 1.222912
v 30.890427 0.283148 1.243163
v 30.882668 0.278668 1.283327
v 30.873011 0.273093 1.322938
v 15.667481 26.597073 1.342500
v 15.661489 26.593613 1.361879
v 15.655038 26.589888 1.381061
v 15.640781 26.581657 1.418776
v 30.832987 0.249985 1.437280
v 15.632986 26.577156 1.437280
v 15.624754 26.572405 1.455531
v 15.616093 26.567404 1.473514
v 15.607006 26.562157 1.491216
v 30.797503 0.229498 1.508623
v 30.777273 0.217819 1.542502
v 15.577273 26.544991 1.542502
v 30.766563 0.211635 1.558948
v 30.755466 0.205228 1.575049
v 30.743990 0.198603 1.590792
v 15.543990 26.525776 1.590792
v 15.532145 26.518936 1.606166
v 30.719938 0.184717 1.621158
v 15.519938 26.511889 1.621158
v 30.707380 0.177466 1.635759
v 15.507380 26.504639 1.635759
v 30.694481 0.170019 1.649956
v 15.494481 26.497190 1.649956
v 30.681248 0.162379 1.663738
v 30.667694 0.154553 1.677097
v 15.467693 26.481726 1.677097
v 30.653826 0.146547 1.690021
v 30.639658 0.138366 1.702501
v 30.610456 0.121507 1.726092
v 15.410457 26.448679 1.726092
v 15.395447 26.440014 1.737184
v 30.580179 0.104027 1.747797
v 15.300382 26.385128 1.793401
v 15.283814 26.375563 1.800981
v 15.215933 26.336370 1.825975
v 15.198624 26.326378 1.830867
v 15.163689 26.306208 1.838999
v 15.110693 26.275612 1.847020
v 30.292923 -0.061821 1.848571
v 30.275124 -0.072098 1.849559
v 15.075123 26.255075 1.849559
v 30.257307 -0.082384 1.849982
v 15.057306 26.244787 1.849982
v 30.239487 -0.092673 1.849841
v 15.039486 26.234499 1.849841
v 30.221676 -0.102955 1.849136
v 15.021676 26.224216 1.849136
v 15.003889 26.213947 1.847866
v 30.203890 -0.113224 1.847866
v 30.186140 -0.123472 1.846034
v 14.986139 26.203699 1.846034
v 30.168440 -0.133691 1.843639
v 30.150805 -0.143873 1.840686
v 14.933245 26.173161 1.837174
v 30.115776 -0.164097 1.833108
v 14.881160 26.143089 1.823323
v 14.864039 26.133205 1.817612
v 14.847061 26.123404 1.811361
v 14.830237 26.113689 1.804574
v 14.813581 26.104073 1.797257
v 14.797106 26.094561 1.789415
v 29.964745 -0.251295 1.772180
v 29.933250 -0.269478 1.752922
v 29.917858 -0.278365 1.742551
v 29.902718 -0.287106 1.731698
v 29.887840 -0.295695 1.720368
v 14.658923 26.014782 1.696317
v 29.844904 -0.320485 1.683614
v 14.631191 25.998770 1.670472
v 29.804729 -0.343680 1.642908
v 29.792000 -0.351029 1.628508
v 29.779615 -0.358179 1.613710
v 29.767590 -0.365122 1.598526
v 14.567590 25.962049 1.598526
v 29.755928 -0.371855 1.582966
v 14.555927 25.955317 1.582966
v 29.744640 -0.378372 1.567043
v 14.533735 25.942505 1.550768
v 14.523221 25.936434 1.534153
v 29.723221 -0.390739 1.534153
v 29.713106 -0.396579 1.517212
v 29.703396 -0.402184 1.499957
v 14.503396 25.924988 1.499957
v 29.668764 -0.422179 1.428059
v 14.468763 25.904993 1.428059
v 29.661190 -0.426552 1.409433
v 14.461189 25.900620 1.409433
v 29.654060 -0.430668 1.390574
v 14.454061 25.896503 1.390574
v 29.647383 -0.434524 1.371495
v 14.435398 25.885729 1.332741
v 29.617037 -0.452045 1.253249
v 14.413634 25.873163 1.233050
v 14.410714 25.871477 1.212751
v 29.604860 -0.459075 1.151405
v 29.603394 -0.459921 1.110289
v 14.403393 25.867250 1.089711
v 14.403882 25.867533 1.069142
v 14.404860 25.868097 1.048595
v 14.406324 25.868944 1.028087
v 14.408277 25.870071 1.007634
v 14.410714 25.871477 0.987249
v 29.617037 -0.452045 0.946751
v 29.625273 -0.447289 0.906714
v 14.425272 25.879883 0.906714
v 29.654060 -0.430668 0.809427
v 14.454061 25.896503 0.809427
v 14.468763 25.904993 0.771941
v 29.676779 -0.417553 0.753562
v 14.494101 25.919621 0.717599
v 29.713106 -0.396579 0.682788
v 14.513105 25.930593 0.682788
v 14.523221 25.936434 0.665847
v 29.733736 -0.384668 0.649232
v 14.533735 25.942505 0.649232
v 29.755928 -0.371855 0.617034
v 14.567590 25.962049 0.601474
v 14.579617 25.968994 0.586290
v 29.792000 -0.351029 0.571492
v 29.804729 -0.343680 0.557092
v 29.817797 -0.336135 0.543101
v 29.831192 -0.328402 0.529528
v 14.644904 26.006687 0.516386
v 29.858923 -0.312391 0.503682
v 29.873240 -0.304125 0.491428
v 14.673240 26.023046 0.491428
v 14.687841 26.031477 0.479632
v 29.917858 -0.278365 0.457449
v 14.717857 26.048807 0.457449
v 29.933250 -0.269478 0.447078
v 14.733250 26.057693 0.447078
v 29.964745 -0.251295 0.427820
v 14.764744 26.075876 0.427820
v 14.780823 26.085159 0.418946
v 14.797106 26.094561 0.410585
v 14.813581 26.104073 0.402743
v 14.830237 26.113689 0.395426
v 14.847061 26.123404 0.388639
v 30.081160 -0.184082 0.376677
v 14.881160 26.143089 0.376677
v 30.098410 -0.174123 0.371510
v 14.898410 26.153049 0.371510
v 14.950804 26.183298 0.359314
v 30.168440 -0.133691 0.356361
v 14.968440 26.193481 0.356361
v 30.186140 -0.123472 0.353966
v 30.203890 -0.113224 0.352134
v 15.003889 26.213947 0.352134
v 30.221676 -0.102955 0.350864
v 30.257307 -0.082384 0.350018
v 15.057306 26.244787 0.350018
v 15.092923 26.265352 0.351429
v 30.310694 -0.051561 0.352980
v 15.110693 26.275612 0.352980
v 15.128420 26.285845 0.355093
v 15.146090 26.296047 0.357768
v 30.363688 -0.020965 0.361001
v 15.181204 26.316320 0.364790
v 15.215933 26.336370 0.374025
v 15.233120 26.346294 0.379465
v 30.450171 0.028966 0.385447
v 30.483814 0.048390 0.399019
v 30.500381 0.057956 0.406599
v 15.300382 26.385128 0.406599
v 15.316763 26.394585 0.414701
v 15.332946 26.403929 0.423320
v 30.548918 0.085977 0.432447
v 15.364666 26.422241 0.442077
v 15.380179 26.431198 0.452203
v 15.395447 26.440014 0.462816
v 30.610456 0.121507 0.473908
v 15.410457 26.448679 0.473908
v 30.625196 0.130018 0.485472
v 15.425198 26.457190 0.485472
v 30.639658 0.138366 0.497499
v 15.439657 26.465538 0.497499
v 30.653826 0.146547 0.509979
v 30.667694 0.154553 0.522903
v 30.681248 0.162379 0.536261
v 30.694481 0.170019 0.550044
v 30.707380 0.177466 0.564241
v 15.507380 26.504639 0.564241
v 15.519938 26.511889 0.578842
v 15.532145 26.518936 0.593834
v 15.543990 26.525776 0.609208
v 30.755466 0.205228 0.624951
v 15.566563 26.538807 0.641052
v 30.777273 0.217819 0.657498
v 30.787590 0.223775 0.674277
v 15.616093 26.567404 0.726486
v 30.824755 0.245232 0.744469
v 30.832987 0.249985 0.762720
v 30.840780 0.254485 0.781224
v 15.640781 26.581657 0.781224
v 30.848133 0.258730 0.799969
v 15.655038 26.589888 0.818939
v 15.661489 26.593613 0.838121
v 15.673012 26.600266 0.877062
v 15.678075 26.603189 0.896791
v 30.882668 0.278668 0.916673
v 15.682668 26.605841 0.916673
v 15.686786 26.608219 0.936694
v 15.690427 26.610321 0.956837
v 15.693588 26.612146 0.977088
v 30.896267 0.286520 0.997432
v 15.696268 26.613693 0.997432
v 30.901392 0.289479 1.058864
v 15.702126 26.617075 1.079425
v -22.799999 -26.904720 1.161665
v -20.799999 -26.904720 1.161665
v -22.799999 -26.900213 1.202568
v -20.799999 -26.900213 1.202568
v -22.799999 -26.897120 1.222912
v -20.799999 -26.897120 1.222912
v -20.799999 -26.893469 1.243163
v -20.799999 -26.889265 1.263306
v -22.799999 -26.884508 1.283327
v -22.799999 -26.873360 1.322938
v -22.799999 -26.866974 1.342500
v -22.799999 -26.827141 1.437280
v -20.799999 -26.797142 1.491216
v -22.799999 -26.774721 1.525723
v -20.799999 -26.762810 1.542502
v -20.799999 -26.737629 1.575049
v -20.799999 -26.724379 1.590792
v -22.799999 -26.696606 1.621158
v -22.799999 -26.667210 1.649956
v -22.799999 -26.636278 1.677097
v -22.799999 -26.620266 1.690021
v -22.799999 -26.603905 1.702501
v -20.799999 -26.587208 1.714528
v -22.799999 -26.552855 1.737184
v -20.799999 -26.535225 1.747797
v -22.799999 -26.535225 1.747797
v -22.799999 -26.480684 1.776680
v -20.799999 -26.461998 1.785298
v -20.799999 -26.443083 1.793401
v -22.799999 -26.443083 1.793401
v -22.799999 -26.423952 1.800981
v -20.799999 -26.423952 1.800981
v -22.799999 -26.404621 1.808034
v -22.799999 -26.385105 1.814553
v -20.799999 -26.385105 1.814553
v -22.799999 -26.365416 1.820535
v -20.799999 -26.345570 1.825975
v -22.799999 -26.325583 1.830867
v -20.799999 -26.325583 1.830867
v -22.799999 -26.285244 1.838999
v -22.799999 -26.203531 1.848571
v -22.799999 -26.182978 1.849559
v -22.799999 -26.162403 1.849982
v -20.799999 -26.162403 1.849982
v -22.799999 -26.141827 1.849841
v -20.799999 -26.141827 1.849841
v -20.799999 -26.121262 1.849136
v -22.799999 -26.100723 1.847866
v -20.799999 -26.100723 1.847866
v -20.799999 -26.080227 1.846034
v -20.799999 -26.059790 1.843639
v -20.799999 -26.019150 1.837174
v -22.799999 -25.998978 1.833108
v -20.799999 -25.998978 1.833108
v -22.799999 -25.978926 1.828490
v -20.799999 -25.978926 1.828490
v -22.799999 -25.939238 1.817612
v -20.799999 -25.939238 1.817612
v -22.799999 -25.919634 1.811361
v -22.799999 -25.900208 1.804574
v -22.799999 -25.861950 1.789415
v -22.799999 -25.843147 1.781054
v -22.799999 -25.824581 1.772180
v -20.799999 -25.824581 1.772180
v -22.799999 -25.788216 1.752922
v -20.799999 -25.770443 1.742551
v -20.799999 -25.752960 1.731698
v -22.799999 -25.718922 1.708572
v -22.799999 -25.702391 1.696317
v -20.799999 -25.686203 1.683614
v -22.799999 -25.686203 1.683614
v -20.799999 -25.670368 1.670472
v -20.799999 -25.610815 1.613710
v -20.799999 -25.583462 1.582966
v -20.799999 -25.570427 1.567043
v -22.799999 -25.557837 1.550768
v -22.799999 -25.545694 1.534153
v -20.799999 -25.545694 1.534153
v -22.799999 -25.534016 1.517212
v -20.799999 -25.534016 1.517212
v -20.799999 -25.522804 1.499957
v -22.799999 -25.522804 1.499957
v -22.799999 -25.512070 1.482401
v -20.799999 -25.512070 1.482401
v -20.799999 -25.501822 1.464557
v -22.799999 -25.492067 1.446438
v -20.799999 -25.482813 1.428059
v -20.799999 -25.474068 1.409433
v -20.799999 -25.465836 1.390574
v -20.799999 -25.458124 1.371495
v -20.799999 -25.444286 1.332741
v -22.799999 -25.419155 1.233050
v -20.799999 -25.419155 1.233050
v -20.799999 -25.415783 1.212751
v -22.799999 -25.415783 1.212751
v -22.799999 -25.412970 1.192366
v -20.799999 -25.412970 1.192366
v -22.799999 -25.410715 1.171913
v -22.799999 -25.409023 1.151405
v -20.799999 -25.407330 1.110289
v -22.799999 -25.407330 1.110289
v -20.799999 -25.407330 1.089711
v -22.799999 -25.407894 1.069142
v -20.799999 -25.409023 1.048595
v -22.799999 -25.409023 1.048595
v -22.799999 -25.410715 1.028087
v -20.799999 -25.410715 1.028087
v -20.799999 -25.412970 1.007634
v -22.799999 -25.412970 1.007634
v -20.799999 -25.415783 0.987249
v -22.799999 -25.415783 0.987249
v -22.799999 -25.419155 0.966950
v -20.799999 -25.423082 0.946751
v -20.799999 -25.427565 0.926667
v -20.799999 -25.432594 0.906714
v -20.799999 -25.438169 0.886906
v -22.799999 -25.438169 0.886906
v -22.799999 -25.444286 0.867259
v -20.799999 -25.458124 0.828504
v -20.799999 -25.465836 0.809427
v -22.799999 -25.474068 0.790567
v -20.799999 -25.474068 0.790567
v -22.799999 -25.482813 0.771941
v -22.799999 -25.492067 0.753562
v -22.799999 -25.501822 0.735443
v -22.799999 -25.512070 0.717599
v -20.799999 -25.512070 0.717599
v -22.799999 -25.522804 0.700043
v -22.799999 -25.534016 0.682788
v -20.799999 -25.534016 0.682788
v -22.799999 -25.545694 0.665847
v -20.799999 -25.545694 0.665847
v -22.799999 -25.557837 0.649232
v -20.799999 -25.557837 0.649232
v -20.799999 -25.570427 0.632957
v -22.799999 -25.583462 0.617034
v -20.799999 -25.583462 0.617034
v -20.799999 -25.596928 0.601474
v -20.799999 -25.610815 0.586290
v -22.799999 -25.610815 0.586290
v -22.799999 -25.625114 0.571492
v -22.799999 -25.639812 0.557092
v -20.799999 -25.639812 0.557092
v -20.799999 -25.654902 0.543101
v -22.799999 -25.654902 0.543101
v -22.799999 -25.670368 0.529528
v -20.799999 -25.670368 0.529528
v -22.799999 -25.686203 0.516386
v -20.799999 -25.702391 0.503682
v -22.799999 -25.702391 0.503682
v -22.799999 -25.718922 0.491428
v -20.799999 -25.718922 0.491428
v -22.799999 -25.735783 0.479632
v -22.799999 -25.752960 0.468302
v -20.799999 -25.788216 0.447078
v -22.799999 -25.806267 0.437200
v -20.799999 -25.806267 0.437200
v -22.799999 -25.824581 0.427820
v -20.799999 -25.824581 0.427820
v -20.799999 -25.843147 0.418946
v -22.799999 -25.880974 0.402743
v -20.799999 -25.880974 0.402743
v -22.799999 -25.900208 0.395426
v -20.799999 -25.939238 0.382388
v -22.799999 -25.978926 0.371510
v -22.799999 -25.998978 0.366892
v -20.799999 -25.998978 0.366892
v -20.799999 -26.039425 0.359314
v -22.799999 -26.039425 0.359314
v -22.799999 -26.059790 0.356361
v -22.799999 -26.100723 0.352134
v -20.799999 -26.100723 0.352134
v -22.799999 -26.121262 0.350864
v -20.799999 -26.141827 0.350159
v -22.799999 -26.162403 0.350018
v -20.799999 -26.162403 0.350018
v -22.799999 -26.182978 0.350441
v -20.799999 -26.182978 0.350441
v -20.799999 -26.203531 0.351429
v -20.799999 -26.224051 0.352980
v -20.799999 -26.244518 0.355093
v -22.799999 -26.264921 0.357768
v -20.799999 -26.264921 0.357768
v -22.799999 -26.285244 0.361001
v -20.799999 -26.285244 0.361001
v -22.799999 -26.325583 0.369133
v -22.799999 -26.385105 0.385447
v -22.799999 -26.404621 0.391966
v -22.799999 -26.423952 0.399019
v -20.799999 -26.423952 0.399019
v -22.799999 -26.443083 0.406599
v -20.799999 -26.443083 0.406599
v -20.799999 -26.461998 0.414701
v -22.799999 -26.461998 0.414701
v -22.799999 -26.480684 0.423320
v -20.799999 -26.480684 0.423320
v -20.799999 -26.499126 0.432447
v -22.799999 -26.517311 0.442077
v -20.799999 -26.517311 0.442077
v -20.799999 -26.535225 0.452203
v -20.799999 -26.552855 0.462816
v -20.799999 -26.570187 0.473908
v -22.799999 -26.570187 0.473908
v -22.799999 -26.603905 0.497499
v -22.799999 -26.620266 0.509979
v -22.799999 -26.636278 0.522903
v -20.799999 -26.651930 0.536261
v -22.799999 -26.667210 0.550044
v -22.799999 -26.682104 0.564241
v -20.799999 -26.737629 0.624951
v -22.799999 -26.750443 0.641052
v -20.799999 -26.750443 0.641052
v -22.799999 -26.762810 0.657498
v -20.799999 -26.774721 0.674277
v -22.799999 -26.774721 0.674277
v -22.799999 -26.786169 0.691377
v -20.799999 -26.797142 0.708784
v -20.799999 -26.807634 0.726486
v -20.799999 -26.817636 0.744469
v -20.799999 -26.827141 0.762720
v -20.799999 -26.844631 0.799969
v -20.799999 -26.852604 0.818939
v -22.799999 -26.860054 0.838121
v -20.799999 -26.860054 0.838121
v -20.799999 -26.866974 0.857500
v -20.799999 -26.873360 0.877062
v -20.799999 -26.879206 0.896791
v -20.799999 -26.884508 0.916673
v -20.799999 -26.889265 0.936694
v -20.799999 -26.893469 0.956837
v -22.799999 -26.906130 1.058864
v -20.799999 -26.906130 1.058864
v -22.799999 -26.906977 1.079425
v -20.799999 -26.906977 1.079425
v -15.200000 -33.607258 12.200000
v 15.200000 -32.107258 10.700000
v -15.200000 -32.107258 10.700000
v 15.200000 -32.107258 2.200000
v -15.200000 -32.107258 2.200000
v -15.200000 -26.907259 1.100000
v -15.200000 -26.906130 1.141136
v 15.200000 -26.906130 1.141136
v -15.200000 -26.904720 1.161665
v 15.200000 -26.904720 1.161665
v -15.200000 -26.900213 1.202568
v 15.200000 -26.900213 1.202568
v -15.200000 -26.897120 1.222912
v 15.200000 -26.897120 1.222912
v 15.200000 -26.893469 1.243163
v -15.200000 -26.893469 1.243163
v -15.200000 -26.889265 1.263306
v 15.200000 -26.889265 1.263306
v 15.200000 -26.884508 1.283327
v 15.200000 -26.879206 1.303209
v 15.200000 -26.873360 1.322938
v 15.200000 -26.852604 1.381061
v -15.200000 -26.844631 1.400031
v 15.200000 -26.844631 1.400031
v 15.200000 -26.836142 1.418776
v 15.200000 -26.827141 1.437280
v 15.200000 -26.817636 1.455531
v 15.200000 -26.807634 1.473514
v -15.200000 -26.797142 1.491216
v 15.200000 -26.797142 1.491216
v 15.200000 -26.774721 1.525723
v -15.200000 -26.762810 1.542502
v 15.200000 -26.750443 1.558948
v 15.200000 -26.724379 1.590792
v 15.200000 -26.710699 1.606166
v 15.200000 -26.696606 1.621158
v 15.200000 -26.682104 1.635759
v 15.200000 -26.667210 1.649956
v 15.200000 -26.651930 1.663738
v -15.200000 -26.636278 1.677097
v 15.200000 -26.636278 1.677097
v 15.200000 -26.620266 1.690021
v 15.200000 -26.603905 1.702501
v -15.200000 -26.587208 1.714528
v 15.200000 -26.587208 1.714528
v -15.200000 -26.570187 1.726092
v 15.200000 -26.570187 1.726092
v -15.200000 -26.552855 1.737184
v 15.200000 -26.552855 1.737184
v 15.200000 -26.535225 1.747797
v 15.200000 -26.517311 1.757923
v 15.200000 -26.499126 1.767553
v 15.200000 -26.480684 1.776680
v 15.200000 -26.461998 1.785298
v -15.200000 -26.404621 1.808034
v -15.200000 -26.385105 1.814553
v -15.200000 -26.365416 1.820535
v -15.200000 -26.345570 1.825975
v -15.200000 -26.305470 1.835210
v 15.200000 -26.305470 1.835210
v 15.200000 -26.285244 1.838999
v 15.200000 -26.264921 1.842232
v -15.200000 -26.244518 1.844907
v 15.200000 -26.224051 1.847020
v 15.200000 -26.182978 1.849559
v 15.200000 -26.162403 1.849982
v -15.200000 -26.141827 1.849841
v 15.200000 -26.141827 1.849841
v -15.200000 -26.121262 1.849136
v 15.200000 -26.121262 1.849136
v 15.200000 -26.100723 1.847866
v -15.200000 -26.100723 1.847866
v 15.200000 -26.080227 1.846034
v -15.200000 -25.959007 1.823323
v -15.200000 -25.939238 1.817612
v -15.200000 -25.919634 1.811361
v -15.200000 -25.900208 1.804574
v -15.200000 -25.880974 1.797257
v 15.200000 -25.880974 1.797257
v -15.200000 -25.788216 1.752922
v -15.200000 -25.770443 1.742551
v 15.200000 -25.770443 1.742551
v -15.200000 -25.752960 1.731698
v 15.200000 -25.752960 1.731698
v 15.200000 -25.735783 1.720368
v -15.200000 -25.735783 1.720368
v 15.200000 -25.718922 1.708572
v 15.200000 -25.702391 1.696317
v -15.200000 -25.654902 1.656899
v -15.200000 -25.625114 1.628508
v 15.200000 -25.625114 1.628508
v -15.200000 -25.610815 1.613710
v 15.200000 -25.610815 1.613710
v -15.200000 -25.596928 1.598526
v 15.200000 -25.596928 1.598526
v -15.200000 -25.583462 1.582966
v 15.200000 -25.583462 1.582966
v -15.200000 -25.570427 1.567043
v 15.200000 -25.570427 1.567043
v 15.200000 -25.557837 1.550768
v 15.200000 -25.545694 1.534153
v -15.200000 -25.545694 1.534153
v -15.200000 -25.534016 1.517212
v 15.200000 -25.534016 1.517212
v -15.200000 -25.522804 1.499957
v -15.200000 -25.512070 1.482401
v 15.200000 -25.501822 1.464557
v 15.200000 -25.492067 1.446438
v 15.200000 -25.482813 1.428059
v 15.200000 -25.474068 1.409433
v 15.200000 -25.465836 1.390574
v 15.200000 -25.458124 1.371495
v 15.200000 -25.450939 1.352213
v -15.200000 -25.444286 1.332741
v 15.200000 -25.438169 1.313094
v 15.200000 -25.419155 1.233050
v -15.200000 -25.415783 1.212751
v 15.200000 -25.412970 1.192366
v -15.200000 -25.410715 1.171913
v 15.200000 -25.410715 1.171913
v -15.200000 -25.409023 1.151405
v -15.200000 -25.407894 1.130858
v 15.200000 -25.407330 1.089711
v -15.200000 -25.407894 1.069142
v -15.200000 -25.409023 1.048595
v 15.200000 -25.409023 1.048595
v -15.200000 -25.412970 1.007634
v 15.200000 -25.412970 1.007634
v -15.200000 -25.415783 0.987249
v 15.200000 -25.415783 0.987249
v 15.200000 -25.419155 0.966950
v 15.200000 -25.423082 0.946751
v 15.200000 -25.427565 0.926667
v 15.200000 -25.432594 0.906714
v 15.200000 -25.438169 0.886906
v -15.200000 -25.444286 0.867259
v 15.200000 -25.450939 0.847787
v -15.200000 -25.450939 0.847787
v 15.200000 -25.458124 0.828504
v -15.200000 -25.465836 0.809427
v 15.200000 -25.465836 0.809427
v -15.200000 -25.474068 0.790567
v -15.200000 -25.482813 0.771941
v -15.200000 -25.492067 0.753562
v -15.200000 -25.501822 0.735443
v 15.200000 -25.501822 0.735443
v -15.200000 -25.512070 0.717599
v -15.200000 -25.522804 0.700043
v 15.200000 -25.522804 0.700043
v -15.200000 -25.534016 0.682788
v 15.200000 -25.545694 0.665847
v -15.200000 -25.557837 0.649232
v 15.200000 -25.570427 0.632957
v -15.200000 -25.583462 0.617034
v -15.200000 -25.596928 0.601474
v -15.200000 -25.610815 0.586290
v -15.200000 -25.625114 0.571492
v -15.200000 -25.639812 0.557092
v -15.200000 -25.654902 0.543101
v 15.200000 -25.654902 0.543101
v 15.200000 -25.670368 0.529528
v -15.200000 -25.718922 0.491428
v 15.200000 -25.718922 0.491428
v 15.200000 -25.735783 0.479632
v -15.200000 -25.770443 0.457449
v 15.200000 -25.770443 0.457449
v -15.200000 -25.788216 0.447078
v 15.200000 -25.788216 0.447078
v -15.200000 -25.824581 0.427820
v 15.200000 -25.824581 0.427820
v -15.200000 -25.861950 0.410585
v -15.200000 -25.880974 0.402743
v 15.200000 -25.880974 0.402743
v 15.200000 -25.900208 0.395426
v -15.200000 -25.919634 0.388639
v 15.200000 -25.919634 0.388639
v -15.200000 -25.939238 0.382388
v 15.200000 -25.939238 0.382388
v 15.200000 -25.959007 0.376677
v -15.200000 -25.978926 0.371510
v 15.200000 -25.978926 0.371510
v 15.200000 -26.039425 0.359314
v 15.200000 -26.059790 0.356361
v 15.200000 -26.080227 0.353966
v 15.200000 -26.100723 0.352134
v 15.200000 -26.121262 0.350864
v 15.200000 -26.141827 0.350159
v -15.200000 -26.162403 0.350018
v 15.200000 -26.162403 0.350018
v -15.200000 -26.182978 0.350441
v 15.200000 -26.182978 0.350441
v -15.200000 -26.203531 0.351429
v -15.200000 -26.224051 0.352980
v 15.200000 -26.224051 0.352980
v 15.200000 -26.264921 0.357768
v -15.200000 -26.285244 0.361001
v 15.200000 -26.305470 0.364790
v 15.200000 -26.325583 0.369133
v 15.200000 -26.345570 0.374025
v 15.200000 -26.365416 0.379465
v -15.200000 -26.404621 0.391966
v 15.200000 -26.404621 0.391966
v 15.200000 -26.423952 0.399019
v 15.200000 -26.443083 0.406599
v -15.200000 -26.461998 0.414701
v 15.200000 -26.461998 0.414701
v -15.200000 -26.499126 0.432447
v -15.200000 -26.517311 0.442077
v 15.200000 -26.517311 0.442077
v -15.200000 -26.535225 0.452203
v 15.200000 -26.535225 0.452203
v -15.200000 -26.552855 0.462816
v 15.200000 -26.552855 0.462816
v 15.200000 -26.587208 0.485472
v -15.200000 -26.603905 0.497499
v 15.200000 -26.603905 0.497499
v 15.200000 -26.620266 0.509979
v 15.200000 -26.636278 0.522903
v 15.200000 -26.651930 0.536261
v 15.200000 -26.667210 0.550044
v 15.200000 -26.682104 0.564241
v -15.200000 -26.696606 0.578842
v -15.200000 -26.710699 0.593834
v 15.200000 -26.710699 0.593834
v -15.200000 -26.724379 0.609208
v 15.200000 -26.724379 0.609208
v -15.200000 -26.750443 0.641052
v 15.200000 -26.750443 0.641052
v 15.200000 -26.762810 0.657498
v 15.200000 -26.817636 0.744469
v 15.200000 -26.827141 0.762720
v -15.200000 -26.836142 0.781224
v 15.200000 -26.836142 0.781224
v -15.200000 -26.860054 0.838121
v 15.200000 -26.860054 0.838121
v -15.200000 -26.866974 0.857500
v 15.200000 -26.866974 0.857500
v -15.200000 -26.873360 0.877062
v 15.200000 -26.879206 0.896791
v -15.200000 -26.884508 0.916673
v 15.200000 -26.884508 0.916673
v 15.200000 -26.889265 0.936694
v 15.200000 -26.893469 0.956837
v 15.200000 -26.897120 0.977088
v -15.200000 -26.900213 0.997432
v -15.200000 -26.902746 1.017853
v 15.200000 -26.902746 1.017853
v -15.200000 -26.904720 1.038335
v 15.200000 -26.906130 1.058864
v 15.200000 -26.906977 1.079425
vn 0.000000 -1.000000 0.000000
vn 0.000000 -1.000000 0.000000
vn 0.866025 -0.500000 0.000000
vn 0.866025 -0.500000 0.000000
vn 0.000000 0.000000 1.000000
vn 0.000000 0.000000 1.000000
vn 0.000000 0.000000 1.000000
vn 0.000000 0.000000 1.000000
vn 0.000000 0.000000 1.000000
vn 0.000000 0.000000 1.000000
vn 0.000000 0.000000 1.000000
vn 0.000000 0.000000 1.000000
vn 0.000000 0.000000 1.000000
vn 0.000000 0.000000 1.000000
vn 0.000000 0.000000 1.000000
vn 0.000000 0.000000 1.000000
vn 0.000000 0.000000 1.000000
vn 0.000000 0.000000 1.000000
vn 1.000000 0.000000 -0.000000
vn 1.000000 0.000000 0.000000
vn 1.000000 0.000000 -0.000000
vn 1.000000 0.000000 0.000000
vn 1.000000 0.000000 -0.000000
vn 1.000000 0.000000 0.000000
vn 1.000000 0.000000 -0.000000
vn 1.000000 0.000000 0.000000
vn 1.000000 0.000000 -0.000000
vn 1.000000 0.000000 0.000000
vn 1.000000 0.000000 -0.000000
vn 1.000000 0.000000 0.000000
vn 1.000000 0.000000 -0.000000
vn 1.000000 0.000000 0.000000
vn 1.000000 0.000000 -0.000000
vn 1.000000 0.000000 0.000000
vn 1.000000 0.000000 -0.000000
vn 1.000000 0.000000 0.000000
vn 1.000000 0.000000 -0.000000
vn 1.000000 0.000000 0.000000
vn 1.000000 0.000000 -0.000000
vn 1.000000 0.000000 0.000000
vn 1.000000 0.000000 -0.000000
vn 1.000000 0.000000 0.000000
vn 1.000000 0.000000 -0.000000
vn 1.000000 0.000000 0.000000
vn 1.000000 0.000000 -0.000000
vn 1.000000 0.000000 0.000000
vn 1.000000 0.000000 -0.000000
vn 1.000000 0.000000 0.000000
vn 1.000000 0.000000 0.000000
vn 1.000000 0.000000 -0.000000
vn 1.000000 0.000000 0.000000
vn 1.000000 0.000000 -0.000000
vn 1.000000 0.000000 0.000000
vn 1.000000 0.000000 -0.000000
vn 1.000000 0.000000 0.000000
vn 1.000000 0.000000 -0.000000
vn 1.000000 0.000000 0.000000
vn 1.000000 0.000000 -0.000000
vn 1.000000 0.000000 0.000000
vn 1.000000 0.000000 -0.000000
vn 1.000000 0.000000 0.000000
vn 1.000000 0.000000 -0.000000
vn 1.000000 0.000000 0.000000
vn 1.000000 0.000000 -0.000000
vn 1.000000 0.000000 0.000000
vn 1.000000 0.000000 -0.000000
vn 1.000000 0.000000 0.000000
vn 1.000000 0.000000 -0.000000
vn 1.000000 0.000000 0.000000
vn 1.000000 0.000000 -0.000000
vn 1.000000 0.000000 0.000000
vn 1.000000 0.000000 -0.000000
vn 1.000000 0.000000 0.000000
vn 1.000000 0.000000 -0.000000
vn 1.000000 0.000000 0.000000
vn 1.000000 0.000000 -0.000000
vn 1.000000 0.000000 0.000000
vn 1.000000 0.000000 0.000000
vn 1.000000 0.000000 0.000000
vn 1.000000 0.000000 0.000000
vn 1.000000 0.000000 0.000000
vn 1.000000 0.000000 0.000000
vn 1.000000 0.000000 0.000000
vn 1.000000 0.000000 0.000000
vn 1.000000 0.000000 0.000000
vn 1.000000 0.000000 0.000000
vn 1.000000 0.000000 0.000000
vn 1.000000 0.000000 0.000000
vn 1.000000 0.000000 0.000000
vn 1.000000 0.000000 0.000000
vn 1.000000 0.000000 0.000000
vn 1.000000 0.000000 0.000000
vn 1.000000 0.000000 0.000000
vn 1.000000 0.000000 0.000000
vn 1.000000 0.000000 0.000000
vn 1.000000 0.000000 0.000000
vn 1.000000 0.000000 0.000000
vn 1.000000 0.000000 0.000000
vn 1.000000 0.000000 0.000000
vn 1.000000 0.000000 0.000000
vn 1.000000 0.000000 0.000000
vn 1.000000 0.000000 0.000000
vn 1.000000 0.000000 0.000000
vn 1.000000 0.000000 0.000000
vn 1.000000 0.000000 0.000000
vn 1.000000 0.000000 0.000000
vn 1.000000 0.000000 0.000000
vn 1.000000 0.000000 0.000000
vn 1.000000 0.000000 0.000000
vn 1.000000 0.000000 0.000000
vn 1.000000 0.000000 0.000000
vn 1.000000 0.000000 0.000000
vn 1.000000 0.000000 0.000000
vn 1.000000 0.000000 0.000000
vn 1.000000 0.000000 0.000000
vn 1.000000 0.000000 0.000000
vn 1.000000 0.000000 0.000000
vn 1.000000 0.000000 0.000000
vn 1.000000 0.000000 0.000000
vn 1.000000 0.000000 0.000000
vn 1.000000 0.000000 0.000000
vn 1.000000 0.000000 0.000000
vn 1.000000 0.000000 0.000000
vn 1.000000 0.000000 0.000000
vn 1.000000 0.000000 0.000000
vn 1.000000 0.000000 0.000000
vn 1.000000 0.000000 0.000000
vn 1.000000 0.000000 0.000000
vn 1.000000 0.000000 0.000000
vn 1.000000 0.000000 0.000000
vn 1.000000 0.000000 0.000000
vn 1.000000 0.000000 0.000000
vn 1.000000 0.000000 0.000000
vn 1.000000 0.000000 0.000000
vn 1.000000 0.000000 0.000000
vn 1.000000 0.000000 0.000000
vn 1.000000 0.000000 0.000000
vn 1.000000 0.000000 0.000000
vn 1.000000 0.000000 0.000000
vn 1.000000 0.000000 0.000000
vn 1.000000 0.000000 0.000000
vn 1.000000 0.000000 0.000000
vn 1.000000 0.000000 0.000000
vn 1.000000 0.000000 0.000000
vn 1.000000 0.000000 0.000000
vn 1.000000 0.000000 0.000000
vn 1.000000 0.000000 0.000000
vn 1.000000 0.000000 0.000000
vn 1.000000 0.000000 0.000000
vn 1.000000 0.000000 0.000000
vn 1.000000 0.000000 0.000000
vn 1.000000 0.000000 0.000000
vn 1.000000 0.000000 0.000000
vn 1.000000 0.000000 0.000000
vn 1.000000 0.000000 0.000000
vn 1.000000 0.000000 0.000000
vn 1.000000 0.000000 0.000000
vn 1.000000 0.000000 0.000000
vn 1.000000 0.000000 0.000000
vn 1.000000 0.000000 0.000000
vn 1.000000 0.000000 0.000000
vn 1.000000 0.000000 0.000000
vn 1.000000 0.000000 0.000000
vn 1.000000 0.000000 0.000000
vn 1.000000 0.000000 0.000000
vn 1.000000 0.000000 0.000000
vn 1.000000 0.000000 0.000000
vn 1.000000 0.000000 0.000000
vn 1.000000 0.000000 0.000000
vn 1.000000 0.000000 0.000000
vn 1.000000 0.000000 0.000000
vn 1.000000 0.000000 0.000000
vn 1.000000 0.000000 0.000000
vn 1.000000 0.000000 0.000000
vn 1.000000 0.000000 0.000000
vn 1.000000 0.000000 0.000000
vn 1.000000 0.000000 0.000000
vn 1.000000 0.000000 0.000000
vn 1.000000 0.000000 0.000000
vn 1.000000 0.000000 0.000000
vn 1.000000 0.000000 0.000000
vn 1.000000 0.000000 0.000000
vn 1.000000 0.000000 0.000000
vn 1.000000 0.000000 0.000000
vn 1.000000 0.000000 0.000000
vn 1.000000 0.000000 0.000000
vn 1.000000 0.000000 0.000000
vn 1.000000 0.000000 0.000000
vn 1.000000 0.000000 0.000000
vn 1.000000 0.000000 0.000000
vn 1.000000 0.000000 0.000000
vn 1.000000 0.000000 0.000000
vn 1.000000 0.000000 0.000000
vn 1.000000 0.000000 0.000000
vn 1.000000 0.000000 0.000000
vn 1.000000 0.000000 0.000000
vn 1.000000 0.000000 0.000000
vn 1.000000 0.000000 0.000000
vn 1.000000 0.000000 0.000000
vn 1.000000 0.000000 0.000000
vn 1.000000 0.000000 0.000000
vn 1.000000 0.000000 0.000000
vn 1.000000 0.000000 0.000000
vn 1.000000 0.000000 0.000000
vn 1.000000 0.000000 0.000000
vn 1.000000 0.000000 -0.000000
vn 1.000000 0.000000 0.000000
vn 1.000000 0.000000 0.000000
vn 1.000000 0.000000 0.000000
vn 1.000000 0.000000 0.000000
vn 1.000000 0.000000 0.000000
vn 1.000000 0.000000 0.000000
vn 1.000000 0.000000 0.000000
vn 1.000000 0.000000 0.000000
vn 1.000000 0.000000 0.000000
vn 1.000000 0.000000 0.000000
vn 1.000000 0.000000 0.000000
vn 1.000000 0.000000 0.000000
vn 1.000000 0.000000 0.000000
vn 1.000000 0.000000 0.000000
vn 1.000000 0.000000 0.000000
vn 1.000000 0.000000 0.000000
vn 1.000000 0.000000 0.000000
vn 1.000000 0.000000 0.000000
vn 1.000000 0.000000 0.000000
vn 1.000000 0.000000 0.000000
vn 1.000000 0.000000 0.000000
vn 1.000000 0.000000 0.000000
vn 1.000000 0.000000 0.000000
vn 1.000000 0.000000 0.000000
vn 1.000000 0.000000 0.000000
vn 1.000000 0.000000 0.000000
vn 1.000000 0.000000 0.000000
vn 1.000000 0.000000 0.000000
vn 1.000000 0.000000 0.000000
vn 1.000000 0.000000 0.000000
vn 1.000000 0.000000 0.000000
vn 1.000000 -0.000000 0.000000
vn 1.000000 -0.000000 0.000000
vn 1.000000 -0.000000 0.000000
vn 1.000000 -0.000000 0.000000
vn 1.000000 -0.000000 0.000000
vn 1.000000 -0.000000 0.000000
vn 1.000000 -0.000000 0.000000
vn 1.000000 0.000000 0.000000
vn 1.000000 0.000000 0.000000
vn 1.000000 0.000000 0.000000
vn 1.000000 0.000000 0.000000
vn 1.000000 0.000000 0.000000
vn 1.000000 0.000000 0.000000
vn 1.000000 0.000000 0.000000
vn 0.000000 -0.000000 -1.000000
vn 0.000000 -0.000000 -1.000000
vn 0.000000 0.000000 -1.000000
vn 0.000000 0.000000 -1.000000
vn -0.000000 -0.000000 -1.000000
vn 0.000000 -0.000000 -1.000000
vn 0.000000 -0.000000 -1.000000
vn -0.000000 -0.000000 -1.000000
vn 0.000000 -0.000000 -1.000000
vn -0.000000 -0.000000 -1.000000
vn 0.000000 0.000000 -1.000000
vn -0.000000 -0.000000 -1.000000
vn 0.000000 -0.000000 -1.000000
vn 0.000000 -0.000000 -1.000000
vn 0.000000 -0.000000 -1.000000
vn 0.000000 -0.000000 -1.000000
vn 0.000000 0.000000 -1.000000
vn 0.000000 -0.000000 -1.000000
vn 0.000000 -0.000000 -1.000000
vn 0.000000 0.000000 -1.000000
vn 0.000000 0.000000 -1.000000
vn 0.000000 0.000000 -1.000000
vn 0.000000 0.000000 -1.000000
vn -0.000000 0.000000 -1.000000
vn -0.000000 -0.000000 -1.000000
vn 0.000000 0.000000 -1.000000
vn 0.000000 0.000000 -1.000000
vn -0.000000 0.000000 -1.000000
vn -0.000000 0.000000 -1.000000
vn -0.000000 0.000000 -1.000000
vn -0.000000 0.000000 -1.000000
vn 0.000000 0.000000 -1.000000
vn 0.000000 0.000000 -1.000000
vn 0.000000 0.000000 -1.000000
vn 0.000000 0.000000 -1.000000
vn -0.000000 0.000000 -1.000000
vn 0.000000 -0.000000 -1.000000
vn 0.000000 -0.000000 -1.000000
vn 0.000000 -0.000000 -1.000000
vn 0.000000 0.000000 -1.000000
vn 0.000000 0.000000 -1.000000
vn 0.000000 0.000000 -1.000000
vn -0.000000 -0.000000 -1.000000
vn 0.000000 -0.000000 -1.000000
vn -0.000000 0.000000 -1.000000
vn -0.000000 -0.000000 -1.000000
vn -0.000000 -0.000000 -1.000000
vn -0.000000 0.000000 -1.000000
vn 0.866025 0.500001 -0.000000
vn 0.866025 0.500001 0.000000
vn 0.000000 -1.000000 0.000000
vn 0.000000 -1.000000 0.000000
vn 0.000000 -1.000000 0.000000
vn 0.000000 -1.000000 0.000000
vn 0.000000 -1.000000 0.000000
vn 0.000000 -1.000000 0.000000
vn 0.000000 -1.000000 0.000000
vn 0.000000 -1.000000 0.000000
vn 0.000000 -1.000000 0.000000
vn 0.000000 -1.000000 0.000000
vn 0.000000 -1.000000 0.000000
vn 0.000000 -1.000000 0.000000
vn -0.707107 0.000000 0.707107
vn -0.707107 0.000000 0.707107
vn 0.000000 -1.000000 0.000000
vn 0.000000 -1.000000 0.000000
vn 0.000000 -1.000000 0.000000
vn 0.499999 -0.866026 0.000002
vn 0.499987 -0.866033 0.000030
vn 0.499989 -0.866032 0.000020
vn 0.499984 -0.866035 0.000030
vn 0.500015 -0.866017 -0.000028
vn 0.500021 -0.866013 -0.000046
vn 0.500006 -0.866022 -0.000011
vn 0.500006 -0.866022 -0.000015
vn 0.500008 -0.866021 -0.000015
vn 0.500009 -0.866020 -0.000016
vn 0.499985 -0.866034 0.000027
vn 0.499989 -0.866032 0.000024
vn 0.500007 -0.866021 -0.000013
vn 0.499997 -0.866027 0.000000
vn 0.499988 -0.866032 0.000021
vn 0.499990 -0.866031 0.000024
vn 0.500015 -0.866017 -0.000026
vn 0.500020 -0.866014 -0.000033
vn 0.499990 -0.866031 0.000016
vn 0.499996 -0.866028 0.000017
vn 0.499987 -0.866033 0.000022
vn 0.499971 -0.866042 0.000059
vn 0.500041 -0.866001 -0.000071
vn 0.500038 -0.866003 -0.000077
vn 0.499972 -0.866042 0.000047
vn 0.500010 -0.866020 -0.000026
vn 0.500015 -0.866016 -0.000026
vn 0.499958 -0.866050 0.000081
vn 0.500000 -0.866026 0.000000
vn 0.500006 -0.866022 -0.000018
vn 0.500000 -0.866026 0.000000
vn 0.500006 -0.866022 -0.000010
vn 0.500027 -0.866010 -0.000066
vn 0.500000 -0.866025 0.000003
vn 0.499986 -0.866033 0.000019
vn 0.500006 -0.866022 0.000029
vn 0.499986 -0.866034 0.000030
vn 0.499996 -0.866028 -0.000019
vn 0.500031 -0.866008 -0.000061
vn 0.500000 -0.866025 0.000001
vn 0.499975 -0.866040 0.000052
vn 0.500006 -0.866022 0.000029
vn 0.500021 -0.866013 -0.000043
vn 0.499988 -0.866032 -0.000058
vn 0.499983 -0.866035 0.000044
vn 0.500008 -0.866021 0.000042
vn 0.499977 -0.866039 0.000057
vn 0.499993 -0.866029 -0.000034
vn 0.499985 -0.866034 0.000012
vn 0.500014 -0.866017 0.000071
vn 0.500048 -0.865998 -0.000136
vn 0.500001 -0.866025 0.000005
vn 0.499951 -0.866054 0.000090
vn 0.499996 -0.866028 -0.000020
vn 0.500009 -0.866020 -0.000027
vn 0.499995 -0.866028 -0.000024
vn 0.500050 -0.865996 -0.000113
vn 0.499998 -0.866026 -0.000008
vn 0.500001 -0.866025 0.000008
vn 0.500004 -0.866023 0.000024
vn 0.500003 -0.866023 0.000020
vn 0.499999 -0.866026 -0.000004
vn 0.499989 -0.866032 -0.000068
vn 0.500005 -0.866023 0.000032
vn 0.499994 -0.866029 -0.000039
vn 0.500008 -0.866021 0.000053
vn 0.499996 -0.866028 -0.000026
vn 0.500000 -0.866026 -0.000001
vn 0.500002 -0.866024 0.000017
vn 0.499996 -0.866028 -0.000025
vn 0.499999 -0.866026 -0.000003
vn 0.500001 -0.866024 0.000012
vn 0.500000 -0.866026 -0.000001
vn 0.500004 -0.866023 0.000032
vn 0.499992 -0.866030 -0.000059
vn 0.500011 -0.866019 0.000089
vn 0.499997 -0.866027 -0.000028
vn 0.499997 -0.866027 -0.000021
vn 0.500004 -0.866023 0.000034
vn 0.499997 -0.866027 -0.000028
vn 0.500002 -0.866024 0.000017
vn 0.499996 -0.866028 -0.000037
vn 0.500002 -0.866024 0.000021
vn 0.500001 -0.866025 0.000015
vn 0.500004 -0.866023 0.000040
vn 0.499997 -0.866027 -0.000029
vn 0.500000 -0.866026 -0.000002
vn 0.499996 -0.866028 -0.000047
vn 0.499996 -0.866028 -0.000044
vn 0.500005 -0.866022 0.000067
vn 0.500001 -0.866025 0.000019
vn 0.500002 -0.866024 0.000023
vn 0.499998 -0.866027 -0.000027
vn 0.500000 -0.866026 -0.000001
vn 0.499998 -0.866027 -0.000032
vn 0.500004 -0.866023 0.000053
vn 0.499998 -0.866026 -0.000024
vn 0.499992 -0.866030 -0.000113
vn 0.500009 -0.866020 0.000145
vn 0.500003 -0.866024 0.000043
vn 0.499990 -0.866031 -0.000163
vn 0.500001 -0.866025 0.000026
vn 0.500008 -0.866021 0.000133
vn 0.499997 -0.866027 -0.000048
vn 0.499996 -0.866027 -0.000059
vn 0.500008 -0.866021 0.000141
vn 0.499992 -0.866030 -0.000142
vn 0.500006 -0.866022 0.000114
vn 0.499984 -0.866035 -0.000028
vn 0.500034 -0.866005 0.000059
vn 0.499981 -0.866037 -0.000033
vn 0.499995 -0.866028 -0.000009
vn 0.500031 -0.866007 0.000052
vn 0.499960 -0.866048 -0.000066
vn 0.500000 -0.866025 0.000000
vn 0.499948 -0.866056 -0.000114
vn 0.499997 -0.866027 -0.000007
vn 0.500033 -0.866006 0.000073
vn 0.500011 -0.866019 0.000023
vn 0.499982 -0.866036 -0.000038
vn 0.500018 -0.866015 0.000038
vn 0.499995 -0.866028 -0.000010
vn 0.499973 -0.866041 -0.000058
vn 0.500028 -0.866009 0.000059
vn 0.499985 -0.866034 -0.000031
vn 0.500010 -0.866020 0.000020
vn 0.499985 -0.866034 -0.000031
vn 0.500012 -0.866018 0.000025
vn 0.500014 -0.866017 0.000030
vn 0.499943 -0.866058 -0.000116
vn 0.500032 -0.866007 0.000064
vn 0.499997 -0.866027 -0.000005
vn 0.500000 -0.866025 0.000000
vn 0.500001 -0.866025 0.000003
vn 0.499991 -0.866030 -0.000017
vn 0.500000 -0.866026 -0.000001
vn 0.499987 -0.866033 -0.000026
vn 0.500037 -0.866004 0.000073
vn 0.499987 -0.866033 -0.000025
vn 0.500009 -0.866021 0.000017
vn 0.499985 -0.866034 -0.000029
vn 0.500013 -0.866018 0.000025
vn 0.499981 -0.866036 -0.000036
vn 0.500001 -0.866025 0.000001
vn 0.500013 -0.866018 0.000024
vn 0.499990 -0.866031 -0.000019
vn 0.500003 -0.866024 0.000006
vn 0.500000 -0.866026 -0.000001
vn 0.499980 -0.866037 -0.000037
vn 0.500015 -0.866017 0.000027
vn 0.500024 -0.866011 0.000043
vn 0.499967 -0.866044 -0.000058
vn 0.500034 -0.866006 0.000060
vn 0.499981 -0.866036 -0.000033
vn 0.499992 -0.866030 0.000037
vn 0.500008 -0.866021 -0.000035
vn 0.499984 -0.866034 0.000072
vn 0.500003 -0.866024 -0.000015
vn 0.500013 -0.866018 -0.000064
vn 0.499988 -0.866032 0.000057
vn 0.500009 -0.866020 -0.000042
vn 0.500002 -0.866024 -0.000009
vn 0.499984 -0.866034 0.000079
vn 0.500017 -0.866016 -0.000087
vn 0.499998 -0.866027 0.000012
vn 0.499997 -0.866027 0.000016
vn 0.500000 -0.866025 0.000000
vn 0.500003 -0.866024 -0.000016
vn 0.500002 -0.866024 -0.000012
vn 0.499985 -0.866034 0.000084
vn 0.500013 -0.866018 -0.000075
vn 0.499999 -0.866026 0.000008
vn 0.499994 -0.866029 0.000039
vn 0.500008 -0.866021 -0.000052
vn 0.499991 -0.866031 0.000058
vn 0.499998 -0.866027 0.000013
vn 0.500009 -0.866020 -0.000064
vn 0.499996 -0.866028 0.000030
vn 0.500005 -0.866023 -0.000032
vn 0.499989 -0.866032 0.000078
vn 0.500008 -0.866021 -0.000063
vn 0.499998 -0.866026 0.000011
vn 0.499995 -0.866028 0.000040
vn 0.500009 -0.866020 -0.000074
vn 0.499996 -0.866028 0.000035
vn 0.499995 -0.866028 0.000042
vn 0.500009 -0.866020 -0.000078
vn 0.500000 -0.866025 0.000000
vn 0.499991 -0.866030 0.000077
vn 0.500006 -0.866022 -0.000057
vn 0.500004 -0.866023 -0.000036
vn 0.499995 -0.866028 0.000050
vn 0.500000 -0.866026 0.000001
vn 0.500001 -0.866025 -0.000008
vn 0.499997 -0.866027 0.000027
vn 0.500003 -0.866024 -0.000035
vn 0.500000 -0.866025 -0.000002
vn 0.499995 -0.866028 0.000054
vn 0.500003 -0.866024 -0.000038
vn 0.499996 -0.866028 0.000045
vn 0.500002 -0.866024 -0.000026
vn 0.499997 -0.866027 0.000041
vn 0.500009 -0.866020 -0.000120
vn 0.499997 -0.866027 0.000043
vn 0.500000 -0.866025 0.000001
vn 0.499998 -0.866027 0.000030
vn 0.500000 -0.866025 -0.000006
vn 0.500000 -0.866025 -0.000001
vn 0.499999 -0.866026 0.000010
vn 0.500008 -0.866021 -0.000125
vn 0.499985 -0.866034 0.000234
vn 0.500004 -0.866023 -0.000063
vn 0.500003 -0.866024 -0.000055
vn 0.499996 -0.866028 0.000070
vn 0.500003 -0.866024 -0.000048
vn 0.499995 -0.866028 0.000078
vn 0.500008 -0.866021 -0.000155
vn 0.499991 -0.866031 0.000163
vn 0.499998 -0.866026 0.000029
vn 0.500000 -0.866026 -0.000002
vn 0.499950 -0.866054 0.000949
vn 0.499994 -0.866029 0.000084
vn 0.500020 -0.866014 -0.000389
vn 0.500006 -0.866022 -0.000106
vn 0.499992 -0.866030 0.000134
vn 0.500008 -0.866021 -0.000117
vn 0.500041 -0.866001 0.000806
vn 0.500006 -0.866022 0.000127
vn 0.499977 -0.866039 -0.000445
vn 0.500026 -0.866010 0.000500
vn 0.499998 -0.866026 -0.000029
vn 0.499989 -0.866032 -0.000197
vn 0.499993 -0.866029 -0.000126
vn 0.866025 0.500000 0.000000
vn 0.866025 0.500000 0.000000
vn 0.866025 0.500000 0.000000
vn -0.353553 0.612373 0.707107
vn -0.353553 0.612372 0.707107
vn 0.866025 0.500000 -0.000000
vn 0.866025 0.500000 -0.000000
vn 0.866025 0.500000 0.000000
vn 0.866025 0.500000 0.000000
vn 0.866025 0.500000 -0.000000
vn 0.866025 0.500000 0.000000
vn 0.866025 0.500000 0.000000
vn 0.866025 0.500000 -0.000000
vn 0.866025 0.500000 -0.000000
vn 0.866025 0.500000 0.000000
vn 0.866026 0.500000 -0.000000
vn 0.866025 0.500000 0.000000
vn -0.500000 -0.866025 0.000000
vn -0.500000 -0.866025 0.000000
vn -0.866025 -0.500000 0.000000
vn -0.866025 -0.500000 0.000000
vn -0.866025 -0.500000 0.000000
vn -0.866025 -0.500000 0.000000
vn -0.866025 -0.500000 -0.000000
vn -0.866025 -0.500000 0.000000
vn -0.866025 0.500000 0.000000
vn -0.866025 0.500000 0.000000
vn 0.000000 1.000000 0.000000
vn 0.000000 1.000000 0.000000
vn 0.000000 1.000000 -0.000000
vn 0.000000 1.000000 -0.000000
vn 0.000000 1.000000 0.000000
vn 0.000000 1.000000 0.000000
vn 0.500000 0.866025 0.000000
vn 0.500000 0.866025 0.000000
vn 0.000000 0.999906 -0.013718
vn 0.000000 0.999906 -0.013718
vn 0.000000 0.999153 -0.041155
vn 0.000000 0.999153 -0.041155
vn 0.000000 0.997651 -0.068499
vn 0.000000 0.997651 -0.068499
vn 0.000000 0.995388 -0.095935
vn 0.000000 0.995388 -0.095935
vn 0.000000 0.992395 -0.123095
vn 0.000000 0.992395 -0.123095
vn 0.000000 0.988634 -0.150345
vn 0.000000 0.988634 -0.150345
vn 0.000000 0.984137 -0.177410
vn 0.000000 0.984137 -0.177410
vn 0.000000 0.978910 -0.204293
vn 0.000000 0.978910 -0.204293
vn 0.000000 0.972914 -0.231167
vn 0.000000 0.972914 -0.231167
vn 0.000000 0.966229 -0.257684
vn 0.000000 0.966229 -0.257684
vn 0.000000 0.958794 -0.284101
vn 0.000000 0.958794 -0.284101
vn 0.000000 0.950629 -0.310328
vn 0.000000 0.950629 -0.310328
vn 0.000000 0.941761 -0.336284
vn 0.000000 0.941761 -0.336284
vn 0.000000 0.932161 -0.362043
vn 0.000000 0.932161 -0.362043
vn 0.000000 0.921893 -0.387446
vn 0.000000 0.921893 -0.387446
vn 0.000000 0.910926 -0.412570
vn 0.000000 0.910926 -0.412570
vn 0.000000 0.899262 -0.437410
vn 0.000000 0.899262 -0.437410
vn 0.000000 0.886938 -0.461889
vn 0.000000 0.886938 -0.461889
vn 0.000000 0.873919 -0.486071
vn 0.000000 0.873919 -0.486071
vn 0.000000 0.860240 -0.509889
vn 0.000000 0.860240 -0.509889
vn 0.000000 0.845953 -0.533257
vn 0.000000 0.845953 -0.533257
vn 0.000000 0.830970 -0.556317
vn 0.000000 0.830970 -0.556317
vn 0.000000 0.815425 -0.578863
vn 0.000000 0.815425 -0.578863
vn 0.000000 0.799240 -0.601013
vn 0.000000 0.799240 -0.601013
vn 0.000000 0.782453 -0.622709
vn 0.000000 0.782453 -0.622709
vn 0.000000 0.765079 -0.643936
vn 0.000000 0.765079 -0.643936
vn 0.000000 0.747069 -0.664746
vn 0.000000 0.747069 -0.664746
vn 0.000000 0.728619 -0.684919
vn 0.000000 0.728619 -0.684919
vn 0.000000 0.709501 -0.704704
vn 0.000000 0.689955 -0.723852
vn 0.000000 0.709501 -0.704704
vn 0.000000 0.689955 -0.723852
vn 0.000000 0.669802 -0.742540
vn 0.000000 0.669802 -0.742540
vn 0.000000 0.649189 -0.760627
vn 0.000000 0.649189 -0.760627
vn 0.000000 0.628084 -0.778146
vn 0.000000 0.628084 -0.778146
vn 0.000000 0.606483 -0.795096
vn 0.000000 0.606483 -0.795096
vn 0.000000 0.584457 -0.811425
vn 0.000000 0.561961 -0.827164
vn 0.000000 0.584457 -0.811425
vn 0.000000 0.561961 -0.827164
vn 0.000000 0.539054 -0.842271
vn 0.000000 0.539054 -0.842271
vn 0.000000 0.515753 -0.856738
vn 0.000000 0.515753 -0.856738
vn 0.000000 0.492065 -0.870559
vn 0.000000 0.492065 -0.870559
vn 0.000000 0.467998 -0.883729
vn 0.000000 0.467998 -0.883729
vn 0.000000 0.443572 -0.896239
vn 0.000000 0.443572 -0.896239
vn 0.000000 0.418805 -0.908076
vn 0.000000 0.418805 -0.908076
vn 0.000000 0.393747 -0.919219
vn 0.000000 0.393747 -0.919219
vn 0.000000 0.368377 -0.929676
vn 0.000000 0.368377 -0.929676
vn 0.000000 0.342739 -0.939431
vn 0.000000 0.342739 -0.939431
vn 0.000000 0.316850 -0.948476
vn 0.000000 0.316850 -0.948476
vn 0.000000 0.290687 -0.956818
vn 0.000000 0.290687 -0.956818
vn 0.000000 0.264332 -0.964432
vn 0.000000 0.264332 -0.964432
vn 0.000000 0.237778 -0.971319
vn 0.000000 0.237778 -0.971319
vn 0.000000 0.211056 -0.977474
vn 0.000000 0.211056 -0.977474
vn 0.000000 0.184143 -0.982899
vn 0.000000 0.184143 -0.982899
vn 0.000000 0.157105 -0.987582
vn 0.000000 0.157105 -0.987582
vn 0.000000 0.129959 -0.991519
vn 0.000000 0.129959 -0.991519
vn 0.000000 0.102718 -0.994711
vn 0.000000 0.102718 -0.994711
vn 0.000000 0.075380 -0.997155
vn 0.000000 0.075380 -0.997155
vn 0.000000 0.047997 -0.998847
vn 0.000000 0.047997 -0.998847
vn 0.000000 0.020576 -0.999788
vn 0.000000 0.020576 -0.999788
vn -0.000000 -0.006859 -0.999976
vn -0.000000 -0.034290 -0.999412
vn 0.000000 -0.006859 -0.999976
vn -0.000000 -0.034290 -0.999412
vn -0.000000 -0.061697 -0.998095
vn 0.000000 -0.061697 -0.998095
vn 0.000000 -0.089050 -0.996027
vn -0.000000 -0.089050 -0.996027
vn -0.000000 -0.116347 -0.993209
vn -0.000000 -0.116347 -0.993209
vn 0.000000 -0.143547 -0.989644
vn -0.000000 -0.143547 -0.989644
vn 0.000000 -0.170649 -0.985332
vn -0.000000 -0.170649 -0.985332
vn 0.000000 -0.197608 -0.980281
vn -0.000000 -0.197608 -0.980281
vn -0.000000 -0.224440 -0.974488
vn -0.000000 -0.224440 -0.974488
vn 0.000000 -0.251076 -0.967967
vn -0.000000 -0.251076 -0.967967
vn 0.000000 -0.277538 -0.960715
vn -0.000000 -0.277538 -0.960715
vn 0.000000 -0.303807 -0.952734
vn -0.000000 -0.303807 -0.952734
vn 0.000000 -0.329814 -0.944046
vn -0.000000 -0.329814 -0.944046
vn 0.000000 -0.355573 -0.934648
vn -0.000000 -0.355573 -0.934648
vn 0.000000 -0.381111 -0.924529
vn -0.000000 -0.381111 -0.924529
vn -0.000000 -0.406311 -0.913735
vn 0.000000 -0.406311 -0.913735
vn -0.000000 -0.431228 -0.902243
vn -0.000000 -0.455846 -0.890059
vn 0.000000 -0.431228 -0.902243
vn -0.000000 -0.455846 -0.890059
vn -0.000000 -0.480066 -0.877232
vn -0.000000 -0.503970 -0.863721
vn 0.000000 -0.480066 -0.877232
vn -0.000000 -0.527451 -0.849585
vn -0.000000 -0.503970 -0.863721
vn -0.000000 -0.527451 -0.849585
vn -0.000000 -0.550574 -0.834786
vn 0.000000 -0.550574 -0.834786
vn -0.000000 -0.573256 -0.819376
vn 0.000000 -0.573256 -0.819376
vn -0.000000 -0.595519 -0.803341
vn -0.000000 -0.617353 -0.786686
vn 0.000000 -0.595519 -0.803341
vn -0.000000 -0.617353 -0.786686
vn -0.000000 -0.638661 -0.769489
vn -0.000000 -0.659570 -0.751643
vn 0.000000 -0.638661 -0.769489
vn -0.000000 -0.679932 -0.733275
vn -0.000000 -0.659570 -0.751643
vn -0.000000 -0.679932 -0.733275
vn -0.000000 -0.699828 -0.714312
vn 0.000000 -0.699828 -0.714312
vn 0.000000 -0.719114 -0.694893
vn -0.000000 -0.719114 -0.694893
vn -0.000000 -0.737922 -0.674886
vn -0.000000 -0.737922 -0.674886
vn 0.000000 -0.756152 -0.654396
vn -0.000000 -0.756152 -0.654396
vn -0.000000 -0.773800 -0.633430
vn -0.000000 -0.773800 -0.633430
vn 0.000000 -0.790950 -0.611881
vn -0.000000 -0.790950 -0.611881
vn -0.000000 -0.807367 -0.590049
vn 0.000000 -0.807367 -0.590049
vn -0.000000 -0.823324 -0.567572
vn -0.000000 -0.838541 -0.544838
vn 0.000000 -0.823324 -0.567572
vn -0.000000 -0.838541 -0.544838
vn -0.000000 -0.853159 -0.521652
vn 0.000000 -0.853159 -0.521652
vn -0.000000 -0.867162 -0.498027
vn 0.000000 -0.867162 -0.498027
vn -0.000000 -0.880510 -0.474027
vn 0.000000 -0.880510 -0.474027
vn -0.000000 -0.893164 -0.449731
vn -0.000000 -0.905194 -0.424998
vn 0.000000 -0.893164 -0.449731
vn -0.000000 -0.905194 -0.424998
vn -0.000000 -0.916492 -0.400053
vn 0.000000 -0.916492 -0.400053
vn -0.000000 -0.927127 -0.374748
vn 0.000000 -0.927127 -0.374748
vn -0.000000 -0.937060 -0.349169
vn 0.000000 -0.937060 -0.349169
vn -0.000000 -0.946294 -0.323308
vn -0.000000 -0.954797 -0.297260
vn 0.000000 -0.946294 -0.323308
vn -0.000000 -0.962597 -0.270938
vn -0.000000 -0.954797 -0.297260
vn -0.000000 -0.962597 -0.270938
vn -0.000000 -0.969668 -0.244427
vn 0.000000 -0.969668 -0.244427
vn -0.000000 -0.975989 -0.217820
vn -0.000000 -0.981619 -0.190853
vn 0.000000 -0.975989 -0.217820
vn -0.000000 -0.981619 -0.190853
vn -0.000000 -0.986481 -0.163878
vn -0.000000 -0.990610 -0.136721
vn 0.000000 -0.986481 -0.163878
vn -0.000000 -0.990610 -0.136721
vn 0.000000 -0.993980 -0.109560
vn -0.000000 -0.993980 -0.109560
vn 0.000000 -0.996614 -0.082217
vn -0.000000 -0.996614 -0.082217
vn -0.000000 -0.998493 -0.054873
vn -0.000000 -0.998493 -0.054873
vn 0.000000 -0.999624 -0.027437
vn -0.000000 -0.999624 -0.027437
vn -0.000000 -1.000000 0.000000
vn 0.000000 -1.000000 0.000000
vn 0.000000 -0.999624 0.027436
vn 0.000000 -0.999624 0.027436
vn 0.000000 -0.998493 0.054873
vn 0.000000 -0.998493 0.054873
vn 0.000000 -0.996614 0.082217
vn 0.000000 -0.996614 0.082217
vn 0.000000 -0.993980 0.109560
vn 0.000000 -0.993980 0.109560
vn 0.000000 -0.990610 0.136720
vn 0.000000 -0.990610 0.136720
vn 0.000000 -0.986481 0.163878
vn 0.000000 -0.986481 0.163878
vn 0.000000 -0.981619 0.190852
vn 0.000000 -0.981619 0.190852
vn 0.000000 -0.975989 0.217820
vn 0.000000 -0.975989 0.217820
vn 0.000000 -0.969668 0.244426
vn 0.000000 -0.962597 0.270937
vn 0.000000 -0.969668 0.244426
vn 0.000000 -0.962597 0.270937
vn 0.000000 -0.954797 0.297260
vn 0.000000 -0.954797 0.297260
vn 0.000000 -0.946293 0.323310
vn 0.000000 -0.946293 0.323310
vn 0.000000 -0.937060 0.349167
vn 0.000000 -0.937060 0.349167
vn 0.000000 -0.927126 0.374750
vn 0.000000 -0.927126 0.374750
vn 0.000000 -0.916492 0.400052
vn 0.000000 -0.905194 0.424998
vn 0.000000 -0.916492 0.400052
vn 0.000000 -0.905194 0.424998
vn 0.000000 -0.893164 0.449731
vn 0.000000 -0.893164 0.449731
vn 0.000000 -0.880510 0.474027
vn 0.000000 -0.880510 0.474027
vn 0.000000 -0.867162 0.498026
vn 0.000000 -0.867162 0.498026
vn 0.000000 -0.853157 0.521654
vn 0.000000 -0.838543 0.544835
vn 0.000000 -0.853157 0.521654
vn 0.000000 -0.838543 0.544835
vn 0.000000 -0.823322 0.567575
vn 0.000000 -0.823322 0.567575
vn 0.000000 -0.807368 0.590048
vn 0.000000 -0.807368 0.590048
vn 0.000000 -0.790949 0.611882
vn 0.000000 -0.790949 0.611882
vn 0.000000 -0.773800 0.633430
vn 0.000000 -0.773800 0.633430
vn 0.000000 -0.756152 0.654396
vn 0.000000 -0.756152 0.654396
vn 0.000000 -0.737923 0.674885
vn 0.000000 -0.737923 0.674885
vn 0.000000 -0.719114 0.694893
vn 0.000000 -0.719114 0.694893
vn 0.000000 -0.699828 0.714312
vn 0.000000 -0.699828 0.714312
vn 0.000000 -0.679930 0.733277
vn 0.000000 -0.679930 0.733277
vn 0.000000 -0.659570 0.751643
vn 0.000000 -0.659570 0.751643
vn 0.000000 -0.638662 0.769487
vn 0.000000 -0.638662 0.769487
vn 0.000000 -0.617355 0.786685
vn 0.000000 -0.617355 0.786685
vn 0.000000 -0.595517 0.803342
vn 0.000000 -0.595517 0.803342
vn 0.000000 -0.573255 0.819377
vn 0.000000 -0.573255 0.819377
vn 0.000000 -0.550576 0.834785
vn 0.000000 -0.550576 0.834785
vn 0.000000 -0.527448 0.849587
vn 0.000000 -0.527448 0.849587
vn 0.000000 -0.503970 0.863721
vn 0.000000 -0.503970 0.863721
vn 0.000000 -0.480070 0.877230
vn 0.000000 -0.480070 0.877230
vn 0.000000 -0.455843 0.890060
vn 0.000000 -0.455843 0.890060
vn 0.000000 -0.431228 0.902243
vn 0.000000 -0.431228 0.902243
vn 0.000000 -0.406312 0.913734
vn 0.000000 -0.406312 0.913734
vn 0.000000 -0.381110 0.924530
vn 0.000000 -0.381110 0.924530
vn 0.000000 -0.355573 0.934648
vn 0.000000 -0.355573 0.934648
vn 0.000000 -0.329812 0.944047
vn 0.000000 -0.329812 0.944047
vn 0.000000 -0.303811 0.952733
vn 0.000000 -0.303811 0.952733
vn 0.000000 -0.277534 0.960716
vn 0.000000 -0.277534 0.960716
vn 0.000000 -0.251078 0.967967
vn 0.000000 -0.251078 0.967967
vn 0.000000 -0.224437 0.974488
vn 0.000000 -0.224437 0.974488
vn 0.000000 -0.197609 0.980281
vn 0.000000 -0.197609 0.980281
vn 0.000000 -0.170649 0.985332
vn 0.000000 -0.170649 0.985332
vn 0.000000 -0.143547 0.989644
vn 0.000000 -0.143547 0.989644
vn 0.000000 -0.116349 0.993208
vn 0.000000 -0.116349 0.993208
vn 0.000000 -0.089050 0.996027
vn 0.000000 -0.089050 0.996027
vn 0.000000 -0.061694 0.998095
vn 0.000000 -0.061694 0.998095
vn 0.000000 -0.034292 0.999412
vn 0.000000 -0.034292 0.999412
vn 0.000000 -0.006859 0.999976
vn 0.000000 -0.006859 0.999976
vn 0.000000 0.047997 0.998847
vn 0.000000 0.020576 0.999788
vn 0.000000 0.020576 0.999788
vn 0.000000 0.047997 0.998847
vn 0.000000 0.075380 0.997155
vn 0.000000 0.075380 0.997155
vn 0.000000 0.102715 0.994711
vn 0.000000 0.129959 0.991519
vn 0.000000 0.102715 0.994711
vn 0.000000 0.129959 0.991519
vn 0.000000 0.157105 0.987582
vn 0.000000 0.157105 0.987582
vn 0.000000 0.184147 0.982899
vn 0.000000 0.184147 0.982899
vn 0.000000 0.211052 0.977475
vn 0.000000 0.211052 0.977475
vn 0.000000 0.237781 0.971319
vn 0.000000 0.237781 0.971319
vn 0.000000 0.264331 0.964432
vn 0.000000 0.290684 0.956819
vn 0.000000 0.264331 0.964432
vn 0.000000 0.290684 0.956819
vn 0.000000 0.316855 0.948474
vn 0.000000 0.316855 0.948474
vn 0.000000 0.342738 0.939431
vn 0.000000 0.342738 0.939431
vn 0.000000 0.368375 0.929677
vn 0.000000 0.368375 0.929677
vn 0.000000 0.393747 0.919219
vn 0.000000 0.393747 0.919219
vn 0.000000 0.418806 0.908076
vn 0.000000 0.418806 0.908076
vn 0.000000 0.443574 0.896238
vn 0.000000 0.443574 0.896238
vn 0.000000 0.467997 0.883730
vn 0.000000 0.467997 0.883730
vn 0.000000 0.492062 0.870560
vn 0.000000 0.492062 0.870560
vn 0.000000 0.515753 0.856738
vn 0.000000 0.539056 0.842270
vn 0.000000 0.515753 0.856738
vn 0.000000 0.561962 0.827163
vn 0.000000 0.539056 0.842270
vn 0.000000 0.561962 0.827163
vn 0.000000 0.584456 0.811425
vn 0.000000 0.606484 0.795096
vn 0.000000 0.584456 0.811425
vn 0.000000 0.606484 0.795096
vn 0.000000 0.628080 0.778149
vn 0.000000 0.628080 0.778149
vn 0.000000 0.649191 0.760626
vn 0.000000 0.649191 0.760626
vn 0.000000 0.669802 0.742540
vn 0.000000 0.689955 0.723852
vn 0.000000 0.669802 0.742540
vn 0.000000 0.689955 0.723852
vn 0.000000 0.709501 0.704704
vn 0.000000 0.728620 0.684918
vn 0.000000 0.709501 0.704704
vn 0.000000 0.728620 0.684918
vn 0.000000 0.747069 0.664746
vn 0.000000 0.765078 0.643937
vn 0.000000 0.747069 0.664746
vn 0.000000 0.782454 0.622708
vn 0.000000 0.765078 0.643937
vn 0.000000 0.782454 0.622708
vn 0.000000 0.799239 0.601014
vn 0.000000 0.799239 0.601014
vn 0.000000 0.815426 0.578861
vn 0.000000 0.830970 0.556317
vn 0.000000 0.815426 0.578861
vn 0.000000 0.830970 0.556317
vn 0.000000 0.845952 0.533260
vn 0.000000 0.845952 0.533260
vn 0.000000 0.860242 0.509886
vn 0.000000 0.860242 0.509886
vn 0.000000 0.873918 0.486074
vn 0.000000 0.886938 0.461888
vn 0.000000 0.873918 0.486074
vn 0.000000 0.886938 0.461888
vn 0.000000 0.899263 0.437409
vn 0.000000 0.899263 0.437409
vn 0.000000 0.910926 0.412570
vn 0.000000 0.910926 0.412570
vn 0.000000 0.921892 0.387447
vn 0.000000 0.921892 0.387447
vn 0.000000 0.932161 0.362043
vn 0.000000 0.932161 0.362043
vn 0.000000 0.941761 0.336284
vn 0.000000 0.941761 0.336284
vn 0.000000 0.950629 0.310329
vn 0.000000 0.950629 0.310329
vn 0.000000 0.958795 0.284100
vn 0.000000 0.958795 0.284100
vn 0.000000 0.966229 0.257684
vn 0.000000 0.966229 0.257684
vn 0.000000 0.972914 0.231168
vn 0.000000 0.972914 0.231168
vn 0.000000 0.978910 0.204293
vn 0.000000 0.978910 0.204293
vn 0.000000 0.984137 0.177410
vn 0.000000 0.984137 0.177410
vn 0.000000 0.988634 0.150344
vn 0.000000 0.988634 0.150344
vn 0.000000 0.992395 0.123095
vn 0.000000 0.992395 0.123095
vn 0.000000 0.995388 0.095935
vn 0.000000 0.995388 0.095935
vn 0.000000 0.997651 0.068499
vn 0.000000 0.997651 0.068499
vn 0.000000 0.999153 0.041155
vn 0.000000 0.999906 0.013718
vn 0.000000 0.999153 0.041155
vn 0.000000 0.999906 0.013718
vn -0.866027 0.499997 0.000000
vn -0.866027 0.499997 0.000000
vn 0.000000 1.000000 0.000000
vn 0.000000 1.000000 -0.000000
vn 0.499952 0.866053 -0.000089
vn 0.500049 0.865997 0.000098
vn 0.500047 0.865998 0.000087
vn 0.500025 0.866011 0.000045
vn 0.499938 0.866061 -0.000112
vn 0.499958 0.866050 -0.000091
vn 0.500014 0.866017 0.000026
vn 0.500027 0.866010 0.000046
vn 0.500026 0.866011 0.000047
vn 0.499954 0.866052 -0.000078
vn 0.500006 0.866022 0.000012
vn 0.500039 0.866003 0.000079
vn 0.499977 0.866039 -0.000040
vn 0.500004 0.866023 -0.000008
vn 0.499970 0.866043 -0.000052
vn 0.499954 0.866052 -0.000097
vn 0.500052 0.865996 0.000091
vn 0.500011 0.866019 0.000025
vn 0.499981 0.866037 -0.000033
vn 0.500007 0.866022 0.000008
vn 0.499998 0.866026 -0.000002
vn 0.500031 0.866007 0.000068
vn 0.500017 0.866015 0.000030
vn 0.499982 0.866036 -0.000034
vn 0.500014 0.866017 0.000025
vn 0.499979 0.866038 -0.000044
vn 0.499944 0.866058 -0.000094
vn 0.499972 0.866041 -0.000045
vn 0.500000 0.866026 -0.000001
vn 0.500047 0.865998 0.000101
vn 0.500000 0.866026 0.000000
vn 0.500057 0.865993 0.000095
vn 0.500030 0.866008 0.000056
vn 0.500000 0.866025 -0.000003
vn 0.499979 0.866038 -0.000048
vn 0.500000 0.866025 -0.000002
vn 0.500028 0.866009 0.000079
vn 0.500011 0.866019 -0.000052
vn 0.499974 0.866040 -0.000051
vn 0.500005 0.866023 -0.000023
vn 0.500025 0.866011 0.000052
vn 0.500009 0.866020 -0.000044
vn 0.499967 0.866044 -0.000075
vn 0.500008 0.866021 -0.000039
vn 0.499998 0.866027 -0.000011
vn 0.499982 0.866036 0.000089
vn 0.500046 0.865999 0.000092
vn 0.500015 0.866017 -0.000075
vn 0.499964 0.866046 -0.000071
vn 0.499971 0.866042 0.000146
vn 0.500013 0.866018 0.000012
vn 0.500021 0.866013 -0.000108
vn 0.499949 0.866055 -0.000116
vn 0.499997 0.866027 0.000017
vn 0.500019 0.866014 0.000027
vn 0.499995 0.866028 0.000024
vn 0.500042 0.866001 0.000099
vn 0.500003 0.866024 -0.000015
vn 0.499997 0.866027 0.000015
vn 0.500004 0.866023 -0.000024
vn 0.500003 0.866024 -0.000016
vn 0.499982 0.866036 0.000103
vn 0.500023 0.866012 -0.000139
vn 0.499988 0.866032 0.000070
vn 0.500013 0.866018 -0.000082
vn 0.499994 0.866029 0.000036
vn 0.499994 0.866029 0.000039
vn 0.499997 0.866027 0.000021
vn 0.499993 0.866030 0.000046
vn 0.499999 0.866026 0.000002
vn 0.499999 0.866026 0.000003
vn 0.500015 0.866017 -0.000114
vn 0.500000 0.866026 0.000001
vn 0.499985 0.866034 0.000115
vn 0.500004 0.866023 -0.000031
vn 0.500004 0.866023 -0.000038
vn 0.499999 0.866026 0.000003
vn 0.499995 0.866028 0.000043
vn 0.500013 0.866018 -0.000119
vn 0.499992 0.866030 0.000069
vn 0.499994 0.866029 0.000054
vn 0.500001 0.866025 -0.000017
vn 0.500006 0.866022 -0.000065
vn 0.500003 0.866023 -0.000036
vn 0.499984 0.866035 0.000159
vn 0.500011 0.866019 -0.000125
vn 0.499988 0.866032 0.000130
vn 0.500013 0.866018 -0.000145
vn 0.500006 0.866022 -0.000068
vn 0.499988 0.866032 0.000136
vn 0.500006 0.866022 -0.000076
vn 0.499989 0.866032 0.000134
vn 0.500010 0.866020 -0.000136
vn 0.499999 0.866026 0.000006
vn 0.499988 0.866032 0.000153
vn 0.500003 0.866024 -0.000043
vn 0.500001 0.866025 -0.000018
vn 0.500008 0.866021 -0.000123
vn 0.499995 0.866028 0.000069
vn 0.499994 0.866029 0.000087
vn 0.499993 0.866029 0.000099
vn 0.500013 0.866018 -0.000211
vn 0.500007 0.866021 -0.000118
vn 0.499994 0.866029 0.000100
vn 0.500010 0.866020 -0.000176
vn 0.499993 0.866029 0.000123
vn 0.500008 0.866021 -0.000146
vn 0.499989 0.866031 0.000191
vn 0.499958 0.866050 0.000073
vn 0.500010 0.866019 -0.000018
vn 0.499963 0.866047 0.000064
vn 0.500006 0.866022 -0.000010
vn 0.500017 0.866016 -0.000028
vn 0.500028 0.866009 -0.000047
vn 0.500000 0.866025 0.000000
vn 0.499987 0.866033 0.000027
vn 0.499934 0.866063 0.000143
vn 0.500013 0.866018 -0.000028
vn 0.500071 0.865985 -0.000152
vn 0.500011 0.866019 -0.000024
vn 0.499974 0.866040 0.000055
vn 0.499942 0.866059 0.000124
vn 0.500003 0.866024 -0.000005
vn 0.500076 0.865982 -0.000160
vn 0.499924 0.866069 0.000159
vn 0.499986 0.866033 0.000030
vn 0.500033 0.866006 -0.000069
vn 0.499977 0.866039 0.000049
vn 0.500013 0.866018 -0.000026
vn 0.500037 0.866004 -0.000075
vn 0.499964 0.866046 0.000073
vn 0.500039 0.866003 -0.000079
vn 0.499949 0.866055 0.000103
vn 0.500002 0.866024 -0.000003
vn 0.500032 0.866007 -0.000062
vn 0.499972 0.866042 0.000056
vn 0.500038 0.866004 -0.000073
vn 0.500004 0.866023 -0.000007
vn 0.500016 0.866016 -0.000031
vn 0.499941 0.866059 0.000112
vn 0.500055 0.865994 -0.000104
vn 0.499972 0.866041 0.000052
vn 0.500022 0.866013 -0.000041
vn 0.499953 0.866052 0.000087
vn 0.500058 0.865992 -0.000108
vn 0.499982 0.866036 0.000033
vn 0.500003 0.866024 -0.000006
vn 0.499971 0.866042 0.000052
vn 0.500038 0.866004 -0.000068
vn 0.499976 0.866039 0.000043
vn 0.500001 0.866025 -0.000002
vn 0.499962 0.866047 0.000067
vn 0.500011 0.866019 -0.000019
vn 0.500061 0.865990 -0.000106
vn 0.500004 0.866023 0.000016
vn 0.499992 0.866030 -0.000037
vn 0.500030 0.866008 0.000140
vn 0.499970 0.866043 -0.000143
vn 0.500011 0.866019 0.000054
vn 0.499995 0.866028 -0.000025
vn 0.499999 0.866026 -0.000007
vn 0.499997 0.866027 -0.000012
vn 0.500010 0.866019 0.000052
vn 0.499995 0.866028 -0.000025
vn 0.499998 0.866026 -0.000009
vn 0.499997 0.866027 -0.000016
vn 0.500000 0.866026 0.000000
vn 0.500003 0.866024 0.000016
vn 0.500001 0.866024 0.000009
vn 0.500004 0.866023 0.000024
vn 0.499992 0.866030 -0.000050
vn 0.500002 0.866024 0.000012
vn 0.500001 0.866025 0.000006
vn 0.500004 0.866023 0.000023
vn 0.499992 0.866030 -0.000049
vn 0.500020 0.866014 0.000128
vn 0.499982 0.866036 -0.000124
vn 0.500005 0.866023 0.000033
vn 0.499998 0.866027 -0.000014
vn 0.500008 0.866021 0.000055
vn 0.500005 0.866023 0.000033
vn 0.500002 0.866024 0.000012
vn 0.499990 0.866031 -0.000079
vn 0.500003 0.866024 0.000022
vn 0.500000 0.866025 0.000000
vn 0.499989 0.866032 -0.000092
vn 0.500016 0.866016 0.000136
vn 0.500003 0.866024 0.000024
vn 0.499990 0.866031 -0.000089
vn 0.500000 0.866025 0.000002
vn 0.499994 0.866029 -0.000059
vn 0.500010 0.866020 0.000093
vn 0.499993 0.866030 -0.000072
vn 0.500001 0.866025 0.000008
vn 0.499995 0.866028 -0.000047
vn 0.500015 0.866017 0.000157
vn 0.499988 0.866032 -0.000128
vn 0.500005 0.866022 0.000061
vn 0.499993 0.866029 -0.000080
vn 0.500013 0.866018 0.000161
vn 0.499986 0.866034 -0.000177
vn 0.500004 0.866023 0.000049
vn 0.500001 0.866025 0.000012
vn 0.500009 0.866020 0.000123
vn 0.499993 0.866029 -0.000096
vn 0.500008 0.866021 0.000109
vn 0.500001 0.866025 0.000005
vn 0.499987 0.866033 -0.000191
vn 0.500010 0.866020 0.000151
vn 0.499991 0.866031 -0.000142
vn 0.500009 0.866020 0.000152
vn 0.500004 0.866023 0.000055
vn 0.499994 0.866029 -0.000106
vn 0.500009 0.866020 0.000156
vn 0.499996 0.866028 -0.000070
vn 0.499978 0.866038 -0.000398
vn 0.500023 0.866012 0.000424
vn 0.500001 0.866025 0.000014
vn 0.499980 0.866037 -0.000377
vn 0.500000 0.866025 0.000000
vn 0.499989 0.866032 -0.000237
vn 0.499955 0.866051 -0.000921
vn 0.500005 0.866022 0.000194
vn 0.500034 0.866006 0.000635
vn 0.500005 0.866023 0.000090
vn 0.499987 0.866033 -0.000194
vn 0.500035 0.866005 -0.000691
vn 0.500006 0.866022 -0.000128
vn 0.499973 0.866041 0.000524
vn 0.500003 0.866024 -0.000053
vn 0.499987 0.866033 0.000241
vn 0.500015 0.866016 -0.000291
vn 0.499998 0.866026 0.000031
vn 0.866027 0.499997 0.000000
vn 0.866027 0.499997 0.000000
vn -0.866024 0.500002 -0.000003
vn -0.866025 0.500001 0.000000
vn -0.866025 0.500001 0.000000
vn -0.499952 0.866053 -0.000089
vn -0.500052 0.865995 0.000098
vn -0.500047 0.865998 0.000087
vn -0.500024 0.866012 0.000045
vn -0.499938 0.866061 -0.000112
vn -0.499953 0.866052 -0.000089
vn -0.500014 0.866017 0.000026
vn -0.500025 0.866011 0.000049
vn -0.500026 0.866011 0.000047
vn -0.499956 0.866051 -0.000084
vn -0.500006 0.866022 0.000012
vn -0.500043 0.866001 0.000083
vn -0.499977 0.866039 -0.000040
vn -0.499998 0.866027 -0.000004
vn -0.499970 0.866043 -0.000052
vn -0.499954 0.866052 -0.000090
vn -0.500052 0.865996 0.000091
vn -0.500012 0.866018 0.000025
vn -0.499981 0.866037 -0.000033
vn -0.500005 0.866023 0.000010
vn -0.499998 0.866026 -0.000002
vn -0.500033 0.866006 0.000067
vn -0.500017 0.866015 0.000030
vn -0.499981 0.866036 -0.000037
vn -0.500014 0.866017 0.000025
vn -0.499977 0.866038 -0.000045
vn -0.499944 0.866058 -0.000094
vn -0.499975 0.866040 -0.000050
vn -0.500000 0.866026 -0.000001
vn -0.500050 0.865997 0.000102
vn -0.500000 0.866026 0.000000
vn -0.500057 0.865993 0.000095
vn -0.500027 0.866010 0.000055
vn -0.500000 0.866025 -0.000003
vn -0.499978 0.866038 -0.000045
vn -0.500000 0.866025 -0.000002
vn -0.500036 0.866004 0.000076
vn -0.500011 0.866019 -0.000052
vn -0.499976 0.866039 -0.000051
vn -0.500005 0.866023 -0.000023
vn -0.500027 0.866010 0.000057
vn -0.500009 0.866020 -0.000044
vn -0.499967 0.866045 -0.000070
vn -0.500008 0.866021 -0.000039
vn -0.499995 0.866028 -0.000010
vn -0.499982 0.866036 0.000089
vn -0.500043 0.866001 0.000092
vn -0.500015 0.866017 -0.000075
vn -0.499968 0.866044 -0.000069
vn -0.499971 0.866042 0.000146
vn -0.500006 0.866022 0.000014
vn -0.500021 0.866013 -0.000108
vn -0.499946 0.866057 -0.000116
vn -0.499997 0.866027 0.000017
vn -0.500011 0.866019 0.000024
vn -0.499995 0.866028 0.000024
vn -0.500046 0.865999 0.000100
vn -0.500003 0.866024 -0.000015
vn -0.499997 0.866027 0.000015
vn -0.500004 0.866023 -0.000024
vn -0.500003 0.866024 -0.000016
vn -0.499982 0.866036 0.000103
vn -0.500023 0.866012 -0.000139
vn -0.499988 0.866032 0.000070
vn -0.500013 0.866018 -0.000082
vn -0.499994 0.866029 0.000036
vn -0.499994 0.866029 0.000039
vn -0.499997 0.866027 0.000021
vn -0.499993 0.866030 0.000046
vn -0.499999 0.866026 0.000002
vn -0.499999 0.866026 0.000003
vn -0.500015 0.866017 -0.000114
vn -0.500000 0.866026 0.000001
vn -0.499985 0.866034 0.000115
vn -0.500004 0.866023 -0.000031
vn -0.500004 0.866023 -0.000038
vn -0.499999 0.866026 0.000003
vn -0.499995 0.866028 0.000043
vn -0.500013 0.866018 -0.000119
vn -0.499992 0.866030 0.000069
vn -0.499994 0.866029 0.000054
vn -0.500001 0.866025 -0.000017
vn -0.500006 0.866022 -0.000065
vn -0.500003 0.866023 -0.000036
vn -0.499984 0.866034 0.000159
vn -0.500011 0.866019 -0.000125
vn -0.499988 0.866032 0.000130
vn -0.500013 0.866018 -0.000145
vn -0.500006 0.866022 -0.000068
vn -0.499988 0.866032 0.000136
vn -0.500006 0.866022 -0.000076
vn -0.499989 0.866032 0.000134
vn -0.500010 0.866020 -0.000136
vn -0.499999 0.866026 0.000006
vn -0.499988 0.866032 0.000153
vn -0.500003 0.866024 -0.000043
vn -0.500001 0.866025 -0.000018
vn -0.500008 0.866021 -0.000123
vn -0.499995 0.866028 0.000069
vn -0.499994 0.866029 0.000087
vn -0.499993 0.866029 0.000099
vn -0.500013 0.866018 -0.000211
vn -0.500007 0.866021 -0.000118
vn -0.499994 0.866029 0.000100
vn -0.500010 0.866020 -0.000176
vn -0.499993 0.866029 0.000123
vn -0.500008 0.866021 -0.000146
vn -0.499989 0.866031 0.000191
vn -0.499953 0.866053 0.000073
vn -0.500015 0.866017 -0.000015
vn -0.499963 0.866047 0.000059
vn -0.500006 0.866022 -0.000015
vn -0.500017 0.866016 -0.000022
vn -0.500028 0.866009 -0.000045
vn -0.500000 0.866025 -0.000000
vn -0.500001 0.866025 0.000029
vn -0.499932 0.866065 0.000152
vn -0.500012 0.866018 -0.000040
vn -0.500060 0.865991 -0.000152
vn -0.500013 0.866018 -0.000024
vn -0.499981 0.866036 0.000058
vn -0.499937 0.866062 0.000124
vn -0.500009 0.866020 -0.000011
vn -0.500077 0.865981 -0.000158
vn -0.499928 0.866067 0.000154
vn -0.499989 0.866032 0.000030
vn -0.500035 0.866005 -0.000068
vn -0.499974 0.866041 0.000047
vn -0.500011 0.866019 -0.000018
vn -0.500036 0.866004 -0.000072
vn -0.499956 0.866051 0.000071
vn -0.500041 0.866002 -0.000078
vn -0.499949 0.866055 0.000102
vn -0.499999 0.866026 0.000000
vn -0.500034 0.866006 -0.000066
vn -0.499968 0.866044 0.000057
vn -0.500038 0.866003 -0.000072
vn -0.500000 0.866026 -0.000008
vn -0.500020 0.866014 -0.000023
vn -0.499941 0.866060 0.000108
vn -0.500057 0.865993 -0.000107
vn -0.499974 0.866040 0.000053
vn -0.500017 0.866016 -0.000038
vn -0.499953 0.866053 0.000090
vn -0.500063 0.865989 -0.000111
vn -0.499983 0.866035 0.000030
vn -0.500001 0.866025 -0.000007
vn -0.499976 0.866039 0.000051
vn -0.500041 0.866002 -0.000073
vn -0.499979 0.866038 0.000036
vn -0.499996 0.866028 0.000000
vn -0.499963 0.866047 0.000073
vn -0.500012 0.866019 -0.000022
vn -0.500066 0.865988 -0.000109
vn -0.500003 0.866024 0.000020
vn -0.499991 0.866031 -0.000040
vn -0.500031 0.866008 0.000139
vn -0.499967 0.866044 -0.000137
vn -0.500012 0.866018 0.000058
vn -0.499995 0.866028 -0.000028
vn -0.499999 0.866026 -0.000009
vn -0.499998 0.866027 -0.000009
vn -0.500012 0.866019 0.000055
vn -0.499993 0.866029 -0.000027
vn -0.499999 0.866026 -0.000009
vn -0.499998 0.866027 -0.000018
vn -0.500001 0.866025 0.000000
vn -0.500004 0.866023 0.000018
vn -0.500001 0.866025 0.000009
vn -0.500005 0.866023 0.000026
vn -0.499992 0.866030 -0.000053
vn -0.500001 0.866025 0.000009
vn -0.500000 0.866025 0.000000
vn -0.500001 0.866025 0.000009
vn -0.500003 0.866024 0.000026
vn -0.499992 0.866030 -0.000052
vn -0.500019 0.866014 0.000123
vn -0.499982 0.866036 -0.000123
vn -0.500006 0.866022 0.000035
vn -0.499998 0.866027 -0.000018
vn -0.500008 0.866021 0.000053
vn -0.500004 0.866023 0.000027
vn -0.500002 0.866025 0.000018
vn -0.499989 0.866032 -0.000073
vn -0.500003 0.866024 0.000018
vn -0.499989 0.866032 -0.000092
vn -0.500015 0.866017 0.000140
vn -0.500003 0.866024 0.000028
vn -0.499990 0.866031 -0.000096
vn -0.500000 0.866025 0.000000
vn -0.499994 0.866029 -0.000049
vn -0.500009 0.866020 0.000100
vn -0.499993 0.866030 -0.000071
vn -0.500000 0.866025 0.000010
vn -0.499996 0.866028 -0.000042
vn -0.500015 0.866017 0.000162
vn -0.499989 0.866032 -0.000132
vn -0.500005 0.866022 0.000056
vn -0.499992 0.866030 -0.000081
vn -0.500015 0.866017 0.000167
vn -0.499985 0.866034 -0.000171
vn -0.500003 0.866023 0.000038
vn -0.500001 0.866025 0.000013
vn -0.500009 0.866020 0.000121
vn -0.499992 0.866030 -0.000098
vn -0.500008 0.866021 0.000116
vn -0.500001 0.866025 0.000000
vn -0.499986 0.866034 -0.000189
vn -0.500010 0.866020 0.000149
vn -0.499991 0.866031 -0.000139
vn -0.500011 0.866019 0.000146
vn -0.500006 0.866022 0.000039
vn -0.499995 0.866028 -0.000103
vn -0.500009 0.866020 0.000154
vn -0.499996 0.866028 -0.000071
vn -0.499979 0.866038 -0.000384
vn -0.500024 0.866011 0.000419
vn -0.500003 0.866024 0.000031
vn -0.499978 0.866038 -0.000378
vn -0.500000 0.866025 -0.000000
vn -0.499989 0.866032 -0.000223
vn -0.499955 0.866051 -0.000868
vn -0.500007 0.866021 0.000137
vn -0.500033 0.866006 0.000636
vn -0.500004 0.866023 0.000087
vn -0.499990 0.866031 -0.000184
vn -0.500036 0.866004 -0.000687
vn -0.500005 0.866023 -0.000146
vn -0.499970 0.866042 0.000524
vn -0.499999 0.866026 -0.000049
vn -0.499987 0.866033 0.000250
vn -0.500014 0.866017 -0.000292
vn -0.499997 0.866027 0.000032
vn -0.499997 -0.866027 -0.000028
vn -0.500004 -0.866023 0.000045
vn -0.500002 -0.866024 0.000025
vn -0.500006 -0.866022 0.000069
vn -0.499994 -0.866029 -0.000062
vn -0.499998 -0.866027 -0.000035
vn -0.500004 -0.866023 0.000035
vn -0.499997 -0.866027 -0.000036
vn -0.499997 -0.866027 -0.000029
vn -0.499999 -0.866026 -0.000012
vn -0.500002 -0.866024 0.000016
vn -0.500000 -0.866025 0.000013
vn -0.500004 -0.866023 0.000036
vn -0.499999 -0.866026 0.000000
vn -0.499992 -0.866030 -0.000069
vn -0.499998 -0.866026 -0.000014
vn -0.500004 -0.866023 0.000031
vn -0.500002 -0.866024 0.000043
vn -0.499995 -0.866028 -0.000043
vn -0.500001 -0.866025 0.000015
vn -0.500000 -0.866025 -0.000003
vn -0.499998 -0.866026 -0.000031
vn -0.500005 -0.866023 0.000037
vn -0.500006 -0.866022 0.000081
vn -0.500004 -0.866023 0.000031
vn -0.499995 -0.866028 -0.000085
vn -0.499996 -0.866028 -0.000033
vn -0.499993 -0.866030 -0.000107
vn -0.500000 -0.866025 -0.000001
vn -0.500001 -0.866025 0.000019
vn -0.500005 -0.866023 0.000033
vn -0.500008 -0.866021 0.000120
vn -0.500000 -0.866026 -0.000003
vn -0.499994 -0.866029 -0.000106
vn -0.500000 -0.866026 -0.000002
vn -0.500012 -0.866018 0.000182
vn -0.499993 -0.866029 -0.000046
vn -0.499995 -0.866028 -0.000123
vn -0.500009 -0.866020 0.000059
vn -0.499994 -0.866029 -0.000040
vn -0.499995 -0.866029 -0.000036
vn -0.500001 -0.866025 0.000003
vn -0.500002 -0.866024 0.000009
vn -0.500010 -0.866020 0.000060
vn -0.499996 -0.866028 -0.000024
vn -0.500003 -0.866024 0.000016
vn -0.500004 -0.866023 0.000024
vn -0.499997 -0.866027 -0.000015
vn -0.500003 -0.866024 0.000015
vn -0.499995 -0.866028 -0.000024
vn -0.499997 -0.866027 -0.000017
vn -0.500005 -0.866023 0.000025
vn -0.499988 -0.866032 -0.000063
vn -0.500000 -0.866025 0.000000
vn -0.499998 -0.866026 -0.000009
vn -0.500001 -0.866025 -0.000003
vn -0.499988 -0.866033 0.000034
vn -0.499986 -0.866033 0.000037
vn -0.500020 -0.866014 -0.000055
vn -0.499985 -0.866034 0.000043
vn -0.499999 -0.866026 0.000002
vn -0.499999 -0.866026 0.000003
vn -0.500011 -0.866019 -0.000030
vn -0.500000 -0.866025 0.000001
vn -0.499990 -0.866031 0.000030
vn -0.500010 -0.866020 -0.000028
vn -0.500012 -0.866019 -0.000033
vn -0.499999 -0.866026 0.000003
vn -0.499988 -0.866033 0.000038
vn -0.500009 -0.866020 -0.000027
vn -0.499981 -0.866037 0.000060
vn -0.500010 -0.866020 -0.000031
vn -0.500005 -0.866023 -0.000014
vn -0.499992 -0.866030 0.000025
vn -0.500009 -0.866020 -0.000030
vn -0.499984 -0.866035 0.000052
vn -0.500006 -0.866022 -0.000020
vn -0.499993 -0.866029 0.000023
vn -0.500010 -0.866020 -0.000032
vn -0.500016 -0.866016 -0.000055
vn -0.499994 -0.866029 0.000021
vn -0.499991 -0.866030 0.000031
vn -0.499997 -0.866027 0.000013
vn -0.500003 -0.866024 -0.000010
vn -0.499999 -0.866026 0.000005
vn -0.499995 -0.866028 0.000017
vn -0.500009 -0.866020 -0.000032
vn -0.500004 -0.866023 -0.000013
vn -0.499995 -0.866028 0.000020
vn -0.500017 -0.866016 -0.000062
vn -0.499984 -0.866035 0.000061
vn -0.499982 -0.866036 0.000069
vn -0.500004 -0.866023 -0.000017
vn -0.500020 -0.866014 -0.000077
vn -0.499984 -0.866035 0.000064
vn -0.500028 -0.866009 -0.000109
vn -0.499981 -0.866036 0.000074
vn -0.499982 -0.866036 0.000070
vn -0.500014 -0.866017 -0.000057
vn -0.499996 -0.866028 0.000017
vn -0.500036 -0.866005 -0.000144
vn -0.499973 -0.866041 0.000113
vn -0.500005 -0.866022 -0.000022
vn -0.500006 -0.866022 -0.000026
vn -0.500010 -0.866020 -0.000040
vn -0.499979 -0.866037 0.000086
vn -0.499999 -0.866026 0.000007
vn -0.499997 -0.866027 0.000012
vn -0.499994 -0.866029 0.000031
vn -0.500011 -0.866019 -0.000057
vn -0.499998 -0.866026 0.000009
vn -0.499997 -0.866027 0.000016
vn -0.500000 -0.866026 0.000000
vn -0.500003 -0.866024 -0.000016
vn -0.500001 -0.866025 -0.000009
vn -0.499990 -0.866031 0.000055
vn -0.500005 -0.866023 -0.000029
vn -0.500002 -0.866024 -0.000012
vn -0.500001 -0.866025 -0.000006
vn -0.500004 -0.866023 -0.000023
vn -0.499992 -0.866030 0.000049
vn -0.500007 -0.866021 -0.000049
vn -0.499993 -0.866029 0.000045
vn -0.500005 -0.866023 -0.000033
vn -0.499998 -0.866027 0.000014
vn -0.499996 -0.866028 0.000026
vn -0.500004 -0.866023 -0.000033
vn -0.500002 -0.866024 -0.000013
vn -0.500001 -0.866025 -0.000004
vn -0.499992 -0.866030 0.000062
vn -0.500009 -0.866020 -0.000078
vn -0.499996 -0.866028 0.000035
vn -0.500003 -0.866024 -0.000025
vn -0.500000 -0.866025 0.000000
vn -0.500000 -0.866025 -0.000002
vn -0.499994 -0.866029 0.000059
vn -0.500000 -0.866025 -0.000000
vn -0.500002 -0.866024 -0.000023
vn -0.500001 -0.866025 -0.000008
vn -0.499995 -0.866028 0.000047
vn -0.500005 -0.866022 -0.000056
vn -0.499998 -0.866027 0.000024
vn -0.500005 -0.866022 -0.000061
vn -0.499993 -0.866029 0.000080
vn -0.500004 -0.866023 -0.000048
vn -0.499995 -0.866028 0.000061
vn -0.500004 -0.866023 -0.000049
vn -0.500001 -0.866025 -0.000012
vn -0.500000 -0.866026 0.000006
vn -0.500003 -0.866024 -0.000038
vn -0.499998 -0.866027 0.000030
vn -0.500000 -0.866025 -0.000005
vn -0.499997 -0.866027 0.000037
vn -0.499999 -0.866026 0.000010
vn -0.500002 -0.866024 -0.000027
vn -0.499998 -0.866026 0.000027
vn -0.500003 -0.866024 -0.000055
vn -0.499994 -0.866029 0.000105
vn -0.500009 -0.866020 -0.000156
vn -0.499996 -0.866028 0.000070
vn -0.499992 -0.866030 0.000142
vn -0.500008 -0.866021 -0.000145
vn -0.500001 -0.866025 -0.000015
vn -0.500023 -0.866012 0.000069
vn -0.499981 -0.866036 -0.000055
vn -0.500001 -0.866025 0.000004
vn -0.500004 -0.866023 0.000011
vn -0.500011 -0.866019 0.000030
vn -0.499992 -0.866030 -0.000023
vn -0.499995 -0.866028 -0.000013
vn -0.500011 -0.866019 0.000031
vn -0.499985 -0.866034 -0.000042
vn -0.500017 -0.866016 0.000046
vn -0.499983 -0.866035 -0.000046
vn -0.500008 -0.866021 0.000022
vn -0.499999 -0.866026 -0.000002
vn -0.500012 -0.866019 0.000049
vn -0.500009 -0.866020 0.000039
vn -0.500009 -0.866020 0.000039
vn -0.499978 -0.866038 -0.000088
vn -0.499996 -0.866028 -0.000015
vn -0.500002 -0.866024 0.000008
vn -0.500020 -0.866014 0.000082
vn -0.500000 -0.866025 0.000000
vn -0.499979 -0.866038 -0.000084
vn -0.499989 -0.866032 -0.000043
vn -0.500025 -0.866011 0.000099
vn -0.499982 -0.866036 -0.000068
vn -0.500009 -0.866020 0.000037
vn -0.499995 -0.866028 -0.000018
vn -0.500005 -0.866023 0.000019
vn -0.499998 -0.866027 -0.000007
vn -0.499993 -0.866030 -0.000027
vn -0.500001 -0.866025 0.000004
vn -0.499994 -0.866029 -0.000022
vn -0.500008 -0.866021 0.000028
vn -0.499999 -0.866026 -0.000004
vn -0.500003 -0.866024 0.000009
vn -0.500011 -0.866019 0.000038
vn -0.499986 -0.866033 -0.000048
vn -0.500011 -0.866019 0.000039
vn -0.499981 -0.866036 -0.000064
vn -0.500015 -0.866017 0.000050
vn -0.499994 -0.866029 -0.000020
vn -0.500014 -0.866017 0.000046
vn -0.499988 -0.866032 -0.000040
vn -0.500002 -0.866024 0.000007
vn -0.500006 -0.866022 0.000019
vn -0.500000 -0.866025 0.000000
vn -0.499984 -0.866035 -0.000050
vn -0.500001 -0.866025 0.000002
vn -0.500000 -0.866025 -0.000000
vn -0.500007 -0.866021 0.000022
vn -0.499990 -0.866031 -0.000031
vn -0.500000 -0.866025 -0.000002
vn -0.499981 -0.866036 -0.000294
vn -0.500005 -0.866023 0.000146
vn -0.500003 -0.866024 0.000058
vn -0.500003 -0.866024 0.000049
vn -0.499987 -0.866033 -0.000250
vn -0.500014 -0.866017 0.000292
vn -0.499997 -0.866027 -0.000032
vn -0.500007 -0.866022 0.000088
vn -0.499995 -0.866028 -0.000134
vn -0.499989 -0.866032 0.000223
vn -0.500000 -0.866026 0.000007
vn -0.500007 -0.866021 -0.000139
vn -0.500005 -0.866023 -0.000097
vn -0.500004 -0.866023 -0.000087
vn -0.499990 -0.866031 0.000184
vn -0.499998 -0.866026 0.000030
vn -0.500000 -0.866025 0.000001
vn -0.499980 -0.866037 -0.000055
vn 0.866024 0.500002 -0.000003
vn 0.866025 0.500001 -0.000000
vn 0.866025 0.500001 -0.000000
vn -0.866025 0.500000 0.000000
vn -0.866025 0.500000 0.000000
vn -0.866025 0.500000 -0.000000
vn -0.866026 0.500000 0.000000
vn -0.866025 0.500000 0.000000
vn -0.866025 0.500000 0.000000
vn -0.866025 0.500000 -0.000000
vn -0.866025 0.500000 0.000000
vn -0.866025 0.500000 0.000000
vn -0.866025 0.500000 -0.000000
vn -0.866025 0.500000 0.000000
vn -0.866025 0.500000 0.000000
vn 0.499997 -0.866027 -0.000028
vn 0.500004 -0.866023 0.000040
vn 0.500002 -0.866024 0.000025
vn 0.500006 -0.866022 0.000068
vn 0.499994 -0.866029 -0.000062
vn 0.499998 -0.866027 -0.000026
vn 0.500004 -0.866023 0.000035
vn 0.499997 -0.866027 -0.000039
vn 0.499997 -0.866027 -0.000029
vn 0.499999 -0.866026 -0.000016
vn 0.500002 -0.866024 0.000016
vn 0.500001 -0.866025 0.000013
vn 0.500004 -0.866023 0.000036
vn 0.500000 -0.866026 -0.000007
vn 0.499992 -0.866030 -0.000069
vn 0.499998 -0.866026 -0.000022
vn 0.500004 -0.866023 0.000031
vn 0.500003 -0.866024 0.000042
vn 0.499995 -0.866028 -0.000043
vn 0.500001 -0.866025 0.000017
vn 0.500000 -0.866025 -0.000003
vn 0.499998 -0.866026 -0.000027
vn 0.500005 -0.866023 0.000037
vn 0.500006 -0.866022 0.000087
vn 0.500004 -0.866023 0.000031
vn 0.499995 -0.866029 -0.000088
vn 0.499996 -0.866028 -0.000033
vn 0.499994 -0.866029 -0.000100
vn 0.500000 -0.866025 -0.000001
vn 0.500002 -0.866024 0.000025
vn 0.500005 -0.866023 0.000033
vn 0.500007 -0.866021 0.000117
vn 0.500000 -0.866026 -0.000003
vn 0.499994 -0.866029 -0.000101
vn 0.500000 -0.866026 -0.000002
vn 0.500010 -0.866019 0.000175
vn 0.499993 -0.866029 -0.000046
vn 0.499993 -0.866029 -0.000124
vn 0.500009 -0.866020 0.000059
vn 0.499994 -0.866029 -0.000040
vn 0.499995 -0.866029 -0.000036
vn 0.500001 -0.866025 0.000003
vn 0.500002 -0.866024 0.000009
vn 0.500010 -0.866020 0.000060
vn 0.499996 -0.866028 -0.000024
vn 0.500003 -0.866024 0.000016
vn 0.500004 -0.866023 0.000024
vn 0.499997 -0.866027 -0.000015
vn 0.500003 -0.866024 0.000015
vn 0.499995 -0.866028 -0.000024
vn 0.499997 -0.866027 -0.000017
vn 0.500005 -0.866022 0.000025
vn 0.499988 -0.866033 -0.000063
vn 0.500000 -0.866025 0.000000
vn 0.499998 -0.866026 -0.000009
vn 0.500001 -0.866025 -0.000003
vn 0.499988 -0.866033 0.000034
vn 0.499986 -0.866033 0.000037
vn 0.500020 -0.866014 -0.000055
vn 0.499985 -0.866034 0.000043
vn 0.499999 -0.866026 0.000002
vn 0.499999 -0.866026 0.000003
vn 0.500011 -0.866019 -0.000030
vn 0.500000 -0.866025 0.000001
vn 0.499990 -0.866031 0.000030
vn 0.500009 -0.866020 -0.000028
vn 0.500011 -0.866019 -0.000033
vn 0.499999 -0.866026 0.000003
vn 0.499988 -0.866032 0.000038
vn 0.500009 -0.866020 -0.000027
vn 0.499981 -0.866037 0.000060
vn 0.500010 -0.866020 -0.000031
vn 0.500005 -0.866023 -0.000014
vn 0.499992 -0.866030 0.000025
vn 0.500009 -0.866020 -0.000030
vn 0.499984 -0.866035 0.000052
vn 0.500006 -0.866022 -0.000020
vn 0.499993 -0.866029 0.000023
vn 0.500010 -0.866020 -0.000032
vn 0.500016 -0.866016 -0.000055
vn 0.499994 -0.866029 0.000021
vn 0.499991 -0.866030 0.000031
vn 0.499997 -0.866027 0.000013
vn 0.500003 -0.866024 -0.000010
vn 0.499999 -0.866026 0.000005
vn 0.499995 -0.866028 0.000017
vn 0.500009 -0.866020 -0.000032
vn 0.500004 -0.866023 -0.000013
vn 0.499995 -0.866028 0.000020
vn 0.500017 -0.866016 -0.000062
vn 0.499984 -0.866035 0.000061
vn 0.499982 -0.866036 0.000069
vn 0.500004 -0.866023 -0.000017
vn 0.500020 -0.866014 -0.000077
vn 0.499984 -0.866035 0.000064
vn 0.500028 -0.866009 -0.000109
vn 0.499981 -0.866036 0.000074
vn 0.499982 -0.866036 0.000070
vn 0.500014 -0.866017 -0.000057
vn 0.499996 -0.866028 0.000017
vn 0.500036 -0.866005 -0.000144
vn 0.499973 -0.866041 0.000113
vn 0.500005 -0.866022 -0.000022
vn 0.500006 -0.866022 -0.000026
vn 0.500010 -0.866020 -0.000040
vn 0.499979 -0.866037 0.000086
vn 0.499999 -0.866026 0.000009
vn 0.499998 -0.866027 0.000009
vn 0.499994 -0.866029 0.000028
vn 0.500009 -0.866021 -0.000055
vn 0.499999 -0.866026 0.000009
vn 0.499998 -0.866027 0.000018
vn 0.500001 -0.866025 0.000000
vn 0.500004 -0.866023 -0.000018
vn 0.500001 -0.866025 -0.000009
vn 0.499990 -0.866031 0.000053
vn 0.500005 -0.866022 -0.000026
vn 0.500001 -0.866025 -0.000009
vn 0.500001 -0.866025 -0.000009
vn 0.500003 -0.866024 -0.000026
vn 0.499992 -0.866030 0.000052
vn 0.500006 -0.866022 -0.000044
vn 0.499994 -0.866029 0.000044
vn 0.500006 -0.866022 -0.000035
vn 0.499998 -0.866027 0.000018
vn 0.499996 -0.866028 0.000027
vn 0.500004 -0.866023 -0.000036
vn 0.500002 -0.866025 -0.000009
vn 0.499999 -0.866026 -0.000009
vn 0.499991 -0.866031 0.000064
vn 0.500010 -0.866020 -0.000074
vn 0.499996 -0.866028 0.000037
vn 0.500003 -0.866024 -0.000019
vn 0.500000 -0.866025 0.000000
vn 0.500000 -0.866025 0.000000
vn 0.499994 -0.866029 0.000049
vn 0.500000 -0.866026 0.000000
vn 0.500001 -0.866025 -0.000020
vn 0.500000 -0.866025 -0.000010
vn 0.499996 -0.866028 0.000042
vn 0.500005 -0.866023 -0.000054
vn 0.499998 -0.866026 0.000033
vn 0.500005 -0.866022 -0.000056
vn 0.499992 -0.866030 0.000081
vn 0.500005 -0.866023 -0.000059
vn 0.499994 -0.866029 0.000061
vn 0.500003 -0.866023 -0.000038
vn 0.500001 -0.866025 -0.000013
vn 0.499999 -0.866026 0.000013
vn 0.500003 -0.866024 -0.000042
vn 0.499997 -0.866027 0.000029
vn 0.500001 -0.866025 0.000000
vn 0.499995 -0.866028 0.000032
vn 0.499999 -0.866026 0.000017
vn 0.500003 -0.866024 -0.000035
vn 0.499999 -0.866026 0.000037
vn 0.500004 -0.866023 -0.000058
vn 0.499995 -0.866028 0.000103
vn 0.500009 -0.866020 -0.000154
vn 0.499996 -0.866028 0.000071
vn 0.499993 -0.866029 0.000128
vn 0.500009 -0.866020 -0.000140
vn 0.500000 -0.866025 -0.000031
vn 0.500023 -0.866012 0.000066
vn 0.499979 -0.866038 -0.000057
vn 0.499999 -0.866026 0.000008
vn 0.500002 -0.866024 0.000008
vn 0.500013 -0.866018 0.000033
vn 0.499992 -0.866030 -0.000025
vn 0.499994 -0.866029 -0.000016
vn 0.500012 -0.866019 0.000033
vn 0.499986 -0.866034 -0.000041
vn 0.500018 -0.866015 0.000041
vn 0.499984 -0.866035 -0.000050
vn 0.500009 -0.866021 0.000025
vn 0.499984 -0.866035 0.000000
vn 0.500010 -0.866020 0.000046
vn 0.500006 -0.866022 0.000043
vn 0.500015 -0.866017 0.000040
vn 0.499977 -0.866039 -0.000093
vn 0.499999 -0.866026 -0.000018
vn 0.500005 -0.866023 0.000017
vn 0.500023 -0.866012 0.000079
vn 0.499981 -0.866036 -0.000076
vn 0.499988 -0.866032 -0.000043
vn 0.500025 -0.866011 0.000097
vn 0.499981 -0.866036 -0.000067
vn 0.500011 -0.866019 0.000039
vn 0.499994 -0.866029 -0.000025
vn 0.499999 -0.866026 0.000024
vn 0.500000 -0.866026 -0.000012
vn 0.500000 -0.866025 0.000000
vn 0.499989 -0.866032 -0.000023
vn 0.499998 -0.866026 0.000000
vn 0.499993 -0.866029 -0.000021
vn 0.500005 -0.866023 0.000031
vn 0.499998 -0.866027 -0.000010
vn 0.500004 -0.866023 0.000010
vn 0.500011 -0.866019 0.000029
vn 0.499988 -0.866032 -0.000048
vn 0.500015 -0.866017 0.000047
vn 0.499980 -0.866037 -0.000065
vn 0.500016 -0.866016 0.000046
vn 0.499995 -0.866028 -0.000027
vn 0.500009 -0.866020 0.000045
vn 0.499984 -0.866035 -0.000035
vn 0.500003 -0.866024 0.000009
vn 0.500005 -0.866023 0.000017
vn 0.499998 -0.866026 0.000000
vn 0.499981 -0.866036 -0.000042
vn 0.500003 -0.866023 0.000000
vn 0.499999 -0.866026 0.000000
vn 0.500007 -0.866021 0.000017
vn 0.499988 -0.866032 -0.000033
vn 0.500000 -0.866025 -0.000003
vn 0.499984 -0.866035 -0.000323
vn 0.500007 -0.866022 0.000123
vn 0.500004 -0.866023 0.000068
vn 0.500003 -0.866024 0.000052
vn 0.499987 -0.866033 -0.000243
vn 0.500016 -0.866016 0.000290
vn 0.499998 -0.866026 -0.000032
vn 0.500006 -0.866022 0.000102
vn 0.499993 -0.866029 -0.000122
vn 0.499989 -0.866032 0.000237
vn 0.499995 -0.866028 0.000000
vn 0.500005 -0.866022 -0.000130
vn 0.500004 -0.866023 -0.000106
vn 0.500005 -0.866023 -0.000090
vn 0.499987 -0.866033 0.000194
vn 0.499998 -0.866027 0.000034
vn 0.500000 -0.866025 0.000000
vn 0.499988 -0.866033 -0.000052
vn 0.499995 0.866028 -0.000054
vn 0.499999 0.866026 -0.000016
vn 0.500005 0.866022 0.000061
vn 0.500005 0.866023 0.000051
vn 0.499996 0.866028 -0.000048
vn 0.499998 0.866027 -0.000020
vn 0.500001 0.866025 0.000016
vn 0.500005 0.866023 0.000050
vn 0.500004 0.866023 0.000055
vn 0.499990 0.866031 -0.000093
vn 0.499994 0.866029 -0.000071
vn 0.500004 0.866023 0.000033
vn 0.500001 0.866025 0.000012
vn 0.500000 0.866025 0.000002
vn 0.500000 0.866026 -0.000005
vn 0.500000 0.866025 -0.000000
vn 0.500003 0.866024 0.000038
vn 0.500003 0.866024 0.000025
vn 0.499998 0.866027 -0.000030
vn 0.499996 0.866028 -0.000035
vn 0.500000 0.866025 0.000006
vn 0.499999 0.866026 -0.000007
vn 0.499997 0.866027 -0.000037
vn 0.500000 0.866026 -0.000002
vn 0.499999 0.866026 -0.000010
vn 0.500004 0.866023 0.000028
vn 0.500002 0.866024 0.000027
vn 0.500002 0.866024 0.000013
vn 0.499998 0.866026 -0.000027
vn 0.499994 0.866029 -0.000048
vn 0.500003 0.866024 0.000055
vn 0.500008 0.866021 0.000055
vn 0.500006 0.866022 0.000098
vn 0.499998 0.866027 -0.000014
vn 0.499996 0.866027 -0.000062
vn 0.499993 0.866029 -0.000047
vn 0.499996 0.866028 -0.000070
vn 0.500005 0.866022 0.000035
vn 0.500006 0.866022 0.000114
vn 0.499995 0.866028 -0.000030
vn 0.499992 0.866030 -0.000136
vn 0.500005 0.866023 0.000030
vn 0.500001 0.866025 0.000016
vn 0.500004 0.866023 0.000023
vn 0.499998 0.866026 -0.000030
vn 0.500001 0.866025 0.000006
vn 0.500011 0.866019 0.000209
vn 0.499989 0.866032 -0.000067
vn 0.499987 0.866033 -0.000237
vn 0.500001 0.866025 0.000006
vn 0.500005 0.866023 0.000097
vn 0.500008 0.866021 0.000047
vn 0.499997 0.866027 -0.000052
vn 0.500001 0.866025 0.000009
vn 0.500000 0.866026 -0.000006
vn 0.499999 0.866026 -0.000007
vn 0.499989 0.866032 -0.000223
vn 0.500000 0.866025 0.000000
vn 0.500000 0.866025 0.000000
vn 0.499999 0.866026 0.000007
vn 0.500001 0.866025 -0.000009
vn 0.500008 0.866021 -0.000047
vn 0.500001 0.866025 -0.000006
vn 0.499989 0.866032 0.000067
vn 0.500001 0.866025 -0.000006
vn 0.500004 0.866023 -0.000023
vn 0.500005 0.866023 -0.000030
vn 0.499995 0.866028 0.000030
vn 0.500005 0.866022 -0.000035
vn 0.499993 0.866029 0.000047
vn 0.499998 0.866027 0.000014
vn 0.500008 0.866021 -0.000055
vn 0.499994 0.866029 0.000048
vn 0.500002 0.866024 -0.000013
vn 0.500004 0.866023 -0.000028
vn 0.500000 0.866026 0.000002
vn 0.499999 0.866026 0.000007
vn 0.499996 0.866028 0.000035
vn 0.500003 0.866024 -0.000025
vn 0.500000 0.866025 0.000000
vn 0.500000 0.866025 -0.000002
vn 0.500004 0.866023 -0.000033
vn 0.499990 0.866031 0.000093
vn 0.500005 0.866023 -0.000050
vn 0.499998 0.866027 0.000020
vn 0.500005 0.866023 -0.000051
vn 0.499999 0.866026 0.000016
vn 0.499995 0.866028 0.000054
vn 0.500005 0.866022 -0.000061
vn 0.499996 0.866028 0.000048
vn 0.500001 0.866025 -0.000016
vn 0.500004 0.866023 -0.000055
vn 0.499994 0.866029 0.000071
vn 0.500001 0.866025 -0.000012
vn 0.499999 0.866026 0.000005
vn 0.500003 0.866024 -0.000038
vn 0.499998 0.866027 0.000030
vn 0.500000 0.866025 -0.000006
vn 0.499997 0.866027 0.000037
vn 0.499999 0.866026 0.000010
vn 0.500002 0.866024 -0.000028
vn 0.499998 0.866026 0.000027
vn 0.500003 0.866024 -0.000055
vn 0.500006 0.866022 -0.000098
vn 0.499996 0.866027 0.000062
vn 0.499996 0.866028 0.000070
vn 0.500002 0.866024 -0.000016
vn 0.500003 0.866023 -0.000031
vn 0.499995 0.866028 0.000061
vn 0.500000 0.866025 0.000000
vn 0.500000 0.866025 0.000015
vn 0.500004 0.866023 -0.000044
vn 0.500002 0.866024 -0.000014
vn 0.499995 0.866028 0.000057
vn 0.499998 0.866027 0.000127
vn 0.500004 0.866023 0.000000
vn 0.499979 0.866037 0.000559
vn 0.500007 0.866021 -0.000202
vn 0.499998 0.866026 0.000058
vn 0.500004 0.866023 -0.000103
vn 0.500000 0.866025 -0.000046
vn 0.499994 0.866029 0.000126
vn 0.500005 0.866022 -0.000154
vn 0.499998 0.866026 0.000035
vn 0.499995 0.866028 0.000099
vn 0.500004 0.866023 -0.000123
vn 0.500002 0.866024 -0.000029
vn 0.499996 0.866028 0.000109
vn 0.500005 0.866023 -0.000078
vn 0.499995 0.866028 0.000074
vn 0.499999 0.866026 0.000024
vn 0.500000 0.866025 -0.000023
vn 0.500005 0.866023 -0.000086
vn 0.499997 0.866027 0.000062
vn 0.500000 0.866025 0.000000
vn 0.500000 0.866025 -0.000019
vn 0.500002 0.866024 -0.000019
vn 0.500003 0.866024 -0.000055
vn 0.500000 0.866025 0.000000
vn 0.499995 0.866028 0.000069
vn 0.500003 0.866024 -0.000050
vn 0.499998 0.866027 0.000016
vn 0.499997 0.866027 -0.000018
vn 0.500002 0.866024 0.000000
vn 0.500006 0.866022 0.000035
vn 0.499995 0.866028 -0.000026
vn 0.499997 0.866027 -0.000026
vn 0.499997 0.866027 -0.000017
vn 0.500001 0.866025 0.000009
vn 0.499988 0.866032 -0.000061
vn 0.499998 0.866026 -0.000017
vn 0.499995 0.866028 -0.000024
vn 0.500005 0.866023 0.000044
vn 0.500018 0.866015 0.000081
vn 0.499996 0.866028 -0.000018
vn 0.499991 0.866031 -0.000034
vn 0.500004 0.866023 0.000026
vn 0.500009 0.866020 0.000033
vn 0.500000 0.866025 -0.000009
vn 0.500001 0.866025 0.000000
vn 0.500000 0.866026 0.000000
vn 0.499991 0.866031 -0.000042
vn 0.500005 0.866023 0.000036
vn 0.500003 0.866024 0.000000
vn 0.500000 0.866025 0.000000
vn 0.499999 0.866026 0.000010
vn 0.499995 0.866028 -0.000027
vn 0.499993 0.866030 -0.000030
vn 0.500005 0.866022 0.000027
vn 0.500005 0.866023 0.000020
vn 0.499991 0.866031 -0.000064
vn 0.499991 0.866030 -0.000048
vn 0.500002 0.866024 0.000019
vn 0.500003 0.866023 0.000019
vn 0.500006 0.866022 0.000047
vn 0.499999 0.866026 -0.000009
vn 0.499994 0.866029 -0.000057
vn 0.500003 0.866024 0.000019
vn 0.500001 0.866025 0.000019
vn 0.500003 0.866024 0.000028
vn 0.500004 0.866023 0.000039
vn 0.500005 0.866023 0.000027
vn 0.499998 0.866026 -0.000010
vn 0.499993 0.866029 -0.000036
vn 0.500000 0.866026 -0.000010
vn 0.499999 0.866026 0.000000
vn 0.499995 0.866028 -0.000062
vn 0.500002 0.866024 0.000018
vn 0.500003 0.866023 0.000031
vn 0.500002 0.866024 0.000021
vn 0.499999 0.866026 -0.000022
vn 0.500004 0.866023 0.000045
vn 0.499995 0.866028 -0.000069
vn 0.500001 0.866025 0.000012
vn 0.500003 0.866024 0.000048
vn 0.500002 0.866024 0.000025
vn 0.500000 0.866025 0.000013
vn 0.500000 0.866026 0.000000
vn 0.499997 0.866027 -0.000055
vn 0.500007 0.866021 0.000085
vn 0.500001 0.866025 0.000015
vn 0.499998 0.866026 -0.000031
vn 0.500000 0.866025 -0.000000
vn 0.500000 0.866026 0.000000
vn 0.499999 0.866026 -0.000001
vn 0.500000 0.866026 0.000000
vn 0.500000 0.866025 -0.000003
vn 0.499989 0.866032 0.000223
vn 0.500000 0.866026 0.000006
vn 0.499997 0.866027 0.000052
vn 0.500005 0.866023 -0.000097
vn 0.499987 0.866033 0.000237
vn 0.500011 0.866019 -0.000209
vn 0.499998 0.866026 0.000030
vn 0.500001 0.866025 -0.000016
vn 0.499992 0.866030 0.000136
vn 0.500006 0.866022 -0.000114
vn 0.500052 0.865995 0.000981
vn 0.499993 0.866029 -0.000073
vn 0.500003 0.866024 0.000117
vn 0.499975 0.866040 -0.000437
vn 0.500008 0.866021 0.000166
vn 0.499996 0.866028 -0.000073
vn 0.500004 0.866023 0.000065
vn 0.500001 0.866025 0.000000
vn 0.499992 0.866030 -0.000134
vn 0.500007 0.866022 0.000123
vn 0.499998 0.866027 -0.000046
vn 0.499994 0.866029 -0.000106
vn 0.500006 0.866022 0.000120
vn 0.500002 0.866024 0.000019
vn 0.499995 0.866028 -0.000107
vn 0.500004 0.866023 0.000068
vn 0.499994 0.866029 -0.000064
vn 0.500000 0.866025 0.000002
vn 0.500046 0.865998 -0.001204
vn -0.866025 0.500000 0.000000
vn -0.866025 0.500000 0.000000
vn -0.499995 0.866028 -0.000054
vn -0.499998 0.866027 -0.000011
vn -0.500005 0.866022 0.000061
vn -0.500005 0.866022 0.000053
vn -0.499996 0.866028 -0.000048
vn -0.499998 0.866027 -0.000021
vn -0.500001 0.866025 0.000016
vn -0.500005 0.866023 0.000051
vn -0.500004 0.866023 0.000055
vn -0.499990 0.866031 -0.000090
vn -0.499994 0.866029 -0.000071
vn -0.500004 0.866023 0.000030
vn -0.500001 0.866025 0.000012
vn -0.499999 0.866026 0.000000
vn -0.499999 0.866026 -0.000005
vn -0.499999 0.866026 0.000000
vn -0.500003 0.866024 0.000038
vn -0.500003 0.866024 0.000028
vn -0.499998 0.866027 -0.000030
vn -0.499996 0.866028 -0.000037
vn -0.500000 0.866025 0.000006
vn -0.499999 0.866026 -0.000009
vn -0.499997 0.866027 -0.000037
vn -0.500000 0.866025 0.000000
vn -0.499999 0.866026 -0.000010
vn -0.500003 0.866023 0.000027
vn -0.500002 0.866024 0.000027
vn -0.500002 0.866025 0.000018
vn -0.499998 0.866026 -0.000027
vn -0.499995 0.866028 -0.000045
vn -0.500003 0.866024 0.000055
vn -0.500008 0.866021 0.000062
vn -0.500006 0.866022 0.000098
vn -0.499998 0.866027 -0.000018
vn -0.499996 0.866027 -0.000062
vn -0.499994 0.866029 -0.000044
vn -0.499996 0.866028 -0.000070
vn -0.500005 0.866022 0.000035
vn -0.500006 0.866022 0.000114
vn -0.499996 0.866028 -0.000026
vn -0.499992 0.866030 -0.000136
vn -0.500005 0.866022 0.000035
vn -0.500001 0.866025 0.000016
vn -0.500003 0.866024 0.000017
vn -0.499998 0.866026 -0.000030
vn -0.500001 0.866025 0.000009
vn -0.500011 0.866019 0.000209
vn -0.499988 0.866032 -0.000070
vn -0.499987 0.866033 -0.000237
vn -0.500001 0.866025 0.000009
vn -0.500005 0.866023 0.000097
vn -0.500009 0.866020 0.000044
vn -0.499997 0.866027 -0.000052
vn -0.500001 0.866025 0.000009
vn -0.500000 0.866026 -0.000006
vn -0.499998 0.866027 -0.000009
vn -0.499989 0.866032 -0.000223
vn -0.500000 0.866025 0.000000
vn -0.500001 0.866025 0.000000
vn -0.499996 0.866027 0.000009
vn -0.500001 0.866025 -0.000009
vn -0.500009 0.866020 -0.000044
vn -0.500001 0.866025 -0.000009
vn -0.499988 0.866032 0.000070
vn -0.499999 0.866026 -0.000009
vn -0.500005 0.866022 -0.000017
vn -0.500003 0.866024 -0.000035
vn -0.499996 0.866027 0.000026
vn -0.500005 0.866022 -0.000035
vn -0.499994 0.866029 0.000044
vn -0.499996 0.866028 0.000018
vn -0.500008 0.866021 -0.000062
vn -0.499994 0.866029 0.000045
vn -0.500002 0.866024 -0.000018
vn -0.500003 0.866023 -0.000027
vn -0.499999 0.866026 0.000000
vn -0.499999 0.866026 0.000009
vn -0.499996 0.866028 0.000037
vn -0.500003 0.866023 -0.000028
vn -0.500000 0.866026 0.000000
vn -0.500000 0.866025 0.000000
vn -0.500003 0.866023 -0.000030
vn -0.499990 0.866031 0.000090
vn -0.500005 0.866023 -0.000051
vn -0.499998 0.866027 0.000021
vn -0.500005 0.866022 -0.000053
vn -0.499999 0.866026 0.000011
vn -0.499995 0.866028 0.000055
vn -0.500005 0.866022 -0.000056
vn -0.499994 0.866029 0.000046
vn -0.500000 0.866025 -0.000012
vn -0.500005 0.866023 -0.000061
vn -0.499994 0.866029 0.000063
vn -0.500001 0.866025 -0.000013
vn -0.500000 0.866025 0.000000
vn -0.500002 0.866024 -0.000042
vn -0.499997 0.866027 0.000029
vn -0.500002 0.866024 -0.000015
vn -0.499999 0.866026 0.000047
vn -0.499999 0.866026 0.000017
vn -0.500003 0.866024 -0.000035
vn -0.499999 0.866026 0.000018
vn -0.500003 0.866024 -0.000058
vn -0.500006 0.866022 -0.000103
vn -0.499996 0.866028 0.000066
vn -0.499996 0.866028 0.000071
vn -0.500002 0.866024 -0.000025
vn -0.500003 0.866024 -0.000037
vn -0.499996 0.866028 0.000062
vn -0.500000 0.866026 0.000002
vn -0.499999 0.866026 0.000010
vn -0.500003 0.866024 -0.000037
vn -0.500002 0.866024 -0.000020
vn -0.499995 0.866028 0.000058
vn -0.499996 0.866028 0.000105
vn -0.500003 0.866024 -0.000078
vn -0.499981 0.866036 0.000487
vn -0.500008 0.866021 -0.000196
vn -0.499997 0.866027 0.000084
vn -0.500003 0.866024 -0.000067
vn -0.500001 0.866025 -0.000019
vn -0.499995 0.866028 0.000128
vn -0.500005 0.866022 -0.000128
vn -0.499998 0.866027 0.000053
vn -0.499995 0.866028 0.000105
vn -0.500006 0.866022 -0.000122
vn -0.500001 0.866025 -0.000026
vn -0.499995 0.866028 0.000104
vn -0.500004 0.866023 -0.000081
vn -0.499997 0.866027 0.000072
vn -0.499999 0.866026 0.000028
vn -0.500001 0.866025 -0.000018
vn -0.500005 0.866023 -0.000085
vn -0.499997 0.866027 0.000062
vn -0.500000 0.866026 0.000007
vn -0.500001 0.866025 -0.000013
vn -0.500001 0.866025 -0.000019
vn -0.500003 0.866024 -0.000044
vn -0.500000 0.866025 -0.000007
vn -0.499995 0.866028 0.000073
vn -0.500003 0.866024 -0.000041
vn -0.499998 0.866026 0.000029
vn -0.499997 0.866027 -0.000015
vn -0.500000 0.866025 0.000001
vn -0.500007 0.866021 0.000039
vn -0.499996 0.866028 -0.000024
vn -0.499997 0.866027 -0.000019
vn -0.499998 0.866027 -0.000014
vn -0.500001 0.866025 0.000003
vn -0.499987 0.866033 -0.000056
vn -0.499998 0.866027 -0.000013
vn -0.499994 0.866029 -0.000027
vn -0.500006 0.866022 0.000040
vn -0.500021 0.866013 0.000089
vn -0.499997 0.866027 -0.000021
vn -0.499991 0.866030 -0.000038
vn -0.500005 0.866023 0.000034
vn -0.500009 0.866020 0.000040
vn -0.500000 0.866026 -0.000002
vn -0.500000 0.866025 0.000001
vn -0.500000 0.866026 -0.000003
vn -0.499992 0.866030 -0.000038
vn -0.500005 0.866023 0.000032
vn -0.500001 0.866025 0.000003
vn -0.500000 0.866025 -0.000001
vn -0.500001 0.866025 0.000003
vn -0.499996 0.866028 -0.000033
vn -0.499992 0.866030 -0.000038
vn -0.500004 0.866023 0.000031
vn -0.500005 0.866022 0.000023
vn -0.499991 0.866030 -0.000071
vn -0.499991 0.866031 -0.000044
vn -0.500003 0.866024 0.000021
vn -0.500003 0.866024 0.000014
vn -0.500005 0.866022 0.000043
vn -0.499999 0.866026 -0.000004
vn -0.499994 0.866029 -0.000057
vn -0.500003 0.866024 0.000015
vn -0.500002 0.866024 0.000020
vn -0.500004 0.866023 0.000020
vn -0.500004 0.866023 0.000036
vn -0.500005 0.866022 0.000025
vn -0.499999 0.866026 -0.000010
vn -0.499992 0.866030 -0.000040
vn -0.500000 0.866026 -0.000002
vn -0.500000 0.866025 -0.000001
vn -0.499994 0.866029 -0.000060
vn -0.500003 0.866024 0.000015
vn -0.500004 0.866023 0.000036
vn -0.500002 0.866024 0.000025
vn -0.499998 0.866027 -0.000028
vn -0.500004 0.866023 0.000040
vn -0.499994 0.866029 -0.000071
vn -0.500001 0.866025 0.000007
vn -0.500004 0.866023 0.000043
vn -0.500002 0.866024 0.000018
vn -0.500001 0.866025 0.000013
vn -0.500000 0.866026 -0.000007
vn -0.499996 0.866028 -0.000060
vn -0.500006 0.866022 0.000082
vn -0.500001 0.866025 0.000017
vn -0.499998 0.866026 -0.000028
vn -0.500000 0.866025 -0.000000
vn -0.500000 0.866026 0.000000
vn -0.499999 0.866026 -0.000001
vn -0.500000 0.866026 0.000000
vn -0.500000 0.866025 -0.000003
vn -0.499994 0.866029 0.000119
vn -0.500004 0.866023 0.000000
vn -0.499996 0.866027 0.000065
vn -0.500006 0.866022 -0.000106
vn -0.499985 0.866034 0.000224
vn -0.500011 0.866019 -0.000194
vn -0.499998 0.866027 0.000000
vn -0.500002 0.866024 0.000000
vn -0.499991 0.866031 0.000112
vn -0.500006 0.866022 -0.000102
vn -0.500050 0.865996 0.000978
vn -0.499995 0.866028 -0.000091
vn -0.500004 0.866023 0.000069
vn -0.499977 0.866039 -0.000442
vn -0.500010 0.866020 0.000179
vn -0.499996 0.866028 -0.000078
vn -0.500004 0.866023 0.000062
vn -0.500001 0.866025 0.000017
vn -0.499993 0.866029 -0.000122
vn -0.500007 0.866021 0.000121
vn -0.499997 0.866027 -0.000051
vn -0.499994 0.866029 -0.000101
vn -0.500007 0.866021 0.000117
vn -0.500002 0.866024 0.000025
vn -0.499994 0.866029 -0.000100
vn -0.500005 0.866022 0.000078
vn -0.499996 0.866028 -0.000070
vn -0.500000 0.866025 0.000002
vn -0.500053 0.865994 -0.001264
vn -0.500001 -0.866025 -0.000013
vn -0.499997 -0.866027 0.000043
vn -0.500000 -0.866025 -0.000004
vn -0.500002 -0.866024 -0.000032
vn -0.499999 -0.866026 0.000013
vn -0.499999 -0.866026 0.000000
vn -0.500001 -0.866025 -0.000011
vn -0.500001 -0.866025 0.000000
vn -0.500001 -0.866025 -0.000013
vn -0.500002 -0.866024 -0.000010
vn -0.499998 -0.866026 0.000022
vn -0.499996 -0.866028 0.000030
vn -0.500003 -0.866024 -0.000034
vn -0.500002 -0.866024 -0.000029
vn -0.499998 -0.866027 0.000033
vn -0.499997 -0.866027 0.000029
vn -0.499999 -0.866026 0.000020
vn -0.500003 -0.866024 -0.000028
vn -0.500000 -0.866026 0.000006
vn -0.499999 -0.866026 0.000000
vn -0.500000 -0.866025 -0.000008
vn -0.500001 -0.866025 0.000000
vn -0.500000 -0.866025 -0.000003
vn -0.499998 -0.866027 0.000009
vn -0.500005 -0.866023 -0.000070
vn -0.500002 -0.866024 -0.000009
vn -0.499995 -0.866029 0.000087
vn -0.499997 -0.866027 0.000018
vn -0.500000 -0.866025 -0.000005
vn -0.500001 -0.866025 -0.000018
vn -0.500003 -0.866024 -0.000053
vn -0.499994 -0.866029 0.000036
vn -0.500002 -0.866024 -0.000039
vn -0.500000 -0.866025 0.000009
vn -0.499997 -0.866027 0.000055
vn -0.500003 -0.866024 -0.000018
vn -0.500001 -0.866025 -0.000009
vn -0.500004 -0.866023 -0.000018
vn -0.499999 -0.866026 0.000022
vn -0.500001 -0.866025 0.000000
vn -0.499998 -0.866027 0.000035
vn -0.500002 -0.866024 -0.000009
vn -0.499999 -0.866026 0.000019
vn -0.499996 -0.866028 0.000017
vn -0.500001 -0.866025 -0.000019
vn -0.500001 -0.866025 0.000000
vn -0.500004 -0.866023 -0.000083
vn -0.499996 -0.866028 0.000018
vn -0.499996 -0.866028 0.000082
vn -0.500004 -0.866023 -0.000026
vn -0.500000 -0.866025 -0.000004
vn -0.500002 -0.866024 -0.000009
vn -0.500007 -0.866022 -0.000128
vn -0.499995 -0.866028 0.000018
vn -0.499991 -0.866031 0.000178
vn -0.500002 -0.866024 -0.000018
vn -0.499997 -0.866027 0.000062
vn -0.500000 -0.866025 -0.000000
vn -0.500001 -0.866025 0.000000
vn -0.500002 -0.866024 0.000018
vn -0.499995 -0.866028 -0.000018
vn -0.500002 -0.866024 0.000009
vn -0.500004 -0.866023 0.000026
vn -0.499997 -0.866027 -0.000018
vn -0.499999 -0.866026 0.000000
vn -0.499998 -0.866027 -0.000017
vn -0.500000 -0.866025 0.000009
vn -0.500001 -0.866025 0.000000
vn -0.500003 -0.866024 0.000018
vn -0.500002 -0.866024 0.000018
vn -0.499999 -0.866026 -0.000009
vn -0.499995 -0.866028 -0.000036
vn -0.500003 -0.866024 0.000018
vn -0.499998 -0.866027 -0.000018
vn -0.500002 -0.866024 0.000009
vn -0.499998 -0.866026 -0.000009
vn -0.500000 -0.866025 0.000000
vn -0.500000 -0.866026 0.000000
vn -0.500004 -0.866023 0.000028
vn -0.499997 -0.866027 -0.000029
vn -0.500003 -0.866024 0.000029
vn -0.499996 -0.866027 -0.000030
vn -0.500002 -0.866024 0.000010
vn -0.500001 -0.866025 0.000000
vn -0.499999 -0.866026 0.000000
vn -0.500004 -0.866023 0.000032
vn -0.499996 -0.866027 -0.000043
vn -0.500002 -0.866024 0.000011
vn -0.500001 -0.866025 0.000000
vn -0.499999 -0.866026 -0.000012
vn -0.500001 -0.866025 0.000000
vn -0.500001 -0.866025 0.000012
vn -0.499997 -0.866027 -0.000025
vn -0.500004 -0.866023 0.000052
vn -0.499997 -0.866027 -0.000040
vn -0.499998 -0.866027 -0.000014
vn -0.499999 -0.866026 -0.000014
vn -0.500003 -0.866024 0.000030
vn -0.500001 -0.866025 0.000000
vn -0.500004 -0.866023 0.000066
vn -0.499995 -0.866028 -0.000087
vn -0.500001 -0.866025 0.000018
vn -0.500002 -0.866024 0.000039
vn -0.500004 -0.866023 0.000041
vn -0.499997 -0.866027 -0.000066
vn -0.500002 -0.866024 0.000024
vn -0.499998 -0.866026 -0.000027
vn -0.500002 -0.866024 0.000023
vn -0.499998 -0.866026 -0.000025
vn -0.500001 -0.866025 0.000010
vn -0.500002 -0.866024 0.000024
vn -0.499998 -0.866027 -0.000029
vn -0.500002 -0.866024 0.000022
vn -0.499998 -0.866027 -0.000027
vn -0.500007 -0.866021 0.000182
vn -0.499993 -0.866029 -0.000175
vn -0.500009 -0.866020 0.000228
vn -0.499999 -0.866026 -0.000028
vn -0.500001 -0.866025 0.000023
vn -0.499995 -0.866028 -0.000130
vn -0.499998 -0.866027 -0.000054
vn -0.500001 -0.866025 0.000027
vn -0.500005 -0.866023 0.000119
vn -0.499998 -0.866027 -0.000047
vn -0.499999 -0.866026 -0.000028
vn -0.500001 -0.866025 0.000028
vn -0.500000 -0.866025 0.000009
vn -0.499997 -0.866027 -0.000064
vn -0.500001 -0.866025 0.000023
vn -0.499999 -0.866026 -0.000029
vn -0.500004 -0.866023 0.000075
vn -0.499999 -0.866026 -0.000019
vn -0.499998 -0.866026 -0.000033
vn -0.500002 -0.866024 0.000030
vn -0.500001 -0.866025 0.000019
vn -0.499997 -0.866027 -0.000052
vn -0.500003 -0.866024 0.000044
vn -0.499998 -0.866027 -0.000041
vn -0.500003 -0.866024 0.000043
vn -0.499998 -0.866026 -0.000027
vn -0.500001 -0.866025 0.000018
vn -0.500000 -0.866026 -0.000007
vn -0.500002 -0.866024 -0.000008
vn -0.499995 -0.866028 0.000027
vn -0.500003 -0.866024 -0.000017
vn -0.499999 -0.866026 0.000006
vn -0.499997 -0.866027 0.000016
vn -0.500004 -0.866023 -0.000027
vn -0.499996 -0.866028 0.000024
vn -0.499988 -0.866032 0.000049
vn -0.500001 -0.866025 -0.000004
vn -0.500008 -0.866021 -0.000034
vn -0.500002 -0.866024 -0.000014
vn -0.500004 -0.866023 -0.000015
vn -0.499999 -0.866026 0.000006
vn -0.499989 -0.866032 0.000048
vn -0.499997 -0.866027 0.000018
vn -0.500003 -0.866023 -0.000014
vn -0.500003 -0.866024 -0.000017
vn -0.500002 -0.866024 -0.000010
vn -0.500000 -0.866026 0.000003
vn -0.499998 -0.866027 0.000008
vn -0.500001 -0.866025 -0.000007
vn -0.500001 -0.866025 -0.000003
vn -0.499999 -0.866026 0.000008
vn -0.499996 -0.866028 0.000020
vn -0.499999 -0.866026 0.000011
vn -0.500004 -0.866023 -0.000020
vn -0.500005 -0.866023 -0.000039
vn -0.500001 -0.866024 -0.000006
vn -0.499999 -0.866026 0.000012
vn -0.499997 -0.866027 0.000015
vn -0.499997 -0.866027 0.000026
vn -0.499999 -0.866026 0.000005
vn -0.500005 -0.866023 -0.000038
vn -0.500006 -0.866022 -0.000026
vn -0.499997 -0.866027 0.000027
vn -0.499994 -0.866029 0.000028
vn -0.500003 -0.866024 -0.000022
vn -0.500003 -0.866023 -0.000017
vn -0.499997 -0.866027 0.000028
vn -0.500001 -0.866025 -0.000006
vn -0.500003 -0.866024 -0.000024
vn -0.499997 -0.866027 0.000018
vn -0.500001 -0.866025 -0.000010
vn -0.500005 -0.866022 -0.000028
vn -0.499998 -0.866027 0.000024
vn -0.499999 -0.866026 0.000008
vn -0.500002 -0.866024 -0.000022
vn -0.499998 -0.866027 0.000026
vn -0.499999 -0.866026 0.000007
vn -0.500002 -0.866024 -0.000018
vn -0.499998 -0.866027 0.000026
vn -0.500004 -0.866023 -0.000041
vn -0.499997 -0.866027 0.000040
vn -0.500004 -0.866023 -0.000043
vn -0.499996 -0.866028 0.000051
vn -0.500001 -0.866025 -0.000018
vn -0.500002 -0.866024 -0.000029
vn -0.499998 -0.866027 0.000032
vn -0.499999 -0.866026 0.000018
vn -0.500005 -0.866023 -0.000072
vn -0.500000 -0.866025 0.000000
vn -0.500000 -0.866026 0.000000
vn -0.499999 -0.866026 0.000001
vn -0.500000 -0.866026 -0.000000
vn -0.500000 -0.866025 0.000002
vn -0.499994 -0.866029 -0.000119
vn -0.499990 -0.866031 -0.000167
vn -0.500007 -0.866021 0.000130
vn -0.499996 -0.866028 0.000053
vn -0.499995 -0.866028 -0.000090
vn -0.500002 -0.866024 0.000078
vn -0.500001 -0.866025 0.000000
vn -0.499999 -0.866026 -0.000031
vn -0.499997 -0.866027 -0.000056
vn -0.500001 -0.866025 0.000000
vn -0.500005 -0.866023 -0.000091
vn -0.500008 -0.866021 -0.000156
vn -0.499992 -0.866030 0.000156
vn -0.500011 -0.866019 -0.000206
vn -0.499999 -0.866026 0.000026
vn -0.500001 -0.866025 -0.000021
vn -0.499994 -0.866029 0.000122
vn -0.499997 -0.866027 0.000052
vn -0.500002 -0.866024 -0.000025
vn -0.500007 -0.866022 -0.000113
vn -0.499997 -0.866027 0.000045
vn -0.499999 -0.866026 0.000027
vn -0.500002 -0.866024 -0.000026
vn -0.500001 -0.866025 -0.000009
vn -0.499996 -0.866028 0.000062
vn -0.500002 -0.866024 -0.000022
vn -0.499998 -0.866026 0.000029
vn -0.500000 -0.866025 -0.000001
vn -0.500002 -0.866024 0.000181
vn 0.866025 0.500000 0.000000
vn 0.866025 0.500000 -0.000000
vn 0.500001 -0.866025 -0.000013
vn 0.499997 -0.866027 0.000038
vn 0.500000 -0.866025 -0.000004
vn 0.500003 -0.866024 -0.000032
vn 0.499999 -0.866026 0.000013
vn 0.500000 -0.866025 -0.000002
vn 0.500001 -0.866025 -0.000011
vn 0.500000 -0.866026 0.000004
vn 0.500001 -0.866025 -0.000013
vn 0.500002 -0.866024 -0.000020
vn 0.499998 -0.866026 0.000022
vn 0.499997 -0.866027 0.000028
vn 0.500003 -0.866024 -0.000034
vn 0.500003 -0.866024 -0.000024
vn 0.499998 -0.866027 0.000033
vn 0.499997 -0.866027 0.000030
vn 0.499999 -0.866026 0.000020
vn 0.500003 -0.866023 -0.000029
vn 0.499999 -0.866026 0.000006
vn 0.500000 -0.866025 -0.000002
vn 0.500001 -0.866025 -0.000008
vn 0.500000 -0.866025 -0.000002
vn 0.500000 -0.866025 -0.000003
vn 0.499998 -0.866027 0.000017
vn 0.500005 -0.866023 -0.000070
vn 0.500001 -0.866025 -0.000008
vn 0.499995 -0.866029 0.000087
vn 0.499998 -0.866027 0.000018
vn 0.500000 -0.866025 -0.000005
vn 0.500002 -0.866024 -0.000016
vn 0.500003 -0.866024 -0.000054
vn 0.499996 -0.866028 0.000031
vn 0.500002 -0.866024 -0.000039
vn 0.500000 -0.866025 0.000002
vn 0.499997 -0.866027 0.000055
vn 0.500002 -0.866024 -0.000011
vn 0.500001 -0.866025 -0.000009
vn 0.500003 -0.866023 -0.000023
vn 0.499999 -0.866026 0.000022
vn 0.499998 -0.866026 0.000010
vn 0.499998 -0.866027 0.000035
vn 0.500003 -0.866024 -0.000017
vn 0.499999 -0.866026 0.000019
vn 0.499996 -0.866028 0.000025
vn 0.500001 -0.866025 -0.000019
vn 0.500001 -0.866025 -0.000009
vn 0.500004 -0.866023 -0.000083
vn 0.499998 -0.866027 0.000012
vn 0.499996 -0.866028 0.000083
vn 0.500003 -0.866024 -0.000016
vn 0.500000 -0.866025 -0.000004
vn 0.500001 -0.866025 -0.000009
vn 0.500007 -0.866022 -0.000128
vn 0.499996 -0.866028 0.000026
vn 0.499991 -0.866031 0.000178
vn 0.500003 -0.866024 -0.000016
vn 0.499997 -0.866027 0.000062
vn 0.500000 -0.866025 0.000000
vn 0.500000 -0.866025 0.000000
vn 0.500003 -0.866024 0.000016
vn 0.499995 -0.866028 -0.000026
vn 0.500001 -0.866025 0.000009
vn 0.500003 -0.866024 0.000016
vn 0.499998 -0.866027 -0.000012
vn 0.500001 -0.866025 0.000009
vn 0.499996 -0.866028 -0.000025
vn 0.500003 -0.866024 0.000017
vn 0.499999 -0.866026 -0.000010
vn 0.500003 -0.866023 0.000023
vn 0.500002 -0.866024 0.000011
vn 0.500000 -0.866025 -0.000002
vn 0.499996 -0.866028 -0.000031
vn 0.500002 -0.866024 0.000016
vn 0.499998 -0.866027 -0.000018
vn 0.500001 -0.866025 0.000008
vn 0.499998 -0.866027 -0.000017
vn 0.500000 -0.866025 0.000002
vn 0.500000 -0.866025 0.000002
vn 0.500003 -0.866023 0.000029
vn 0.499997 -0.866027 -0.000030
vn 0.500003 -0.866024 0.000024
vn 0.499997 -0.866027 -0.000028
vn 0.500002 -0.866024 0.000020
vn 0.500000 -0.866026 -0.000004
vn 0.500000 -0.866025 0.000002
vn 0.500003 -0.866024 0.000032
vn 0.499997 -0.866027 -0.000038
vn 0.500001 -0.866025 0.000013
vn 0.500000 -0.866025 0.000004
vn 0.499999 -0.866026 -0.000013
vn 0.500001 -0.866025 0.000011
vn 0.500001 -0.866025 0.000013
vn 0.499998 -0.866026 -0.000022
vn 0.500003 -0.866024 0.000034
vn 0.499998 -0.866027 -0.000033
vn 0.499999 -0.866026 -0.000020
vn 0.499999 -0.866026 -0.000006
vn 0.500001 -0.866025 0.000008
vn 0.500000 -0.866025 0.000003
vn 0.500005 -0.866023 0.000070
vn 0.499994 -0.866029 -0.000087
vn 0.500000 -0.866025 0.000005
vn 0.500003 -0.866024 0.000054
vn 0.500002 -0.866024 0.000039
vn 0.499997 -0.866027 -0.000055
vn 0.500001 -0.866025 0.000009
vn 0.499999 -0.866026 -0.000016
vn 0.500001 -0.866025 0.000016
vn 0.499998 -0.866026 -0.000015
vn 0.500001 -0.866025 0.000015
vn 0.500002 -0.866024 0.000015
vn 0.499997 -0.866027 -0.000015
vn 0.500003 -0.866024 0.000029
vn 0.499997 -0.866027 -0.000028
vn 0.500004 -0.866023 0.000127
vn 0.499993 -0.866029 -0.000196
vn 0.500011 -0.866019 0.000240
vn 0.499997 -0.866027 0.000000
vn 0.500001 -0.866025 0.000000
vn 0.499998 -0.866026 -0.000103
vn 0.499998 -0.866027 -0.000093
vn 0.500002 -0.866025 0.000000
vn 0.500006 -0.866022 0.000115
vn 0.500000 -0.866026 -0.000035
vn 0.499998 -0.866027 0.000000
vn 0.500001 -0.866024 0.000031
vn 0.499999 -0.866026 0.000000
vn 0.499997 -0.866027 -0.000082
vn 0.500000 -0.866025 0.000026
vn 0.499999 -0.866026 0.000000
vn 0.500004 -0.866023 0.000071
vn 0.499999 -0.866026 -0.000023
vn 0.499997 -0.866027 -0.000043
vn 0.500002 -0.866024 0.000021
vn 0.500003 -0.866024 0.000040
vn 0.499996 -0.866028 -0.000058
vn 0.500003 -0.866024 0.000056
vn 0.499998 -0.866027 -0.000036
vn 0.500003 -0.866024 0.000053
vn 0.499998 -0.866027 -0.000034
vn 0.500001 -0.866025 0.000034
vn 0.499999 -0.866026 -0.000016
vn 0.500001 -0.866025 0.000000
vn 0.499996 -0.866028 0.000018
vn 0.500003 -0.866024 -0.000009
vn 0.500000 -0.866025 0.000000
vn 0.499998 -0.866026 0.000009
vn 0.500003 -0.866024 -0.000017
vn 0.499998 -0.866027 0.000026
vn 0.499988 -0.866032 0.000049
vn 0.500002 -0.866024 -0.000009
vn 0.500008 -0.866021 -0.000036
vn 0.500002 -0.866024 -0.000009
vn 0.500005 -0.866022 -0.000023
vn 0.499999 -0.866026 0.000000
vn 0.499985 -0.866034 0.000067
vn 0.499998 -0.866027 0.000026
vn 0.500004 -0.866023 -0.000022
vn 0.500002 -0.866024 -0.000009
vn 0.500001 -0.866025 -0.000011
vn 0.499999 -0.866026 0.000000
vn 0.499999 -0.866026 0.000011
vn 0.500001 -0.866025 -0.000009
vn 0.500001 -0.866025 0.000000
vn 0.499998 -0.866026 0.000009
vn 0.499996 -0.866027 0.000010
vn 0.499999 -0.866026 0.000018
vn 0.500007 -0.866021 -0.000030
vn 0.500006 -0.866022 -0.000055
vn 0.499999 -0.866026 0.000000
vn 0.499997 -0.866027 0.000018
vn 0.499997 -0.866027 0.000010
vn 0.499997 -0.866027 0.000028
vn 0.500000 -0.866026 0.000010
vn 0.500005 -0.866023 -0.000038
vn 0.500003 -0.866024 -0.000028
vn 0.499996 -0.866028 0.000029
vn 0.499995 -0.866028 0.000019
vn 0.500003 -0.866024 -0.000019
vn 0.500002 -0.866024 -0.000009
vn 0.499997 -0.866027 0.000020
vn 0.500002 -0.866024 0.000000
vn 0.500001 -0.866025 -0.000020
vn 0.499996 -0.866027 0.000009
vn 0.500001 -0.866025 -0.000010
vn 0.500005 -0.866023 -0.000018
vn 0.500000 -0.866026 0.000021
vn 0.499998 -0.866027 0.000000
vn 0.500001 -0.866025 -0.000010
vn 0.499999 -0.866026 0.000021
vn 0.499999 -0.866026 0.000011
vn 0.500002 -0.866024 -0.000033
vn 0.499998 -0.866026 0.000034
vn 0.500002 -0.866024 -0.000035
vn 0.499997 -0.866027 0.000024
vn 0.500004 -0.866023 -0.000037
vn 0.499996 -0.866028 0.000051
vn 0.500003 -0.866024 -0.000026
vn 0.500004 -0.866023 -0.000027
vn 0.499997 -0.866027 0.000043
vn 0.499999 -0.866026 0.000000
vn 0.500003 -0.866023 -0.000062
vn 0.500000 -0.866025 0.000000
vn 0.500000 -0.866026 0.000000
vn 0.499999 -0.866026 0.000001
vn 0.500000 -0.866026 0.000000
vn 0.500000 -0.866025 0.000002
vn 0.499997 -0.866027 -0.000062
vn 0.499991 -0.866031 -0.000178
vn 0.500007 -0.866022 0.000128
vn 0.500000 -0.866025 0.000004
vn 0.499996 -0.866028 -0.000083
vn 0.500004 -0.866023 0.000083
vn 0.500001 -0.866025 0.000019
vn 0.499999 -0.866026 -0.000019
vn 0.499998 -0.866027 -0.000035
vn 0.499999 -0.866026 -0.000022
vn 0.500001 -0.866025 -0.000098
vn 0.500005 -0.866023 -0.000146
vn 0.499994 -0.866029 0.000175
vn 0.500014 -0.866018 -0.000194
vn 0.499997 -0.866027 0.000042
vn 0.500003 -0.866024 0.000000
vn 0.499996 -0.866028 0.000097
vn 0.499998 -0.866026 0.000059
vn 0.500002 -0.866024 -0.000027
vn 0.500008 -0.866021 -0.000098
vn 0.499998 -0.866026 0.000023
vn 0.499999 -0.866026 0.000021
vn 0.500003 -0.866024 0.000000
vn 0.499999 -0.866026 0.000000
vn 0.499997 -0.866027 0.000071
vn 0.500001 -0.866024 -0.000017
vn 0.499999 -0.866026 0.000016
vn 0.500000 -0.866025 -0.000001
vn 0.500004 -0.866023 0.000114
vn 0.500000 0.866026 0.000002
vn 0.499996 0.866028 0.000047
vn 0.499997 0.866027 0.000029
vn 0.499998 0.866026 0.000017
vn 0.500001 0.866024 -0.000015
vn 0.500003 0.866024 -0.000039
vn 0.500004 0.866023 -0.000039
vn 0.500001 0.866025 -0.000019
vn 0.500002 0.866024 -0.000021
vn 0.500004 0.866023 -0.000052
vn 0.499996 0.866028 0.000037
vn 0.499996 0.866028 0.000057
vn 0.500002 0.866024 -0.000017
vn 0.500002 0.866024 -0.000030
vn 0.499997 0.866027 0.000028
vn 0.499995 0.866028 0.000065
vn 0.500004 0.866023 -0.000034
vn 0.500004 0.866023 -0.000053
vn 0.499997 0.866027 0.000021
vn 0.499998 0.866026 0.000024
vn 0.499997 0.866027 0.000028
vn 0.499992 0.866030 0.000113
vn 0.500011 0.866019 -0.000089
vn 0.500012 0.866018 -0.000184
vn 0.499992 0.866030 0.000059
vn 0.500000 0.866025 -0.000002
vn 0.500004 0.866023 -0.000032
vn 0.499990 0.866031 0.000163
vn 0.500000 0.866026 0.000001
vn 0.500001 0.866025 -0.000025
vn 0.500001 0.866024 -0.000012
vn 0.500008 0.866021 -0.000133
vn 0.499999 0.866026 0.000003
vn 0.499997 0.866027 0.000048
vn 0.499996 0.866028 0.000025
vn 0.500000 0.866026 0.000002
vn 0.500002 0.866024 -0.000017
vn 0.500004 0.866023 -0.000079
vn 0.500000 0.866026 0.000001
vn 0.499993 0.866030 0.000046
vn 0.500008 0.866021 -0.000053
vn 0.499997 0.866027 0.000019
vn 0.500005 0.866023 -0.000032
vn 0.499989 0.866032 0.000068
vn 0.499999 0.866026 0.000004
vn 0.500003 0.866023 -0.000020
vn 0.500004 0.866023 -0.000024
vn 0.500001 0.866025 -0.000008
vn 0.499998 0.866026 0.000008
vn 0.499995 0.866028 0.000024
vn 0.499996 0.866028 0.000020
vn 0.500001 0.866025 -0.000005
vn 0.500014 0.866017 -0.000071
vn 0.500000 0.866026 0.000000
vn 0.499993 0.866029 0.000034
vn 0.499993 0.866030 -0.000019
vn 0.500019 0.866015 0.000050
vn 0.499984 0.866035 -0.000043
vn 0.500000 0.866026 -0.000001
vn 0.500006 0.866022 0.000016
vn 0.499991 0.866030 -0.000023
vn 0.499999 0.866026 -0.000002
vn 0.500004 0.866023 0.000011
vn 0.500000 0.866026 -0.000001
vn 0.500010 0.866020 0.000029
vn 0.499982 0.866036 -0.000053
vn 0.500027 0.866010 0.000080
vn 0.499992 0.866030 -0.000025
vn 0.499994 0.866029 -0.000019
vn 0.500010 0.866020 0.000030
vn 0.499992 0.866030 -0.000024
vn 0.500005 0.866023 0.000015
vn 0.499990 0.866031 -0.000031
vn 0.500006 0.866022 0.000018
vn 0.500010 0.866020 0.000033
vn 0.500004 0.866023 0.000013
vn 0.499993 0.866030 -0.000024
vn 0.499999 0.866026 -0.000002
vn 0.499989 0.866032 -0.000038
vn 0.499996 0.866028 -0.000013
vn 0.500009 0.866020 0.000031
vn 0.500004 0.866023 0.000015
vn 0.500012 0.866019 0.000041
vn 0.499987 0.866033 -0.000044
vn 0.500006 0.866022 0.000023
vn 0.499986 0.866033 -0.000049
vn 0.500011 0.866019 0.000040
vn 0.499995 0.866028 -0.000017
vn 0.499978 0.866038 -0.000082
vn 0.500035 0.866005 0.000131
vn 0.500000 0.866025 0.000001
vn 0.499971 0.866042 -0.000112
vn 0.500004 0.866023 0.000017
vn 0.500022 0.866013 0.000087
vn 0.499992 0.866030 -0.000031
vn 0.500000 0.866026 -0.000001
vn 0.500012 0.866018 0.000048
vn 0.499979 0.866037 -0.000082
vn 0.500016 0.866016 0.000063
vn 0.499984 0.866035 -0.000066
vn 0.499987 0.866033 -0.000052
vn 0.499996 0.866027 -0.000014
vn 0.500052 0.865996 0.000212
vn 0.499945 0.866057 -0.000226
vn 0.500010 0.866020 0.000042
vn 0.500052 0.865995 0.000215
vn 0.500009 0.866020 0.000047
vn 0.500006 0.866022 0.000028
vn 0.499985 0.866034 -0.000083
vn 0.500016 0.866016 0.000082
vn 0.499998 0.866027 -0.000018
vn 0.499996 0.866027 -0.000018
vn 0.500001 0.866025 0.000000
vn 0.500002 0.866024 0.000018
vn 0.500001 0.866025 0.000018
vn 0.499987 0.866033 -0.000079
vn 0.500013 0.866018 0.000079
vn 0.499995 0.866028 -0.000026
vn 0.499993 0.866029 -0.000044
vn 0.500011 0.866019 0.000079
vn 0.499987 0.866033 -0.000079
vn 0.500001 0.866025 0.000009
vn 0.500010 0.866020 0.000061
vn 0.499995 0.866028 -0.000026
vn 0.500004 0.866023 0.000027
vn 0.499989 0.866032 -0.000080
vn 0.500009 0.866020 0.000063
vn 0.499999 0.866026 -0.000009
vn 0.499996 0.866028 -0.000036
vn 0.500009 0.866020 0.000073
vn 0.499996 0.866028 -0.000037
vn 0.499993 0.866030 -0.000065
vn 0.500009 0.866020 0.000085
vn 0.499992 0.866030 -0.000077
vn 0.500009 0.866020 0.000078
vn 0.500004 0.866023 0.000039
vn 0.499994 0.866029 -0.000050
vn 0.500001 0.866025 -0.000010
vn 0.500000 0.866025 0.000010
vn 0.499998 0.866027 -0.000021
vn 0.500001 0.866025 0.000000
vn 0.500004 0.866023 0.000022
vn 0.499995 0.866028 -0.000056
vn 0.500001 0.866025 0.000035
vn 0.499996 0.866028 -0.000048
vn 0.499999 0.866026 0.000000
vn 0.499999 0.866026 0.000000
vn 0.500009 0.866020 0.000130
vn 0.499997 0.866027 -0.000040
vn 0.499997 0.866027 -0.000028
vn 0.500000 0.866025 0.000014
vn 0.500001 0.866025 0.000015
vn 0.499999 0.866026 0.000000
vn 0.499999 0.866026 0.000000
vn 0.500008 0.866021 0.000121
vn 0.499986 0.866033 -0.000219
vn 0.500003 0.866023 0.000077
vn 0.500003 0.866024 0.000062
vn 0.499996 0.866028 -0.000088
vn 0.500000 0.866026 -0.000024
vn 0.499999 0.866026 -0.000026
vn 0.500006 0.866022 0.000168
vn 0.499987 0.866033 -0.000246
vn 0.499990 0.866031 0.000033
vn 0.500019 0.866015 -0.000066
vn 0.499986 0.866034 0.000033
vn 0.499995 0.866028 0.000008
vn 0.500018 0.866015 -0.000057
vn 0.499972 0.866042 0.000074
vn 0.500012 0.866018 -0.000025
vn 0.499992 0.866030 0.000025
vn 0.500019 0.866014 -0.000058
vn 0.500002 0.866024 -0.000008
vn 0.499974 0.866040 0.000075
vn 0.500028 0.866009 -0.000075
vn 0.500003 0.866024 0.000025
vn 0.500050 0.865997 -0.000184
vn 0.500000 0.866026 0.000021
vn 0.499983 0.866035 0.000060
vn 0.500013 0.866018 -0.000056
vn 0.500004 0.866023 -0.000035
vn 0.499971 0.866042 0.000133
vn 0.500025 0.866011 -0.000095
vn 0.499998 0.866027 0.000015
vn 0.499994 0.866029 0.000014
vn 0.499992 0.866030 0.000055
vn 0.500008 0.866021 -0.000040
vn 0.500007 0.866021 -0.000051
vn 0.499962 0.866048 0.000149
vn 0.500024 0.866011 -0.000084
vn 0.499995 0.866028 0.000000
vn 0.499998 0.866027 0.000000
vn 0.500000 0.866026 0.000000
vn 0.499998 0.866026 -0.000011
vn 0.500001 0.866025 -0.000011
vn 0.499997 0.866027 0.000021
vn 0.499989 0.866032 0.000031
vn 0.500021 0.866013 -0.000100
vn 0.500001 0.866025 0.000000
vn 0.499999 0.866026 0.000000
vn 0.499991 0.866030 0.000038
vn 0.500006 0.866022 -0.000028
vn 0.499986 0.866033 0.000046
vn 0.500009 0.866021 -0.000018
vn 0.500000 0.866026 0.000000
vn 0.499990 0.866031 0.000018
vn 0.500003 0.866024 -0.000009
vn 0.499998 0.866026 0.000009
vn 0.499988 0.866033 0.000043
vn 0.500008 0.866021 -0.000034
vn 0.500025 0.866011 -0.000067
vn 0.499978 0.866038 0.000067
vn 0.500023 0.866012 -0.000075
vn 0.499980 0.866037 0.000058
vn 0.500000 0.866026 0.000002
vn 0.500041 0.866001 -0.000806
vn 0.500006 0.866022 -0.000127
vn 0.499969 0.866043 0.000594
vn 0.500026 0.866010 -0.000500
vn 0.499998 0.866026 0.000030
vn 0.499994 0.866029 0.000105
vn 0.499993 0.866029 0.000126
vn 0.500006 0.866022 -0.000114
vn 0.499992 0.866030 0.000142
vn 0.499950 0.866054 -0.000949
vn 0.499994 0.866029 -0.000084
vn 0.500026 0.866010 0.000519
vn 0.499996 0.866028 -0.000053
vn 0.499992 0.866030 -0.000134
vn 0.500008 0.866021 0.000117
vn 0.500004 0.866023 0.000069
vn 0.500000 0.866025 -0.000000
vn 0.499948 0.866055 0.000214
vn -0.866025 0.500000 0.000000
vn -0.866025 0.500000 0.000000
vn -0.866025 0.500000 0.000000
vn -0.500000 0.866026 0.000002
vn -0.499996 0.866028 0.000045
vn -0.499997 0.866027 0.000029
vn -0.499997 0.866027 0.000023
vn -0.500001 0.866024 -0.000015
vn -0.500003 0.866024 -0.000035
vn -0.500004 0.866023 -0.000039
vn -0.500001 0.866025 -0.000024
vn -0.500002 0.866024 -0.000021
vn -0.500003 0.866023 -0.000062
vn -0.499996 0.866028 0.000037
vn -0.499995 0.866028 0.000064
vn -0.500002 0.866024 -0.000017
vn -0.500002 0.866024 -0.000040
vn -0.499997 0.866027 0.000028
vn -0.499996 0.866027 0.000068
vn -0.500004 0.866023 -0.000034
vn -0.500004 0.866023 -0.000057
vn -0.499997 0.866027 0.000021
vn -0.499998 0.866027 0.000030
vn -0.499997 0.866027 0.000028
vn -0.499993 0.866029 0.000108
vn -0.500011 0.866019 -0.000089
vn -0.500012 0.866019 -0.000177
vn -0.499992 0.866030 0.000059
vn -0.500000 0.866026 0.000000
vn -0.500004 0.866023 -0.000032
vn -0.499991 0.866031 0.000160
vn -0.500000 0.866026 0.000001
vn -0.500001 0.866025 -0.000038
vn -0.500001 0.866025 -0.000012
vn -0.500009 0.866020 -0.000140
vn -0.499999 0.866026 0.000003
vn -0.499998 0.866027 0.000043
vn -0.499996 0.866028 0.000025
vn -0.500002 0.866024 0.000000
vn -0.500002 0.866024 -0.000017
vn -0.500006 0.866022 -0.000074
vn -0.500000 0.866026 0.000001
vn -0.499993 0.866030 0.000046
vn -0.500008 0.866021 -0.000053
vn -0.499997 0.866027 0.000019
vn -0.500005 0.866023 -0.000032
vn -0.499989 0.866032 0.000068
vn -0.499999 0.866026 0.000004
vn -0.500003 0.866024 -0.000020
vn -0.500004 0.866023 -0.000024
vn -0.500001 0.866025 -0.000008
vn -0.499998 0.866026 0.000008
vn -0.499995 0.866028 0.000024
vn -0.499996 0.866028 0.000020
vn -0.500001 0.866025 -0.000005
vn -0.500014 0.866017 -0.000071
vn -0.500000 0.866026 0.000000
vn -0.499993 0.866029 0.000034
vn -0.499993 0.866030 -0.000019
vn -0.500019 0.866015 0.000050
vn -0.499984 0.866035 -0.000043
vn -0.500000 0.866026 -0.000001
vn -0.500006 0.866022 0.000016
vn -0.499991 0.866030 -0.000023
vn -0.499999 0.866026 -0.000002
vn -0.500004 0.866023 0.000011
vn -0.500000 0.866026 -0.000001
vn -0.500010 0.866020 0.000029
vn -0.499982 0.866036 -0.000053
vn -0.500027 0.866010 0.000080
vn -0.499992 0.866030 -0.000025
vn -0.499994 0.866029 -0.000019
vn -0.500010 0.866020 0.000030
vn -0.499992 0.866030 -0.000024
vn -0.500005 0.866023 0.000015
vn -0.499990 0.866031 -0.000031
vn -0.500005 0.866022 0.000018
vn -0.500010 0.866020 0.000033
vn -0.500004 0.866023 0.000013
vn -0.499993 0.866030 -0.000024
vn -0.499999 0.866026 -0.000002
vn -0.499989 0.866032 -0.000038
vn -0.499996 0.866028 -0.000013
vn -0.500009 0.866020 0.000031
vn -0.500004 0.866023 0.000015
vn -0.500012 0.866019 0.000041
vn -0.499987 0.866033 -0.000044
vn -0.500006 0.866022 0.000023
vn -0.499986 0.866033 -0.000049
vn -0.500011 0.866019 0.000040
vn -0.499995 0.866028 -0.000017
vn -0.499978 0.866038 -0.000082
vn -0.500035 0.866005 0.000131
vn -0.500000 0.866025 0.000001
vn -0.499971 0.866042 -0.000112
vn -0.500004 0.866023 0.000017
vn -0.500022 0.866013 0.000087
vn -0.499992 0.866030 -0.000031
vn -0.500000 0.866026 -0.000001
vn -0.500012 0.866018 0.000048
vn -0.499979 0.866037 -0.000082
vn -0.500016 0.866016 0.000063
vn -0.499984 0.866035 -0.000066
vn -0.499987 0.866033 -0.000052
vn -0.499996 0.866027 -0.000014
vn -0.500052 0.865996 0.000212
vn -0.499945 0.866057 -0.000226
vn -0.500010 0.866020 0.000042
vn -0.500052 0.865995 0.000215
vn -0.500009 0.866021 0.000042
vn -0.500006 0.866022 0.000030
vn -0.499985 0.866034 -0.000079
vn -0.500017 0.866016 0.000087
vn -0.499998 0.866027 -0.000012
vn -0.499997 0.866027 -0.000016
vn -0.500000 0.866025 0.000000
vn -0.500003 0.866024 0.000016
vn -0.500002 0.866024 0.000012
vn -0.499985 0.866034 -0.000084
vn -0.500013 0.866018 0.000075
vn -0.499995 0.866028 -0.000028
vn -0.499993 0.866029 -0.000039
vn -0.500011 0.866019 0.000072
vn -0.499988 0.866032 -0.000078
vn -0.500001 0.866025 0.000007
vn -0.500009 0.866020 0.000064
vn -0.499996 0.866028 -0.000030
vn -0.500005 0.866023 0.000032
vn -0.499989 0.866032 -0.000078
vn -0.500008 0.866021 0.000063
vn -0.499999 0.866026 -0.000011
vn -0.499995 0.866028 -0.000040
vn -0.500009 0.866020 0.000074
vn -0.499996 0.866028 -0.000035
vn -0.499992 0.866030 -0.000063
vn -0.500009 0.866020 0.000078
vn -0.499991 0.866030 -0.000076
vn -0.500009 0.866020 0.000080
vn -0.500004 0.866023 0.000036
vn -0.499995 0.866028 -0.000050
vn -0.500000 0.866026 -0.000001
vn -0.500001 0.866025 0.000008
vn -0.499997 0.866027 -0.000027
vn -0.500001 0.866025 0.000009
vn -0.500002 0.866024 0.000027
vn -0.499995 0.866028 -0.000054
vn -0.500003 0.866024 0.000038
vn -0.499996 0.866028 -0.000045
vn -0.500000 0.866026 -0.000003
vn -0.499999 0.866026 -0.000011
vn -0.500009 0.866020 0.000120
vn -0.499997 0.866027 -0.000043
vn -0.499997 0.866027 -0.000034
vn -0.500000 0.866025 0.000005
vn -0.500000 0.866025 0.000006
vn -0.500000 0.866025 0.000001
vn -0.499999 0.866026 -0.000010
vn -0.500008 0.866021 0.000125
vn -0.499985 0.866034 -0.000234
vn -0.500004 0.866023 0.000063
vn -0.500003 0.866024 0.000055
vn -0.499996 0.866028 -0.000070
vn -0.499999 0.866026 -0.000010
vn -0.499999 0.866026 -0.000014
vn -0.500008 0.866021 0.000155
vn -0.499987 0.866033 -0.000240
vn -0.499990 0.866031 0.000031
vn -0.500022 0.866013 -0.000066
vn -0.499987 0.866033 0.000036
vn -0.499997 0.866027 0.000010
vn -0.500020 0.866014 -0.000058
vn -0.499974 0.866040 0.000072
vn -0.500011 0.866019 -0.000030
vn -0.499990 0.866031 0.000028
vn -0.500022 0.866013 -0.000060
vn -0.500002 0.866024 -0.000006
vn -0.499972 0.866041 0.000074
vn -0.500026 0.866011 -0.000069
vn -0.499997 0.866027 0.000012
vn -0.500045 0.866000 -0.000185
vn -0.499996 0.866028 0.000015
vn -0.499985 0.866034 0.000062
vn -0.500015 0.866017 -0.000061
vn -0.500007 0.866021 -0.000030
vn -0.499968 0.866044 0.000130
vn -0.500022 0.866013 -0.000088
vn -0.499998 0.866027 0.000008
vn -0.499998 0.866026 0.000006
vn -0.499989 0.866032 0.000044
vn -0.500009 0.866020 -0.000036
vn -0.500011 0.866019 -0.000042
vn -0.499958 0.866049 0.000159
vn -0.500023 0.866012 -0.000087
vn -0.499998 0.866026 0.000007
vn -0.500000 0.866025 -0.000001
vn -0.500000 0.866026 0.000000
vn -0.500001 0.866025 -0.000004
vn -0.500001 0.866025 -0.000004
vn -0.499993 0.866029 0.000026
vn -0.499991 0.866031 0.000033
vn -0.500026 0.866011 -0.000092
vn -0.499997 0.866027 0.000008
vn -0.499999 0.866026 0.000002
vn -0.499990 0.866031 0.000036
vn -0.500009 0.866020 -0.000031
vn -0.499987 0.866033 0.000043
vn -0.500007 0.866022 -0.000022
vn -0.500002 0.866024 -0.000008
vn -0.499993 0.866029 0.000022
vn -0.500002 0.866024 -0.000007
vn -0.500000 0.866026 0.000001
vn -0.499987 0.866033 0.000043
vn -0.500010 0.866020 -0.000031
vn -0.500022 0.866013 -0.000069
vn -0.499978 0.866038 0.000067
vn -0.500022 0.866013 -0.000069
vn -0.499981 0.866036 0.000056
vn -0.500000 0.866026 0.000002
vn -0.500042 0.866001 -0.000785
vn -0.500005 0.866023 -0.000146
vn -0.499972 0.866041 0.000583
vn -0.500030 0.866008 -0.000485
vn -0.499999 0.866026 0.000042
vn -0.499994 0.866029 0.000109
vn -0.499994 0.866029 0.000130
vn -0.500009 0.866020 -0.000117
vn -0.499992 0.866030 0.000134
vn -0.499952 0.866052 -0.000927
vn -0.499998 0.866027 -0.000040
vn -0.500027 0.866010 0.000522
vn -0.499998 0.866027 -0.000037
vn -0.499993 0.866030 -0.000140
vn -0.500007 0.866022 0.000126
vn -0.500003 0.866024 0.000058
vn -0.500000 0.866025 -0.000000
vn -0.499945 0.866057 0.000219
vn -0.499999 -0.866026 0.000002
vn -0.499983 -0.866035 0.000031
vn -0.499989 -0.866032 0.000020
vn -0.499985 -0.866034 0.000029
vn -0.500015 -0.866017 -0.000028
vn -0.500023 -0.866012 -0.000043
vn -0.500006 -0.866022 -0.000011
vn -0.500006 -0.866022 -0.000012
vn -0.500008 -0.866021 -0.000015
vn -0.500007 -0.866021 -0.000014
vn -0.499985 -0.866034 0.000027
vn -0.499991 -0.866030 0.000016
vn -0.500007 -0.866021 -0.000013
vn -0.499999 -0.866026 0.000001
vn -0.499988 -0.866032 0.000021
vn -0.499990 -0.866031 0.000019
vn -0.500015 -0.866017 -0.000026
vn -0.500015 -0.866017 -0.000031
vn -0.499990 -0.866031 0.000016
vn -0.499993 -0.866029 0.000013
vn -0.499987 -0.866033 0.000022
vn -0.499969 -0.866043 0.000062
vn -0.500041 -0.866001 -0.000071
vn -0.500038 -0.866003 -0.000078
vn -0.499972 -0.866042 0.000047
vn -0.500011 -0.866019 -0.000022
vn -0.500015 -0.866016 -0.000026
vn -0.499959 -0.866049 0.000082
vn -0.500000 -0.866026 0.000000
vn -0.500006 -0.866022 -0.000012
vn -0.500000 -0.866026 0.000000
vn -0.500006 -0.866022 -0.000010
vn -0.500030 -0.866008 -0.000062
vn -0.500000 -0.866025 0.000003
vn -0.499990 -0.866031 0.000022
vn -0.500006 -0.866022 0.000029
vn -0.499988 -0.866033 0.000025
vn -0.499996 -0.866028 -0.000019
vn -0.500028 -0.866009 -0.000058
vn -0.500000 -0.866025 0.000001
vn -0.499974 -0.866041 0.000055
vn -0.500006 -0.866022 0.000029
vn -0.500020 -0.866014 -0.000042
vn -0.499988 -0.866032 -0.000058
vn -0.499980 -0.866037 0.000043
vn -0.500008 -0.866021 0.000042
vn -0.499971 -0.866042 0.000062
vn -0.499993 -0.866029 -0.000034
vn -0.499996 -0.866028 0.000008
vn -0.500014 -0.866017 0.000071
vn -0.500059 -0.865991 -0.000128
vn -0.500001 -0.866025 0.000005
vn -0.499954 -0.866052 0.000099
vn -0.499996 -0.866028 -0.000020
vn -0.500011 -0.866019 -0.000024
vn -0.499995 -0.866028 -0.000024
vn -0.500053 -0.865995 -0.000116
vn -0.499998 -0.866026 -0.000008
vn -0.500001 -0.866025 0.000008
vn -0.500004 -0.866023 0.000024
vn -0.500003 -0.866024 0.000020
vn -0.499999 -0.866026 -0.000004
vn -0.499989 -0.866032 -0.000068
vn -0.500005 -0.866023 0.000032
vn -0.499993 -0.866029 -0.000039
vn -0.500008 -0.866021 0.000053
vn -0.499996 -0.866028 -0.000026
vn -0.500000 -0.866026 -0.000001
vn -0.500002 -0.866024 0.000017
vn -0.499996 -0.866028 -0.000025
vn -0.499999 -0.866026 -0.000003
vn -0.500001 -0.866025 0.000012
vn -0.500000 -0.866026 -0.000001
vn -0.500004 -0.866023 0.000032
vn -0.499992 -0.866030 -0.000059
vn -0.500011 -0.866019 0.000089
vn -0.499997 -0.866027 -0.000028
vn -0.499997 -0.866027 -0.000021
vn -0.500004 -0.866023 0.000034
vn -0.499997 -0.866027 -0.000028
vn -0.500002 -0.866024 0.000017
vn -0.499996 -0.866028 -0.000037
vn -0.500002 -0.866024 0.000021
vn -0.500001 -0.866025 0.000015
vn -0.500004 -0.866023 0.000040
vn -0.499997 -0.866027 -0.000029
vn -0.500000 -0.866026 -0.000002
vn -0.499996 -0.866028 -0.000047
vn -0.499996 -0.866028 -0.000044
vn -0.500005 -0.866022 0.000067
vn -0.500001 -0.866025 0.000019
vn -0.500002 -0.866024 0.000023
vn -0.499998 -0.866027 -0.000027
vn -0.500000 -0.866026 -0.000001
vn -0.499998 -0.866027 -0.000032
vn -0.500004 -0.866023 0.000053
vn -0.499998 -0.866026 -0.000024
vn -0.499992 -0.866030 -0.000113
vn -0.500009 -0.866020 0.000145
vn -0.500003 -0.866024 0.000043
vn -0.499990 -0.866031 -0.000163
vn -0.500001 -0.866025 0.000025
vn -0.500008 -0.866021 0.000133
vn -0.499997 -0.866027 -0.000048
vn -0.499997 -0.866027 -0.000059
vn -0.500008 -0.866021 0.000141
vn -0.499992 -0.866030 -0.000142
vn -0.500006 -0.866022 0.000114
vn -0.499982 -0.866036 -0.000029
vn -0.500029 -0.866008 0.000059
vn -0.499978 -0.866038 -0.000029
vn -0.499993 -0.866029 -0.000007
vn -0.500027 -0.866010 0.000052
vn -0.499967 -0.866044 -0.000067
vn -0.500000 -0.866025 0.000000
vn -0.499940 -0.866060 -0.000116
vn -0.499992 -0.866030 -0.000014
vn -0.500036 -0.866004 0.000079
vn -0.500014 -0.866017 0.000025
vn -0.499981 -0.866037 -0.000036
vn -0.500017 -0.866015 0.000035
vn -0.499996 -0.866028 -0.000011
vn -0.499973 -0.866041 -0.000055
vn -0.500027 -0.866010 0.000063
vn -0.499982 -0.866036 -0.000031
vn -0.500007 -0.866021 0.000020
vn -0.499986 -0.866033 -0.000039
vn -0.500018 -0.866015 0.000028
vn -0.500021 -0.866014 0.000037
vn -0.499938 -0.866061 -0.000109
vn -0.500030 -0.866008 0.000062
vn -0.499995 -0.866028 0.000000
vn -0.500000 -0.866025 0.000000
vn -0.500006 -0.866022 0.000008
vn -0.499990 -0.866031 -0.000017
vn -0.500000 -0.866025 0.000000
vn -0.499982 -0.866036 -0.000024
vn -0.500034 -0.866006 0.000079
vn -0.499990 -0.866031 -0.000023
vn -0.500004 -0.866023 0.000015
vn -0.499987 -0.866033 -0.000031
vn -0.500017 -0.866016 0.000023
vn -0.499983 -0.866035 -0.000038
vn -0.500003 -0.866024 0.000000
vn -0.500012 -0.866019 0.000022
vn -0.499990 -0.866031 -0.000015
vn -0.500001 -0.866025 0.000007
vn -0.500000 -0.866025 -0.000007
vn -0.499982 -0.866036 -0.000037
vn -0.500018 -0.866015 0.000029
vn -0.500025 -0.866011 0.000044
vn -0.499970 -0.866043 -0.000058
vn -0.500039 -0.866003 0.000058
vn -0.499980 -0.866037 -0.000036
vn -0.499992 -0.866030 0.000031
vn -0.500007 -0.866022 -0.000030
vn -0.499984 -0.866035 0.000069
vn -0.500005 -0.866022 -0.000020
vn -0.500010 -0.866019 -0.000067
vn -0.499987 -0.866033 0.000057
vn -0.500008 -0.866021 -0.000047
vn -0.500001 -0.866025 -0.000009
vn -0.499985 -0.866034 0.000083
vn -0.500016 -0.866016 -0.000082
vn -0.499998 -0.866027 0.000018
vn -0.499996 -0.866027 0.000018
vn -0.500001 -0.866025 0.000000
vn -0.500002 -0.866024 -0.000018
vn -0.500001 -0.866025 -0.000018
vn -0.499987 -0.866033 0.000079
vn -0.500013 -0.866018 -0.000079
vn -0.499998 -0.866027 0.000009
vn -0.499993 -0.866029 0.000044
vn -0.500008 -0.866021 -0.000052
vn -0.499990 -0.866031 0.000061
vn -0.499999 -0.866026 0.000018
vn -0.500010 -0.866020 -0.000061
vn -0.499995 -0.866028 0.000026
vn -0.500004 -0.866023 -0.000027
vn -0.499989 -0.866032 0.000080
vn -0.500009 -0.866020 -0.000063
vn -0.499999 -0.866026 0.000009
vn -0.499996 -0.866028 0.000036
vn -0.500009 -0.866020 -0.000073
vn -0.499996 -0.866028 0.000037
vn -0.499994 -0.866029 0.000047
vn -0.500009 -0.866020 -0.000076
vn -0.499992 -0.866030 0.000077
vn -0.500000 -0.866025 0.000000
vn -0.500007 -0.866021 -0.000058
vn -0.500004 -0.866023 -0.000039
vn -0.499994 -0.866029 0.000050
vn -0.500001 -0.866025 0.000010
vn -0.500000 -0.866025 -0.000010
vn -0.499998 -0.866027 0.000021
vn -0.500003 -0.866024 -0.000032
vn -0.500002 -0.866024 0.000000
vn -0.499995 -0.866028 0.000056
vn -0.500001 -0.866025 -0.000035
vn -0.499996 -0.866028 0.000048
vn -0.500001 -0.866025 -0.000024
vn -0.499996 -0.866028 0.000038
vn -0.500009 -0.866020 -0.000130
vn -0.499997 -0.866027 0.000040
vn -0.500000 -0.866026 0.000000
vn -0.499997 -0.866027 0.000029
vn -0.500001 -0.866025 -0.000015
vn -0.499999 -0.866026 0.000000
vn -0.499999 -0.866026 0.000000
vn -0.500008 -0.866021 -0.000121
vn -0.499986 -0.866033 0.000219
vn -0.500003 -0.866023 -0.000077
vn -0.500003 -0.866024 -0.000062
vn -0.499996 -0.866028 0.000088
vn -0.500002 -0.866024 -0.000047
vn -0.499996 -0.866027 0.000077
vn -0.500006 -0.866022 -0.000168
vn -0.499990 -0.866031 0.000154
vn -0.500001 -0.866025 0.000034
vn -0.500000 -0.866026 -0.000002
vn -0.499952 -0.866052 0.000927
vn -0.499998 -0.866027 0.000040
vn -0.500018 -0.866015 -0.000356
vn -0.500005 -0.866023 -0.000097
vn -0.499993 -0.866030 0.000140
vn -0.500007 -0.866022 -0.000126
vn -0.500042 -0.866001 0.000785
vn -0.500005 -0.866023 0.000146
vn -0.499978 -0.866038 -0.000408
vn -0.500025 -0.866011 0.000534
vn -0.499999 -0.866026 -0.000042
vn -0.499991 -0.866031 -0.000182
vn -0.499994 -0.866029 -0.000130
vn -0.866025 0.500001 0.000000
vn -0.866025 0.500001 0.000000
vn -0.866025 -0.500000 -0.000000
vn -0.866025 -0.500000 0.000000
vn 0.000000 -1.000000 0.000000
vn 0.000000 -1.000000 0.000000
vn -1.000000 -0.000000 0.000000
vn -1.000000 0.000000 0.000000
vn -1.000000 -0.000000 0.000000
vn -1.000000 0.000000 0.000000
vn -1.000000 -0.000000 0.000000
vn -1.000000 0.000000 0.000000
vn -1.000000 -0.000000 0.000000
vn -1.000000 0.000000 0.000000
vn -1.000000 -0.000000 0.000000
vn -1.000000 0.000000 0.000000
vn -1.000000 -0.000000 0.000000
vn -1.000000 0.000000 0.000000
vn -1.000000 -0.000000 0.000000
vn -1.000000 0.000000 0.000000
vn -1.000000 -0.000000 0.000000
vn -1.000000 0.000000 0.000000
vn -1.000000 -0.000000 0.000000
vn -1.000000 0.000000 0.000000
vn -1.000000 -0.000000 0.000000
vn -1.000000 0.000000 0.000000
vn -1.000000 -0.000000 0.000000
vn -1.000000 0.000000 0.000000
vn -1.000000 -0.000000 0.000000
vn -1.000000 0.000000 0.000000
vn -1.000000 -0.000000 0.000000
vn -1.000000 0.000000 0.000000
vn -1.000000 -0.000000 0.000000
vn -1.000000 0.000000 0.000000
vn -1.000000 -0.000000 0.000000
vn -1.000000 0.000000 0.000000
vn -1.000000 0.000000 0.000000
vn -1.000000 -0.000000 0.000000
vn -1.000000 0.000000 0.000000
vn -1.000000 0.000000 0.000000
vn -1.000000 0.000000 0.000000
vn -1.000000 0.000000 0.000000
vn -1.000000 0.000000 0.000000
vn -1.000000 0.000000 0.000000
vn -1.000000 0.000000 0.000000
vn -1.000000 0.000000 0.000000
vn -1.000000 0.000000 0.000000
vn -1.000000 0.000000 0.000000
vn -1.000000 0.000000 0.000000
vn -1.000000 0.000000 0.000000
vn -1.000000 0.000000 0.000000
vn -1.000000 0.000000 0.000000
vn -1.000000 0.000000 0.000000
vn -1.000000 0.000000 0.000000
vn -1.000000 0.000000 0.000000
vn -1.000000 0.000000 0.000000
vn -1.000000 0.000000 0.000000
vn -1.000000 0.000000 0.000000
vn -1.000000 0.000000 0.000000
vn -1.000000 0.000000 0.000000
vn -1.000000 0.000000 0.000000
vn -1.000000 0.000000 0.000000
vn -1.000000 0.000000 0.000000
vn -1.000000 0.000000 0.000000
vn -1.000000 0.000000 -0.000000
vn -1.000000 0.000000 -0.000000
vn -1.000000 0.000000 -0.000000
vn -1.000000 0.000000 -0.000000
vn -1.000000 0.000000 -0.000000
vn -1.000000 0.000000 -0.000000
vn -1.000000 0.000000 -0.000000
vn -1.000000 0.000000 -0.000000
vn -1.000000 0.000000 -0.000000
vn -1.000000 0.000000 -0.000000
vn -1.000000 0.000000 -0.000000
vn -1.000000 0.000000 -0.000000
vn -1.000000 0.000000 -0.000000
vn -1.000000 0.000000 -0.000000
vn -1.000000 0.000000 -0.000000
vn -1.000000 0.000000 -0.000000
vn -1.000000 0.000000 -0.000000
vn -1.000000 0.000000 -0.000000
vn -1.000000 0.000000 -0.000000
vn -1.000000 0.000000 -0.000000
vn -1.000000 0.000000 -0.000000
vn -1.000000 0.000000 -0.000000
vn -1.000000 0.000000 -0.000000
vn -1.000000 0.000000 -0.000000
vn -1.000000 0.000000 -0.000000
vn -1.000000 0.000000 -0.000000
vn -1.000000 0.000000 -0.000000
vn -1.000000 0.000000 -0.000000
vn -1.000000 0.000000 -0.000000
vn -1.000000 0.000000 -0.000000
vn -1.000000 0.000000 -0.000000
vn -1.000000 0.000000 -0.000000
vn -1.000000 0.000000 -0.000000
vn -1.000000 0.000000 -0.000000
vn -1.000000 0.000000 -0.000000
vn -1.000000 0.000000 -0.000000
vn -1.000000 0.000000 -0.000000
vn -1.000000 0.000000 -0.000000
vn -1.000000 0.000000 -0.000000
vn -1.000000 0.000000 -0.000000
vn -1.000000 0.000000 -0.000000
vn -1.000000 0.000000 -0.000000
vn -1.000000 0.000000 -0.000000
vn -1.000000 0.000000 -0.000000
vn -1.000000 0.000000 -0.000000
vn -1.000000 0.000000 -0.000000
vn -1.000000 0.000000 -0.000000
vn -1.000000 0.000000 -0.000000
vn -1.000000 0.000000 -0.000000
vn -1.000000 0.000000 -0.000000
vn -1.000000 0.000000 0.000000
vn -1.000000 0.000000 0.000000
vn -1.000000 0.000000 0.000000
vn -1.000000 0.000000 0.000000
vn -1.000000 0.000000 0.000000
vn -1.000000 0.000000 0.000000
vn -1.000000 0.000000 0.000000
vn -1.000000 0.000000 0.000000
vn -1.000000 0.000000 0.000000
vn -1.000000 0.000000 0.000000
vn -1.000000 0.000000 0.000000
vn -1.000000 0.000000 0.000000
vn -1.000000 0.000000 0.000000
vn -1.000000 0.000000 0.000000
vn -1.000000 0.000000 0.000000
vn -1.000000 0.000000 0.000000
vn -1.000000 0.000000 0.000000
vn -1.000000 0.000000 0.000000
vn -1.000000 0.000000 0.000000
vn -1.000000 0.000000 0.000000
vn -1.000000 0.000000 0.000000
vn -1.000000 0.000000 0.000000
vn -1.000000 0.000000 0.000000
vn -1.000000 0.000000 0.000000
vn -1.000000 0.000000 0.000000
vn -1.000000 0.000000 0.000000
vn -1.000000 0.000000 0.000000
vn -1.000000 0.000000 0.000000
vn -1.000000 0.000000 0.000000
vn -1.000000 0.000000 0.000000
vn -1.000000 0.000000 0.000000
vn -1.000000 0.000000 0.000000
vn -1.000000 0.000000 0.000000
vn -1.000000 0.000000 0.000000
vn -1.000000 0.000000 0.000000
vn -1.000000 0.000000 0.000000
vn -1.000000 0.000000 0.000000
vn -1.000000 0.000000 0.000000
vn -1.000000 0.000000 0.000000
vn -1.000000 0.000000 0.000000
vn -1.000000 0.000000 0.000000
vn -1.000000 0.000000 0.000000
vn -1.000000 0.000000 0.000000
vn -1.000000 0.000000 0.000000
vn -1.000000 0.000000 0.000000
vn -1.000000 0.000000 0.000000
vn -1.000000 0.000000 0.000000
vn -1.000000 0.000000 0.000000
vn -1.000000 0.000000 0.000000
vn -1.000000 0.000000 0.000000
vn -1.000000 0.000000 0.000000
vn -1.000000 0.000000 0.000000
vn -1.000000 0.000000 0.000000
vn -1.000000 0.000000 0.000000
vn -1.000000 0.000000 0.000000
vn -1.000000 0.000000 0.000000
vn -1.000000 0.000000 0.000000
vn -1.000000 0.000000 0.000000
vn -1.000000 0.000000 0.000000
vn -1.000000 0.000000 -0.000000
vn -1.000000 0.000000 -0.000000
vn -1.000000 0.000000 -0.000000
vn -1.000000 0.000000 -0.000000
vn -1.000000 0.000000 -0.000000
vn -1.000000 0.000000 -0.000000
vn -1.000000 0.000000 -0.000000
vn -1.000000 0.000000 -0.000000
vn -1.000000 0.000000 -0.000000
vn -1.000000 0.000000 -0.000000
vn -1.000000 0.000000 -0.000000
vn -1.000000 0.000000 -0.000000
vn -1.000000 0.000000 -0.000000
vn -1.000000 0.000000 -0.000000
vn -1.000000 0.000000 -0.000000
vn -1.000000 0.000000 -0.000000
vn -1.000000 0.000000 -0.000000
vn -1.000000 0.000000 -0.000000
vn -1.000000 0.000000 -0.000000
vn -1.000000 0.000000 -0.000000
vn -1.000000 0.000000 -0.000000
vn -1.000000 0.000000 -0.000000
vn -1.000000 0.000000 -0.000000
vn -1.000000 0.000000 -0.000000
vn -1.000000 0.000000 -0.000000
vn -1.000000 0.000000 -0.000000
vn -1.000000 0.000000 -0.000000
vn -1.000000 0.000000 -0.000000
vn -1.000000 0.000000 -0.000000
vn -1.000000 0.000000 -0.000000
vn -1.000000 0.000000 -0.000000
vn -1.000000 0.000000 -0.000000
vn -1.000000 0.000000 -0.000000
vn -1.000000 0.000000 -0.000000
vn -1.000000 0.000000 -0.000000
vn -1.000000 0.000000 -0.000000
vn -1.000000 0.000000 -0.000000
vn -1.000000 0.000000 -0.000000
vn -1.000000 0.000000 -0.000000
vn -1.000000 0.000000 -0.000000
vn -1.000000 0.000000 -0.000000
vn -1.000000 0.000000 -0.000000
vn -1.000000 0.000000 -0.000000
vn -1.000000 0.000000 -0.000000
vn -1.000000 0.000000 -0.000000
vn -1.000000 0.000000 -0.000000
vn -1.000000 0.000000 -0.000000
vn -1.000000 0.000000 -0.000000
vn -1.000000 0.000000 -0.000000
vn -1.000000 0.000000 -0.000000
vn -1.000000 0.000000 -0.000000
vn -1.000000 0.000000 -0.000000
vn -1.000000 0.000000 0.000000
vn -1.000000 0.000000 0.000000
vn -1.000000 0.000000 0.000000
vn -1.000000 0.000000 0.000000
vn -1.000000 0.000000 0.000000
vn -1.000000 0.000000 0.000000
vn -1.000000 0.000000 0.000000
vn -1.000000 -0.000000 0.000000
vn -1.000000 -0.000000 0.000000
vn -1.000000 -0.000000 0.000000
vn -1.000000 -0.000000 0.000000
vn -1.000000 -0.000000 0.000000
vn -1.000000 -0.000000 0.000000
vn -1.000000 -0.000000 0.000000
vn 0.000000 -1.000000 0.000000
vn 0.000000 -1.000000 0.000000
vn 0.000000 -1.000000 0.000000
vn 1.000000 0.000000 0.000000
vn 1.000000 0.000000 0.000000
vn 1.000000 0.000000 0.000000
vn 1.000000 0.000000 0.000000
vn 1.000000 0.000000 0.000000
vn 1.000000 0.000000 0.000000
vn 1.000000 0.000000 0.000000
vn 1.000000 0.000000 0.000000
vn 1.000000 0.000000 0.000000
vn 1.000000 0.000000 0.000000
vn 1.000000 0.000000 0.000000
vn 1.000000 0.000000 0.000000
vn 1.000000 0.000000 0.000000
vn 1.000000 0.000000 0.000000
vn 1.000000 0.000000 0.000000
vn 1.000000 0.000000 0.000000
vn 1.000000 0.000000 0.000000
vn 1.000000 0.000000 0.000000
vn 1.000000 0.000000 0.000000
vn 1.000000 0.000000 0.000000
vn 1.000000 0.000000 0.000000
vn 1.000000 0.000000 0.000000
vn 1.000000 0.000000 0.000000
vn 1.000000 0.000000 0.000000
vn 1.000000 0.000000 0.000000
vn 1.000000 0.000000 0.000000
vn 1.000000 0.000000 0.000000
vn 1.000000 0.000000 0.000000
vn 1.000000 0.000000 0.000000
vn 1.000000 0.000000 0.000000
vn 1.000000 0.000000 0.000000
vn 1.000000 0.000000 0.000000
vn 1.000000 0.000000 0.000000
vn 1.000000 0.000000 0.000000
vn 1.000000 0.000000 0.000000
vn 1.000000 0.000000 0.000000
vn 1.000000 0.000000 0.000000
vn 1.000000 0.000000 0.000000
vn 1.000000 0.000000 0.000000
vn 1.000000 0.000000 0.000000
vn 1.000000 0.000000 0.000000
vn 1.000000 0.000000 0.000000
vn 1.000000 0.000000 0.000000
vn 1.000000 0.000000 0.000000
vn 1.000000 0.000000 0.000000
vn 1.000000 0.000000 0.000000
vn 1.000000 0.000000 0.000000
vn 1.000000 0.000000 0.000000
vn 1.000000 0.000000 -0.000000
vn 1.000000 0.000000 -0.000000
vn 1.000000 0.000000 -0.000000
vn 1.000000 0.000000 -0.000000
vn 1.000000 0.000000 -0.000000
vn 1.000000 0.000000 0.000000
vn 1.000000 0.000000 -0.000000
vn 1.000000 0.000000 -0.000000
vn 1.000000 0.000000 -0.000000
vn 1.000000 0.000000 -0.000000
vn 1.000000 0.000000 -0.000000
vn 1.000000 0.000000 -0.000000
vn 1.000000 0.000000 -0.000000
vn 1.000000 0.000000 -0.000000
vn 1.000000 0.000000 -0.000000
vn 1.000000 0.000000 -0.000000
vn 1.000000 0.000000 -0.000000
vn 1.000000 0.000000 -0.000000
vn 1.000000 0.000000 -0.000000
vn 1.000000 0.000000 -0.000000
vn 1.000000 0.000000 -0.000000
vn 1.000000 0.000000 -0.000000
vn 1.000000 0.000000 -0.000000
vn 1.000000 0.000000 -0.000000
vn 1.000000 0.000000 -0.000000
vn 1.000000 0.000000 -0.000000
vn 1.000000 0.000000 -0.000000
vn 1.000000 0.000000 -0.000000
vn 1.000000 0.000000 -0.000000
vn 1.000000 0.000000 -0.000000
vn 1.000000 0.000000 -0.000000
vn 1.000000 0.000000 -0.000000
vn 1.000000 0.000000 -0.000000
vn 1.000000 0.000000 -0.000000
vn 1.000000 0.000000 -0.000000
vn 1.000000 0.000000 -0.000000
vn 1.000000 0.000000 -0.000000
vn 1.000000 0.000000 -0.000000
vn 1.000000 0.000000 -0.000000
vn 1.000000 0.000000 -0.000000
vn 1.000000 0.000000 -0.000000
vn 1.000000 0.000000 -0.000000
vn 1.000000 0.000000 -0.000000
vn 1.000000 0.000000 -0.000000
vn 1.000000 0.000000 -0.000000
vn 1.000000 0.000000 -0.000000
vn 1.000000 0.000000 -0.000000
vn 1.000000 0.000000 -0.000000
vn 1.000000 0.000000 -0.000000
vn 1.000000 0.000000 -0.000000
vn 1.000000 0.000000 -0.000000
vn 1.000000 0.000000 -0.000000
vn 1.000000 0.000000 -0.000000
vn 1.000000 0.000000 -0.000000
vn 1.000000 0.000000 -0.000000
vn 1.000000 0.000000 -0.000000
vn 1.000000 0.000000 -0.000000
vn 1.000000 0.000000 -0.000000
vn 1.000000 -0.000000 -0.000000
vn 1.000000 -0.000000 -0.000000
vn 1.000000 -0.000000 -0.000000
vn 1.000000 -0.000000 -0.000000
vn 1.000000 -0.000000 -0.000000
vn 1.000000 -0.000000 -0.000000
vn 1.000000 -0.000000 0.000000
vn 1.000000 -0.000000 0.000000
vn 1.000000 -0.000000 0.000000
vn 1.000000 -0.000000 0.000000
vn 1.000000 -0.000000 0.000000
vn 1.000000 -0.000000 0.000000
vn 1.000000 -0.000000 0.000000
vn 1.000000 -0.000000 0.000000
vn 1.000000 -0.000000 0.000000
vn 1.000000 -0.000000 0.000000
vn 1.000000 -0.000000 0.000000
vn 1.000000 -0.000000 0.000000
vn 1.000000 -0.000000 0.000000
vn 1.000000 -0.000000 0.000000
vn 1.000000 -0.000000 0.000000
vn 1.000000 -0.000000 0.000000
vn 1.000000 -0.000000 0.000000
vn 1.000000 -0.000000 0.000000
vn 1.000000 -0.000000 0.000000
vn 1.000000 -0.000000 0.000000
vn 1.000000 -0.000000 0.000000
vn 1.000000 -0.000000 0.000000
vn 1.000000 -0.000000 0.000000
vn 1.000000 -0.000000 0.000000
vn 1.000000 -0.000000 0.000000
vn 1.000000 -0.000000 0.000000
vn 1.000000 -0.000000 0.000000
vn 1.000000 -0.000000 0.000000
vn 1.000000 -0.000000 0.000000
vn 1.000000 -0.000000 0.000000
vn 1.000000 -0.000000 0.000000
vn 1.000000 -0.000000 0.000000
vn 1.000000 -0.000000 0.000000
vn 1.000000 -0.000000 0.000000
vn 1.000000 -0.000000 0.000000
vn 1.000000 -0.000000 0.000000
vn 1.000000 -0.000000 0.000000
vn 1.000000 -0.000000 0.000000
vn 1.000000 -0.000000 0.000000
vn 1.000000 -0.000000 0.000000
vn 1.000000 -0.000000 0.000000
vn 1.000000 -0.000000 0.000000
vn 1.000000 -0.000000 0.000000
vn 1.000000 -0.000000 0.000000
vn 1.000000 -0.000000 0.000000
vn 1.000000 -0.000000 0.000000
vn 1.000000 -0.000000 0.000000
vn 1.000000 -0.000000 0.000000
vn 1.000000 -0.000000 0.000000
vn 1.000000 -0.000000 0.000000
vn 1.000000 -0.000000 0.000000
vn 1.000000 0.000000 -0.000000
vn 1.000000 0.000000 -0.000000
vn 1.000000 0.000000 -0.000000
vn 1.000000 0.000000 -0.000000
vn 1.000000 0.000000 -0.000000
vn 1.000000 0.000000 -0.000000
vn 1.000000 0.000000 -0.000000
vn 1.000000 0.000000 -0.000000
vn 1.000000 0.000000 -0.000000
vn 1.000000 0.000000 -0.000000
vn 1.000000 0.000000 -0.000000
vn 1.000000 0.000000 -0.000000
vn 1.000000 0.000000 -0.000000
vn 1.000000 0.000000 -0.000000
vn 1.000000 0.000000 -0.000000
vn 1.000000 0.000000 -0.000000
vn 1.000000 0.000000 -0.000000
vn 1.000000 0.000000 -0.000000
vn 1.000000 0.000000 -0.000000
vn 1.000000 0.000000 -0.000000
vn 1.000000 0.000000 -0.000000
vn 1.000000 0.000000 -0.000000
vn 1.000000 0.000000 -0.000000
vn 1.000000 0.000000 -0.000000
vn 1.000000 0.000000 -0.000000
vn 1.000000 0.000000 -0.000000
vn 1.000000 0.000000 -0.000000
vn 1.000000 0.000000 -0.000000
vn 1.000000 0.000000 -0.000000
vn 1.000000 0.000000 -0.000000
vn 1.000000 0.000000 -0.000000
vn 1.000000 0.000000 -0.000000
vn 1.000000 0.000000 -0.000000
vn 1.000000 0.000000 -0.000000
vn 1.000000 0.000000 -0.000000
vn 1.000000 0.000000 -0.000000
vn 1.000000 0.000000 -0.000000
vn 1.000000 0.000000 -0.000000
vn 1.000000 0.000000 -0.000000
vn 1.000000 0.000000 -0.000000
vn 1.000000 0.000000 -0.000000
vn 1.000000 0.000000 -0.000000
vn 1.000000 0.000000 -0.000000
vn 1.000000 0.000000 -0.000000
vn 1.000000 0.000000 -0.000000
vn 1.000000 0.000000 -0.000000
vn 1.000000 0.000000 -0.000000
vn 1.000000 0.000000 -0.000000
vn 1.000000 0.000000 -0.000000
vn 1.000000 0.000000 -0.000000
vn 1.000000 0.000000 -0.000000
vn 1.000000 -0.000000 0.000000
vn 1.000000 0.000000 0.000000
vn 1.000000 0.000000 0.000000
vn 1.000000 0.000000 0.000000
vn 1.000000 0.000000 0.000000
vn 1.000000 0.000000 0.000000
vn 1.000000 0.000000 0.000000
vn 1.000000 0.000000 0.000000
vn 1.000000 0.000000 0.000000
vn 1.000000 0.000000 0.000000
vn 1.000000 -0.000000 0.000000
vn 1.000000 -0.000000 0.000000
vn 1.000000 -0.000000 0.000000
vn 1.000000 -0.000000 0.000000
vn 1.000000 -0.000000 0.000000
vn 1.000000 -0.000000 0.000000
vn 1.000000 -0.000000 0.000000
vn 1.000000 0.000000 0.000000
vn 1.000000 0.000000 0.000000
vn -1.000000 0.000000 -0.000000
vn -1.000000 -0.000000 0.000000
vn -1.000000 0.000000 -0.000000
vn -1.000000 -0.000000 0.000000
vn -1.000000 0.000000 -0.000000
vn -1.000000 -0.000000 0.000000
vn -1.000000 0.000000 -0.000000
vn -1.000000 -0.000000 0.000000
vn -1.000000 0.000000 -0.000000
vn -1.000000 -0.000000 0.000000
vn -1.000000 0.000000 -0.000000
vn -1.000000 -0.000000 0.000000
vn -1.000000 0.000000 -0.000000
vn -1.000000 -0.000000 0.000000
vn -1.000000 0.000000 -0.000000
vn -1.000000 -0.000000 0.000000
vn -1.000000 0.000000 -0.000000
vn -1.000000 -0.000000 0.000000
vn -1.000000 0.000000 -0.000000
vn -1.000000 -0.000000 0.000000
vn -1.000000 0.000000 -0.000000
vn -1.000000 -0.000000 0.000000
vn -1.000000 0.000000 -0.000000
vn -1.000000 -0.000000 0.000000
vn -1.000000 0.000000 -0.000000
vn -1.000000 -0.000000 0.000000
vn -1.000000 0.000000 -0.000000
vn -1.000000 -0.000000 0.000000
vn -1.000000 0.000000 -0.000000
vn -1.000000 -0.000000 0.000000
vn -1.000000 0.000000 -0.000000
vn -1.000000 -0.000000 0.000000
vn -1.000000 0.000000 -0.000000
vn -1.000000 -0.000000 0.000000
vn -1.000000 0.000000 -0.000000
vn -1.000000 -0.000000 0.000000
vn -1.000000 0.000000 -0.000000
vn -1.000000 -0.000000 0.000000
vn -1.000000 0.000000 -0.000000
vn -1.000000 0.000000 -0.000000
vn -1.000000 0.000000 -0.000000
vn -1.000000 0.000000 -0.000000
vn -1.000000 0.000000 -0.000000
vn -1.000000 0.000000 -0.000000
vn -1.000000 0.000000 -0.000000
vn -1.000000 0.000000 -0.000000
vn -1.000000 0.000000 -0.000000
vn -1.000000 0.000000 -0.000000
vn -1.000000 0.000000 0.000000
vn -1.000000 0.000000 0.000000
vn -1.000000 0.000000 0.000000
vn -1.000000 0.000000 0.000000
vn -1.000000 0.000000 0.000000
vn -1.000000 -0.000000 0.000000
vn -1.000000 0.000000 0.000000
vn -1.000000 -0.000000 0.000000
vn -1.000000 -0.000000 0.000000
vn -1.000000 -0.000000 0.000000
vn -1.000000 -0.000000 0.000000
vn -1.000000 -0.000000 0.000000
vn -1.000000 -0.000000 0.000000
vn -1.000000 -0.000000 0.000000
vn -1.000000 -0.000000 0.000000
vn -1.000000 -0.000000 0.000000
vn -1.000000 -0.000000 0.000000
vn -1.000000 -0.000000 0.000000
vn -1.000000 -0.000000 0.000000
vn -1.000000 -0.000000 0.000000
vn -1.000000 -0.000000 0.000000
vn -1.000000 -0.000000 0.000000
vn -1.000000 -0.000000 0.000000
vn -1.000000 -0.000000 0.000000
vn -1.000000 -0.000000 0.000000
vn -1.000000 -0.000000 0.000000
vn -1.000000 -0.000000 0.000000
vn -1.000000 -0.000000 0.000000
vn -1.000000 -0.000000 0.000000
vn -1.000000 -0.000000 0.000000
vn -1.000000 -0.000000 0.000000
vn -1.000000 -0.000000 0.000000
vn -1.000000 -0.000000 0.000000
vn -1.000000 -0.000000 0.000000
vn -1.000000 -0.000000 0.000000
vn -1.000000 -0.000000 0.000000
vn -1.000000 -0.000000 0.000000
vn -1.000000 -0.000000 0.000000
vn -1.000000 -0.000000 0.000000
vn -1.000000 -0.000000 0.000000
vn -1.000000 -0.000000 0.000000
vn -1.000000 -0.000000 0.000000
vn -1.000000 -0.000000 0.000000
vn -1.000000 -0.000000 0.000000
vn -1.000000 -0.000000 0.000000
vn -1.000000 -0.000000 0.000000
vn -1.000000 -0.000000 0.000000
vn -1.000000 -0.000000 0.000000
vn -1.000000 -0.000000 0.000000
vn -1.000000 -0.000000 0.000000
vn -1.000000 -0.000000 0.000000
vn -1.000000 -0.000000 0.000000
vn -1.000000 -0.000000 0.000000
vn -1.000000 -0.000000 0.000000
vn -1.000000 -0.000000 0.000000
vn -1.000000 -0.000000 0.000000
vn -1.000000 -0.000000 0.000000
vn -1.000000 -0.000000 0.000000
vn -1.000000 0.000000 0.000000
vn -1.000000 0.000000 0.000000
vn -1.000000 0.000000 0.000000
vn -1.000000 0.000000 0.000000
vn -1.000000 0.000000 0.000000
vn -1.000000 0.000000 0.000000
vn -1.000000 0.000000 0.000000
vn -1.000000 0.000000 0.000000
vn -1.000000 0.000000 0.000000
vn -1.000000 0.000000 0.000000
vn -1.000000 0.000000 0.000000
vn -1.000000 0.000000 0.000000
vn -1.000000 0.000000 0.000000
vn -1.000000 0.000000 0.000000
vn -1.000000 0.000000 0.000000
vn -1.000000 0.000000 0.000000
vn -1.000000 0.000000 0.000000
vn -1.000000 0.000000 0.000000
vn -1.000000 0.000000 0.000000
vn -1.000000 0.000000 0.000000
vn -1.000000 0.000000 0.000000
vn -1.000000 0.000000 0.000000
vn -1.000000 0.000000 0.000000
vn -1.000000 0.000000 0.000000
vn -1.000000 0.000000 0.000000
vn -1.000000 0.000000 0.000000
vn -1.000000 0.000000 0.000000
vn -1.000000 0.000000 0.000000
vn -1.000000 0.000000 0.000000
vn -1.000000 0.000000 0.000000
vn -1.000000 0.000000 0.000000
vn -1.000000 0.000000 0.000000
vn -1.000000 0.000000 0.000000
vn -1.000000 0.000000 0.000000
vn -1.000000 0.000000 0.000000
vn -1.000000 0.000000 0.000000
vn -1.000000 0.000000 0.000000
vn -1.000000 0.000000 0.000000
vn -1.000000 0.000000 0.000000
vn -1.000000 0.000000 0.000000
vn -1.000000 0.000000 0.000000
vn -1.000000 0.000000 0.000000
vn -1.000000 0.000000 0.000000
vn -1.000000 0.000000 0.000000
vn -1.000000 0.000000 0.000000
vn -1.000000 0.000000 0.000000
vn -1.000000 0.000000 0.000000
vn -1.000000 0.000000 0.000000
vn -1.000000 0.000000 0.000000
vn -1.000000 0.000000 0.000000
vn -1.000000 0.000000 0.000000
vn -1.000000 0.000000 0.000000
vn -1.000000 0.000000 0.000000
vn -1.000000 0.000000 0.000000
vn -1.000000 0.000000 0.000000
vn -1.000000 0.000000 0.000000
vn -1.000000 0.000000 0.000000
vn -1.000000 0.000000 0.000000
vn -1.000000 0.000000 0.000000
vn -1.000000 0.000000 0.000000
vn -1.000000 0.000000 0.000000
vn -1.000000 0.000000 0.000000
vn -1.000000 0.000000 0.000000
vn -1.000000 0.000000 0.000000
vn -1.000000 0.000000 0.000000
vn -1.000000 0.000000 0.000000
vn -1.000000 0.000000 0.000000
vn -1.000000 0.000000 0.000000
vn -1.000000 0.000000 0.000000
vn -1.000000 0.000000 0.000000
vn -1.000000 0.000000 0.000000
vn -1.000000 0.000000 0.000000
vn -1.000000 0.000000 0.000000
vn -1.000000 0.000000 0.000000
vn -1.000000 0.000000 0.000000
vn -1.000000 0.000000 0.000000
vn -1.000000 0.000000 0.000000
vn -1.000000 0.000000 0.000000
vn -1.000000 0.000000 0.000000
vn -1.000000 0.000000 0.000000
vn -1.000000 0.000000 0.000000
vn -1.000000 0.000000 0.000000
vn -1.000000 0.000000 0.000000
vn -1.000000 0.000000 0.000000
vn -1.000000 0.000000 0.000000
vn -1.000000 0.000000 0.000000
vn -1.000000 0.000000 -0.000000
vn -1.000000 0.000000 0.000000
vn -1.000000 0.000000 0.000000
vn -1.000000 0.000000 0.000000
vn -1.000000 0.000000 0.000000
vn -1.000000 0.000000 0.000000
vn -1.000000 0.000000 0.000000
vn -1.000000 0.000000 0.000000
vn -1.000000 0.000000 0.000000
vn -1.000000 0.000000 0.000000
vn -1.000000 0.000000 0.000000
vn -1.000000 0.000000 0.000000
vn -1.000000 0.000000 0.000000
vn -1.000000 0.000000 0.000000
vn -1.000000 0.000000 0.000000
vn -1.000000 0.000000 0.000000
vn -1.000000 0.000000 0.000000
vn -1.000000 0.000000 0.000000
vn -1.000000 0.000000 0.000000
vn -1.000000 0.000000 0.000000
vn -1.000000 0.000000 0.000000
vn -1.000000 0.000000 0.000000
vn -1.000000 0.000000 0.000000
vn -1.000000 -0.000000 0.000000
vn -1.000000 -0.000000 0.000000
vn -1.000000 -0.000000 0.000000
vn -1.000000 -0.000000 0.000000
vn -1.000000 -0.000000 0.000000
vn -1.000000 -0.000000 0.000000
vn -1.000000 -0.000000 0.000000
vn -1.000000 -0.000000 0.000000
vn -1.000000 -0.000000 0.000000
vn -1.000000 0.000000 0.000000
vn -1.000000 0.000000 0.000000
vn -1.000000 0.000000 0.000000
vn -1.000000 0.000000 0.000000
vn -1.000000 0.000000 0.000000
vn -1.000000 0.000000 0.000000
vn -1.000000 0.000000 0.000000
vn -1.000000 0.000000 0.000000
vn -1.000000 0.000000 0.000000
vn -1.000000 0.000000 0.000000
vn -1.000000 0.000000 -0.000000
vn -1.000000 0.000000 0.000000
vn -1.000000 0.000000 -0.000000
vn -1.000000 0.000000 0.000000
vn -1.000000 0.000000 -0.000000
vn -1.000000 0.000000 0.000000
vn -1.000000 0.000000 -0.000000
vn -1.000000 0.000000 0.000000
vn -1.000000 0.000000 -0.000000
vn -1.000000 0.000000 0.000000
vn -1.000000 0.000000 -0.000000
vn -1.000000 0.000000 0.000000
vn -1.000000 0.000000 -0.000000
vn -1.000000 0.000000 0.000000
vn -1.000000 0.000000 -0.000000
vn -1.000000 0.000000 0.000000
vn -1.000000 0.000000 -0.000000
vn -1.000000 0.000000 0.000000
vn -1.000000 0.000000 -0.000000
vn -1.000000 0.000000 0.000000
vn -1.000000 0.000000 -0.000000
vn -1.000000 0.000000 0.000000
vn -1.000000 0.000000 -0.000000
vn -1.000000 0.000000 0.000000
vn -1.000000 0.000000 -0.000000
vn -1.000000 0.000000 0.000000
vn -1.000000 0.000000 -0.000000
vn -1.000000 0.000000 0.000000
vn -1.000000 0.000000 -0.000000
vn -1.000000 0.000000 0.000000
vn -1.000000 0.000000 -0.000000
vn -1.000000 0.000000 0.000000
vn -1.000000 0.000000 -0.000000
vn -1.000000 0.000000 0.000000
vn -1.000000 0.000000 -0.000000
vn -1.000000 0.000000 0.000000
vn -1.000000 0.000000 -0.000000
vn -1.000000 0.000000 0.000000
vn -1.000000 0.000000 -0.000000
vn -1.000000 0.000000 0.000000
vn -1.000000 0.000000 -0.000000
vn -1.000000 0.000000 0.000000
vn -1.000000 0.000000 -0.000000
vn -1.000000 0.000000 0.000000
vn -1.000000 0.000000 -0.000000
vn -1.000000 0.000000 0.000000
vn -1.000000 0.000000 -0.000000
vn -1.000000 0.000000 0.000000
vn -1.000000 0.000000 -0.000000
vn -1.000000 0.000000 0.000000
vn -1.000000 0.000000 -0.000000
vn -1.000000 0.000000 0.000000
vn -1.000000 0.000000 -0.000000
vn -1.000000 0.000000 0.000000
vn -1.000000 0.000000 -0.000000
vn -1.000000 0.000000 0.000000
vn -1.000000 0.000000 0.000000
vn -1.000000 0.000000 0.000000
vn -1.000000 0.000000 0.000000
vn -1.000000 0.000000 0.000000
vn -1.000000 0.000000 0.000000
vn -1.000000 0.000000 0.000000
vn -1.000000 0.000000 0.000000
vn -1.000000 0.000000 0.000000
vn -1.000000 0.000000 0.000000
vn -1.000000 0.000000 0.000000
vn -1.000000 0.000000 0.000000
vn -1.000000 0.000000 0.000000
vn -1.000000 0.000000 0.000000
vn -1.000000 0.000000 0.000000
vn -1.000000 0.000000 0.000000
vn -1.000000 0.000000 0.000000
vn -1.000000 0.000000 0.000000
vn -1.000000 0.000000 0.000000
vn -1.000000 0.000000 0.000000
vn -1.000000 0.000000 0.000000
vn -1.000000 0.000000 0.000000
vn -1.000000 0.000000 0.000000
vn -1.000000 0.000000 0.000000
vn -1.000000 0.000000 0.000000
vn -1.000000 0.000000 0.000000
vn -1.000000 0.000000 0.000000
vn -1.000000 0.000000 0.000000
vn -1.000000 0.000000 0.000000
vn -1.000000 0.000000 0.000000
vn -1.000000 0.000000 0.000000
vn -1.000000 0.000000 0.000000
vn -1.000000 0.000000 0.000000
vn -1.000000 0.000000 0.000000
vn -1.000000 0.000000 0.000000
vn -1.000000 0.000000 0.000000
vn -1.000000 0.000000 0.000000
vn -1.000000 0.000000 0.000000
vn -1.000000 0.000000 0.000000
vn -1.000000 0.000000 0.000000
vn -1.000000 0.000000 0.000000
vn -1.000000 0.000000 0.000000
vn -1.000000 0.000000 0.000000
vn -1.000000 0.000000 0.000000
vn -1.000000 0.000000 0.000000
vn -1.000000 0.000000 0.000000
vn -1.000000 0.000000 0.000000
vn -1.000000 0.000000 0.000000
vn -1.000000 0.000000 0.000000
vn -1.000000 0.000000 0.000000
vn -1.000000 0.000000 0.000000
vn -1.000000 0.000000 0.000000
vn -1.000000 0.000000 0.000000
vn -1.000000 0.000000 0.000000
vn -1.000000 0.000000 0.000000
vn -1.000000 0.000000 0.000000
vn -1.000000 0.000000 0.000000
vn -1.000000 0.000000 0.000000
vn -1.000000 0.000000 0.000000
vn -1.000000 0.000000 0.000000
vn -1.000000 0.000000 0.000000
vn -1.000000 0.000000 0.000000
vn -1.000000 0.000000 0.000000
vn -1.000000 0.000000 0.000000
vn -1.000000 0.000000 0.000000
vn -1.000000 0.000000 0.000000
vn -1.000000 0.000000 0.000000
vn -1.000000 0.000000 0.000000
vn -1.000000 0.000000 0.000000
vn -1.000000 0.000000 0.000000
vn -1.000000 0.000000 0.000000
vn -1.000000 0.000000 0.000000
vn -1.000000 0.000000 0.000000
vn -1.000000 0.000000 0.000000
vn -1.000000 0.000000 0.000000
vn -1.000000 0.000000 0.000000
vn -1.000000 0.000000 0.000000
vn -1.000000 0.000000 0.000000
vn -1.000000 0.000000 0.000000
vn -1.000000 0.000000 0.000000
vn -1.000000 0.000000 0.000000
vn -1.000000 0.000000 0.000000
vn -1.000000 0.000000 0.000000
vn -1.000000 0.000000 0.000000
vn -1.000000 0.000000 0.000000
vn -1.000000 0.000000 0.000000
vn -1.000000 0.000000 0.000000
vn -1.000000 0.000000 0.000000
vn -1.000000 0.000000 0.000000
vn -1.000000 0.000000 0.000000
vn -1.000000 0.000000 0.000000
vn -1.000000 0.000000 0.000000
vn -1.000000 0.000000 0.000000
vn -1.000000 0.000000 0.000000
vn -1.000000 0.000000 0.000000
vn -1.000000 0.000000 0.000000
vn -1.000000 0.000000 0.000000
vn -1.000000 0.000000 0.000000
vn -1.000000 0.000000 0.000000
vn -1.000000 0.000000 0.000000
vn -1.000000 0.000000 0.000000
vn -1.000000 0.000000 0.000000
vn -1.000000 0.000000 0.000000
vn -1.000000 0.000000 0.000000
vn -1.000000 0.000000 0.000000
vn -1.000000 0.000000 0.000000
vn -1.000000 0.000000 0.000000
vn -1.000000 0.000000 0.000000
vn -1.000000 0.000000 0.000000
vn -1.000000 0.000000 0.000000
vn -1.000000 0.000000 0.000000
vn -1.000000 0.000000 0.000000
vn -1.000000 0.000000 0.000000
vn -1.000000 0.000000 0.000000
vn -1.000000 0.000000 0.000000
vn -1.000000 0.000000 0.000000
vn -1.000000 0.000000 0.000000
vn -1.000000 0.000000 0.000000
vn -1.000000 0.000000 0.000000
vn -1.000000 0.000000 0.000000
vn -1.000000 0.000000 0.000000
vn -1.000000 0.000000 0.000000
vn -1.000000 0.000000 0.000000
vn -1.000000 0.000000 0.000000
vn -1.000000 0.000000 0.000000
vn -1.000000 0.000000 0.000000
vn -1.000000 0.000000 0.000000
vn -1.000000 0.000000 0.000000
vn -1.000000 0.000000 0.000000
vn -1.000000 0.000000 0.000000
vn -1.000000 0.000000 0.000000
vn -1.000000 0.000000 0.000000
vn -1.000000 0.000000 0.000000
vn -1.000000 0.000000 0.000000
vn -1.000000 0.000000 0.000000
vn -1.000000 0.000000 0.000000
vn -1.000000 0.000000 0.000000
vn -1.000000 0.000000 0.000000
vn -1.000000 0.000000 0.000000
vn -1.000000 0.000000 0.000000
vn -1.000000 0.000000 0.000000
vn -1.000000 0.000000 0.000000
vn -1.000000 0.000000 0.000000
vn -1.000000 0.000000 0.000000
vn -1.000000 0.000000 0.000000
vn -1.000000 0.000000 0.000000
vn -1.000000 0.000000 -0.000000
vn -1.000000 0.000000 0.000000
vn -1.000000 0.000000 0.000000
vn -1.000000 0.000000 0.000000
vn -1.000000 0.000000 0.000000
vn -1.000000 0.000000 0.000000
vn -1.000000 0.000000 0.000000
vn -1.000000 0.000000 0.000000
vn -1.000000 0.000000 0.000000
vn -1.000000 0.000000 0.000000
vn -1.000000 0.000000 0.000000
vn -1.000000 0.000000 0.000000
vn -1.000000 0.000000 0.000000
vn -1.000000 0.000000 0.000000
vn -1.000000 0.000000 0.000000
vn -1.000000 0.000000 0.000000
vn -1.000000 0.000000 0.000000
vn -1.000000 0.000000 0.000000
vn -1.000000 0.000000 0.000000
vn -1.000000 0.000000 0.000000
vn -1.000000 0.000000 0.000000
vn -1.000000 0.000000 0.000000
vn -1.000000 0.000000 0.000000
vn -1.000000 0.000000 0.000000
vn -1.000000 0.000000 0.000000
vn -1.000000 0.000000 0.000000
vn -1.000000 0.000000 0.000000
vn -1.000000 0.000000 0.000000
vn -1.000000 0.000000 0.000000
vn -1.000000 0.000000 0.000000
vn -1.000000 0.000000 0.000000
vn -1.000000 0.000000 0.000000
vn -1.000000 0.000000 0.000000
vn -1.000000 -0.000000 0.000000
vn -0.000000 -1.000000 0.000000
vn -0.000000 -1.000000 0.000000
vn 1.000000 0.000000 0.000000
vn 1.000000 0.000000 0.000000
vn 1.000000 0.000000 0.000000
vn 1.000000 0.000000 0.000000
vn 1.000000 0.000000 0.000000
vn 1.000000 0.000000 0.000000
vn 1.000000 0.000000 0.000000
vn 1.000000 0.000000 0.000000
vn 1.000000 0.000000 0.000000
vn 1.000000 0.000000 0.000000
vn 1.000000 0.000000 0.000000
vn 1.000000 0.000000 0.000000
vn 1.000000 0.000000 0.000000
vn 1.000000 0.000000 0.000000
vn 1.000000 0.000000 0.000000
vn 1.000000 0.000000 0.000000
vn 1.000000 0.000000 0.000000
vn 1.000000 0.000000 0.000000
vn 1.000000 0.000000 0.000000
vn 1.000000 0.000000 0.000000
vn 1.000000 0.000000 0.000000
vn 1.000000 0.000000 0.000000
vn 1.000000 0.000000 0.000000
vn 1.000000 0.000000 0.000000
vn 1.000000 0.000000 0.000000
vn 1.000000 0.000000 0.000000
vn 1.000000 0.000000 0.000000
vn 1.000000 0.000000 0.000000
vn 1.000000 0.000000 0.000000
vn 1.000000 0.000000 0.000000
vn 1.000000 0.000000 0.000000
vn 1.000000 0.000000 0.000000
vn 1.000000 0.000000 0.000000
vn 1.000000 0.000000 0.000000
vn 1.000000 0.000000 0.000000
vn 1.000000 0.000000 0.000000
vn 1.000000 0.000000 0.000000
vn 1.000000 0.000000 0.000000
vn 1.000000 0.000000 0.000000
vn 1.000000 0.000000 0.000000
vn 1.000000 0.000000 0.000000
vn 1.000000 0.000000 0.000000
vn 1.000000 0.000000 0.000000
vn 1.000000 0.000000 0.000000
vn 1.000000 0.000000 0.000000
vn 1.000000 0.000000 0.000000
vn 1.000000 0.000000 0.000000
vn 1.000000 0.000000 0.000000
vn 1.000000 0.000000 0.000000
vn 1.000000 0.000000 0.000000
vn 1.000000 0.000000 0.000000
vn 1.000000 0.000000 0.000000
vn 1.000000 0.000000 0.000000
vn 1.000000 0.000000 0.000000
vn 1.000000 0.000000 0.000000
vn 1.000000 0.000000 0.000000
vn 1.000000 0.000000 0.000000
vn 1.000000 0.000000 0.000000
vn 1.000000 0.000000 0.000000
vn 1.000000 0.000000 0.000000
vn 1.000000 0.000000 0.000000
vn 1.000000 0.000000 0.000000
vn 1.000000 0.000000 0.000000
vn 1.000000 0.000000 0.000000
vn 1.000000 0.000000 0.000000
vn 1.000000 0.000000 0.000000
vn 1.000000 0.000000 0.000000
vn 1.000000 0.000000 0.000000
vn 1.000000 0.000000 0.000000
vn 1.000000 0.000000 0.000000
vn 1.000000 0.000000 0.000000
vn 1.000000 0.000000 0.000000
vn 1.000000 0.000000 0.000000
vn 1.000000 0.000000 0.000000
vn 1.000000 0.000000 0.000000
vn 1.000000 0.000000 0.000000
vn 1.000000 0.000000 0.000000
vn 1.000000 0.000000 0.000000
vn 1.000000 0.000000 0.000000
vn 1.000000 0.000000 0.000000
vn 1.000000 0.000000 0.000000
vn 1.000000 0.000000 0.000000
vn 1.000000 0.000000 0.000000
vn 1.000000 0.000000 0.000000
vn 1.000000 0.000000 0.000000
vn 1.000000 0.000000 0.000000
vn 1.000000 0.000000 0.000000
vn 1.000000 0.000000 0.000000
vn 1.000000 0.000000 0.000000
vn 1.000000 0.000000 0.000000
vn 1.000000 0.000000 0.000000
vn 1.000000 0.000000 0.000000
vn 1.000000 0.000000 0.000000
vn 1.000000 0.000000 0.000000
vn 1.000000 0.000000 0.000000
vn 1.000000 0.000000 0.000000
vn 1.000000 0.000000 0.000000
vn 1.000000 0.000000 0.000000
vn 1.000000 0.000000 0.000000
vn 1.000000 0.000000 0.000000
vn 1.000000 0.000000 0.000000
vn 1.000000 0.000000 0.000000
vn 1.000000 0.000000 0.000000
vn 1.000000 0.000000 0.000000
vn 1.000000 0.000000 0.000000
vn 1.000000 0.000000 0.000000
vn 1.000000 0.000000 0.000000
vn 1.000000 0.000000 0.000000
vn 1.000000 0.000000 0.000000
vn 1.000000 0.000000 0.000000
vn 1.000000 0.000000 0.000000
vn 1.000000 0.000000 0.000000
vn 1.000000 0.000000 0.000000
vn 1.000000 0.000000 0.000000
vn 1.000000 0.000000 0.000000
vn 1.000000 0.000000 0.000000
vn 1.000000 0.000000 0.000000
vn 1.000000 0.000000 0.000000
vn 1.000000 0.000000 0.000000
vn 1.000000 0.000000 0.000000
vn 1.000000 0.000000 0.000000
vn 1.000000 0.000000 0.000000
vn 1.000000 0.000000 0.000000
vn 1.000000 0.000000 0.000000
vn 1.000000 0.000000 0.000000
vn 1.000000 0.000000 0.000000
vn 1.000000 0.000000 0.000000
vn 1.000000 0.000000 0.000000
vn 1.000000 0.000000 0.000000
vn 1.000000 0.000000 0.000000
vn 1.000000 0.000000 0.000000
vn 1.000000 0.000000 0.000000
vn 1.000000 0.000000 0.000000
vn 1.000000 0.000000 0.000000
vn 1.000000 0.000000 0.000000
vn 1.000000 0.000000 0.000000
vn 1.000000 0.000000 0.000000
vn 1.000000 0.000000 0.000000
vn 1.000000 0.000000 0.000000
vn 1.000000 0.000000 0.000000
vn 1.000000 0.000000 0.000000
vn 1.000000 0.000000 0.000000
vn 1.000000 0.000000 0.000000
vn 1.000000 0.000000 0.000000
vn 1.000000 0.000000 0.000000
vn 1.000000 0.000000 0.000000
vn 1.000000 0.000000 0.000000
vn 1.000000 0.000000 0.000000
vn 1.000000 0.000000 0.000000
vn 1.000000 0.000000 0.000000
vn 1.000000 0.000000 0.000000
vn 1.000000 0.000000 0.000000
vn 1.000000 0.000000 0.000000
vn 1.000000 0.000000 0.000000
vn 1.000000 0.000000 0.000000
vn 1.000000 0.000000 0.000000
vn 1.000000 0.000000 0.000000
vn 1.000000 0.000000 0.000000
vn 1.000000 0.000000 0.000000
vn 1.000000 0.000000 0.000000
vn 1.000000 0.000000 0.000000
vn 1.000000 0.000000 0.000000
vn 1.000000 0.000000 0.000000
vn 1.000000 0.000000 0.000000
vn 1.000000 0.000000 0.000000
vn 1.000000 0.000000 0.000000
vn 1.000000 0.000000 0.000000
vn 1.000000 0.000000 0.000000
vn 1.000000 0.000000 0.000000
vn 1.000000 0.000000 0.000000
vn 1.000000 0.000000 0.000000
vn 1.000000 0.000000 0.000000
vn 1.000000 0.000000 0.000000
vn 1.000000 0.000000 0.000000
vn 1.000000 0.000000 0.000000
vn 1.000000 0.000000 0.000000
vn 1.000000 0.000000 0.000000
vn 1.000000 0.000000 0.000000
vn 1.000000 0.000000 0.000000
vn 1.000000 0.000000 0.000000
vn 1.000000 0.000000 0.000000
vn 1.000000 0.000000 0.000000
vn 1.000000 0.000000 0.000000
vn 1.000000 0.000000 0.000000
vn 1.000000 0.000000 0.000000
vn 1.000000 0.000000 0.000000
vn 1.000000 0.000000 0.000000
vn 1.000000 0.000000 0.000000
vn 1.000000 0.000000 0.000000
vn 1.000000 0.000000 0.000000
vn 1.000000 0.000000 0.000000
vn 1.000000 0.000000 0.000000
vn 1.000000 0.000000 0.000000
vn 1.000000 0.000000 0.000000
vn 1.000000 0.000000 0.000000
vn 1.000000 0.000000 0.000000
vn 1.000000 0.000000 0.000000
vn 1.000000 0.000000 0.000000
vn 1.000000 0.000000 0.000000
vn 1.000000 0.000000 0.000000
vn 1.000000 0.000000 0.000000
vn 1.000000 0.000000 0.000000
vn 1.000000 0.000000 0.000000
vn 1.000000 0.000000 0.000000
vn 1.000000 0.000000 0.000000
vn 1.000000 0.000000 0.000000
vn 1.000000 0.000000 0.000000
vn 1.000000 0.000000 0.000000
vn 1.000000 0.000000 0.000000
vn 1.000000 0.000000 0.000000
vn 1.000000 0.000000 0.000000
vn 1.000000 0.000000 0.000000
vn 1.000000 0.000000 0.000000
vn 1.000000 0.000000 0.000000
vn 1.000000 0.000000 0.000000
vn 1.000000 0.000000 0.000000
vn 1.000000 0.000000 0.000000
vn 1.000000 0.000000 0.000000
vn 1.000000 0.000000 0.000000
vn 1.000000 0.000000 0.000000
vn 1.000000 0.000000 0.000000
vn 1.000000 0.000000 0.000000
vn 1.000000 0.000000 0.000000
vn 1.000000 0.000000 0.000000
vn 1.000000 0.000000 0.000000
vn 1.000000 0.000000 0.000000
vn 1.000000 0.000000 0.000000
vn 1.000000 0.000000 0.000000
vn 1.000000 0.000000 0.000000
vn 1.000000 0.000000 0.000000
vn 1.000000 0.000000 0.000000
vn 1.000000 0.000000 0.000000
vn 1.000000 0.000000 0.000000
vn 1.000000 0.000000 0.000000
vn 1.000000 -0.000000 0.000000
vn 1.000000 0.000000 0.000000
vn 0.866025 -0.500000 0.000000
vn 0.866025 -0.500000 0.000000
vn 0.866025 -0.500000 0.000000
vn 0.866025 -0.500000 0.000000
vn 0.866025 -0.500000 0.000000
vn 0.866025 -0.500000 0.000000
vn 0.000000 -1.000000 0.000000
vn 0.000000 -1.000000 0.000000
vn 0.866025 0.500000 0.000000
vn 0.866025 0.500000 0.000000
vn 0.000000 0.000000 1.000000
vn 0.000000 0.000000 1.000000
vn -0.500000 0.866025 0.000000
vn -0.500000 0.866025 0.000000
vn 0.707107 -0.000000 0.707107
vn 0.707107 0.000000 0.707107
vn 0.000000 0.000000 1.000000
vn 0.000000 0.000000 1.000000
vn -0.865944 -0.499953 -0.013705
vn -0.865944 -0.499953 -0.013705
vn -0.865293 -0.499577 -0.041114
vn -0.865293 -0.499577 -0.041114
vn -0.863991 -0.498825 -0.068511
vn -0.863991 -0.498825 -0.068511
vn -0.862034 -0.497696 -0.095897
vn -0.862034 -0.497696 -0.095897
vn -0.859422 -0.496187 -0.123258
vn -0.859422 -0.496187 -0.123258
vn -0.856189 -0.494321 -0.150291
vn -0.856189 -0.494321 -0.150291
vn -0.852283 -0.492066 -0.177443
vn -0.852284 -0.492067 -0.177432
vn -0.847769 -0.489460 -0.204249
vn -0.847769 -0.489460 -0.204249
vn -0.842571 -0.486458 -0.231155
vn -0.842568 -0.486457 -0.231166
vn -0.836769 -0.483109 -0.257729
vn -0.836769 -0.483109 -0.257729
vn -0.830347 -0.479401 -0.284074
vn -0.830347 -0.479401 -0.284074
vn -0.823258 -0.475308 -0.310368
vn -0.823258 -0.475308 -0.310368
vn -0.815587 -0.470880 -0.336288
vn -0.815587 -0.470880 -0.336288
vn -0.807295 -0.466092 -0.361985
vn -0.807295 -0.466092 -0.361985
vn -0.798382 -0.460946 -0.387447
vn -0.798382 -0.460946 -0.387447
vn -0.788903 -0.455473 -0.412525
vn -0.788903 -0.455473 -0.412525
vn -0.778750 -0.449612 -0.437490
vn -0.778750 -0.449612 -0.437490
vn -0.768147 -0.443490 -0.461809
vn -0.768147 -0.443490 -0.461809
vn -0.756820 -0.436950 -0.486106
vn -0.756820 -0.436950 -0.486106
vn -0.744995 -0.430123 -0.509880
vn -0.744995 -0.430123 -0.509880
vn -0.732620 -0.422978 -0.533251
vn -0.732620 -0.422978 -0.533251
vn -0.719642 -0.415486 -0.556315
vn -0.719642 -0.415486 -0.556315
vn -0.706189 -0.407719 -0.578845
vn -0.706189 -0.407719 -0.578845
vn -0.692139 -0.399606 -0.601048
vn -0.692139 -0.399606 -0.601048
vn -0.677618 -0.391223 -0.622718
vn -0.677618 -0.391223 -0.622718
vn -0.662583 -0.382542 -0.643930
vn -0.662588 -0.382545 -0.643923
vn -0.647030 -0.373563 -0.664683
vn -0.647025 -0.373560 -0.664689
vn -0.630965 -0.364288 -0.684965
vn -0.630965 -0.364288 -0.684965
vn -0.614465 -0.354761 -0.704683
vn -0.597472 -0.344950 -0.723904
vn -0.614465 -0.354761 -0.704683
vn -0.597472 -0.344950 -0.723904
vn -0.580056 -0.334895 -0.742550
vn -0.580061 -0.334898 -0.742545
vn -0.562235 -0.324606 -0.760607
vn -0.562230 -0.324604 -0.760612
vn -0.543946 -0.314047 -0.778137
vn -0.543946 -0.314047 -0.778137
vn -0.525256 -0.303257 -0.795074
vn -0.525261 -0.303259 -0.795069
vn -0.506128 -0.292213 -0.811447
vn -0.486686 -0.280988 -0.827153
vn -0.506123 -0.292210 -0.811451
vn -0.486690 -0.280991 -0.827150
vn -0.466821 -0.269519 -0.842281
vn -0.466826 -0.269522 -0.842278
vn -0.446676 -0.257888 -0.856723
vn -0.446676 -0.257888 -0.856723
vn -0.426132 -0.246027 -0.870564
vn -0.426132 -0.246027 -0.870564
vn -0.405261 -0.233977 -0.883753
vn -0.405261 -0.233977 -0.883753
vn -0.384185 -0.221809 -0.896216
vn -0.384189 -0.221811 -0.896214
vn -0.362707 -0.209409 -0.908070
vn -0.362711 -0.209411 -0.908068
vn -0.340954 -0.196850 -0.919239
vn -0.340954 -0.196850 -0.919239
vn -0.319030 -0.184192 -0.929674
vn -0.319030 -0.184192 -0.929674
vn -0.296847 -0.171385 -0.939420
vn -0.296847 -0.171385 -0.939420
vn -0.274380 -0.158413 -0.948484
vn -0.274380 -0.158413 -0.948483
vn -0.251745 -0.145345 -0.956817
vn -0.251742 -0.145343 -0.956818
vn -0.228936 -0.132176 -0.964426
vn -0.228939 -0.132178 -0.964425
vn -0.205907 -0.118881 -0.971324
vn -0.205907 -0.118881 -0.971324
vn -0.182781 -0.105529 -0.977474
vn -0.182781 -0.105529 -0.977474
vn -0.159464 -0.092067 -0.982901
vn -0.159464 -0.092067 -0.982901
vn -0.136053 -0.078550 -0.987583
vn -0.136051 -0.078549 -0.987583
vn -0.112547 -0.064979 -0.991520
vn -0.112547 -0.064979 -0.991520
vn -0.088964 -0.051364 -0.994710
vn -0.088964 -0.051364 -0.994710
vn -0.065274 -0.037686 -0.997156
vn -0.065275 -0.037686 -0.997155
vn -0.041568 -0.023999 -0.998847
vn -0.041568 -0.023999 -0.998847
vn -0.017822 -0.010290 -0.999788
vn -0.017822 -0.010290 -0.999788
vn 0.005940 0.003429 -0.999976
vn 0.029695 0.017144 -0.999412
vn 0.005940 0.003429 -0.999976
vn 0.029695 0.017144 -0.999412
vn 0.053437 0.030852 -0.998094
vn 0.077122 0.044527 -0.996027
vn 0.053438 0.030852 -0.998094
vn 0.077122 0.044526 -0.996027
vn 0.100756 0.058171 -0.993209
vn 0.100756 0.058171 -0.993209
vn 0.124321 0.071777 -0.989643
vn 0.124321 0.071777 -0.989643
vn 0.147784 0.085323 -0.985332
vn 0.147783 0.085322 -0.985333
vn 0.171121 0.098797 -0.980284
vn 0.171123 0.098798 -0.980284
vn 0.194377 0.112223 -0.974486
vn 0.194377 0.112223 -0.974486
vn 0.217439 0.125538 -0.967967
vn 0.217436 0.125537 -0.967968
vn 0.240361 0.138773 -0.960713
vn 0.240364 0.138774 -0.960712
vn 0.263081 0.151890 -0.952742
vn 0.263081 0.151890 -0.952742
vn 0.285637 0.164913 -0.944042
vn 0.285637 0.164913 -0.944042
vn 0.307962 0.177802 -0.934637
vn 0.307962 0.177802 -0.934637
vn 0.351909 0.203175 -0.913718
vn 0.329996 0.190524 -0.924556
vn 0.329996 0.190524 -0.924556
vn 0.351909 0.203175 -0.913718
vn 0.373451 0.215612 -0.902245
vn 0.394758 0.227914 -0.890068
vn 0.373451 0.215612 -0.902245
vn 0.394758 0.227914 -0.890068
vn 0.415752 0.240034 -0.877231
vn 0.415752 0.240034 -0.877231
vn 0.436435 0.251976 -0.863732
vn 0.456790 0.263728 -0.849582
vn 0.436440 0.251979 -0.863729
vn 0.476793 0.275277 -0.834800
vn 0.456786 0.263725 -0.849586
vn 0.476793 0.275277 -0.834800
vn 0.496509 0.286660 -0.819332
vn 0.496509 0.286660 -0.819332
vn 0.515730 0.297757 -0.803346
vn 0.534642 0.308676 -0.786687
vn 0.515734 0.297759 -0.803341
vn 0.553093 0.319328 -0.769492
vn 0.534637 0.308673 -0.786692
vn 0.553093 0.319328 -0.769492
vn 0.571225 0.329797 -0.751622
vn 0.588808 0.339948 -0.733308
vn 0.571225 0.329797 -0.751622
vn 0.588808 0.339948 -0.733308
vn 0.606044 0.349900 -0.714339
vn 0.606049 0.349903 -0.714333
vn 0.622791 0.359569 -0.694868
vn 0.622796 0.359572 -0.694862
vn 0.639043 0.368952 -0.674906
vn 0.639043 0.368952 -0.674907
vn 0.654852 0.378079 -0.654389
vn 0.654852 0.378079 -0.654389
vn 0.670150 0.386911 -0.633403
vn 0.670150 0.386911 -0.633403
vn 0.684932 0.395446 -0.611956
vn 0.684932 0.395446 -0.611956
vn 0.699242 0.403708 -0.589983
vn 0.699242 0.403708 -0.589983
vn 0.713032 0.411669 -0.567551
vn 0.726150 0.419243 -0.544923
vn 0.713036 0.411672 -0.567543
vn 0.726150 0.419243 -0.544923
vn 0.738923 0.426618 -0.521527
vn 0.738923 0.426617 -0.521527
vn 0.750963 0.433569 -0.498069
vn 0.750959 0.433566 -0.498078
vn 0.762507 0.440234 -0.474107
vn 0.773562 0.446616 -0.449596
vn 0.762507 0.440234 -0.474107
vn 0.773562 0.446616 -0.449596
vn 0.783883 0.452575 -0.425091
vn 0.783883 0.452575 -0.425091
vn 0.793699 0.458242 -0.400069
vn 0.793699 0.458242 -0.400069
vn 0.802948 0.463582 -0.374656
vn 0.802948 0.463582 -0.374656
vn 0.811479 0.468508 -0.349288
vn 0.819529 0.473155 -0.323258
vn 0.811479 0.468508 -0.349288
vn 0.819529 0.473155 -0.323258
vn 0.826865 0.477391 -0.297308
vn 0.833659 0.481313 -0.270834
vn 0.826865 0.477391 -0.297308
vn 0.833659 0.481313 -0.270834
vn 0.839750 0.484830 -0.244460
vn 0.845223 0.487990 -0.217862
vn 0.839752 0.484831 -0.244449
vn 0.845221 0.487989 -0.217873
vn 0.850120 0.490817 -0.190775
vn 0.854308 0.493235 -0.163945
vn 0.850122 0.490818 -0.190764
vn 0.854308 0.493235 -0.163945
vn 0.857887 0.495301 -0.136769
vn 0.857886 0.495301 -0.136780
vn 0.860824 0.496997 -0.109430
vn 0.860824 0.496997 -0.109430
vn 0.863083 0.498301 -0.082363
vn 0.863083 0.498301 -0.082363
vn 0.864724 0.499248 -0.054806
vn 0.864724 0.499248 -0.054806
vn 0.865700 0.499812 -0.027409
vn 0.865700 0.499812 -0.027409
vn 0.866025 0.500000 0.000000
vn 0.866025 0.500000 0.000000
vn 0.865700 0.499812 0.027409
vn 0.865700 0.499812 0.027409
vn 0.864724 0.499248 0.054807
vn 0.864724 0.499248 0.054807
vn 0.863083 0.498301 0.082363
vn 0.863083 0.498301 0.082363
vn 0.860824 0.496997 0.109430
vn 0.860824 0.496997 0.109430
vn 0.857887 0.495301 0.136768
vn 0.857886 0.495301 0.136780
vn 0.854307 0.493235 0.163946
vn 0.854307 0.493235 0.163946
vn 0.850122 0.490818 0.190763
vn 0.850120 0.490817 0.190775
vn 0.845223 0.487990 0.217863
vn 0.845221 0.487988 0.217874
vn 0.839750 0.484830 0.244459
vn 0.833659 0.481313 0.270833
vn 0.839752 0.484831 0.244448
vn 0.833659 0.481313 0.270833
vn 0.826865 0.477391 0.297308
vn 0.826865 0.477391 0.297308
vn 0.819529 0.473155 0.323260
vn 0.819529 0.473155 0.323260
vn 0.811480 0.468508 0.349286
vn 0.811480 0.468508 0.349286
vn 0.802947 0.463582 0.374658
vn 0.802947 0.463582 0.374658
vn 0.793700 0.458243 0.400068
vn 0.793700 0.458243 0.400068
vn 0.783883 0.452575 0.425091
vn 0.783883 0.452575 0.425091
vn 0.773562 0.446616 0.449596
vn 0.762507 0.440234 0.474107
vn 0.773562 0.446616 0.449596
vn 0.762507 0.440234 0.474107
vn 0.750964 0.433569 0.498068
vn 0.750959 0.433566 0.498077
vn 0.738922 0.426617 0.521529
vn 0.738922 0.426617 0.521530
vn 0.726152 0.419244 0.544920
vn 0.726152 0.419244 0.544920
vn 0.713035 0.411671 0.567546
vn 0.713030 0.411668 0.567554
vn 0.699243 0.403708 0.589982
vn 0.699243 0.403708 0.589982
vn 0.684931 0.395445 0.611958
vn 0.684931 0.395445 0.611958
vn 0.670150 0.386911 0.633403
vn 0.670150 0.386911 0.633403
vn 0.654852 0.378079 0.654389
vn 0.654852 0.378079 0.654389
vn 0.639044 0.368952 0.674905
vn 0.639044 0.368952 0.674905
vn 0.622791 0.359569 0.694868
vn 0.622796 0.359572 0.694862
vn 0.606049 0.349903 0.714333
vn 0.606044 0.349900 0.714339
vn 0.588807 0.339948 0.733309
vn 0.588807 0.339948 0.733309
vn 0.571225 0.329797 0.751622
vn 0.571225 0.329797 0.751622
vn 0.553094 0.319329 0.769491
vn 0.553094 0.319329 0.769491
vn 0.534644 0.308677 0.786686
vn 0.534639 0.308674 0.786690
vn 0.515733 0.297758 0.803343
vn 0.515728 0.297756 0.803347
vn 0.496508 0.286659 0.819333
vn 0.496508 0.286659 0.819333
vn 0.476795 0.275278 0.834799
vn 0.476795 0.275278 0.834799
vn 0.456783 0.263724 0.849588
vn 0.456788 0.263727 0.849584
vn 0.436440 0.251979 0.863729
vn 0.436435 0.251976 0.863732
vn 0.415755 0.240036 0.877229
vn 0.415755 0.240036 0.877229
vn 0.394756 0.227912 0.890069
vn 0.394756 0.227912 0.890069
vn 0.373451 0.215612 0.902245
vn 0.373451 0.215612 0.902245
vn 0.351910 0.203175 0.913717
vn 0.351910 0.203175 0.913717
vn 0.329995 0.190523 0.924556
vn 0.329995 0.190523 0.924556
vn 0.307962 0.177802 0.934637
vn 0.307962 0.177802 0.934637
vn 0.285636 0.164912 0.944042
vn 0.285636 0.164912 0.944042
vn 0.263085 0.151892 0.952741
vn 0.263085 0.151892 0.952741
vn 0.240358 0.138771 0.960714
vn 0.240361 0.138772 0.960713
vn 0.217441 0.125540 0.967967
vn 0.217439 0.125538 0.967967
vn 0.194374 0.112222 0.974487
vn 0.194374 0.112222 0.974487
vn 0.171122 0.098797 0.980284
vn 0.171124 0.098799 0.980283
vn 0.147783 0.085322 0.985333
vn 0.147784 0.085323 0.985332
vn 0.124321 0.071777 0.989643
vn 0.124321 0.071777 0.989643
vn 0.100757 0.058172 0.993209
vn 0.100757 0.058172 0.993209
vn 0.077122 0.044526 0.996027
vn 0.077122 0.044527 0.996027
vn 0.053435 0.030851 0.998095
vn 0.053435 0.030851 0.998095
vn 0.029696 0.017145 0.999412
vn 0.029696 0.017145 0.999412
vn 0.005940 0.003429 0.999976
vn 0.005940 0.003429 0.999976
vn -0.017822 -0.010290 0.999788
vn -0.017822 -0.010290 0.999788
vn -0.041568 -0.023999 0.998847
vn -0.041568 -0.023999 0.998847
vn -0.065275 -0.037686 0.997155
vn -0.088962 -0.051362 0.994710
vn -0.065274 -0.037686 0.997156
vn -0.088962 -0.051362 0.994710
vn -0.112547 -0.064979 0.991520
vn -0.112547 -0.064979 0.991520
vn -0.136051 -0.078549 0.987583
vn -0.136053 -0.078550 0.987583
vn -0.159468 -0.092069 0.982900
vn -0.159468 -0.092069 0.982900
vn -0.182778 -0.105527 0.977475
vn -0.182778 -0.105527 0.977475
vn -0.205910 -0.118882 0.971323
vn -0.205910 -0.118882 0.971323
vn -0.228938 -0.132177 0.964426
vn -0.251740 -0.145342 0.956819
vn -0.228935 -0.132176 0.964426
vn -0.274384 -0.158416 0.948482
vn -0.251742 -0.145344 0.956818
vn -0.274384 -0.158416 0.948482
vn -0.296846 -0.171384 0.939420
vn -0.296846 -0.171384 0.939420
vn -0.319028 -0.184191 0.929675
vn -0.340954 -0.196850 0.919239
vn -0.319028 -0.184191 0.929675
vn -0.340954 -0.196850 0.919239
vn -0.362712 -0.209412 0.908067
vn -0.362708 -0.209410 0.908069
vn -0.384191 -0.221813 0.896212
vn -0.384187 -0.221810 0.896215
vn -0.405260 -0.233977 0.883753
vn -0.405260 -0.233977 0.883753
vn -0.426130 -0.246026 0.870566
vn -0.426130 -0.246026 0.870566
vn -0.446676 -0.257888 0.856723
vn -0.466828 -0.269523 0.842276
vn -0.446676 -0.257888 0.856723
vn -0.486687 -0.280989 0.827153
vn -0.466823 -0.269520 0.842280
vn -0.506127 -0.292213 0.811448
vn -0.486691 -0.280991 0.827149
vn -0.506122 -0.292210 0.811452
vn -0.525256 -0.303257 0.795073
vn -0.525261 -0.303260 0.795069
vn -0.543943 -0.314046 0.778139
vn -0.562236 -0.324607 0.760605
vn -0.543943 -0.314046 0.778139
vn -0.562231 -0.324604 0.760610
vn -0.580056 -0.334895 0.742550
vn -0.597472 -0.344950 0.723904
vn -0.580061 -0.334898 0.742545
vn -0.597472 -0.344950 0.723904
vn -0.614465 -0.354761 0.704683
vn -0.630966 -0.364288 0.684964
vn -0.614465 -0.354761 0.704683
vn -0.630966 -0.364288 0.684964
vn -0.647030 -0.373563 0.664683
vn -0.647025 -0.373560 0.664689
vn -0.662582 -0.382542 0.643931
vn -0.662587 -0.382545 0.643924
vn -0.677619 -0.391224 0.622717
vn -0.677619 -0.391224 0.622717
vn -0.692138 -0.399606 0.601049
vn -0.706190 -0.407719 0.578844
vn -0.692138 -0.399606 0.601049
vn -0.706190 -0.407719 0.578844
vn -0.719642 -0.415486 0.556315
vn -0.719642 -0.415486 0.556315
vn -0.732619 -0.422978 0.533254
vn -0.744996 -0.430124 0.509877
vn -0.732619 -0.422978 0.533254
vn -0.744996 -0.430124 0.509877
vn -0.756818 -0.436949 0.486108
vn -0.768147 -0.443490 0.461808
vn -0.756818 -0.436949 0.486108
vn -0.768147 -0.443490 0.461808
vn -0.778751 -0.449612 0.437489
vn -0.788903 -0.455473 0.412525
vn -0.778751 -0.449612 0.437489
vn -0.788903 -0.455473 0.412525
vn -0.798382 -0.460946 0.387448
vn -0.798382 -0.460946 0.387448
vn -0.807295 -0.466092 0.361985
vn -0.807295 -0.466092 0.361985
vn -0.815587 -0.470880 0.336288
vn -0.815587 -0.470880 0.336288
vn -0.823258 -0.475308 0.310369
vn -0.823258 -0.475308 0.310369
vn -0.830347 -0.479401 0.284073
vn -0.830347 -0.479401 0.284073
vn -0.836769 -0.483109 0.257728
vn -0.836769 -0.483109 0.257728
vn -0.842568 -0.486457 0.231167
vn -0.842570 -0.486458 0.231156
vn -0.847769 -0.489460 0.204249
vn -0.847769 -0.489460 0.204249
vn -0.852284 -0.492067 0.177432
vn -0.852282 -0.492065 0.177444
vn -0.856189 -0.494321 0.150290
vn -0.856189 -0.494321 0.150290
vn -0.859422 -0.496187 0.123258
vn -0.859422 -0.496187 0.123258
vn -0.862034 -0.497696 0.095897
vn -0.862034 -0.497696 0.095897
vn -0.863991 -0.498825 0.068511
vn -0.863991 -0.498825 0.068511
vn -0.865293 -0.499577 0.041114
vn -0.865944 -0.499953 0.013705
vn -0.865293 -0.499577 0.041114
vn -0.865944 -0.499953 0.013705
vn -0.000000 0.000000 1.000000
vn 0.000000 0.000000 1.000000
vn 0.353553 -0.612372 0.707107
vn 0.353553 -0.612372 0.707107
vn -1.000000 -0.000000 -0.000000
vn -1.000000 0.000000 0.000000
vn 0.000000 0.000000 1.000000
vn 0.000000 0.000000 1.000000
vn 0.865943 -0.499953 -0.013745
vn 0.865943 -0.499953 -0.013745
vn 0.865293 -0.499577 -0.041114
vn 0.865293 -0.499577 -0.041114
vn 0.863987 -0.498824 -0.068562
vn 0.863987 -0.498824 -0.068562
vn 0.862035 -0.497696 -0.095885
vn 0.862039 -0.497699 -0.095839
vn 0.859431 -0.496193 -0.123174
vn 0.859426 -0.496190 -0.123219
vn 0.856184 -0.494318 -0.150330
vn 0.856190 -0.494322 -0.150285
vn 0.852288 -0.492069 -0.177404
vn 0.852282 -0.492065 -0.177449
vn 0.847750 -0.489449 -0.204353
vn 0.847750 -0.489449 -0.204353
vn 0.842591 -0.486470 -0.231058
vn 0.842591 -0.486470 -0.231058
vn 0.836771 -0.483110 -0.257718
vn 0.836761 -0.483104 -0.257761
vn 0.830343 -0.479399 -0.284089
vn 0.830343 -0.479399 -0.284089
vn 0.823268 -0.475314 -0.310332
vn 0.823268 -0.475314 -0.310332
vn 0.815587 -0.470879 -0.336288
vn 0.815587 -0.470879 -0.336288
vn 0.807278 -0.466082 -0.362035
vn 0.807292 -0.466090 -0.361995
vn 0.798382 -0.460946 -0.387447
vn 0.798382 -0.460946 -0.387447
vn 0.788912 -0.455479 -0.412500
vn 0.788897 -0.455470 -0.412539
vn 0.778770 -0.449623 -0.437444
vn 0.778770 -0.449623 -0.437444
vn 0.768100 -0.443462 -0.461913
vn 0.768100 -0.443462 -0.461913
vn 0.756834 -0.436958 -0.486075
vn 0.756834 -0.436958 -0.486075
vn 0.744999 -0.430125 -0.509871
vn 0.744999 -0.430125 -0.509871
vn 0.732582 -0.422956 -0.533321
vn 0.732600 -0.422967 -0.533288
vn 0.719672 -0.415503 -0.556263
vn 0.719672 -0.415503 -0.556263
vn 0.706164 -0.407704 -0.578887
vn 0.706182 -0.407715 -0.578857
vn 0.692172 -0.399626 -0.600997
vn 0.692172 -0.399626 -0.600997
vn 0.677606 -0.391216 -0.622736
vn 0.677587 -0.391205 -0.622764
vn 0.662561 -0.382530 -0.643960
vn 0.662561 -0.382530 -0.643960
vn 0.647023 -0.373559 -0.664692
vn 0.647043 -0.373570 -0.664666
vn 0.630977 -0.364295 -0.684950
vn 0.630957 -0.364283 -0.684975
vn 0.614470 -0.354764 -0.704677
vn 0.597501 -0.344967 -0.723871
vn 0.614489 -0.354776 -0.704654
vn 0.597481 -0.344956 -0.723893
vn 0.580063 -0.334900 -0.742542
vn 0.580063 -0.334900 -0.742542
vn 0.562201 -0.324586 -0.760641
vn 0.562220 -0.324598 -0.760621
vn 0.543956 -0.314053 -0.778128
vn 0.543936 -0.314042 -0.778146
vn 0.525222 -0.303237 -0.795103
vn 0.525241 -0.303248 -0.795086
vn 0.506161 -0.292232 -0.811420
vn 0.486669 -0.280979 -0.827166
vn 0.506142 -0.292221 -0.811435
vn 0.486669 -0.280979 -0.827166
vn 0.466880 -0.269553 -0.842237
vn 0.466862 -0.269543 -0.842251
vn 0.446636 -0.257865 -0.856751
vn 0.446636 -0.257865 -0.856751
vn 0.426147 -0.246036 -0.870555
vn 0.426147 -0.246036 -0.870555
vn 0.405273 -0.233984 -0.883745
vn 0.405289 -0.233994 -0.883735
vn 0.384139 -0.221783 -0.896242
vn 0.384155 -0.221792 -0.896233
vn 0.362702 -0.209406 -0.908073
vn 0.362702 -0.209406 -0.908073
vn 0.340999 -0.196876 -0.919217
vn 0.340999 -0.196876 -0.919217
vn 0.319016 -0.184184 -0.929680
vn 0.319030 -0.184192 -0.929674
vn 0.296818 -0.171368 -0.939432
vn 0.296818 -0.171368 -0.939432
vn 0.274383 -0.158415 -0.948482
vn 0.274383 -0.158415 -0.948482
vn 0.251746 -0.145346 -0.956817
vn 0.251746 -0.145346 -0.956817
vn 0.228924 -0.132169 -0.964430
vn 0.228924 -0.132169 -0.964430
vn 0.205919 -0.118887 -0.971320
vn 0.205928 -0.118893 -0.971318
vn 0.182780 -0.105528 -0.977474
vn 0.182772 -0.105524 -0.977476
vn 0.159470 -0.092070 -0.982900
vn 0.159470 -0.092070 -0.982900
vn 0.136059 -0.078554 -0.987581
vn 0.136059 -0.078554 -0.987581
vn 0.112549 -0.064980 -0.991519
vn 0.112549 -0.064980 -0.991519
vn 0.088949 -0.051355 -0.994711
vn 0.088949 -0.051355 -0.994711
vn 0.065285 -0.037692 -0.997155
vn 0.065282 -0.037691 -0.997155
vn 0.041568 -0.023999 -0.998847
vn 0.041568 -0.023999 -0.998847
vn 0.017820 -0.010288 -0.999788
vn 0.017819 -0.010288 -0.999788
vn -0.005940 0.003430 -0.999976
vn -0.029696 0.017145 -0.999412
vn -0.005940 0.003430 -0.999976
vn -0.029698 0.017146 -0.999412
vn -0.053433 0.030850 -0.998095
vn -0.077122 0.044526 -0.996027
vn -0.053433 0.030850 -0.998095
vn -0.077118 0.044524 -0.996027
vn -0.100753 0.058170 -0.993209
vn -0.100753 0.058170 -0.993209
vn -0.124318 0.071775 -0.989643
vn -0.124318 0.071775 -0.989643
vn -0.147791 0.085327 -0.985331
vn -0.147784 0.085323 -0.985332
vn -0.171134 0.098804 -0.980281
vn -0.171134 0.098804 -0.980281
vn -0.194358 0.112213 -0.974491
vn -0.194367 0.112218 -0.974489
vn -0.217451 0.125545 -0.967964
vn -0.217441 0.125540 -0.967967
vn -0.240367 0.138776 -0.960711
vn -0.240367 0.138776 -0.960711
vn -0.263083 0.151891 -0.952742
vn -0.263083 0.151891 -0.952742
vn -0.285633 0.164910 -0.944044
vn -0.285633 0.164910 -0.944044
vn -0.307947 0.177793 -0.934643
vn -0.307947 0.177793 -0.934643
vn -0.351883 0.203160 -0.913731
vn -0.330031 0.190544 -0.924539
vn -0.330045 0.190552 -0.924532
vn -0.351898 0.203168 -0.913724
vn -0.373451 0.215612 -0.902245
vn -0.394762 0.227916 -0.890066
vn -0.373436 0.215603 -0.902253
vn -0.394778 0.227925 -0.890056
vn -0.415752 0.240034 -0.877231
vn -0.415752 0.240034 -0.877231
vn -0.436440 0.251979 -0.863729
vn -0.456801 0.263735 -0.849574
vn -0.436422 0.251968 -0.863740
vn -0.476809 0.275286 -0.834788
vn -0.456819 0.263745 -0.849562
vn -0.476790 0.275275 -0.834802
vn -0.496460 0.286631 -0.819372
vn -0.496460 0.286631 -0.819372
vn -0.515720 0.297751 -0.803354
vn -0.534652 0.308682 -0.786679
vn -0.515720 0.297751 -0.803354
vn -0.553122 0.319345 -0.769464
vn -0.534671 0.308693 -0.786661
vn -0.553102 0.319334 -0.769483
vn -0.571201 0.329783 -0.751647
vn -0.588833 0.339963 -0.733281
vn -0.571201 0.329783 -0.751647
vn -0.588833 0.339963 -0.733281
vn -0.606055 0.349906 -0.714328
vn -0.606075 0.349917 -0.714305
vn -0.622744 0.359541 -0.694925
vn -0.622764 0.359553 -0.694901
vn -0.639070 0.368968 -0.674872
vn -0.639070 0.368968 -0.674872
vn -0.654852 0.378079 -0.654389
vn -0.654852 0.378079 -0.654389
vn -0.670145 0.386908 -0.633410
vn -0.670164 0.386920 -0.633382
vn -0.684944 0.395453 -0.611939
vn -0.684925 0.395441 -0.611968
vn -0.699240 0.403707 -0.589987
vn -0.699240 0.403707 -0.589987
vn -0.712983 0.411641 -0.567633
vn -0.726198 0.419271 -0.544838
vn -0.712983 0.411641 -0.567633
vn -0.726216 0.419281 -0.544806
vn -0.738872 0.426588 -0.521623
vn -0.738872 0.426588 -0.521623
vn -0.750997 0.433589 -0.498000
vn -0.750963 0.433568 -0.498070
vn -0.762523 0.440243 -0.474072
vn -0.773532 0.446599 -0.449665
vn -0.762557 0.440263 -0.474000
vn -0.773516 0.446590 -0.449701
vn -0.783893 0.452581 -0.425068
vn -0.783908 0.452590 -0.425030
vn -0.793712 0.458250 -0.400036
vn -0.793712 0.458250 -0.400036
vn -0.802904 0.463557 -0.374779
vn -0.802904 0.463557 -0.374779
vn -0.811531 0.468538 -0.349126
vn -0.819508 0.473143 -0.323330
vn -0.811518 0.468530 -0.349167
vn -0.819508 0.473143 -0.323330
vn -0.826869 0.477393 -0.297292
vn -0.833637 0.481301 -0.270924
vn -0.826869 0.477393 -0.297292
vn -0.833647 0.481306 -0.270881
vn -0.839755 0.484833 -0.244433
vn -0.845249 0.488005 -0.217725
vn -0.839746 0.484827 -0.244477
vn -0.845249 0.488005 -0.217725
vn -0.850098 0.490805 -0.190902
vn -0.854319 0.493241 -0.163867
vn -0.850098 0.490805 -0.190902
vn -0.854319 0.493241 -0.163867
vn -0.857885 0.495300 -0.136792
vn -0.857885 0.495300 -0.136791
vn -0.860821 0.496996 -0.109464
vn -0.860817 0.496993 -0.109509
vn -0.863093 0.498307 -0.082221
vn -0.863090 0.498305 -0.082267
vn -0.864721 0.499247 -0.054858
vn -0.864721 0.499247 -0.054858
vn -0.865700 0.499812 -0.027409
vn -0.865700 0.499812 -0.027409
vn -0.866025 0.500000 0.000000
vn -0.866025 0.500000 0.000000
vn -0.865700 0.499812 0.027409
vn -0.865700 0.499812 0.027409
vn -0.864721 0.499247 0.054858
vn -0.864721 0.499247 0.054858
vn -0.863090 0.498305 0.082267
vn -0.863093 0.498307 0.082221
vn -0.860817 0.496993 0.109509
vn -0.860821 0.496996 0.109464
vn -0.857885 0.495300 0.136791
vn -0.857885 0.495300 0.136791
vn -0.854319 0.493241 0.163868
vn -0.854319 0.493241 0.163868
vn -0.850098 0.490805 0.190902
vn -0.850098 0.490805 0.190902
vn -0.845249 0.488005 0.217726
vn -0.845249 0.488005 0.217726
vn -0.839756 0.484833 0.244432
vn -0.833637 0.481300 0.270923
vn -0.839746 0.484828 0.244476
vn -0.833647 0.481307 0.270881
vn -0.826869 0.477393 0.297292
vn -0.826869 0.477393 0.297292
vn -0.819507 0.473143 0.323332
vn -0.819507 0.473143 0.323332
vn -0.811532 0.468538 0.349125
vn -0.811519 0.468531 0.349165
vn -0.802904 0.463556 0.374781
vn -0.802904 0.463556 0.374781
vn -0.793712 0.458250 0.400034
vn -0.793712 0.458250 0.400034
vn -0.783893 0.452581 0.425068
vn -0.783908 0.452590 0.425030
vn -0.773532 0.446599 0.449665
vn -0.762523 0.440243 0.474072
vn -0.773515 0.446590 0.449702
vn -0.762557 0.440263 0.474000
vn -0.750998 0.433589 0.497999
vn -0.750963 0.433569 0.498069
vn -0.738871 0.426587 0.521626
vn -0.738871 0.426587 0.521626
vn -0.726199 0.419272 0.544836
vn -0.726218 0.419282 0.544803
vn -0.712981 0.411640 0.567636
vn -0.712981 0.411640 0.567635
vn -0.699241 0.403707 0.589985
vn -0.699241 0.403707 0.589985
vn -0.684924 0.395441 0.611969
vn -0.684943 0.395452 0.611940
vn -0.670165 0.386919 0.633382
vn -0.670145 0.386908 0.633410
vn -0.654852 0.378079 0.654389
vn -0.654852 0.378079 0.654389
vn -0.639071 0.368968 0.674871
vn -0.639071 0.368968 0.674871
vn -0.622744 0.359541 0.694925
vn -0.622764 0.359553 0.694901
vn -0.606075 0.349917 0.714305
vn -0.606054 0.349906 0.714328
vn -0.588831 0.339962 0.733283
vn -0.588831 0.339962 0.733283
vn -0.571201 0.329783 0.751647
vn -0.571201 0.329783 0.751647
vn -0.553123 0.319346 0.769463
vn -0.553104 0.319334 0.769482
vn -0.534653 0.308682 0.786677
vn -0.534673 0.308694 0.786659
vn -0.515718 0.297750 0.803355
vn -0.515718 0.297750 0.803355
vn -0.496459 0.286631 0.819372
vn -0.496459 0.286631 0.819372
vn -0.476792 0.275276 0.834801
vn -0.476811 0.275287 0.834787
vn -0.456817 0.263743 0.849563
vn -0.456799 0.263733 0.849576
vn -0.436422 0.251969 0.863740
vn -0.436440 0.251979 0.863729
vn -0.415755 0.240036 0.877229
vn -0.415755 0.240036 0.877229
vn -0.394776 0.227924 0.890057
vn -0.394760 0.227915 0.890067
vn -0.373436 0.215603 0.902253
vn -0.373451 0.215612 0.902245
vn -0.351899 0.203169 0.913723
vn -0.351884 0.203160 0.913731
vn -0.330044 0.190551 0.924533
vn -0.330030 0.190543 0.924540
vn -0.307947 0.177793 0.934643
vn -0.307947 0.177793 0.934643
vn -0.285632 0.164909 0.944044
vn -0.285632 0.164909 0.944044
vn -0.263086 0.151893 0.952740
vn -0.263086 0.151893 0.952740
vn -0.240363 0.138774 0.960712
vn -0.240363 0.138774 0.960712
vn -0.217453 0.125547 0.967963
vn -0.217443 0.125541 0.967966
vn -0.194356 0.112211 0.974492
vn -0.194365 0.112216 0.974490
vn -0.171136 0.098805 0.980281
vn -0.171136 0.098805 0.980281
vn -0.147784 0.085323 0.985332
vn -0.147791 0.085327 0.985331
vn -0.124318 0.071775 0.989643
vn -0.124318 0.071775 0.989643
vn -0.100754 0.058171 0.993209
vn -0.100754 0.058171 0.993209
vn -0.077118 0.044524 0.996027
vn -0.077122 0.044526 0.996027
vn -0.053431 0.030848 0.998095
vn -0.053431 0.030848 0.998095
vn -0.029698 0.017146 0.999412
vn -0.029699 0.017147 0.999412
vn -0.005940 0.003430 0.999976
vn -0.005940 0.003430 0.999976
vn 0.017819 -0.010288 0.999788
vn 0.017820 -0.010288 0.999788
vn 0.041568 -0.023999 0.998847
vn 0.041568 -0.023999 0.998847
vn 0.065282 -0.037691 0.997155
vn 0.088947 -0.051353 0.994712
vn 0.065285 -0.037692 0.997155
vn 0.088947 -0.051353 0.994712
vn 0.112549 -0.064980 0.991519
vn 0.112549 -0.064980 0.991519
vn 0.136059 -0.078554 0.987581
vn 0.136059 -0.078554 0.987581
vn 0.159474 -0.092072 0.982899
vn 0.159474 -0.092072 0.982899
vn 0.182768 -0.105522 0.977477
vn 0.182777 -0.105526 0.977475
vn 0.205930 -0.118894 0.971317
vn 0.205921 -0.118889 0.971320
vn 0.228922 -0.132168 0.964430
vn 0.251744 -0.145344 0.956818
vn 0.228922 -0.132168 0.964430
vn 0.274387 -0.158418 0.948481
vn 0.251744 -0.145344 0.956818
vn 0.274387 -0.158418 0.948481
vn 0.296817 -0.171367 0.939432
vn 0.296817 -0.171367 0.939432
vn 0.319028 -0.184191 0.929675
vn 0.340999 -0.196876 0.919217
vn 0.319014 -0.184183 0.929681
vn 0.340999 -0.196876 0.919217
vn 0.362703 -0.209406 0.908072
vn 0.362703 -0.209406 0.908072
vn 0.384157 -0.221793 0.896232
vn 0.384141 -0.221784 0.896241
vn 0.405272 -0.233984 0.883746
vn 0.405288 -0.233993 0.883736
vn 0.426145 -0.246035 0.870556
vn 0.426145 -0.246035 0.870556
vn 0.446636 -0.257865 0.856751
vn 0.466864 -0.269544 0.842250
vn 0.446636 -0.257865 0.856751
vn 0.486670 -0.280979 0.827165
vn 0.466882 -0.269554 0.842236
vn 0.506160 -0.292232 0.811420
vn 0.486670 -0.280979 0.827165
vn 0.506141 -0.292220 0.811436
vn 0.525223 -0.303238 0.795102
vn 0.525242 -0.303249 0.795085
vn 0.543953 -0.314051 0.778130
vn 0.562202 -0.324587 0.760639
vn 0.543933 -0.314040 0.778149
vn 0.562222 -0.324599 0.760620
vn 0.580063 -0.334900 0.742542
vn 0.597501 -0.344968 0.723871
vn 0.580063 -0.334900 0.742542
vn 0.597481 -0.344956 0.723893
vn 0.614469 -0.354764 0.704677
vn 0.630978 -0.364296 0.684949
vn 0.614490 -0.354776 0.704654
vn 0.630958 -0.364284 0.684973
vn 0.647023 -0.373559 0.664692
vn 0.647043 -0.373570 0.664666
vn 0.662560 -0.382529 0.643961
vn 0.662560 -0.382529 0.643961
vn 0.677607 -0.391216 0.622734
vn 0.677588 -0.391206 0.622763
vn 0.692171 -0.399625 0.600998
vn 0.706165 -0.407704 0.578886
vn 0.692171 -0.399625 0.600998
vn 0.706183 -0.407715 0.578855
vn 0.719672 -0.415503 0.556263
vn 0.719672 -0.415503 0.556263
vn 0.732599 -0.422966 0.533291
vn 0.745000 -0.430126 0.509869
vn 0.732580 -0.422956 0.533324
vn 0.745000 -0.430126 0.509869
vn 0.756833 -0.436958 0.486078
vn 0.768100 -0.443463 0.461912
vn 0.756833 -0.436958 0.486078
vn 0.768100 -0.443463 0.461912
vn 0.778770 -0.449623 0.437443
vn 0.788897 -0.455470 0.412539
vn 0.778770 -0.449623 0.437443
vn 0.788912 -0.455479 0.412500
vn 0.798382 -0.460946 0.387448
vn 0.798382 -0.460946 0.387448
vn 0.807278 -0.466082 0.362035
vn 0.807292 -0.466090 0.361995
vn 0.815587 -0.470879 0.336288
vn 0.815587 -0.470879 0.336288
vn 0.823268 -0.475314 0.310333
vn 0.823268 -0.475314 0.310333
vn 0.830344 -0.479399 0.284089
vn 0.830344 -0.479399 0.284089
vn 0.836762 -0.483104 0.257761
vn 0.836771 -0.483110 0.257717
vn 0.842591 -0.486470 0.231058
vn 0.842591 -0.486470 0.231058
vn 0.847750 -0.489449 0.204353
vn 0.847750 -0.489449 0.204353
vn 0.852281 -0.492065 0.177450
vn 0.852289 -0.492069 0.177405
vn 0.856190 -0.494321 0.150284
vn 0.856184 -0.494318 0.150329
vn 0.859426 -0.496190 0.123219
vn 0.859431 -0.496192 0.123174
vn 0.862035 -0.497696 0.095885
vn 0.862039 -0.497698 0.095839
vn 0.863987 -0.498824 0.068562
vn 0.863987 -0.498824 0.068562
vn 0.865293 -0.499577 0.041114
vn 0.865943 -0.499953 0.013745
vn 0.865293 -0.499577 0.041114
vn 0.865943 -0.499953 0.013745
vn -0.353553 -0.612373 0.707107
vn -0.353553 -0.612372 0.707107
vn -0.865943 -0.499953 -0.013745
vn -0.865943 -0.499953 -0.013744
vn -0.865293 -0.499577 -0.041114
vn -0.865293 -0.499577 -0.041114
vn -0.863987 -0.498824 -0.068562
vn -0.863987 -0.498824 -0.068562
vn -0.862035 -0.497696 -0.095886
vn -0.862039 -0.497699 -0.095839
vn -0.859430 -0.496193 -0.123175
vn -0.859426 -0.496190 -0.123219
vn -0.856184 -0.494318 -0.150331
vn -0.856190 -0.494322 -0.150285
vn -0.852288 -0.492069 -0.177404
vn -0.852282 -0.492065 -0.177449
vn -0.847750 -0.489449 -0.204355
vn -0.847750 -0.489449 -0.204353
vn -0.842591 -0.486470 -0.231058
vn -0.842591 -0.486470 -0.231058
vn -0.836771 -0.483110 -0.257718
vn -0.836762 -0.483104 -0.257760
vn -0.830343 -0.479399 -0.284089
vn -0.830343 -0.479399 -0.284090
vn -0.823268 -0.475314 -0.310332
vn -0.823269 -0.475314 -0.310331
vn -0.815587 -0.470879 -0.336288
vn -0.815587 -0.470879 -0.336289
vn -0.807278 -0.466082 -0.362035
vn -0.807291 -0.466090 -0.361995
vn -0.798382 -0.460946 -0.387447
vn -0.798382 -0.460946 -0.387446
vn -0.788912 -0.455479 -0.412500
vn -0.788897 -0.455470 -0.412539
vn -0.778770 -0.449623 -0.437443
vn -0.778770 -0.449623 -0.437444
vn -0.768100 -0.443462 -0.461913
vn -0.768100 -0.443462 -0.461914
vn -0.756834 -0.436958 -0.486075
vn -0.756834 -0.436958 -0.486076
vn -0.744999 -0.430125 -0.509871
vn -0.744999 -0.430125 -0.509871
vn -0.732582 -0.422956 -0.533321
vn -0.732600 -0.422967 -0.533288
vn -0.719673 -0.415503 -0.556263
vn -0.719672 -0.415503 -0.556263
vn -0.706164 -0.407703 -0.578888
vn -0.706182 -0.407715 -0.578857
vn -0.692172 -0.399625 -0.600998
vn -0.692172 -0.399626 -0.600997
vn -0.677606 -0.391216 -0.622736
vn -0.677587 -0.391205 -0.622764
vn -0.662561 -0.382530 -0.643960
vn -0.662561 -0.382530 -0.643960
vn -0.647022 -0.373558 -0.664693
vn -0.647043 -0.373570 -0.664666
vn -0.630977 -0.364295 -0.684950
vn -0.630957 -0.364283 -0.684975
vn -0.614470 -0.354764 -0.704677
vn -0.597501 -0.344967 -0.723871
vn -0.614490 -0.354776 -0.704654
vn -0.597481 -0.344956 -0.723893
vn -0.580062 -0.334899 -0.742543
vn -0.580063 -0.334900 -0.742542
vn -0.562201 -0.324586 -0.760641
vn -0.562220 -0.324598 -0.760621
vn -0.543956 -0.314053 -0.778127
vn -0.543936 -0.314042 -0.778146
vn -0.525222 -0.303237 -0.795103
vn -0.525241 -0.303248 -0.795086
vn -0.506160 -0.292232 -0.811420
vn -0.486670 -0.280979 -0.827166
vn -0.506142 -0.292221 -0.811435
vn -0.486669 -0.280979 -0.827166
vn -0.466862 -0.269543 -0.842251
vn -0.466880 -0.269553 -0.842237
vn -0.446636 -0.257865 -0.856751
vn -0.446636 -0.257865 -0.856750
vn -0.426147 -0.246036 -0.870554
vn -0.426147 -0.246036 -0.870555
vn -0.405273 -0.233984 -0.883745
vn -0.405289 -0.233994 -0.883735
vn -0.384139 -0.221783 -0.896242
vn -0.384155 -0.221792 -0.896233
vn -0.362702 -0.209406 -0.908073
vn -0.362701 -0.209406 -0.908073
vn -0.340998 -0.196875 -0.919217
vn -0.340999 -0.196876 -0.919217
vn -0.319016 -0.184184 -0.929680
vn -0.319030 -0.184192 -0.929674
vn -0.296818 -0.171368 -0.939432
vn -0.296818 -0.171368 -0.939432
vn -0.274383 -0.158415 -0.948482
vn -0.274383 -0.158415 -0.948482
vn -0.251746 -0.145346 -0.956817
vn -0.251746 -0.145345 -0.956817
vn -0.228924 -0.132169 -0.964430
vn -0.228924 -0.132169 -0.964430
vn -0.205919 -0.118887 -0.971320
vn -0.205928 -0.118893 -0.971318
vn -0.182772 -0.105524 -0.977476
vn -0.182780 -0.105528 -0.977474
vn -0.159470 -0.092070 -0.982900
vn -0.159471 -0.092070 -0.982900
vn -0.136059 -0.078554 -0.987581
vn -0.136059 -0.078554 -0.987581
vn -0.112549 -0.064980 -0.991519
vn -0.112549 -0.064980 -0.991519
vn -0.088949 -0.051355 -0.994711
vn -0.088949 -0.051355 -0.994711
vn -0.065285 -0.037692 -0.997154
vn -0.065282 -0.037690 -0.997155
vn -0.041568 -0.023999 -0.998847
vn -0.041568 -0.023999 -0.998847
vn -0.017820 -0.010288 -0.999788
vn -0.017819 -0.010288 -0.999788
vn 0.005940 0.003430 -0.999976
vn 0.029696 0.017145 -0.999412
vn 0.005940 0.003430 -0.999976
vn 0.029698 0.017146 -0.999412
vn 0.053433 0.030850 -0.998095
vn 0.053433 0.030850 -0.998095
vn 0.077118 0.044524 -0.996027
vn 0.077122 0.044526 -0.996027
vn 0.100753 0.058170 -0.993209
vn 0.100753 0.058170 -0.993209
vn 0.124318 0.071775 -0.989643
vn 0.124319 0.071775 -0.989643
vn 0.147791 0.085327 -0.985331
vn 0.147785 0.085323 -0.985332
vn 0.171134 0.098804 -0.980281
vn 0.171134 0.098804 -0.980281
vn 0.194367 0.112218 -0.974489
vn 0.194358 0.112213 -0.974491
vn 0.217451 0.125545 -0.967964
vn 0.217441 0.125540 -0.967967
vn 0.240367 0.138776 -0.960711
vn 0.240367 0.138776 -0.960711
vn 0.263083 0.151891 -0.952742
vn 0.263083 0.151891 -0.952742
vn 0.285633 0.164910 -0.944044
vn 0.285633 0.164910 -0.944044
vn 0.307947 0.177793 -0.934643
vn 0.307948 0.177793 -0.934643
vn 0.330031 0.190544 -0.924539
vn 0.330046 0.190552 -0.924532
vn 0.351883 0.203160 -0.913731
vn 0.351898 0.203168 -0.913724
vn 0.373451 0.215612 -0.902245
vn 0.394762 0.227916 -0.890066
vn 0.373436 0.215603 -0.902253
vn 0.394778 0.227925 -0.890056
vn 0.415752 0.240034 -0.877231
vn 0.436439 0.251978 -0.863729
vn 0.415752 0.240034 -0.877231
vn 0.456802 0.263735 -0.849574
vn 0.436422 0.251969 -0.863740
vn 0.456819 0.263745 -0.849561
vn 0.476809 0.275286 -0.834788
vn 0.476791 0.275275 -0.834802
vn 0.496460 0.286632 -0.819372
vn 0.496460 0.286631 -0.819372
vn 0.515720 0.297751 -0.803353
vn 0.534652 0.308682 -0.786678
vn 0.515720 0.297751 -0.803354
vn 0.534671 0.308693 -0.786661
vn 0.553122 0.319345 -0.769464
vn 0.571201 0.329783 -0.751647
vn 0.553102 0.319333 -0.769483
vn 0.588833 0.339963 -0.733281
vn 0.571201 0.329783 -0.751647
vn 0.588833 0.339963 -0.733281
vn 0.606055 0.349906 -0.714327
vn 0.606075 0.349917 -0.714305
vn 0.622744 0.359541 -0.694925
vn 0.622764 0.359553 -0.694900
vn 0.639070 0.368968 -0.674872
vn 0.639070 0.368968 -0.674872
vn 0.654852 0.378079 -0.654389
vn 0.654852 0.378079 -0.654389
vn 0.670145 0.386909 -0.633409
vn 0.670165 0.386919 -0.633382
vn 0.684925 0.395441 -0.611968
vn 0.684944 0.395453 -0.611939
vn 0.699240 0.403706 -0.589987
vn 0.699240 0.403707 -0.589987
vn 0.712983 0.411641 -0.567633
vn 0.726198 0.419271 -0.544838
vn 0.712983 0.411641 -0.567633
vn 0.726216 0.419281 -0.544806
vn 0.738873 0.426588 -0.521622
vn 0.738872 0.426588 -0.521623
vn 0.750996 0.433589 -0.498001
vn 0.750963 0.433568 -0.498070
vn 0.762524 0.440243 -0.474072
vn 0.762557 0.440263 -0.474000
vn 0.773532 0.446599 -0.449664
vn 0.783893 0.452581 -0.425067
vn 0.773516 0.446589 -0.449702
vn 0.783908 0.452590 -0.425030
vn 0.793712 0.458249 -0.400036
vn 0.793712 0.458250 -0.400036
vn 0.802905 0.463557 -0.374778
vn 0.802904 0.463557 -0.374779
vn 0.811531 0.468538 -0.349126
vn 0.811518 0.468530 -0.349167
vn 0.819508 0.473143 -0.323329
vn 0.826870 0.477394 -0.297291
vn 0.819508 0.473143 -0.323330
vn 0.833637 0.481301 -0.270924
vn 0.826869 0.477393 -0.297292
vn 0.833647 0.481306 -0.270881
vn 0.839756 0.484833 -0.244433
vn 0.839746 0.484827 -0.244477
vn 0.845249 0.488005 -0.217726
vn 0.850098 0.490805 -0.190903
vn 0.845249 0.488005 -0.217725
vn 0.850098 0.490805 -0.190902
vn 0.854319 0.493241 -0.163866
vn 0.857885 0.495300 -0.136792
vn 0.854319 0.493241 -0.163867
vn 0.857885 0.495300 -0.136791
vn 0.860821 0.496996 -0.109464
vn 0.860817 0.496993 -0.109509
vn 0.863090 0.498305 -0.082267
vn 0.863093 0.498307 -0.082220
vn 0.864721 0.499247 -0.054858
vn 0.864721 0.499247 -0.054858
vn 0.865700 0.499812 -0.027409
vn 0.865700 0.499812 -0.027408
vn 0.866025 0.500000 0.000000
vn 0.866025 0.500000 -0.000000
vn 0.865700 0.499812 0.027409
vn 0.865700 0.499812 0.027408
vn 0.864721 0.499247 0.054859
vn 0.864721 0.499247 0.054858
vn 0.863090 0.498305 0.082267
vn 0.863093 0.498307 0.082220
vn 0.860817 0.496993 0.109509
vn 0.860821 0.496996 0.109464
vn 0.857885 0.495300 0.136791
vn 0.857885 0.495300 0.136791
vn 0.854319 0.493241 0.163868
vn 0.854319 0.493241 0.163867
vn 0.850098 0.490805 0.190902
vn 0.850098 0.490805 0.190902
vn 0.845249 0.488005 0.217727
vn 0.845249 0.488005 0.217726
vn 0.839756 0.484833 0.244432
vn 0.833637 0.481300 0.270923
vn 0.839746 0.484828 0.244476
vn 0.833647 0.481307 0.270881
vn 0.826870 0.477394 0.297291
vn 0.826869 0.477393 0.297292
vn 0.819508 0.473143 0.323331
vn 0.819507 0.473143 0.323332
vn 0.811532 0.468538 0.349124
vn 0.811519 0.468531 0.349165
vn 0.802904 0.463557 0.374780
vn 0.802904 0.463556 0.374781
vn 0.793712 0.458250 0.400035
vn 0.783893 0.452580 0.425069
vn 0.793712 0.458250 0.400034
vn 0.783908 0.452590 0.425030
vn 0.773532 0.446599 0.449664
vn 0.773516 0.446590 0.449701
vn 0.762523 0.440243 0.474072
vn 0.762557 0.440262 0.474000
vn 0.750998 0.433589 0.497999
vn 0.750963 0.433569 0.498069
vn 0.738871 0.426587 0.521625
vn 0.726200 0.419271 0.544835
vn 0.738871 0.426587 0.521626
vn 0.726218 0.419282 0.544803
vn 0.712981 0.411640 0.567635
vn 0.712981 0.411640 0.567636
vn 0.699241 0.403707 0.589985
vn 0.699241 0.403707 0.589986
vn 0.684924 0.395441 0.611969
vn 0.684943 0.395452 0.611940
vn 0.670165 0.386919 0.633382
vn 0.670145 0.386909 0.633409
vn 0.654852 0.378079 0.654389
vn 0.654852 0.378079 0.654389
vn 0.639071 0.368968 0.674871
vn 0.639071 0.368968 0.674871
vn 0.622744 0.359541 0.694925
vn 0.622763 0.359552 0.694901
vn 0.606075 0.349917 0.714305
vn 0.606055 0.349906 0.714327
vn 0.588831 0.339962 0.733283
vn 0.588832 0.339962 0.733282
vn 0.571201 0.329783 0.751647
vn 0.571201 0.329783 0.751647
vn 0.553103 0.319335 0.769482
vn 0.553123 0.319345 0.769463
vn 0.534654 0.308682 0.786677
vn 0.534673 0.308694 0.786659
vn 0.515719 0.297750 0.803355
vn 0.515718 0.297750 0.803355
vn 0.496459 0.286631 0.819372
vn 0.496459 0.286631 0.819372
vn 0.476792 0.275276 0.834801
vn 0.476811 0.275287 0.834786
vn 0.456817 0.263743 0.849563
vn 0.456799 0.263733 0.849576
vn 0.436422 0.251969 0.863740
vn 0.436439 0.251978 0.863729
vn 0.415755 0.240036 0.877229
vn 0.415755 0.240036 0.877229
vn 0.394760 0.227915 0.890067
vn 0.394776 0.227924 0.890057
vn 0.373436 0.215603 0.902253
vn 0.373452 0.215612 0.902245
vn 0.351884 0.203160 0.913730
vn 0.351899 0.203169 0.913723
vn 0.330045 0.190551 0.924533
vn 0.330030 0.190543 0.924540
vn 0.307948 0.177793 0.934643
vn 0.307947 0.177793 0.934643
vn 0.285632 0.164909 0.944044
vn 0.285632 0.164909 0.944044
vn 0.263086 0.151893 0.952740
vn 0.263086 0.151893 0.952740
vn 0.240363 0.138774 0.960712
vn 0.240364 0.138774 0.960712
vn 0.217453 0.125547 0.967963
vn 0.217443 0.125541 0.967966
vn 0.194356 0.112211 0.974492
vn 0.194365 0.112216 0.974489
vn 0.171136 0.098805 0.980281
vn 0.171136 0.098805 0.980281
vn 0.147791 0.085327 0.985331
vn 0.147784 0.085323 0.985332
vn 0.124319 0.071775 0.989643
vn 0.124318 0.071775 0.989643
vn 0.100754 0.058171 0.993209
vn 0.100754 0.058171 0.993209
vn 0.077118 0.044524 0.996027
vn 0.077122 0.044526 0.996027
vn 0.053431 0.030848 0.998095
vn 0.053431 0.030848 0.998095
vn 0.029699 0.017147 0.999412
vn 0.029698 0.017146 0.999412
vn 0.005940 0.003430 0.999976
vn 0.005940 0.003430 0.999976
vn -0.041568 -0.023999 0.998847
vn -0.017819 -0.010288 0.999788
vn -0.017820 -0.010288 0.999788
vn -0.041568 -0.023999 0.998847
vn -0.065282 -0.037691 0.997155
vn -0.065285 -0.037692 0.997155
vn -0.088947 -0.051353 0.994712
vn -0.112549 -0.064980 0.991519
vn -0.088947 -0.051353 0.994712
vn -0.112549 -0.064980 0.991519
vn -0.136059 -0.078554 0.987581
vn -0.136059 -0.078554 0.987581
vn -0.159474 -0.092073 0.982899
vn -0.159474 -0.092072 0.982899
vn -0.182768 -0.105521 0.977477
vn -0.182777 -0.105526 0.977475
vn -0.205930 -0.118894 0.971317
vn -0.205921 -0.118889 0.971320
vn -0.228922 -0.132168 0.964430
vn -0.251743 -0.145344 0.956818
vn -0.228922 -0.132168 0.964430
vn -0.251744 -0.145344 0.956818
vn -0.274387 -0.158418 0.948481
vn -0.274387 -0.158418 0.948481
vn -0.296817 -0.171368 0.939432
vn -0.296817 -0.171367 0.939432
vn -0.319027 -0.184190 0.929675
vn -0.319014 -0.184183 0.929681
vn -0.340999 -0.196876 0.919217
vn -0.340998 -0.196875 0.919217
vn -0.362703 -0.209406 0.908072
vn -0.362702 -0.209406 0.908073
vn -0.384157 -0.221793 0.896232
vn -0.384141 -0.221784 0.896241
vn -0.405272 -0.233984 0.883746
vn -0.405288 -0.233993 0.883736
vn -0.426145 -0.246035 0.870556
vn -0.426145 -0.246035 0.870556
vn -0.446636 -0.257865 0.856750
vn -0.466864 -0.269544 0.842250
vn -0.446636 -0.257865 0.856751
vn -0.486671 -0.280980 0.827165
vn -0.466882 -0.269554 0.842236
vn -0.486670 -0.280979 0.827165
vn -0.506160 -0.292231 0.811420
vn -0.525223 -0.303237 0.795103
vn -0.506141 -0.292221 0.811436
vn -0.525242 -0.303249 0.795085
vn -0.543953 -0.314052 0.778130
vn -0.543933 -0.314040 0.778149
vn -0.562202 -0.324587 0.760639
vn -0.562222 -0.324599 0.760620
vn -0.580062 -0.334899 0.742543
vn -0.597501 -0.344967 0.723872
vn -0.580063 -0.334900 0.742542
vn -0.597481 -0.344956 0.723893
vn -0.614470 -0.354764 0.704677
vn -0.630978 -0.364296 0.684949
vn -0.614490 -0.354776 0.704654
vn -0.630958 -0.364284 0.684973
vn -0.647023 -0.373559 0.664691
vn -0.662560 -0.382529 0.643961
vn -0.647043 -0.373570 0.664666
vn -0.677607 -0.391217 0.622735
vn -0.662560 -0.382529 0.643961
vn -0.677588 -0.391205 0.622763
vn -0.692171 -0.399625 0.600999
vn -0.692171 -0.399625 0.600998
vn -0.706164 -0.407704 0.578887
vn -0.719673 -0.415503 0.556263
vn -0.706183 -0.407715 0.578855
vn -0.719672 -0.415503 0.556263
vn -0.732599 -0.422966 0.533290
vn -0.732580 -0.422956 0.533324
vn -0.745000 -0.430126 0.509869
vn -0.745000 -0.430126 0.509869
vn -0.756833 -0.436958 0.486078
vn -0.768100 -0.443463 0.461912
vn -0.756833 -0.436958 0.486078
vn -0.768100 -0.443463 0.461912
vn -0.778770 -0.449623 0.437443
vn -0.778771 -0.449623 0.437442
vn -0.788912 -0.455478 0.412500
vn -0.788897 -0.455470 0.412539
vn -0.798382 -0.460946 0.387448
vn -0.798382 -0.460946 0.387447
vn -0.807278 -0.466082 0.362035
vn -0.807292 -0.466090 0.361995
vn -0.815587 -0.470879 0.336288
vn -0.815587 -0.470879 0.336289
vn -0.823268 -0.475314 0.310333
vn -0.823268 -0.475314 0.310332
vn -0.830344 -0.479399 0.284089
vn -0.830343 -0.479399 0.284089
vn -0.836772 -0.483110 0.257717
vn -0.836762 -0.483105 0.257759
vn -0.842591 -0.486470 0.231058
vn -0.842591 -0.486470 0.231058
vn -0.847750 -0.489449 0.204353
vn -0.847750 -0.489449 0.204355
vn -0.852288 -0.492069 0.177405
vn -0.852282 -0.492065 0.177450
vn -0.856190 -0.494321 0.150284
vn -0.856184 -0.494318 0.150330
vn -0.859426 -0.496190 0.123219
vn -0.859431 -0.496192 0.123175
vn -0.862035 -0.497696 0.095886
vn -0.862039 -0.497698 0.095839
vn -0.863987 -0.498824 0.068562
vn -0.863987 -0.498824 0.068562
vn -0.865293 -0.499577 0.041114
vn -0.865943 -0.499953 0.013744
vn -0.865293 -0.499577 0.041114
vn -0.865943 -0.499953 0.013745
vn 0.000000 -0.000000 1.000000
vn 0.000000 0.000000 1.000000
vn 0.353553 0.612372 0.707107
vn 0.353553 0.612373 0.707107
vn 0.500000 -0.866025 0.000000
vn 0.500000 -0.866025 0.000000
vn 0.000000 0.000000 1.000000
vn 0.000000 0.000000 1.000000
vn 1.000000 0.000000 0.000000
vn 1.000000 0.000000 -0.000000
vn 0.000000 0.000000 1.000000
vn 0.000000 -0.000000 1.000000
vn 0.612372 -0.353553 0.707107
vn 0.612373 -0.353553 0.707107
vn 0.866025 -0.500000 0.000000
vn 0.866025 -0.500000 0.000000
vn 0.865944 -0.499953 -0.013745
vn 0.865944 -0.499953 -0.013705
vn 0.865290 -0.499576 -0.041191
vn 0.865292 -0.499576 -0.041154
vn 0.863991 -0.498825 -0.068509
vn 0.863990 -0.498825 -0.068522
vn 0.862034 -0.497696 -0.095896
vn 0.862035 -0.497696 -0.095885
vn 0.859430 -0.496192 -0.123182
vn 0.859436 -0.496195 -0.123128
vn 0.856189 -0.494321 -0.150288
vn 0.852283 -0.492066 -0.177440
vn 0.856179 -0.494315 -0.150369
vn 0.852289 -0.492069 -0.177404
vn 0.847755 -0.489452 -0.204325
vn 0.847757 -0.489453 -0.204315
vn 0.842585 -0.486466 -0.231087
vn 0.836769 -0.483109 -0.257726
vn 0.842582 -0.486465 -0.231101
vn 0.836771 -0.483110 -0.257718
vn 0.830327 -0.479389 -0.284154
vn 0.830332 -0.479393 -0.284132
vn 0.823279 -0.475320 -0.310293
vn 0.823268 -0.475314 -0.310332
vn 0.815587 -0.470880 -0.336288
vn 0.815587 -0.470880 -0.336288
vn 0.807296 -0.466093 -0.361982
vn 0.807292 -0.466090 -0.361995
vn 0.798382 -0.460946 -0.387447
vn 0.798383 -0.460947 -0.387443
vn 0.788897 -0.455470 -0.412539
vn 0.788876 -0.455458 -0.412593
vn 0.778770 -0.449623 -0.437444
vn 0.778805 -0.449643 -0.437361
vn 0.768102 -0.443464 -0.461908
vn 0.768090 -0.443457 -0.461934
vn 0.756819 -0.436950 -0.486106
vn 0.756849 -0.436967 -0.486044
vn 0.744981 -0.430115 -0.509906
vn 0.745023 -0.430139 -0.509824
vn 0.732618 -0.422977 -0.533255
vn 0.732591 -0.422962 -0.533305
vn 0.719675 -0.415504 -0.556259
vn 0.719654 -0.415492 -0.556295
vn 0.706155 -0.407699 -0.578901
vn 0.706164 -0.407704 -0.578887
vn 0.692171 -0.399625 -0.600999
vn 0.692155 -0.399616 -0.601022
vn 0.677620 -0.391224 -0.622715
vn 0.677623 -0.391226 -0.622711
vn 0.662550 -0.382524 -0.643974
vn 0.662580 -0.382541 -0.643933
vn 0.647029 -0.373562 -0.664684
vn 0.647003 -0.373547 -0.664718
vn 0.630964 -0.364287 -0.684966
vn 0.630977 -0.364295 -0.684950
vn 0.614465 -0.354762 -0.704682
vn 0.614470 -0.354764 -0.704677
vn 0.597506 -0.344970 -0.723867
vn 0.597501 -0.344968 -0.723871
vn 0.580058 -0.334896 -0.742548
vn 0.580066 -0.334901 -0.742539
vn 0.562234 -0.324606 -0.760607
vn 0.562218 -0.324596 -0.760624
vn 0.543911 -0.314027 -0.778170
vn 0.525257 -0.303257 -0.795072
vn 0.543919 -0.314032 -0.778162
vn 0.525239 -0.303247 -0.795088
vn 0.506161 -0.292232 -0.811420
vn 0.506127 -0.292212 -0.811448
vn 0.486687 -0.280989 -0.827152
vn 0.486670 -0.280979 -0.827166
vn 0.466846 -0.269534 -0.842263
vn 0.466855 -0.269539 -0.842256
vn 0.446651 -0.257874 -0.856740
vn 0.446646 -0.257871 -0.856744
vn 0.426147 -0.246036 -0.870555
vn 0.426131 -0.246027 -0.870565
vn 0.405289 -0.233994 -0.883735
vn 0.405317 -0.234010 -0.883718
vn 0.384133 -0.221779 -0.896246
vn 0.384155 -0.221792 -0.896233
vn 0.362687 -0.209397 -0.908081
vn 0.362709 -0.209410 -0.908069
vn 0.340979 -0.196864 -0.919227
vn 0.340999 -0.196876 -0.919217
vn 0.319031 -0.184193 -0.929673
vn 0.319030 -0.184192 -0.929674
vn 0.296818 -0.171368 -0.939432
vn 0.296824 -0.171371 -0.939429
vn 0.274379 -0.158413 -0.948484
vn 0.274383 -0.158415 -0.948482
vn 0.251744 -0.145344 -0.956818
vn 0.251757 -0.145352 -0.956813
vn 0.228937 -0.132177 -0.964426
vn 0.228913 -0.132163 -0.964433
vn 0.205928 -0.118893 -0.971318
vn 0.205923 -0.118890 -0.971319
vn 0.182765 -0.105519 -0.977478
vn 0.182767 -0.105520 -0.977477
vn 0.159464 -0.092067 -0.982901
vn 0.159477 -0.092074 -0.982899
vn 0.136065 -0.078557 -0.987580
vn 0.136064 -0.078556 -0.987581
vn 0.112544 -0.064977 -0.991520
vn 0.112547 -0.064979 -0.991520
vn 0.088953 -0.051357 -0.994711
vn 0.088957 -0.051360 -0.994710
vn 0.065282 -0.037691 -0.997155
vn 0.065280 -0.037689 -0.997155
vn 0.041566 -0.023998 -0.998848
vn 0.041568 -0.023999 -0.998847
vn 0.017821 -0.010289 -0.999788
vn 0.017820 -0.010288 -0.999788
vn -0.005940 0.003430 -0.999976
vn -0.005940 0.003430 -0.999976
vn -0.029695 0.017144 -0.999412
vn -0.053433 0.030850 -0.998095
vn -0.029696 0.017145 -0.999412
vn -0.053431 0.030848 -0.998095
vn -0.077122 0.044526 -0.996027
vn -0.077122 0.044527 -0.996027
vn -0.100762 0.058175 -0.993208
vn -0.100755 0.058171 -0.993209
vn -0.124313 0.071772 -0.989644
vn -0.124321 0.071777 -0.989643
vn -0.147784 0.085323 -0.985332
vn -0.147783 0.085323 -0.985332
vn -0.171134 0.098804 -0.980281
vn -0.171135 0.098805 -0.980281
vn -0.194376 0.112223 -0.974487
vn -0.194362 0.112215 -0.974490
vn -0.217436 0.125537 -0.967968
vn -0.217431 0.125534 -0.967969
vn -0.240363 0.138774 -0.960712
vn -0.240367 0.138776 -0.960711
vn -0.263094 0.151898 -0.952737
vn -0.263081 0.151890 -0.952742
vn -0.285620 0.164903 -0.944049
vn -0.285638 0.164913 -0.944042
vn -0.307947 0.177793 -0.934643
vn -0.307963 0.177802 -0.934636
vn -0.330045 0.190552 -0.924532
vn -0.330043 0.190550 -0.924534
vn -0.351858 0.203146 -0.913744
vn -0.351883 0.203160 -0.913731
vn -0.373480 0.215629 -0.902229
vn -0.373451 0.215612 -0.902245
vn -0.394758 0.227914 -0.890068
vn -0.394762 0.227916 -0.890066
vn -0.415751 0.240034 -0.877231
vn -0.415752 0.240034 -0.877231
vn -0.436437 0.251977 -0.863731
vn -0.436440 0.251979 -0.863729
vn -0.456788 0.263727 -0.849584
vn -0.476792 0.275276 -0.834801
vn -0.456801 0.263734 -0.849574
vn -0.476809 0.275286 -0.834788
vn -0.496478 0.286642 -0.819357
vn -0.496460 0.286631 -0.819372
vn -0.515731 0.297758 -0.803344
vn -0.515739 0.297762 -0.803337
vn -0.534639 0.308674 -0.786690
vn -0.534632 0.308670 -0.786696
vn -0.553128 0.319349 -0.769458
vn -0.553105 0.319335 -0.769481
vn -0.571189 0.329776 -0.751659
vn -0.571218 0.329793 -0.751629
vn -0.588843 0.339969 -0.733270
vn -0.588833 0.339963 -0.733281
vn -0.606047 0.349902 -0.714336
vn -0.606037 0.349896 -0.714347
vn -0.622801 0.359574 -0.694856
vn -0.622759 0.359550 -0.694906
vn -0.639050 0.368956 -0.674897
vn -0.639077 0.368971 -0.674863
vn -0.654835 0.378069 -0.654412
vn -0.654853 0.378080 -0.654387
vn -0.670150 0.386912 -0.633402
vn -0.670162 0.386918 -0.633386
vn -0.684962 0.395463 -0.611911
vn -0.699212 0.403690 -0.590032
vn -0.684963 0.395464 -0.611910
vn -0.699221 0.403695 -0.590017
vn -0.713000 0.411651 -0.567604
vn -0.712983 0.411641 -0.567633
vn -0.726183 0.419262 -0.544865
vn -0.726198 0.419271 -0.544838
vn -0.738892 0.426599 -0.521586
vn -0.738872 0.426588 -0.521623
vn -0.750990 0.433584 -0.498015
vn -0.750997 0.433589 -0.498000
vn -0.762538 0.440252 -0.474040
vn -0.762540 0.440253 -0.474036
vn -0.773504 0.446583 -0.449727
vn -0.773502 0.446581 -0.449734
vn -0.783910 0.452591 -0.425025
vn -0.783906 0.452588 -0.425035
vn -0.793700 0.458243 -0.400066
vn -0.793712 0.458250 -0.400036
vn -0.802923 0.463568 -0.374725
vn -0.802918 0.463565 -0.374739
vn -0.811502 0.468521 -0.349218
vn -0.811518 0.468530 -0.349167
vn -0.819506 0.473142 -0.323336
vn -0.819508 0.473143 -0.323330
vn -0.826886 0.477403 -0.297232
vn -0.826881 0.477400 -0.297250
vn -0.833640 0.481302 -0.270911
vn -0.833626 0.481294 -0.270967
vn -0.839752 0.484831 -0.244451
vn -0.839765 0.484839 -0.244390
vn -0.845252 0.488007 -0.217711
vn -0.845241 0.488000 -0.217769
vn -0.850094 0.490802 -0.190926
vn -0.850098 0.490805 -0.190902
vn -0.854319 0.493241 -0.163869
vn -0.857886 0.495301 -0.136778
vn -0.854319 0.493241 -0.163867
vn -0.857890 0.495303 -0.136746
vn -0.860813 0.496991 -0.109549
vn -0.860818 0.496993 -0.109502
vn -0.863093 0.498307 -0.082227
vn -0.863094 0.498308 -0.082205
vn -0.864721 0.499247 -0.054858
vn -0.864720 0.499246 -0.054891
vn -0.865699 0.499812 -0.027449
vn -0.865700 0.499812 -0.027409
vn -0.866025 0.500000 0.000000
vn -0.866025 0.500000 0.000000
vn -0.865699 0.499812 0.027449
vn -0.865700 0.499812 0.027409
vn -0.864721 0.499247 0.054858
vn -0.864720 0.499246 0.054892
vn -0.863093 0.498307 0.082227
vn -0.863094 0.498308 0.082205
vn -0.860813 0.496991 0.109549
vn -0.860818 0.496993 0.109502
vn -0.857890 0.495303 0.136746
vn -0.857886 0.495301 0.136778
vn -0.854319 0.493241 0.163868
vn -0.854318 0.493241 0.163869
vn -0.850098 0.490805 0.190902
vn -0.850094 0.490802 0.190926
vn -0.845252 0.488007 0.217712
vn -0.845241 0.488000 0.217770
vn -0.839752 0.484831 0.244450
vn -0.839765 0.484839 0.244389
vn -0.833626 0.481294 0.270966
vn -0.833640 0.481302 0.270910
vn -0.826886 0.477403 0.297232
vn -0.819506 0.473142 0.323338
vn -0.826881 0.477400 0.297250
vn -0.819507 0.473143 0.323332
vn -0.811502 0.468521 0.349216
vn -0.811519 0.468531 0.349165
vn -0.802923 0.463568 0.374727
vn -0.802918 0.463565 0.374741
vn -0.793701 0.458243 0.400065
vn -0.793712 0.458250 0.400035
vn -0.783910 0.452591 0.425025
vn -0.783906 0.452589 0.425035
vn -0.773504 0.446583 0.449727
vn -0.773502 0.446581 0.449734
vn -0.762538 0.440252 0.474040
vn -0.762540 0.440253 0.474036
vn -0.750990 0.433584 0.498014
vn -0.750998 0.433589 0.497999
vn -0.738890 0.426599 0.521589
vn -0.738871 0.426587 0.521626
vn -0.726184 0.419263 0.544862
vn -0.726200 0.419271 0.544836
vn -0.712981 0.411640 0.567635
vn -0.712999 0.411650 0.567607
vn -0.699222 0.403696 0.590016
vn -0.699212 0.403690 0.590031
vn -0.684963 0.395463 0.611911
vn -0.684961 0.395463 0.611913
vn -0.670162 0.386918 0.633386
vn -0.670150 0.386911 0.633402
vn -0.654835 0.378069 0.654412
vn -0.654853 0.378080 0.654387
vn -0.639051 0.368957 0.674896
vn -0.639078 0.368972 0.674862
vn -0.622801 0.359574 0.694856
vn -0.622759 0.359550 0.694906
vn -0.606037 0.349896 0.714347
vn -0.606047 0.349902 0.714336
vn -0.588831 0.339962 0.733283
vn -0.588842 0.339968 0.733271
vn -0.571218 0.329793 0.751629
vn -0.571189 0.329776 0.751659
vn -0.553106 0.319336 0.769479
vn -0.553130 0.319350 0.769457
vn -0.534634 0.308671 0.786695
vn -0.534641 0.308675 0.786688
vn -0.515738 0.297761 0.803339
vn -0.515730 0.297757 0.803345
vn -0.496459 0.286631 0.819372
vn -0.496477 0.286641 0.819358
vn -0.476811 0.275287 0.834787
vn -0.476793 0.275277 0.834800
vn -0.456799 0.263733 0.849576
vn -0.456786 0.263725 0.849586
vn -0.436440 0.251979 0.863729
vn -0.436437 0.251977 0.863731
vn -0.415754 0.240036 0.877229
vn -0.415755 0.240036 0.877229
vn -0.394760 0.227915 0.890067
vn -0.394756 0.227912 0.890070
vn -0.373451 0.215612 0.902245
vn -0.373480 0.215629 0.902229
vn -0.351884 0.203160 0.913731
vn -0.351860 0.203146 0.913743
vn -0.330042 0.190550 0.924534
vn -0.330044 0.190551 0.924533
vn -0.307963 0.177802 0.934636
vn -0.307947 0.177793 0.934643
vn -0.285637 0.164913 0.944042
vn -0.285619 0.164902 0.944049
vn -0.263084 0.151892 0.952741
vn -0.263098 0.151900 0.952736
vn -0.240363 0.138774 0.960712
vn -0.240360 0.138772 0.960713
vn -0.217434 0.125535 0.967969
vn -0.217439 0.125538 0.967967
vn -0.194373 0.112221 0.974487
vn -0.194360 0.112214 0.974491
vn -0.171136 0.098805 0.980281
vn -0.171136 0.098806 0.980280
vn -0.147784 0.085323 0.985332
vn -0.147783 0.085323 0.985332
vn -0.124313 0.071772 0.989644
vn -0.124321 0.071777 0.989643
vn -0.100756 0.058172 0.993209
vn -0.100763 0.058176 0.993208
vn -0.077122 0.044526 0.996027
vn -0.077122 0.044527 0.996027
vn -0.053428 0.030847 0.998095
vn -0.053431 0.030848 0.998095
vn -0.029698 0.017146 0.999412
vn -0.029696 0.017145 0.999412
vn -0.005940 0.003430 0.999976
vn -0.005940 0.003430 0.999976
vn 0.017820 -0.010288 0.999788
vn 0.017821 -0.010289 0.999788
vn 0.041568 -0.023999 0.998847
vn 0.041566 -0.023998 0.998848
vn 0.065280 -0.037689 0.997155
vn 0.065282 -0.037691 0.997155
vn 0.088955 -0.051358 0.994711
vn 0.088951 -0.051356 0.994711
vn 0.112547 -0.064979 0.991520
vn 0.112544 -0.064977 0.991520
vn 0.136064 -0.078556 0.987581
vn 0.136065 -0.078557 0.987580
vn 0.159468 -0.092069 0.982900
vn 0.159480 -0.092076 0.982898
vn 0.182763 -0.105518 0.977478
vn 0.182761 -0.105517 0.977479
vn 0.205925 -0.118891 0.971319
vn 0.205930 -0.118894 0.971317
vn 0.228936 -0.132176 0.964426
vn 0.228912 -0.132163 0.964434
vn 0.251742 -0.145343 0.956818
vn 0.251755 -0.145351 0.956814
vn 0.274383 -0.158415 0.948482
vn 0.274387 -0.158418 0.948481
vn 0.296823 -0.171371 0.939430
vn 0.296817 -0.171367 0.939432
vn 0.319029 -0.184191 0.929674
vn 0.319028 -0.184191 0.929675
vn 0.340999 -0.196876 0.919217
vn 0.340979 -0.196864 0.919227
vn 0.362688 -0.209398 0.908081
vn 0.362710 -0.209411 0.908068
vn 0.384157 -0.221793 0.896232
vn 0.384135 -0.221780 0.896245
vn 0.405288 -0.233993 0.883736
vn 0.405316 -0.234009 0.883719
vn 0.426129 -0.246026 0.870566
vn 0.426145 -0.246035 0.870556
vn 0.446651 -0.257874 0.856740
vn 0.446646 -0.257871 0.856744
vn 0.466856 -0.269540 0.842255
vn 0.466848 -0.269535 0.842261
vn 0.486688 -0.280990 0.827151
vn 0.486670 -0.280979 0.827165
vn 0.506126 -0.292212 0.811449
vn 0.506160 -0.292232 0.811420
vn 0.525258 -0.303258 0.795072
vn 0.525240 -0.303247 0.795088
vn 0.543908 -0.314025 0.778172
vn 0.543916 -0.314030 0.778165
vn 0.562236 -0.324607 0.760606
vn 0.562219 -0.324597 0.760622
vn 0.580058 -0.334896 0.742548
vn 0.580066 -0.334901 0.742539
vn 0.597506 -0.344970 0.723867
vn 0.597501 -0.344968 0.723871
vn 0.614465 -0.354762 0.704682
vn 0.614470 -0.354764 0.704677
vn 0.630966 -0.364288 0.684965
vn 0.630978 -0.364296 0.684949
vn 0.647029 -0.373562 0.664684
vn 0.647003 -0.373547 0.664718
vn 0.662549 -0.382523 0.643976
vn 0.662579 -0.382540 0.643934
vn 0.677621 -0.391225 0.622714
vn 0.677624 -0.391226 0.622710
vn 0.692170 -0.399624 0.601000
vn 0.692154 -0.399616 0.601024
vn 0.706156 -0.407699 0.578900
vn 0.706164 -0.407704 0.578886
vn 0.719675 -0.415504 0.556259
vn 0.719654 -0.415492 0.556295
vn 0.732590 -0.422961 0.533307
vn 0.732617 -0.422976 0.533258
vn 0.745024 -0.430140 0.509822
vn 0.744983 -0.430116 0.509903
vn 0.756818 -0.436949 0.486109
vn 0.756848 -0.436966 0.486047
vn 0.768103 -0.443464 0.461907
vn 0.768091 -0.443458 0.461933
vn 0.778770 -0.449623 0.437443
vn 0.778805 -0.449643 0.437360
vn 0.788897 -0.455470 0.412539
vn 0.788876 -0.455458 0.412593
vn 0.798382 -0.460946 0.387448
vn 0.798383 -0.460947 0.387444
vn 0.807292 -0.466090 0.361995
vn 0.807296 -0.466093 0.361982
vn 0.815587 -0.470880 0.336288
vn 0.815587 -0.470880 0.336288
vn 0.823268 -0.475314 0.310333
vn 0.823279 -0.475320 0.310294
vn 0.830333 -0.479393 0.284131
vn 0.830327 -0.479389 0.284153
vn 0.836771 -0.483110 0.257717
vn 0.836770 -0.483109 0.257725
vn 0.842582 -0.486465 0.231102
vn 0.842585 -0.486466 0.231088
vn 0.847757 -0.489453 0.204315
vn 0.847755 -0.489452 0.204325
vn 0.852288 -0.492069 0.177405
vn 0.852283 -0.492066 0.177441
vn 0.856179 -0.494315 0.150368
vn 0.856189 -0.494321 0.150287
vn 0.859436 -0.496195 0.123128
vn 0.859430 -0.496192 0.123182
vn 0.862034 -0.497696 0.095896
vn 0.862035 -0.497696 0.095885
vn 0.863991 -0.498825 0.068509
vn 0.863990 -0.498825 0.068522
vn 0.865290 -0.499576 0.041191
vn 0.865292 -0.499576 0.041154
vn 0.865944 -0.499953 0.013745
vn 0.865944 -0.499953 0.013705
vn 0.000000 0.000000 1.000000
vn -0.000000 0.000000 1.000000
vn -0.612373 -0.353553 0.707107
vn -0.612373 -0.353553 0.707107
vn -0.866025 -0.500000 -0.000000
vn -0.866025 -0.500000 0.000000
vn -0.865944 -0.499953 -0.013705
vn -0.865944 -0.499953 -0.013745
vn -0.865292 -0.499576 -0.041154
vn -0.865290 -0.499576 -0.041191
vn -0.863990 -0.498825 -0.068522
vn -0.863991 -0.498825 -0.068509
vn -0.862035 -0.497696 -0.095885
vn -0.862034 -0.497696 -0.095896
vn -0.859436 -0.496195 -0.123128
vn -0.859430 -0.496192 -0.123182
vn -0.856179 -0.494315 -0.150369
vn -0.852289 -0.492069 -0.177404
vn -0.856189 -0.494321 -0.150288
vn -0.852283 -0.492066 -0.177440
vn -0.847757 -0.489453 -0.204315
vn -0.847755 -0.489452 -0.204325
vn -0.842582 -0.486465 -0.231101
vn -0.836771 -0.483110 -0.257718
vn -0.842585 -0.486466 -0.231087
vn -0.836769 -0.483109 -0.257726
vn -0.830332 -0.479393 -0.284132
vn -0.830327 -0.479389 -0.284154
vn -0.823268 -0.475314 -0.310332
vn -0.823279 -0.475320 -0.310293
vn -0.815587 -0.470880 -0.336288
vn -0.815587 -0.470880 -0.336288
vn -0.807292 -0.466090 -0.361995
vn -0.807296 -0.466093 -0.361982
vn -0.798383 -0.460947 -0.387443
vn -0.798382 -0.460946 -0.387447
vn -0.788876 -0.455458 -0.412593
vn -0.788897 -0.455470 -0.412539
vn -0.778805 -0.449643 -0.437361
vn -0.778770 -0.449623 -0.437444
vn -0.768090 -0.443457 -0.461934
vn -0.768102 -0.443464 -0.461908
vn -0.756849 -0.436967 -0.486044
vn -0.756819 -0.436950 -0.486106
vn -0.745023 -0.430139 -0.509824
vn -0.744981 -0.430115 -0.509906
vn -0.732591 -0.422962 -0.533305
vn -0.732618 -0.422977 -0.533255
vn -0.719654 -0.415492 -0.556295
vn -0.719675 -0.415504 -0.556259
vn -0.706164 -0.407704 -0.578887
vn -0.706155 -0.407699 -0.578901
vn -0.692155 -0.399616 -0.601022
vn -0.692171 -0.399625 -0.600999
vn -0.677623 -0.391226 -0.622711
vn -0.677620 -0.391224 -0.622715
vn -0.662580 -0.382541 -0.643933
vn -0.662550 -0.382524 -0.643974
vn -0.647003 -0.373547 -0.664718
vn -0.647029 -0.373562 -0.664684
vn -0.630977 -0.364295 -0.684950
vn -0.630964 -0.364287 -0.684966
vn -0.614470 -0.354764 -0.704677
vn -0.614465 -0.354762 -0.704682
vn -0.597501 -0.344968 -0.723871
vn -0.597506 -0.344970 -0.723867
vn -0.580066 -0.334901 -0.742539
vn -0.580058 -0.334896 -0.742548
vn -0.562218 -0.324596 -0.760624
vn -0.562234 -0.324606 -0.760607
vn -0.543919 -0.314032 -0.778162
vn -0.525239 -0.303247 -0.795088
vn -0.543911 -0.314027 -0.778170
vn -0.525257 -0.303257 -0.795072
vn -0.506127 -0.292212 -0.811448
vn -0.506161 -0.292232 -0.811420
vn -0.486670 -0.280979 -0.827166
vn -0.486687 -0.280989 -0.827152
vn -0.466855 -0.269539 -0.842256
vn -0.466846 -0.269534 -0.842263
vn -0.446646 -0.257871 -0.856744
vn -0.446651 -0.257874 -0.856740
vn -0.426131 -0.246027 -0.870565
vn -0.426147 -0.246036 -0.870555
vn -0.405317 -0.234010 -0.883718
vn -0.405289 -0.233994 -0.883735
vn -0.384155 -0.221792 -0.896233
vn -0.384133 -0.221779 -0.896246
vn -0.362709 -0.209410 -0.908069
vn -0.362687 -0.209397 -0.908081
vn -0.340999 -0.196876 -0.919217
vn -0.340979 -0.196864 -0.919227
vn -0.319030 -0.184192 -0.929674
vn -0.319031 -0.184193 -0.929673
vn -0.296824 -0.171371 -0.939429
vn -0.296818 -0.171368 -0.939432
vn -0.274383 -0.158415 -0.948482
vn -0.274379 -0.158413 -0.948484
vn -0.251757 -0.145352 -0.956813
vn -0.251744 -0.145344 -0.956818
vn -0.228913 -0.132163 -0.964433
vn -0.228937 -0.132177 -0.964426
vn -0.205923 -0.118890 -0.971319
vn -0.205928 -0.118892 -0.971318
vn -0.182767 -0.105520 -0.977477
vn -0.182765 -0.105519 -0.977478
vn -0.159477 -0.092074 -0.982899
vn -0.159464 -0.092067 -0.982901
vn -0.136064 -0.078556 -0.987581
vn -0.136065 -0.078557 -0.987580
vn -0.112547 -0.064979 -0.991520
vn -0.112544 -0.064977 -0.991520
vn -0.088957 -0.051360 -0.994710
vn -0.088953 -0.051357 -0.994711
vn -0.065280 -0.037689 -0.997155
vn -0.065282 -0.037691 -0.997155
vn -0.041568 -0.023999 -0.998847
vn -0.041566 -0.023998 -0.998848
vn -0.017820 -0.010288 -0.999788
vn -0.017821 -0.010289 -0.999788
vn 0.005940 0.003430 -0.999976
vn 0.005940 0.003430 -0.999976
vn 0.029696 0.017145 -0.999412
vn 0.053431 0.030848 -0.998095
vn 0.029695 0.017144 -0.999412
vn 0.053433 0.030850 -0.998095
vn 0.077122 0.044527 -0.996027
vn 0.077122 0.044526 -0.996027
vn 0.100755 0.058171 -0.993209
vn 0.100762 0.058175 -0.993208
vn 0.124321 0.071777 -0.989643
vn 0.124313 0.071772 -0.989644
vn 0.147783 0.085323 -0.985332
vn 0.147784 0.085323 -0.985332
vn 0.171135 0.098805 -0.980281
vn 0.171134 0.098804 -0.980281
vn 0.194362 0.112215 -0.974490
vn 0.194376 0.112223 -0.974487
vn 0.217431 0.125534 -0.967969
vn 0.217436 0.125537 -0.967968
vn 0.240367 0.138776 -0.960711
vn 0.240363 0.138774 -0.960712
vn 0.263081 0.151890 -0.952742
vn 0.263094 0.151898 -0.952737
vn 0.285638 0.164913 -0.944042
vn 0.285620 0.164903 -0.944049
vn 0.307963 0.177802 -0.934636
vn 0.307947 0.177793 -0.934643
vn 0.330043 0.190550 -0.924534
vn 0.330045 0.190552 -0.924532
vn 0.351883 0.203160 -0.913731
vn 0.351858 0.203146 -0.913744
vn 0.373451 0.215612 -0.902245
vn 0.373480 0.215629 -0.902229
vn 0.394762 0.227916 -0.890066
vn 0.394758 0.227913 -0.890068
vn 0.415752 0.240034 -0.877231
vn 0.415751 0.240034 -0.877231
vn 0.436440 0.251979 -0.863729
vn 0.436437 0.251977 -0.863731
vn 0.456801 0.263734 -0.849574
vn 0.476809 0.275286 -0.834788
vn 0.456788 0.263727 -0.849584
vn 0.476792 0.275276 -0.834801
vn 0.496460 0.286631 -0.819372
vn 0.496478 0.286642 -0.819357
vn 0.515739 0.297762 -0.803337
vn 0.515731 0.297758 -0.803344
vn 0.534632 0.308670 -0.786696
vn 0.534639 0.308674 -0.786690
vn 0.553105 0.319335 -0.769481
vn 0.553128 0.319349 -0.769458
vn 0.571218 0.329793 -0.751629
vn 0.571189 0.329776 -0.751659
vn 0.588833 0.339963 -0.733281
vn 0.588843 0.339969 -0.733270
vn 0.606037 0.349896 -0.714347
vn 0.606047 0.349902 -0.714336
vn 0.622759 0.359550 -0.694906
vn 0.622801 0.359574 -0.694856
vn 0.639077 0.368971 -0.674863
vn 0.639050 0.368956 -0.674897
vn 0.654853 0.378080 -0.654387
vn 0.654835 0.378069 -0.654412
vn 0.670162 0.386918 -0.633386
vn 0.670150 0.386911 -0.633402
vn 0.684964 0.395464 -0.611910
vn 0.699221 0.403695 -0.590017
vn 0.684962 0.395463 -0.611911
vn 0.699212 0.403690 -0.590032
vn 0.712983 0.411641 -0.567633
vn 0.713000 0.411651 -0.567604
vn 0.726198 0.419271 -0.544838
vn 0.726183 0.419262 -0.544865
vn 0.738872 0.426588 -0.521623
vn 0.738892 0.426599 -0.521586
vn 0.750997 0.433588 -0.498000
vn 0.750990 0.433584 -0.498015
vn 0.762540 0.440253 -0.474036
vn 0.762538 0.440252 -0.474040
vn 0.773502 0.446581 -0.449734
vn 0.773504 0.446583 -0.449727
vn 0.783906 0.452589 -0.425035
vn 0.783910 0.452591 -0.425025
vn 0.793712 0.458250 -0.400036
vn 0.793700 0.458243 -0.400066
vn 0.802918 0.463565 -0.374739
vn 0.802923 0.463568 -0.374725
vn 0.811518 0.468530 -0.349167
vn 0.811502 0.468521 -0.349218
vn 0.819508 0.473143 -0.323330
vn 0.819506 0.473142 -0.323336
vn 0.826881 0.477400 -0.297250
vn 0.826886 0.477403 -0.297232
vn 0.833626 0.481294 -0.270967
vn 0.833640 0.481302 -0.270911
vn 0.839765 0.484839 -0.244390
vn 0.839752 0.484831 -0.244451
vn 0.845241 0.488000 -0.217769
vn 0.845252 0.488007 -0.217711
vn 0.850098 0.490805 -0.190902
vn 0.850094 0.490802 -0.190926
vn 0.854319 0.493241 -0.163867
vn 0.857890 0.495303 -0.136746
vn 0.854319 0.493241 -0.163869
vn 0.857886 0.495301 -0.136778
vn 0.860818 0.496993 -0.109502
vn 0.860813 0.496991 -0.109549
vn 0.863094 0.498308 -0.082205
vn 0.863093 0.498307 -0.082227
vn 0.864720 0.499246 -0.054891
vn 0.864721 0.499247 -0.054858
vn 0.865700 0.499812 -0.027409
vn 0.865699 0.499812 -0.027449
vn 0.866025 0.500000 0.000000
vn 0.866025 0.500000 0.000000
vn 0.865700 0.499812 0.027409
vn 0.865699 0.499812 0.027449
vn 0.864720 0.499246 0.054892
vn 0.864721 0.499247 0.054858
vn 0.863094 0.498308 0.082205
vn 0.863093 0.498307 0.082227
vn 0.860818 0.496993 0.109502
vn 0.860813 0.496991 0.109549
vn 0.857886 0.495301 0.136778
vn 0.857890 0.495303 0.136746
vn 0.854318 0.493241 0.163869
vn 0.854319 0.493241 0.163868
vn 0.850094 0.490802 0.190926
vn 0.850098 0.490805 0.190902
vn 0.845241 0.488000 0.217770
vn 0.845252 0.488007 0.217712
vn 0.839765 0.484839 0.244389
vn 0.839752 0.484831 0.244450
vn 0.833640 0.481302 0.270910
vn 0.833626 0.481294 0.270966
vn 0.826881 0.477400 0.297250
vn 0.819507 0.473143 0.323332
vn 0.826886 0.477403 0.297232
vn 0.819506 0.473142 0.323338
vn 0.811519 0.468531 0.349165
vn 0.811502 0.468521 0.349216
vn 0.802918 0.463565 0.374741
vn 0.802923 0.463568 0.374727
vn 0.793712 0.458250 0.400034
vn 0.793701 0.458243 0.400065
vn 0.783906 0.452588 0.425035
vn 0.783910 0.452591 0.425025
vn 0.773502 0.446581 0.449734
vn 0.773504 0.446583 0.449727
vn 0.762540 0.440253 0.474036
vn 0.762538 0.440252 0.474040
vn 0.750998 0.433589 0.497999
vn 0.750990 0.433584 0.498014
vn 0.738871 0.426587 0.521626
vn 0.738890 0.426599 0.521589
vn 0.726200 0.419271 0.544836
vn 0.726184 0.419263 0.544862
vn 0.712999 0.411650 0.567607
vn 0.712981 0.411640 0.567635
vn 0.699212 0.403690 0.590031
vn 0.699222 0.403696 0.590016
vn 0.684961 0.395463 0.611913
vn 0.684963 0.395463 0.611911
vn 0.670150 0.386911 0.633402
vn 0.670162 0.386918 0.633386
vn 0.654853 0.378080 0.654387
vn 0.654835 0.378069 0.654412
vn 0.639078 0.368972 0.674862
vn 0.639051 0.368956 0.674896
vn 0.622759 0.359550 0.694906
vn 0.622801 0.359574 0.694856
vn 0.606047 0.349902 0.714336
vn 0.606037 0.349896 0.714347
vn 0.588842 0.339968 0.733271
vn 0.588831 0.339962 0.733283
vn 0.571189 0.329776 0.751659
vn 0.571218 0.329793 0.751629
vn 0.553130 0.319350 0.769457
vn 0.553106 0.319336 0.769479
vn 0.534641 0.308675 0.786688
vn 0.534634 0.308671 0.786695
vn 0.515730 0.297757 0.803345
vn 0.515738 0.297761 0.803339
vn 0.496477 0.286641 0.819358
vn 0.496459 0.286631 0.819372
vn 0.476793 0.275277 0.834800
vn 0.476811 0.275287 0.834787
vn 0.456786 0.263725 0.849586
vn 0.456799 0.263733 0.849576
vn 0.436437 0.251977 0.863731
vn 0.436440 0.251979 0.863729
vn 0.415755 0.240036 0.877229
vn 0.415754 0.240036 0.877229
vn 0.394756 0.227912 0.890070
vn 0.394760 0.227915 0.890067
vn 0.373480 0.215629 0.902229
vn 0.373451 0.215612 0.902245
vn 0.351860 0.203146 0.913743
vn 0.351884 0.203160 0.913731
vn 0.330044 0.190551 0.924533
vn 0.330042 0.190550 0.924534
vn 0.307947 0.177793 0.934643
vn 0.307963 0.177802 0.934636
vn 0.285619 0.164902 0.944049
vn 0.285637 0.164913 0.944042
vn 0.263098 0.151900 0.952736
vn 0.263084 0.151892 0.952741
vn 0.240360 0.138772 0.960713
vn 0.240363 0.138774 0.960712
vn 0.217439 0.125538 0.967967
vn 0.217434 0.125535 0.967969
vn 0.194360 0.112214 0.974491
vn 0.194373 0.112221 0.974487
vn 0.171136 0.098806 0.980280
vn 0.171136 0.098805 0.980281
vn 0.147783 0.085323 0.985332
vn 0.147784 0.085323 0.985332
vn 0.124321 0.071777 0.989643
vn 0.124313 0.071772 0.989644
vn 0.100763 0.058176 0.993208
vn 0.100756 0.058172 0.993209
vn 0.077122 0.044527 0.996027
vn 0.077122 0.044526 0.996027
vn 0.053431 0.030848 0.998095
vn 0.053428 0.030847 0.998095
vn 0.029696 0.017145 0.999412
vn 0.029698 0.017146 0.999412
vn 0.005940 0.003430 0.999976
vn 0.005940 0.003430 0.999976
vn -0.017821 -0.010289 0.999788
vn -0.017820 -0.010288 0.999788
vn -0.041566 -0.023998 0.998848
vn -0.041568 -0.023999 0.998847
vn -0.065282 -0.037691 0.997155
vn -0.065280 -0.037689 0.997155
vn -0.088951 -0.051356 0.994711
vn -0.088955 -0.051358 0.994711
vn -0.112544 -0.064977 0.991520
vn -0.112547 -0.064979 0.991520
vn -0.136065 -0.078557 0.987580
vn -0.136064 -0.078556 0.987581
vn -0.159480 -0.092076 0.982898
vn -0.159468 -0.092069 0.982900
vn -0.182761 -0.105517 0.977479
vn -0.182763 -0.105518 0.977478
vn -0.205930 -0.118894 0.971317
vn -0.205925 -0.118891 0.971319
vn -0.228912 -0.132162 0.964434
vn -0.228936 -0.132176 0.964426
vn -0.251755 -0.145351 0.956814
vn -0.251742 -0.145343 0.956818
vn -0.274387 -0.158418 0.948481
vn -0.274383 -0.158415 0.948482
vn -0.296817 -0.171367 0.939432
vn -0.296823 -0.171371 0.939430
vn -0.319028 -0.184191 0.929675
vn -0.319029 -0.184191 0.929674
vn -0.340979 -0.196864 0.919227
vn -0.340999 -0.196876 0.919217
vn -0.362710 -0.209411 0.908068
vn -0.362688 -0.209398 0.908081
vn -0.384135 -0.221780 0.896245
vn -0.384157 -0.221793 0.896232
vn -0.405316 -0.234009 0.883719
vn -0.405288 -0.233993 0.883736
vn -0.426145 -0.246035 0.870556
vn -0.426129 -0.246026 0.870566
vn -0.446646 -0.257871 0.856744
vn -0.446651 -0.257874 0.856740
vn -0.466848 -0.269535 0.842261
vn -0.466856 -0.269540 0.842255
vn -0.486670 -0.280979 0.827165
vn -0.486688 -0.280990 0.827151
vn -0.506160 -0.292232 0.811420
vn -0.506126 -0.292212 0.811449
vn -0.525240 -0.303247 0.795088
vn -0.525258 -0.303258 0.795072
vn -0.543916 -0.314030 0.778165
vn -0.543908 -0.314025 0.778172
vn -0.562219 -0.324597 0.760622
vn -0.562236 -0.324607 0.760606
vn -0.580066 -0.334901 0.742539
vn -0.580058 -0.334896 0.742548
vn -0.597501 -0.344968 0.723871
vn -0.597506 -0.344970 0.723867
vn -0.614470 -0.354764 0.704677
vn -0.614465 -0.354762 0.704682
vn -0.630978 -0.364296 0.684949
vn -0.630965 -0.364288 0.684965
vn -0.647003 -0.373547 0.664718
vn -0.647029 -0.373562 0.664684
vn -0.662579 -0.382540 0.643934
vn -0.662549 -0.382523 0.643976
vn -0.677624 -0.391226 0.622710
vn -0.677621 -0.391225 0.622714
vn -0.692154 -0.399616 0.601024
vn -0.692170 -0.399624 0.601000
vn -0.706164 -0.407704 0.578886
vn -0.706156 -0.407699 0.578900
vn -0.719654 -0.415492 0.556295
vn -0.719675 -0.415504 0.556259
vn -0.732617 -0.422976 0.533258
vn -0.732590 -0.422961 0.533307
vn -0.744983 -0.430116 0.509903
vn -0.745024 -0.430140 0.509822
vn -0.756848 -0.436966 0.486047
vn -0.756818 -0.436949 0.486109
vn -0.768091 -0.443457 0.461933
vn -0.768103 -0.443464 0.461907
vn -0.778805 -0.449643 0.437360
vn -0.778770 -0.449623 0.437443
vn -0.788876 -0.455458 0.412593
vn -0.788897 -0.455470 0.412539
vn -0.798383 -0.460947 0.387444
vn -0.798382 -0.460946 0.387448
vn -0.807296 -0.466093 0.361982
vn -0.807292 -0.466090 0.361995
vn -0.815587 -0.470880 0.336288
vn -0.815587 -0.470880 0.336288
vn -0.823279 -0.475320 0.310294
vn -0.823268 -0.475314 0.310333
vn -0.830327 -0.479389 0.284153
vn -0.830333 -0.479393 0.284131
vn -0.836770 -0.483109 0.257725
vn -0.836771 -0.483110 0.257717
vn -0.842585 -0.486466 0.231088
vn -0.842582 -0.486465 0.231102
vn -0.847755 -0.489452 0.204325
vn -0.847757 -0.489453 0.204315
vn -0.852283 -0.492066 0.177441
vn -0.852288 -0.492069 0.177405
vn -0.856189 -0.494321 0.150287
vn -0.856179 -0.494315 0.150368
vn -0.859430 -0.496192 0.123182
vn -0.859436 -0.496195 0.123128
vn -0.862035 -0.497696 0.095885
vn -0.862034 -0.497696 0.095896
vn -0.863990 -0.498825 0.068522
vn -0.863991 -0.498825 0.068509
vn -0.865292 -0.499576 0.041154
vn -0.865290 -0.499576 0.041191
vn -0.865944 -0.499953 0.013705
vn -0.865944 -0.499953 0.013745
vn 0.865944 -0.499953 -0.013705
vn 0.865944 -0.499953 -0.013704
vn 0.865293 -0.499577 -0.041114
vn 0.865293 -0.499577 -0.041114
vn 0.863991 -0.498825 -0.068510
vn 0.863991 -0.498825 -0.068511
vn 0.862034 -0.497696 -0.095898
vn 0.862034 -0.497696 -0.095897
vn 0.859422 -0.496187 -0.123258
vn 0.859422 -0.496187 -0.123258
vn 0.856189 -0.494321 -0.150291
vn 0.856189 -0.494321 -0.150291
vn 0.852282 -0.492066 -0.177444
vn 0.852284 -0.492066 -0.177432
vn 0.847769 -0.489460 -0.204249
vn 0.847769 -0.489460 -0.204249
vn 0.842570 -0.486458 -0.231156
vn 0.842568 -0.486457 -0.231166
vn 0.836769 -0.483109 -0.257729
vn 0.836769 -0.483109 -0.257728
vn 0.830347 -0.479401 -0.284074
vn 0.830347 -0.479401 -0.284074
vn 0.823258 -0.475308 -0.310368
vn 0.823258 -0.475308 -0.310368
vn 0.815587 -0.470880 -0.336288
vn 0.815587 -0.470879 -0.336289
vn 0.807295 -0.466092 -0.361985
vn 0.807295 -0.466092 -0.361985
vn 0.798382 -0.460946 -0.387447
vn 0.798382 -0.460946 -0.387446
vn 0.788903 -0.455473 -0.412525
vn 0.788903 -0.455473 -0.412524
vn 0.778750 -0.449612 -0.437490
vn 0.778750 -0.449612 -0.437490
vn 0.768147 -0.443490 -0.461809
vn 0.768147 -0.443490 -0.461809
vn 0.756820 -0.436950 -0.486106
vn 0.756819 -0.436950 -0.486107
vn 0.744995 -0.430123 -0.509880
vn 0.744994 -0.430123 -0.509880
vn 0.732620 -0.422978 -0.533251
vn 0.732621 -0.422979 -0.533251
vn 0.719643 -0.415486 -0.556315
vn 0.719642 -0.415486 -0.556315
vn 0.706189 -0.407719 -0.578845
vn 0.706189 -0.407719 -0.578845
vn 0.692139 -0.399607 -0.601048
vn 0.692139 -0.399606 -0.601048
vn 0.677618 -0.391223 -0.622718
vn 0.677618 -0.391223 -0.622718
vn 0.662583 -0.382543 -0.643929
vn 0.662588 -0.382545 -0.643923
vn 0.647029 -0.373563 -0.664683
vn 0.647025 -0.373560 -0.664689
vn 0.630965 -0.364288 -0.684965
vn 0.630965 -0.364288 -0.684965
vn 0.614465 -0.354761 -0.704683
vn 0.597472 -0.344951 -0.723903
vn 0.614465 -0.354761 -0.704683
vn 0.597472 -0.344950 -0.723904
vn 0.580056 -0.334896 -0.742549
vn 0.580061 -0.334898 -0.742545
vn 0.562235 -0.324607 -0.760606
vn 0.562230 -0.324604 -0.760612
vn 0.543946 -0.314048 -0.778137
vn 0.543946 -0.314047 -0.778137
vn 0.525255 -0.303256 -0.795074
vn 0.525261 -0.303259 -0.795069
vn 0.506127 -0.292213 -0.811447
vn 0.486685 -0.280988 -0.827154
vn 0.506123 -0.292210 -0.811451
vn 0.486690 -0.280991 -0.827150
vn 0.466825 -0.269522 -0.842278
vn 0.466821 -0.269519 -0.842281
vn 0.446676 -0.257888 -0.856723
vn 0.446676 -0.257888 -0.856723
vn 0.426132 -0.246027 -0.870564
vn 0.426132 -0.246027 -0.870564
vn 0.405261 -0.233977 -0.883753
vn 0.405261 -0.233978 -0.883752
vn 0.384184 -0.221809 -0.896216
vn 0.384189 -0.221811 -0.896214
vn 0.362707 -0.209409 -0.908070
vn 0.362711 -0.209411 -0.908068
vn 0.340954 -0.196850 -0.919239
vn 0.340954 -0.196850 -0.919239
vn 0.319030 -0.184192 -0.929674
vn 0.319029 -0.184192 -0.929674
vn 0.296847 -0.171385 -0.939420
vn 0.296847 -0.171385 -0.939420
vn 0.274380 -0.158413 -0.948483
vn 0.274380 -0.158413 -0.948483
vn 0.251745 -0.145345 -0.956817
vn 0.251742 -0.145343 -0.956818
vn 0.228936 -0.132176 -0.964426
vn 0.228939 -0.132178 -0.964425
vn 0.205907 -0.118881 -0.971324
vn 0.205907 -0.118880 -0.971324
vn 0.182781 -0.105529 -0.977474
vn 0.182781 -0.105529 -0.977474
vn 0.159464 -0.092067 -0.982901
vn 0.159464 -0.092067 -0.982901
vn 0.136053 -0.078550 -0.987583
vn 0.136051 -0.078549 -0.987583
vn 0.112547 -0.064979 -0.991520
vn 0.112547 -0.064979 -0.991520
vn 0.088964 -0.051364 -0.994710
vn 0.088965 -0.051364 -0.994710
vn 0.065274 -0.037686 -0.997156
vn 0.065275 -0.037686 -0.997155
vn 0.041568 -0.023999 -0.998847
vn 0.041568 -0.023999 -0.998847
vn 0.017822 -0.010290 -0.999788
vn 0.017822 -0.010290 -0.999788
vn -0.005940 0.003429 -0.999976
vn -0.029695 0.017144 -0.999412
vn -0.005940 0.003429 -0.999976
vn -0.029695 0.017144 -0.999412
vn -0.053437 0.030852 -0.998094
vn -0.053438 0.030852 -0.998094
vn -0.077122 0.044526 -0.996027
vn -0.077123 0.044527 -0.996027
vn -0.100756 0.058171 -0.993209
vn -0.100756 0.058171 -0.993209
vn -0.124321 0.071777 -0.989643
vn -0.124320 0.071776 -0.989643
vn -0.147784 0.085323 -0.985332
vn -0.147783 0.085322 -0.985333
vn -0.171121 0.098797 -0.980284
vn -0.171123 0.098798 -0.980284
vn -0.194377 0.112224 -0.974486
vn -0.194377 0.112223 -0.974486
vn -0.217439 0.125538 -0.967967
vn -0.217436 0.125537 -0.967968
vn -0.240361 0.138773 -0.960713
vn -0.240364 0.138774 -0.960712
vn -0.263081 0.151890 -0.952742
vn -0.263082 0.151890 -0.952742
vn -0.285637 0.164913 -0.944042
vn -0.285637 0.164913 -0.944042
vn -0.307962 0.177802 -0.934637
vn -0.307962 0.177802 -0.934637
vn -0.329996 0.190524 -0.924556
vn -0.329996 0.190523 -0.924556
vn -0.351908 0.203174 -0.913718
vn -0.351909 0.203175 -0.913718
vn -0.373451 0.215612 -0.902245
vn -0.394758 0.227913 -0.890068
vn -0.373451 0.215612 -0.902245
vn -0.394758 0.227914 -0.890068
vn -0.415752 0.240034 -0.877231
vn -0.436436 0.251976 -0.863731
vn -0.415752 0.240034 -0.877231
vn -0.456791 0.263728 -0.849582
vn -0.436440 0.251979 -0.863729
vn -0.456786 0.263725 -0.849586
vn -0.476793 0.275277 -0.834800
vn -0.476793 0.275277 -0.834800
vn -0.496509 0.286659 -0.819332
vn -0.496509 0.286660 -0.819332
vn -0.515730 0.297757 -0.803345
vn -0.534642 0.308676 -0.786687
vn -0.515734 0.297759 -0.803341
vn -0.534637 0.308673 -0.786692
vn -0.553093 0.319328 -0.769492
vn -0.571226 0.329797 -0.751621
vn -0.553093 0.319328 -0.769492
vn -0.588808 0.339949 -0.733307
vn -0.571225 0.329797 -0.751622
vn -0.588808 0.339948 -0.733308
vn -0.606045 0.349900 -0.714339
vn -0.606050 0.349903 -0.714333
vn -0.622791 0.359569 -0.694868
vn -0.622796 0.359571 -0.694863
vn -0.639043 0.368952 -0.674906
vn -0.639043 0.368952 -0.674906
vn -0.654852 0.378079 -0.654389
vn -0.654852 0.378079 -0.654389
vn -0.670150 0.386911 -0.633402
vn -0.670150 0.386911 -0.633403
vn -0.684932 0.395446 -0.611956
vn -0.684932 0.395446 -0.611957
vn -0.699242 0.403708 -0.589983
vn -0.699242 0.403708 -0.589983
vn -0.713032 0.411669 -0.567551
vn -0.726150 0.419243 -0.544924
vn -0.713036 0.411672 -0.567543
vn -0.726150 0.419243 -0.544923
vn -0.738923 0.426617 -0.521527
vn -0.738923 0.426618 -0.521527
vn -0.750963 0.433569 -0.498068
vn -0.750959 0.433566 -0.498078
vn -0.762507 0.440233 -0.474108
vn -0.762507 0.440234 -0.474107
vn -0.773561 0.446616 -0.449597
vn -0.783884 0.452575 -0.425090
vn -0.773562 0.446616 -0.449596
vn -0.783883 0.452575 -0.425091
vn -0.793700 0.458243 -0.400068
vn -0.793699 0.458242 -0.400069
vn -0.802947 0.463582 -0.374656
vn -0.802948 0.463582 -0.374656
vn -0.811479 0.468508 -0.349289
vn -0.811479 0.468508 -0.349288
vn -0.819529 0.473155 -0.323259
vn -0.826865 0.477391 -0.297307
vn -0.819529 0.473155 -0.323258
vn -0.833659 0.481313 -0.270833
vn -0.826865 0.477391 -0.297308
vn -0.833659 0.481313 -0.270834
vn -0.839750 0.484830 -0.244460
vn -0.839752 0.484831 -0.244449
vn -0.845223 0.487990 -0.217861
vn -0.850120 0.490817 -0.190774
vn -0.845221 0.487989 -0.217873
vn -0.850122 0.490818 -0.190764
vn -0.854308 0.493235 -0.163945
vn -0.857887 0.495302 -0.136769
vn -0.854307 0.493235 -0.163945
vn -0.857886 0.495301 -0.136780
vn -0.860824 0.496997 -0.109430
vn -0.860825 0.496997 -0.109429
vn -0.863083 0.498301 -0.082363
vn -0.863083 0.498301 -0.082364
vn -0.864724 0.499248 -0.054806
vn -0.864724 0.499248 -0.054806
vn -0.865700 0.499812 -0.027409
vn -0.865700 0.499812 -0.027408
vn -0.866025 0.500000 0.000000
vn -0.866025 0.500000 0.000000
vn -0.865700 0.499812 0.027409
vn -0.865700 0.499812 0.027408
vn -0.864724 0.499248 0.054807
vn -0.864724 0.499248 0.054807
vn -0.863083 0.498301 0.082363
vn -0.863083 0.498301 0.082364
vn -0.860825 0.496997 0.109429
vn -0.860824 0.496997 0.109430
vn -0.857886 0.495301 0.136780
vn -0.857887 0.495302 0.136768
vn -0.854307 0.493235 0.163946
vn -0.854307 0.493235 0.163946
vn -0.850120 0.490817 0.190774
vn -0.850122 0.490818 0.190763
vn -0.845223 0.487990 0.217862
vn -0.845221 0.487988 0.217874
vn -0.839750 0.484830 0.244459
vn -0.833659 0.481313 0.270832
vn -0.839752 0.484831 0.244448
vn -0.833659 0.481313 0.270833
vn -0.826865 0.477391 0.297307
vn -0.826865 0.477391 0.297308
vn -0.819529 0.473155 0.323261
vn -0.819529 0.473155 0.323260
vn -0.811480 0.468508 0.349287
vn -0.811480 0.468508 0.349286
vn -0.802947 0.463582 0.374658
vn -0.802947 0.463582 0.374658
vn -0.793700 0.458243 0.400067
vn -0.783884 0.452575 0.425090
vn -0.793700 0.458243 0.400068
vn -0.783883 0.452575 0.425091
vn -0.773561 0.446616 0.449597
vn -0.773562 0.446616 0.449596
vn -0.762507 0.440233 0.474108
vn -0.762507 0.440234 0.474107
vn -0.750964 0.433569 0.498067
vn -0.750959 0.433566 0.498077
vn -0.738921 0.426617 0.521530
vn -0.726151 0.419244 0.544921
vn -0.738922 0.426617 0.521529
vn -0.726152 0.419244 0.544920
vn -0.713035 0.411671 0.567546
vn -0.713031 0.411668 0.567553
vn -0.699243 0.403708 0.589982
vn -0.699243 0.403708 0.589982
vn -0.684931 0.395445 0.611958
vn -0.684931 0.395445 0.611958
vn -0.670150 0.386911 0.633403
vn -0.670150 0.386911 0.633402
vn -0.654852 0.378079 0.654389
vn -0.654852 0.378079 0.654389
vn -0.639044 0.368952 0.674905
vn -0.639044 0.368952 0.674905
vn -0.622791 0.359569 0.694868
vn -0.622796 0.359571 0.694863
vn -0.606049 0.349903 0.714333
vn -0.606045 0.349900 0.714338
vn -0.588807 0.339948 0.733309
vn -0.588807 0.339948 0.733309
vn -0.571225 0.329797 0.751622
vn -0.571226 0.329797 0.751621
vn -0.553094 0.319329 0.769491
vn -0.553094 0.319329 0.769491
vn -0.534644 0.308677 0.786686
vn -0.534639 0.308674 0.786690
vn -0.515728 0.297756 0.803347
vn -0.515733 0.297758 0.803343
vn -0.496508 0.286659 0.819333
vn -0.496508 0.286659 0.819333
vn -0.476795 0.275278 0.834799
vn -0.476795 0.275278 0.834799
vn -0.456783 0.263724 0.849588
vn -0.456788 0.263727 0.849584
vn -0.436440 0.251979 0.863729
vn -0.436436 0.251976 0.863731
vn -0.415755 0.240036 0.877229
vn -0.415755 0.240036 0.877229
vn -0.394756 0.227912 0.890070
vn -0.394756 0.227912 0.890069
vn -0.373451 0.215612 0.902245
vn -0.373451 0.215612 0.902245
vn -0.351909 0.203175 0.913718
vn -0.351910 0.203175 0.913717
vn -0.329995 0.190523 0.924556
vn -0.329995 0.190523 0.924556
vn -0.307962 0.177802 0.934637
vn -0.307962 0.177802 0.934637
vn -0.285636 0.164912 0.944042
vn -0.285636 0.164912 0.944042
vn -0.263085 0.151892 0.952741
vn -0.263085 0.151892 0.952741
vn -0.240358 0.138771 0.960714
vn -0.240361 0.138772 0.960713
vn -0.217441 0.125540 0.967967
vn -0.217438 0.125538 0.967967
vn -0.194374 0.112222 0.974487
vn -0.194375 0.112222 0.974487
vn -0.171122 0.098797 0.980284
vn -0.171124 0.098799 0.980283
vn -0.147784 0.085323 0.985332
vn -0.147783 0.085322 0.985333
vn -0.124320 0.071776 0.989643
vn -0.124321 0.071777 0.989643
vn -0.100757 0.058172 0.993209
vn -0.100757 0.058172 0.993209
vn -0.077122 0.044526 0.996027
vn -0.077123 0.044527 0.996027
vn -0.053435 0.030851 0.998095
vn -0.053435 0.030851 0.998095
vn -0.029696 0.017145 0.999412
vn -0.029696 0.017145 0.999412
vn -0.005940 0.003429 0.999976
vn -0.005940 0.003429 0.999976
vn 0.041568 -0.023999 0.998847
vn 0.017822 -0.010290 0.999788
vn 0.017822 -0.010290 0.999788
vn 0.041568 -0.023999 0.998847
vn 0.065275 -0.037686 0.997155
vn 0.065274 -0.037686 0.997156
vn 0.088962 -0.051362 0.994710
vn 0.112547 -0.064979 0.991520
vn 0.088962 -0.051362 0.994710
vn 0.112547 -0.064979 0.991520
vn 0.136051 -0.078549 0.987583
vn 0.136053 -0.078550 0.987583
vn 0.159468 -0.092069 0.982900
vn 0.159468 -0.092069 0.982900
vn 0.182778 -0.105527 0.977475
vn 0.182778 -0.105527 0.977475
vn 0.205909 -0.118882 0.971323
vn 0.205910 -0.118882 0.971323
vn 0.228938 -0.132177 0.964426
vn 0.251740 -0.145342 0.956819
vn 0.228935 -0.132176 0.964426
vn 0.251742 -0.145344 0.956818
vn 0.274384 -0.158416 0.948482
vn 0.274384 -0.158416 0.948482
vn 0.296846 -0.171384 0.939420
vn 0.296846 -0.171384 0.939420
vn 0.319027 -0.184190 0.929675
vn 0.319028 -0.184191 0.929675
vn 0.340954 -0.196850 0.919239
vn 0.340954 -0.196850 0.919239
vn 0.362708 -0.209410 0.908069
vn 0.362713 -0.209412 0.908067
vn 0.384191 -0.221813 0.896212
vn 0.384186 -0.221810 0.896215
vn 0.405260 -0.233977 0.883753
vn 0.405260 -0.233977 0.883753
vn 0.426130 -0.246026 0.870566
vn 0.426130 -0.246026 0.870566
vn 0.446676 -0.257888 0.856723
vn 0.466827 -0.269523 0.842276
vn 0.446676 -0.257888 0.856723
vn 0.486686 -0.280988 0.827153
vn 0.466823 -0.269520 0.842280
vn 0.486691 -0.280991 0.827149
vn 0.506126 -0.292212 0.811448
vn 0.525256 -0.303257 0.795073
vn 0.506122 -0.292210 0.811452
vn 0.525261 -0.303260 0.795069
vn 0.543943 -0.314046 0.778139
vn 0.543943 -0.314046 0.778139
vn 0.562236 -0.324607 0.760605
vn 0.562231 -0.324604 0.760610
vn 0.580055 -0.334895 0.742551
vn 0.597472 -0.344951 0.723903
vn 0.580061 -0.334898 0.742545
vn 0.597472 -0.344950 0.723904
vn 0.614465 -0.354761 0.704683
vn 0.630966 -0.364288 0.684964
vn 0.614465 -0.354761 0.704683
vn 0.630966 -0.364288 0.684964
vn 0.647029 -0.373563 0.664683
vn 0.662582 -0.382542 0.643931
vn 0.647025 -0.373560 0.664689
vn 0.677619 -0.391224 0.622717
vn 0.662587 -0.382545 0.643924
vn 0.677619 -0.391224 0.622717
vn 0.692138 -0.399606 0.601049
vn 0.692138 -0.399606 0.601049
vn 0.706190 -0.407719 0.578844
vn 0.719643 -0.415486 0.556315
vn 0.706190 -0.407719 0.578844
vn 0.719642 -0.415486 0.556315
vn 0.732619 -0.422978 0.533253
vn 0.732619 -0.422978 0.533254
vn 0.744996 -0.430123 0.509878
vn 0.744996 -0.430124 0.509877
vn 0.756818 -0.436949 0.486109
vn 0.768147 -0.443490 0.461808
vn 0.756818 -0.436949 0.486108
vn 0.768147 -0.443490 0.461808
vn 0.778751 -0.449612 0.437489
vn 0.778751 -0.449612 0.437489
vn 0.788903 -0.455473 0.412525
vn 0.788903 -0.455473 0.412524
vn 0.798382 -0.460946 0.387448
vn 0.798382 -0.460946 0.387447
vn 0.807295 -0.466092 0.361985
vn 0.807295 -0.466092 0.361985
vn 0.815587 -0.470880 0.336288
vn 0.815587 -0.470879 0.336289
vn 0.823258 -0.475308 0.310369
vn 0.823258 -0.475308 0.310368
vn 0.830347 -0.479401 0.284073
vn 0.830347 -0.479401 0.284074
vn 0.836769 -0.483109 0.257728
vn 0.836769 -0.483109 0.257727
vn 0.842568 -0.486457 0.231167
vn 0.842570 -0.486458 0.231157
vn 0.847769 -0.489460 0.204249
vn 0.847769 -0.489460 0.204249
vn 0.852282 -0.492066 0.177444
vn 0.852284 -0.492066 0.177432
vn 0.856189 -0.494321 0.150290
vn 0.856189 -0.494321 0.150291
vn 0.859422 -0.496187 0.123258
vn 0.859422 -0.496187 0.123258
vn 0.862034 -0.497696 0.095898
vn 0.862034 -0.497696 0.095897
vn 0.863991 -0.498825 0.068510
vn 0.863991 -0.498825 0.068511
vn 0.865293 -0.499577 0.041114
vn 0.865944 -0.499953 0.013704
vn 0.865293 -0.499577 0.041114
vn 0.865944 -0.499953 0.013705
vn 0.000000 0.999906 -0.013718
vn 0.000000 0.999906 -0.013718
vn 0.000000 0.999153 -0.041155
vn 0.000000 0.999153 -0.041155
vn 0.000000 0.997651 -0.068499
vn 0.000000 0.997651 -0.068499
vn 0.000000 0.995388 -0.095935
vn 0.000000 0.995388 -0.095935
vn 0.000000 0.992395 -0.123095
vn 0.000000 0.992395 -0.123095
vn 0.000000 0.988634 -0.150345
vn 0.000000 0.988634 -0.150345
vn 0.000000 0.984137 -0.177410
vn 0.000000 0.984137 -0.177410
vn 0.000000 0.978910 -0.204293
vn 0.000000 0.978910 -0.204293
vn 0.000000 0.972914 -0.231167
vn 0.000000 0.972914 -0.231167
vn 0.000000 0.966229 -0.257684
vn 0.000000 0.966229 -0.257684
vn 0.000000 0.958794 -0.284101
vn 0.000000 0.958794 -0.284101
vn 0.000000 0.950629 -0.310328
vn 0.000000 0.950629 -0.310328
vn 0.000000 0.941761 -0.336284
vn 0.000000 0.941761 -0.336284
vn 0.000000 0.932161 -0.362043
vn 0.000000 0.932161 -0.362043
vn 0.000000 0.921893 -0.387446
vn 0.000000 0.921893 -0.387446
vn 0.000000 0.910926 -0.412570
vn 0.000000 0.910926 -0.412570
vn 0.000000 0.899262 -0.437410
vn 0.000000 0.899262 -0.437410
vn 0.000000 0.886938 -0.461889
vn 0.000000 0.886938 -0.461889
vn 0.000000 0.873919 -0.486071
vn 0.000000 0.873919 -0.486071
vn 0.000000 0.860240 -0.509889
vn 0.000000 0.860240 -0.509889
vn 0.000000 0.845953 -0.533257
vn 0.000000 0.845953 -0.533257
vn 0.000000 0.830970 -0.556317
vn 0.000000 0.830970 -0.556317
vn 0.000000 0.815425 -0.578863
vn 0.000000 0.815425 -0.578863
vn 0.000000 0.799240 -0.601013
vn 0.000000 0.799240 -0.601013
vn 0.000000 0.782453 -0.622709
vn 0.000000 0.782453 -0.622709
vn 0.000000 0.765079 -0.643936
vn 0.000000 0.765079 -0.643936
vn 0.000000 0.747069 -0.664746
vn 0.000000 0.747069 -0.664746
vn 0.000000 0.728619 -0.684919
vn 0.000000 0.728619 -0.684919
vn 0.000000 0.709501 -0.704704
vn 0.000000 0.689955 -0.723852
vn 0.000000 0.709501 -0.704704
vn 0.000000 0.689955 -0.723852
vn 0.000000 0.669802 -0.742540
vn 0.000000 0.669802 -0.742540
vn 0.000000 0.649189 -0.760627
vn 0.000000 0.649189 -0.760627
vn 0.000000 0.628084 -0.778146
vn 0.000000 0.628084 -0.778146
vn 0.000000 0.606483 -0.795096
vn 0.000000 0.606483 -0.795096
vn 0.000000 0.584457 -0.811425
vn 0.000000 0.561961 -0.827164
vn 0.000000 0.584457 -0.811425
vn 0.000000 0.561961 -0.827164
vn 0.000000 0.539054 -0.842271
vn 0.000000 0.539054 -0.842271
vn 0.000000 0.515753 -0.856738
vn 0.000000 0.515753 -0.856738
vn 0.000000 0.492065 -0.870559
vn 0.000000 0.492065 -0.870559
vn 0.000000 0.467998 -0.883729
vn 0.000000 0.467998 -0.883729
vn 0.000000 0.443572 -0.896239
vn 0.000000 0.443572 -0.896239
vn 0.000000 0.418805 -0.908076
vn 0.000000 0.418805 -0.908076
vn 0.000000 0.393747 -0.919219
vn 0.000000 0.393747 -0.919219
vn 0.000000 0.368377 -0.929676
vn 0.000000 0.368377 -0.929676
vn 0.000000 0.342739 -0.939431
vn 0.000000 0.342739 -0.939431
vn 0.000000 0.316850 -0.948476
vn 0.000000 0.316850 -0.948476
vn 0.000000 0.290687 -0.956818
vn 0.000000 0.290687 -0.956818
vn 0.000000 0.264332 -0.964432
vn 0.000000 0.264332 -0.964432
vn 0.000000 0.237778 -0.971319
vn 0.000000 0.237778 -0.971319
vn 0.000000 0.211056 -0.977474
vn 0.000000 0.211056 -0.977474
vn 0.000000 0.184143 -0.982899
vn 0.000000 0.184143 -0.982899
vn 0.000000 0.157105 -0.987582
vn 0.000000 0.157105 -0.987582
vn 0.000000 0.129959 -0.991519
vn 0.000000 0.129959 -0.991519
vn 0.000000 0.102718 -0.994711
vn 0.000000 0.102718 -0.994711
vn 0.000000 0.075380 -0.997155
vn 0.000000 0.075380 -0.997155
vn 0.000000 0.047997 -0.998847
vn 0.000000 0.047997 -0.998847
vn 0.000000 0.020576 -0.999788
vn 0.000000 0.020576 -0.999788
vn 0.000000 -0.006859 -0.999976
vn -0.000000 -0.034290 -0.999412
vn 0.000000 -0.006859 -0.999976
vn 0.000000 -0.034290 -0.999412
vn 0.000000 -0.061697 -0.998095
vn -0.000000 -0.089050 -0.996027
vn 0.000000 -0.061697 -0.998095
vn 0.000000 -0.089050 -0.996027
vn 0.000000 -0.116347 -0.993209
vn 0.000000 -0.116347 -0.993209
vn 0.000000 -0.143547 -0.989644
vn 0.000000 -0.143547 -0.989644
vn 0.000000 -0.170649 -0.985332
vn 0.000000 -0.170649 -0.985332
vn 0.000000 -0.197608 -0.980281
vn 0.000000 -0.197608 -0.980281
vn 0.000000 -0.224440 -0.974488
vn 0.000000 -0.224440 -0.974488
vn 0.000000 -0.251076 -0.967967
vn 0.000000 -0.251076 -0.967967
vn 0.000000 -0.277538 -0.960715
vn 0.000000 -0.277538 -0.960715
vn 0.000000 -0.303807 -0.952734
vn 0.000000 -0.303807 -0.952734
vn 0.000000 -0.329814 -0.944046
vn 0.000000 -0.329814 -0.944046
vn 0.000000 -0.355573 -0.934648
vn 0.000000 -0.355573 -0.934648
vn -0.000000 -0.406311 -0.913735
vn 0.000000 -0.381111 -0.924529
vn 0.000000 -0.381111 -0.924529
vn 0.000000 -0.406311 -0.913735
vn 0.000000 -0.431228 -0.902243
vn -0.000000 -0.455846 -0.890059
vn 0.000000 -0.431228 -0.902243
vn 0.000000 -0.455846 -0.890059
vn 0.000000 -0.480066 -0.877232
vn 0.000000 -0.480066 -0.877232
vn 0.000000 -0.503970 -0.863721
vn -0.000000 -0.527451 -0.849585
vn 0.000000 -0.503970 -0.863721
vn -0.000000 -0.550574 -0.834786
vn 0.000000 -0.527451 -0.849585
vn 0.000000 -0.550574 -0.834786
vn 0.000000 -0.573256 -0.819376
vn 0.000000 -0.573256 -0.819376
vn 0.000000 -0.595519 -0.803341
vn -0.000000 -0.617353 -0.786686
vn 0.000000 -0.595519 -0.803341
vn -0.000000 -0.638661 -0.769489
vn 0.000000 -0.617353 -0.786686
vn 0.000000 -0.638661 -0.769489
vn 0.000000 -0.659570 -0.751643
vn -0.000000 -0.679932 -0.733275
vn 0.000000 -0.659570 -0.751643
vn 0.000000 -0.679932 -0.733275
vn 0.000000 -0.699828 -0.714312
vn 0.000000 -0.699828 -0.714312
vn 0.000000 -0.719114 -0.694893
vn 0.000000 -0.719114 -0.694893
vn -0.000000 -0.737922 -0.674886
vn 0.000000 -0.737922 -0.674886
vn 0.000000 -0.756152 -0.654396
vn 0.000000 -0.756152 -0.654396
vn 0.000000 -0.773800 -0.633430
vn 0.000000 -0.773800 -0.633430
vn 0.000000 -0.790950 -0.611881
vn 0.000000 -0.790950 -0.611881
vn 0.000000 -0.807367 -0.590049
vn 0.000000 -0.807367 -0.590049
vn 0.000000 -0.823324 -0.567572
vn -0.000000 -0.838541 -0.544838
vn 0.000000 -0.823324 -0.567572
vn 0.000000 -0.838541 -0.544838
vn 0.000000 -0.853159 -0.521652
vn 0.000000 -0.853159 -0.521652
vn 0.000000 -0.867162 -0.498027
vn 0.000000 -0.867162 -0.498027
vn 0.000000 -0.880510 -0.474027
vn -0.000000 -0.893164 -0.449731
vn 0.000000 -0.880510 -0.474027
vn 0.000000 -0.893164 -0.449731
vn 0.000000 -0.905194 -0.424998
vn 0.000000 -0.905194 -0.424998
vn 0.000000 -0.916492 -0.400053
vn 0.000000 -0.916492 -0.400053
vn 0.000000 -0.927127 -0.374748
vn 0.000000 -0.927127 -0.374748
vn 0.000000 -0.937060 -0.349169
vn -0.000000 -0.946294 -0.323308
vn 0.000000 -0.937060 -0.349169
vn 0.000000 -0.946294 -0.323308
vn 0.000000 -0.954797 -0.297260
vn -0.000000 -0.962597 -0.270938
vn 0.000000 -0.954797 -0.297260
vn 0.000000 -0.962597 -0.270938
vn 0.000000 -0.969668 -0.244427
vn -0.000000 -0.975989 -0.217820
vn 0.000000 -0.969668 -0.244427
vn 0.000000 -0.975989 -0.217820
vn 0.000000 -0.981619 -0.190853
vn -0.000000 -0.986481 -0.163878
vn 0.000000 -0.981619 -0.190853
vn 0.000000 -0.986481 -0.163878
vn 0.000000 -0.990610 -0.136721
vn 0.000000 -0.990610 -0.136721
vn 0.000000 -0.993980 -0.109560
vn 0.000000 -0.993980 -0.109560
vn -0.000000 -0.996614 -0.082217
vn 0.000000 -0.996614 -0.082217
vn 0.000000 -0.998493 -0.054873
vn 0.000000 -0.998493 -0.054873
vn -0.000000 -0.999624 -0.027437
vn 0.000000 -0.999624 -0.027437
vn 0.000000 -1.000000 0.000000
vn 0.000000 -1.000000 -0.000000
vn 0.000000 -0.999624 0.027436
vn 0.000000 -0.999624 0.027436
vn 0.000000 -0.998493 0.054873
vn 0.000000 -0.998493 0.054873
vn 0.000000 -0.996614 0.082217
vn 0.000000 -0.996614 0.082217
vn 0.000000 -0.993980 0.109560
vn 0.000000 -0.993980 0.109560
vn 0.000000 -0.990610 0.136720
vn 0.000000 -0.990610 0.136720
vn 0.000000 -0.986481 0.163878
vn 0.000000 -0.986481 0.163878
vn 0.000000 -0.981619 0.190852
vn 0.000000 -0.981619 0.190852
vn 0.000000 -0.975989 0.217820
vn 0.000000 -0.975989 0.217820
vn 0.000000 -0.969668 0.244426
vn 0.000000 -0.962597 0.270937
vn 0.000000 -0.969668 0.244426
vn 0.000000 -0.962597 0.270937
vn 0.000000 -0.954797 0.297260
vn 0.000000 -0.954797 0.297260
vn 0.000000 -0.946293 0.323310
vn 0.000000 -0.946293 0.323310
vn 0.000000 -0.937060 0.349167
vn 0.000000 -0.937060 0.349167
vn 0.000000 -0.927126 0.374750
vn 0.000000 -0.927126 0.374750
vn 0.000000 -0.916492 0.400052
vn 0.000000 -0.916492 0.400052
vn 0.000000 -0.905194 0.424998
vn 0.000000 -0.905194 0.424998
vn 0.000000 -0.893164 0.449731
vn 0.000000 -0.880510 0.474027
vn 0.000000 -0.893164 0.449731
vn 0.000000 -0.880510 0.474027
vn 0.000000 -0.867162 0.498026
vn 0.000000 -0.867162 0.498026
vn 0.000000 -0.853157 0.521654
vn 0.000000 -0.853157 0.521654
vn 0.000000 -0.838543 0.544835
vn 0.000000 -0.838543 0.544835
vn 0.000000 -0.823322 0.567575
vn 0.000000 -0.823322 0.567575
vn 0.000000 -0.807368 0.590048
vn 0.000000 -0.807368 0.590048
vn 0.000000 -0.790949 0.611882
vn 0.000000 -0.790949 0.611882
vn 0.000000 -0.773800 0.633430
vn 0.000000 -0.773800 0.633430
vn 0.000000 -0.756152 0.654396
vn 0.000000 -0.756152 0.654396
vn 0.000000 -0.737923 0.674885
vn 0.000000 -0.737923 0.674885
vn 0.000000 -0.719114 0.694893
vn 0.000000 -0.719114 0.694893
vn 0.000000 -0.699828 0.714312
vn 0.000000 -0.699828 0.714312
vn 0.000000 -0.679930 0.733277
vn 0.000000 -0.679930 0.733277
vn 0.000000 -0.659570 0.751643
vn 0.000000 -0.659570 0.751643
vn 0.000000 -0.638662 0.769487
vn 0.000000 -0.638662 0.769487
vn 0.000000 -0.617355 0.786685
vn 0.000000 -0.617355 0.786685
vn 0.000000 -0.595517 0.803342
vn 0.000000 -0.595517 0.803342
vn 0.000000 -0.573255 0.819377
vn 0.000000 -0.573255 0.819377
vn 0.000000 -0.550576 0.834785
vn 0.000000 -0.550576 0.834785
vn 0.000000 -0.527448 0.849587
vn 0.000000 -0.527448 0.849587
vn 0.000000 -0.503970 0.863721
vn 0.000000 -0.503970 0.863721
vn 0.000000 -0.480070 0.877230
vn 0.000000 -0.480070 0.877230
vn 0.000000 -0.455843 0.890060
vn 0.000000 -0.455843 0.890060
vn 0.000000 -0.431228 0.902243
vn 0.000000 -0.431228 0.902243
vn 0.000000 -0.406312 0.913734
vn 0.000000 -0.406312 0.913734
vn 0.000000 -0.381110 0.924530
vn 0.000000 -0.381110 0.924530
vn 0.000000 -0.355573 0.934648
vn 0.000000 -0.355573 0.934648
vn 0.000000 -0.329812 0.944047
vn 0.000000 -0.329812 0.944047
vn 0.000000 -0.303811 0.952733
vn 0.000000 -0.303811 0.952733
vn 0.000000 -0.277534 0.960716
vn 0.000000 -0.277534 0.960716
vn 0.000000 -0.251078 0.967967
vn 0.000000 -0.251078 0.967967
vn 0.000000 -0.224437 0.974488
vn 0.000000 -0.224437 0.974488
vn 0.000000 -0.197609 0.980281
vn 0.000000 -0.197609 0.980281
vn 0.000000 -0.170649 0.985332
vn 0.000000 -0.170649 0.985332
vn 0.000000 -0.143547 0.989644
vn 0.000000 -0.143547 0.989644
vn 0.000000 -0.116349 0.993208
vn 0.000000 -0.116349 0.993208
vn 0.000000 -0.089050 0.996027
vn 0.000000 -0.089050 0.996027
vn 0.000000 -0.061694 0.998095
vn 0.000000 -0.061694 0.998095
vn 0.000000 -0.034292 0.999412
vn 0.000000 -0.034292 0.999412
vn 0.000000 -0.006859 0.999976
vn 0.000000 -0.006859 0.999976
vn -0.000000 0.020576 0.999788
vn 0.000000 0.020576 0.999788
vn 0.000000 0.047997 0.998847
vn -0.000000 0.047997 0.998847
vn 0.000000 0.075380 0.997155
vn 0.000000 0.102715 0.994711
vn -0.000000 0.075380 0.997155
vn 0.000000 0.102715 0.994711
vn 0.000000 0.129959 0.991519
vn -0.000000 0.129959 0.991519
vn 0.000000 0.157105 0.987582
vn -0.000000 0.157105 0.987582
vn 0.000000 0.184147 0.982899
vn -0.000000 0.184147 0.982899
vn 0.000000 0.211052 0.977475
vn -0.000000 0.211052 0.977475
vn 0.000000 0.237781 0.971319
vn -0.000000 0.237781 0.971319
vn 0.000000 0.264331 0.964432
vn 0.000000 0.290684 0.956819
vn -0.000000 0.264331 0.964432
vn 0.000000 0.316855 0.948474
vn 0.000000 0.290684 0.956819
vn 0.000000 0.316855 0.948474
vn 0.000000 0.342738 0.939431
vn -0.000000 0.342738 0.939431
vn 0.000000 0.368375 0.929677
vn 0.000000 0.393747 0.919219
vn -0.000000 0.368375 0.929677
vn 0.000000 0.393747 0.919219
vn 0.000000 0.418806 0.908076
vn -0.000000 0.418806 0.908076
vn -0.000000 0.443574 0.896238
vn 0.000000 0.443574 0.896238
vn -0.000000 0.467997 0.883730
vn 0.000000 0.467997 0.883730
vn 0.000000 0.492062 0.870560
vn 0.000000 0.492062 0.870560
vn 0.000000 0.515753 0.856738
vn 0.000000 0.539056 0.842270
vn -0.000000 0.515753 0.856738
vn 0.000000 0.561962 0.827163
vn 0.000000 0.539056 0.842270
vn 0.000000 0.584456 0.811425
vn 0.000000 0.561962 0.827163
vn 0.000000 0.584456 0.811425
vn 0.000000 0.606484 0.795096
vn -0.000000 0.606484 0.795096
vn 0.000000 0.628080 0.778149
vn 0.000000 0.649191 0.760626
vn -0.000000 0.628080 0.778149
vn 0.000000 0.649191 0.760626
vn 0.000000 0.669802 0.742540
vn 0.000000 0.689955 0.723852
vn -0.000000 0.669802 0.742540
vn 0.000000 0.689955 0.723852
vn 0.000000 0.709501 0.704704
vn 0.000000 0.728620 0.684918
vn -0.000000 0.709501 0.704704
vn 0.000000 0.728620 0.684918
vn 0.000000 0.747069 0.664746
vn -0.000000 0.747069 0.664746
vn 0.000000 0.765078 0.643937
vn -0.000000 0.765078 0.643937
vn 0.000000 0.782454 0.622708
vn -0.000000 0.782454 0.622708
vn 0.000000 0.799239 0.601014
vn 0.000000 0.815426 0.578861
vn -0.000000 0.799239 0.601014
vn 0.000000 0.815426 0.578861
vn 0.000000 0.830970 0.556317
vn -0.000000 0.830970 0.556317
vn 0.000000 0.845952 0.533260
vn 0.000000 0.860242 0.509886
vn -0.000000 0.845952 0.533260
vn 0.000000 0.860242 0.509886
vn 0.000000 0.873918 0.486074
vn 0.000000 0.886938 0.461888
vn -0.000000 0.873918 0.486074
vn 0.000000 0.886938 0.461888
vn 0.000000 0.899263 0.437409
vn 0.000000 0.910926 0.412570
vn -0.000000 0.899263 0.437409
vn 0.000000 0.910926 0.412570
vn -0.000000 0.921892 0.387447
vn 0.000000 0.921892 0.387447
vn -0.000000 0.932161 0.362043
vn 0.000000 0.932161 0.362043
vn 0.000000 0.941761 0.336284
vn 0.000000 0.941761 0.336284
vn -0.000000 0.950629 0.310329
vn 0.000000 0.950629 0.310329
vn -0.000000 0.958795 0.284100
vn 0.000000 0.958795 0.284100
vn 0.000000 0.966229 0.257684
vn 0.000000 0.966229 0.257684
vn -0.000000 0.972914 0.231168
vn 0.000000 0.972914 0.231168
vn 0.000000 0.978910 0.204293
vn 0.000000 0.978910 0.204293
vn -0.000000 0.984137 0.177410
vn 0.000000 0.984137 0.177410
vn -0.000000 0.988634 0.150344
vn 0.000000 0.988634 0.150344
vn -0.000000 0.992395 0.123095
vn 0.000000 0.992395 0.123095
vn 0.000000 0.995388 0.095935
vn -0.000000 0.995388 0.095935
vn 0.000000 0.997651 0.068499
vn -0.000000 0.997651 0.068499
vn 0.000000 0.999153 0.041155
vn 0.000000 0.999906 0.013718
vn -0.000000 0.999153 0.041155
vn 0.000000 0.999906 0.013718
vn 0.000000 0.000000 1.000000
vn 0.000000 0.000000 1.000000
vn -0.000000 0.707107 0.707107
vn -0.000000 0.707107 0.707107
vn 0.000000 1.000000 0.000000
vn 0.000000 1.000000 0.000000
vn 0.000000 0.999906 -0.013718
vn 0.000000 0.999906 -0.013718
vn 0.000000 0.999153 -0.041155
vn 0.000000 0.999153 -0.041155
vn 0.000000 0.997651 -0.068499
vn 0.000000 0.997651 -0.068499
vn 0.000000 0.995388 -0.095935
vn 0.000000 0.995388 -0.095935
vn 0.000000 0.992395 -0.123095
vn 0.000000 0.992395 -0.123095
vn 0.000000 0.988634 -0.150345
vn 0.000000 0.984137 -0.177410
vn 0.000000 0.988634 -0.150345
vn 0.000000 0.984137 -0.177410
vn 0.000000 0.978910 -0.204293
vn 0.000000 0.978910 -0.204293
vn 0.000000 0.972914 -0.231167
vn 0.000000 0.966229 -0.257684
vn 0.000000 0.972914 -0.231167
vn 0.000000 0.966229 -0.257684
vn 0.000000 0.958794 -0.284101
vn 0.000000 0.958794 -0.284101
vn 0.000000 0.950629 -0.310328
vn 0.000000 0.950629 -0.310328
vn 0.000000 0.941761 -0.336284
vn 0.000000 0.941761 -0.336284
vn 0.000000 0.932161 -0.362043
vn 0.000000 0.932161 -0.362043
vn 0.000000 0.921893 -0.387446
vn 0.000000 0.921893 -0.387446
vn 0.000000 0.910926 -0.412570
vn 0.000000 0.910926 -0.412570
vn 0.000000 0.899262 -0.437410
vn 0.000000 0.899262 -0.437410
vn 0.000000 0.886938 -0.461889
vn 0.000000 0.886938 -0.461889
vn 0.000000 0.873919 -0.486071
vn 0.000000 0.873919 -0.486071
vn 0.000000 0.860240 -0.509889
vn 0.000000 0.860240 -0.509889
vn 0.000000 0.845953 -0.533257
vn 0.000000 0.845953 -0.533257
vn 0.000000 0.830970 -0.556317
vn 0.000000 0.830970 -0.556317
vn 0.000000 0.815425 -0.578863
vn 0.000000 0.815425 -0.578863
vn 0.000000 0.799240 -0.601013
vn 0.000000 0.799240 -0.601013
vn 0.000000 0.782453 -0.622709
vn 0.000000 0.782453 -0.622709
vn 0.000000 0.765079 -0.643936
vn 0.000000 0.765079 -0.643936
vn 0.000000 0.747069 -0.664746
vn 0.000000 0.747069 -0.664746
vn 0.000000 0.728619 -0.684919
vn 0.000000 0.728619 -0.684919
vn 0.000000 0.709501 -0.704704
vn 0.000000 0.709501 -0.704704
vn 0.000000 0.689955 -0.723852
vn 0.000000 0.689955 -0.723852
vn 0.000000 0.669802 -0.742540
vn 0.000000 0.669802 -0.742540
vn 0.000000 0.649189 -0.760627
vn 0.000000 0.649189 -0.760627
vn 0.000000 0.628084 -0.778146
vn 0.000000 0.606483 -0.795096
vn 0.000000 0.628084 -0.778146
vn 0.000000 0.606483 -0.795096
vn 0.000000 0.584457 -0.811425
vn 0.000000 0.584457 -0.811425
vn 0.000000 0.561961 -0.827164
vn 0.000000 0.561961 -0.827164
vn 0.000000 0.539054 -0.842271
vn 0.000000 0.539054 -0.842271
vn 0.000000 0.515753 -0.856738
vn 0.000000 0.515753 -0.856738
vn 0.000000 0.492065 -0.870559
vn 0.000000 0.492065 -0.870559
vn 0.000000 0.467998 -0.883729
vn 0.000000 0.467998 -0.883729
vn 0.000000 0.443572 -0.896239
vn 0.000000 0.443572 -0.896239
vn 0.000000 0.418805 -0.908076
vn 0.000000 0.418805 -0.908076
vn 0.000000 0.393747 -0.919219
vn 0.000000 0.393747 -0.919219
vn 0.000000 0.368377 -0.929676
vn 0.000000 0.368377 -0.929676
vn 0.000000 0.342739 -0.939431
vn 0.000000 0.342739 -0.939431
vn 0.000000 0.316850 -0.948476
vn 0.000000 0.316850 -0.948476
vn 0.000000 0.290687 -0.956818
vn 0.000000 0.290687 -0.956818
vn 0.000000 0.264332 -0.964432
vn 0.000000 0.264332 -0.964432
vn 0.000000 0.237778 -0.971319
vn 0.000000 0.237778 -0.971319
vn 0.000000 0.211056 -0.977474
vn 0.000000 0.211056 -0.977474
vn 0.000000 0.184143 -0.982899
vn 0.000000 0.184143 -0.982899
vn 0.000000 0.157105 -0.987582
vn 0.000000 0.157105 -0.987582
vn 0.000000 0.129959 -0.991519
vn 0.000000 0.129959 -0.991519
vn 0.000000 0.102718 -0.994711
vn 0.000000 0.102718 -0.994711
vn 0.000000 0.075380 -0.997155
vn 0.000000 0.075380 -0.997155
vn 0.000000 0.047997 -0.998848
vn 0.000000 0.047997 -0.998848
vn 0.000000 0.020576 -0.999788
vn 0.000000 0.020576 -0.999788
vn 0.000000 -0.006859 -0.999976
vn 0.000000 -0.006859 -0.999976
vn 0.000000 -0.034290 -0.999412
vn -0.000000 -0.061697 -0.998095
vn 0.000000 -0.034290 -0.999412
vn 0.000000 -0.061697 -0.998095
vn 0.000000 -0.089050 -0.996027
vn 0.000000 -0.089050 -0.996027
vn 0.000000 -0.116347 -0.993209
vn 0.000000 -0.116347 -0.993209
vn 0.000000 -0.143547 -0.989644
vn 0.000000 -0.143547 -0.989644
vn 0.000000 -0.170649 -0.985332
vn 0.000000 -0.170649 -0.985332
vn 0.000000 -0.197608 -0.980281
vn 0.000000 -0.197608 -0.980281
vn 0.000000 -0.224440 -0.974488
vn 0.000000 -0.224440 -0.974488
vn -0.000000 -0.251076 -0.967968
vn 0.000000 -0.251076 -0.967968
vn -0.000000 -0.277538 -0.960715
vn 0.000000 -0.277538 -0.960715
vn 0.000000 -0.303807 -0.952734
vn 0.000000 -0.303807 -0.952734
vn 0.000000 -0.329814 -0.944046
vn 0.000000 -0.329814 -0.944046
vn 0.000000 -0.355573 -0.934648
vn 0.000000 -0.355573 -0.934648
vn 0.000000 -0.381111 -0.924529
vn 0.000000 -0.381111 -0.924529
vn 0.000000 -0.406311 -0.913735
vn 0.000000 -0.406311 -0.913735
vn 0.000000 -0.431228 -0.902243
vn 0.000000 -0.431228 -0.902243
vn 0.000000 -0.455846 -0.890059
vn 0.000000 -0.455846 -0.890059
vn 0.000000 -0.480067 -0.877232
vn 0.000000 -0.480067 -0.877232
vn 0.000000 -0.503970 -0.863721
vn 0.000000 -0.503970 -0.863721
vn 0.000000 -0.527451 -0.849585
vn -0.000000 -0.550574 -0.834786
vn 0.000000 -0.527451 -0.849585
vn 0.000000 -0.550574 -0.834786
vn 0.000000 -0.573256 -0.819376
vn 0.000000 -0.573256 -0.819376
vn 0.000000 -0.595519 -0.803341
vn 0.000000 -0.595519 -0.803341
vn 0.000000 -0.617353 -0.786686
vn 0.000000 -0.617353 -0.786686
vn 0.000000 -0.638661 -0.769489
vn 0.000000 -0.638661 -0.769489
vn 0.000000 -0.659570 -0.751643
vn 0.000000 -0.659570 -0.751643
vn 0.000000 -0.679932 -0.733275
vn 0.000000 -0.679932 -0.733275
vn 0.000000 -0.699828 -0.714312
vn 0.000000 -0.699828 -0.714312
vn 0.000000 -0.719114 -0.694893
vn 0.000000 -0.719114 -0.694893
vn 0.000000 -0.737922 -0.674886
vn 0.000000 -0.737922 -0.674886
vn 0.000000 -0.756152 -0.654396
vn 0.000000 -0.756152 -0.654396
vn 0.000000 -0.773800 -0.633430
vn 0.000000 -0.773800 -0.633430
vn 0.000000 -0.790950 -0.611881
vn -0.000000 -0.807367 -0.590049
vn 0.000000 -0.790950 -0.611881
vn 0.000000 -0.807367 -0.590049
vn 0.000000 -0.823324 -0.567572
vn 0.000000 -0.823324 -0.567572
vn 0.000000 -0.838541 -0.544838
vn 0.000000 -0.838541 -0.544838
vn 0.000000 -0.853159 -0.521652
vn 0.000000 -0.853159 -0.521652
vn 0.000000 -0.867162 -0.498027
vn 0.000000 -0.867162 -0.498027
vn 0.000000 -0.880510 -0.474027
vn 0.000000 -0.880510 -0.474027
vn 0.000000 -0.893164 -0.449731
vn 0.000000 -0.893164 -0.449731
vn 0.000000 -0.905194 -0.424998
vn 0.000000 -0.905194 -0.424998
vn 0.000000 -0.916492 -0.400053
vn 0.000000 -0.916492 -0.400053
vn 0.000000 -0.927127 -0.374748
vn 0.000000 -0.927127 -0.374748
vn 0.000000 -0.937060 -0.349169
vn 0.000000 -0.937060 -0.349169
vn 0.000000 -0.946294 -0.323308
vn 0.000000 -0.946294 -0.323308
vn 0.000000 -0.954797 -0.297260
vn 0.000000 -0.954797 -0.297260
vn 0.000000 -0.962597 -0.270938
vn 0.000000 -0.962597 -0.270938
vn 0.000000 -0.969668 -0.244427
vn 0.000000 -0.969668 -0.244427
vn 0.000000 -0.975989 -0.217820
vn 0.000000 -0.975989 -0.217820
vn 0.000000 -0.981619 -0.190853
vn 0.000000 -0.981619 -0.190853
vn 0.000000 -0.986481 -0.163878
vn -0.000000 -0.990610 -0.136721
vn 0.000000 -0.986481 -0.163878
vn 0.000000 -0.990610 -0.136721
vn 0.000000 -0.993980 -0.109560
vn 0.000000 -0.993980 -0.109560
vn 0.000000 -0.996615 -0.082217
vn 0.000000 -0.996615 -0.082217
vn 0.000000 -0.998493 -0.054873
vn 0.000000 -0.998493 -0.054873
vn 0.000000 -0.999624 -0.027437
vn 0.000000 -0.999624 -0.027437
vn -0.000000 -1.000000 -0.000000
vn 0.000000 -1.000000 0.000000
vn 0.000000 -0.999624 0.027436
vn 0.000000 -0.999624 0.027436
vn 0.000000 -0.998493 0.054873
vn 0.000000 -0.998493 0.054873
vn 0.000000 -0.996615 0.082217
vn 0.000000 -0.996615 0.082217
vn 0.000000 -0.993980 0.109560
vn 0.000000 -0.993980 0.109560
vn 0.000000 -0.990610 0.136720
vn 0.000000 -0.990610 0.136720
vn 0.000000 -0.986481 0.163878
vn 0.000000 -0.986481 0.163878
vn 0.000000 -0.981619 0.190852
vn 0.000000 -0.981619 0.190852
vn 0.000000 -0.975989 0.217820
vn 0.000000 -0.975989 0.217820
vn 0.000000 -0.969668 0.244426
vn 0.000000 -0.969668 0.244426
vn 0.000000 -0.962597 0.270937
vn 0.000000 -0.962597 0.270937
vn 0.000000 -0.954797 0.297260
vn 0.000000 -0.946293 0.323310
vn 0.000000 -0.954797 0.297260
vn 0.000000 -0.946293 0.323310
vn 0.000000 -0.937060 0.349167
vn 0.000000 -0.937060 0.349167
vn 0.000000 -0.927126 0.374750
vn 0.000000 -0.927126 0.374750
vn 0.000000 -0.916492 0.400052
vn 0.000000 -0.916492 0.400052
vn 0.000000 -0.905194 0.424998
vn 0.000000 -0.905194 0.424998
vn 0.000000 -0.893164 0.449731
vn 0.000000 -0.893164 0.449731
vn 0.000000 -0.880510 0.474027
vn 0.000000 -0.880510 0.474027
vn 0.000000 -0.867162 0.498026
vn 0.000000 -0.867162 0.498026
vn 0.000000 -0.853157 0.521654
vn 0.000000 -0.853157 0.521654
vn 0.000000 -0.838543 0.544835
vn 0.000000 -0.838543 0.544835
vn 0.000000 -0.823322 0.567575
vn 0.000000 -0.823322 0.567575
vn 0.000000 -0.807368 0.590048
vn 0.000000 -0.807368 0.590048
vn 0.000000 -0.790949 0.611882
vn 0.000000 -0.790949 0.611882
vn 0.000000 -0.773800 0.633430
vn 0.000000 -0.773800 0.633430
vn 0.000000 -0.756152 0.654396
vn 0.000000 -0.756152 0.654396
vn 0.000000 -0.737923 0.674885
vn 0.000000 -0.737923 0.674885
vn 0.000000 -0.719114 0.694893
vn 0.000000 -0.719114 0.694893
vn 0.000000 -0.699828 0.714312
vn 0.000000 -0.699828 0.714312
vn 0.000000 -0.679930 0.733277
vn 0.000000 -0.679930 0.733277
vn 0.000000 -0.659570 0.751643
vn 0.000000 -0.659570 0.751643
vn 0.000000 -0.638662 0.769487
vn 0.000000 -0.638662 0.769487
vn 0.000000 -0.617355 0.786685
vn 0.000000 -0.617355 0.786685
vn 0.000000 -0.595517 0.803342
vn 0.000000 -0.595517 0.803342
vn 0.000000 -0.573255 0.819377
vn 0.000000 -0.573255 0.819377
vn 0.000000 -0.550576 0.834785
vn 0.000000 -0.550576 0.834785
vn 0.000000 -0.527448 0.849587
vn 0.000000 -0.527448 0.849587
vn 0.000000 -0.503970 0.863721
vn 0.000000 -0.503970 0.863721
vn 0.000000 -0.480070 0.877230
vn 0.000000 -0.480070 0.877230
vn 0.000000 -0.455843 0.890060
vn 0.000000 -0.455843 0.890060
vn 0.000000 -0.431228 0.902243
vn 0.000000 -0.431228 0.902243
vn 0.000000 -0.406312 0.913734
vn 0.000000 -0.406312 0.913734
vn 0.000000 -0.381110 0.924530
vn 0.000000 -0.381110 0.924530
vn 0.000000 -0.355573 0.934648
vn 0.000000 -0.355573 0.934648
vn 0.000000 -0.329812 0.944046
vn 0.000000 -0.329812 0.944046
vn 0.000000 -0.303811 0.952732
vn 0.000000 -0.303811 0.952732
vn 0.000000 -0.277534 0.960716
vn 0.000000 -0.277534 0.960716
vn 0.000000 -0.251078 0.967967
vn 0.000000 -0.251078 0.967967
vn 0.000000 -0.224437 0.974488
vn 0.000000 -0.224437 0.974488
vn 0.000000 -0.197609 0.980281
vn 0.000000 -0.197609 0.980281
vn 0.000000 -0.170649 0.985332
vn 0.000000 -0.170649 0.985332
vn 0.000000 -0.143547 0.989644
vn 0.000000 -0.143547 0.989644
vn 0.000000 -0.116349 0.993208
vn 0.000000 -0.116349 0.993208
vn 0.000000 -0.089050 0.996027
vn 0.000000 -0.089050 0.996027
vn 0.000000 -0.061694 0.998095
vn 0.000000 -0.061694 0.998095
vn 0.000000 -0.034292 0.999412
vn 0.000000 -0.034292 0.999412
vn 0.000000 -0.006859 0.999976
vn 0.000000 -0.006859 0.999976
vn -0.000000 0.020576 0.999788
vn 0.000000 0.020576 0.999788
vn 0.000000 0.047997 0.998848
vn -0.000000 0.047997 0.998848
vn 0.000000 0.075380 0.997155
vn -0.000000 0.075380 0.997155
vn 0.000000 0.102715 0.994711
vn -0.000000 0.102715 0.994711
vn 0.000000 0.129959 0.991519
vn -0.000000 0.129959 0.991519
vn 0.000000 0.157105 0.987582
vn -0.000000 0.157105 0.987582
vn 0.000000 0.184147 0.982899
vn -0.000000 0.184147 0.982899
vn 0.000000 0.211052 0.977475
vn -0.000000 0.211052 0.977475
vn 0.000000 0.237781 0.971319
vn -0.000000 0.237781 0.971319
vn 0.000000 0.264331 0.964432
vn -0.000000 0.264331 0.964432
vn 0.000000 0.290684 0.956819
vn -0.000000 0.290684 0.956819
vn 0.000000 0.316855 0.948474
vn -0.000000 0.316855 0.948474
vn 0.000000 0.342738 0.939431
vn -0.000000 0.342738 0.939431
vn 0.000000 0.368375 0.929677
vn -0.000000 0.368375 0.929677
vn -0.000000 0.393747 0.919219
vn 0.000000 0.393747 0.919219
vn -0.000000 0.418806 0.908076
vn 0.000000 0.418806 0.908076
vn -0.000000 0.443574 0.896238
vn 0.000000 0.443574 0.896238
vn -0.000000 0.467997 0.883730
vn 0.000000 0.467997 0.883730
vn 0.000000 0.492062 0.870560
vn -0.000000 0.492062 0.870560
vn -0.000000 0.515753 0.856738
vn 0.000000 0.515753 0.856738
vn 0.000000 0.539056 0.842270
vn -0.000000 0.539056 0.842270
vn 0.000000 0.561962 0.827163
vn -0.000000 0.561962 0.827163
vn 0.000000 0.584456 0.811425
vn -0.000000 0.584456 0.811425
vn 0.000000 0.606484 0.795096
vn -0.000000 0.606484 0.795096
vn 0.000000 0.628080 0.778148
vn -0.000000 0.628080 0.778148
vn 0.000000 0.649191 0.760626
vn -0.000000 0.649191 0.760626
vn 0.000000 0.669802 0.742540
vn -0.000000 0.669802 0.742540
vn 0.000000 0.689955 0.723852
vn -0.000000 0.689955 0.723852
vn 0.000000 0.709501 0.704704
vn -0.000000 0.709501 0.704704
vn 0.000000 0.728620 0.684918
vn -0.000000 0.728620 0.684918
vn 0.000000 0.747069 0.664746
vn -0.000000 0.747069 0.664746
vn 0.000000 0.765078 0.643937
vn -0.000000 0.765078 0.643937
vn 0.000000 0.782455 0.622708
vn -0.000000 0.782455 0.622708
vn 0.000000 0.799239 0.601014
vn -0.000000 0.799239 0.601014
vn 0.000000 0.815426 0.578861
vn -0.000000 0.815426 0.578861
vn 0.000000 0.830970 0.556317
vn -0.000000 0.830970 0.556317
vn 0.000000 0.845952 0.533260
vn -0.000000 0.845952 0.533260
vn 0.000000 0.860242 0.509886
vn -0.000000 0.860242 0.509886
vn 0.000000 0.873918 0.486074
vn -0.000000 0.873918 0.486074
vn -0.000000 0.886938 0.461888
vn 0.000000 0.886938 0.461888
vn -0.000000 0.899263 0.437409
vn 0.000000 0.899263 0.437409
vn -0.000000 0.910926 0.412570
vn 0.000000 0.910926 0.412570
vn -0.000000 0.921892 0.387447
vn 0.000000 0.921892 0.387447
vn -0.000000 0.932161 0.362043
vn 0.000000 0.932161 0.362043
vn -0.000000 0.941761 0.336284
vn 0.000000 0.941761 0.336284
vn -0.000000 0.950629 0.310329
vn 0.000000 0.950629 0.310329
vn -0.000000 0.958795 0.284100
vn 0.000000 0.958795 0.284100
vn -0.000000 0.966229 0.257684
vn 0.000000 0.966229 0.257684
vn -0.000000 0.972914 0.231168
vn 0.000000 0.972914 0.231168
vn -0.000000 0.978910 0.204293
vn 0.000000 0.978910 0.204293
vn -0.000000 0.984137 0.177410
vn 0.000000 0.984137 0.177410
vn -0.000000 0.988634 0.150344
vn 0.000000 0.988634 0.150344
vn -0.000000 0.992395 0.123095
vn 0.000000 0.992395 0.123095
vn 0.000000 0.995388 0.095935
vn -0.000000 0.995388 0.095935
vn 0.000000 0.997651 0.068499
vn -0.000000 0.997651 0.068499
vn 0.000000 0.999153 0.041155
vn -0.000000 0.999153 0.041155
vn -0.000000 0.999906 0.013718
vn 0.000000 0.999906 0.013718
vn 0.000000 0.000000 1.000000
vn 0.000000 0.000000 1.000000
vn 0.000000 0.000000 1.000000
vn 0.000000 0.000000 1.000000
vn 0.000000 0.000000 1.000000
vn 0.000000 0.000000 1.000000
vn 0.000000 0.000000 1.000000
vn 0.000000 0.000000 1.000000
vn 0.000000 0.000000 1.000000
vn 0.000000 0.000000 1.000000
vn 0.000000 0.000000 1.000000
vn 0.000000 0.000000 1.000000
vn 0.000000 0.000000 1.000000
vn 0.000000 0.000000 1.000000
vn 0.000000 0.000000 1.000000
vn 0.000000 0.000000 1.000000
vn 0.000000 0.000000 1.000000
vn -0.000000 0.000000 1.000000
vn 0.000000 0.000000 1.000000
vn 0.000000 0.000000 1.000000
vn -0.000000 0.000000 1.000000
vn 0.000000 0.000000 1.000000
vn 0.000000 0.000000 1.000000
vn 0.000000 0.000000 1.000000
vn -0.000000 0.000000 1.000000
vn 0.000000 0.000000 1.000000
vn 0.000000 0.000000 1.000000
vn 0.000000 0.000000 1.000000
f 1//1 2//1 3//1
f 2//2 4//2 3//2
f 4//3 5//3 3//3
f 5//4 6//4 3//4
f 7//5 8//5 9//5
f 10//6 7//6 9//6
f 1//7 10//7 11//7
f 1//8 11//8 12//8
f 1//9 7//9 10//9
f 3//10 7//10 1//10
f 13//11 7//11 3//11
f 6//12 13//12 3//12
f 14//13 13//13 6//13
f 15//14 13//14 14//14
f 16//15 17//15 13//15
f 16//16 13//16 15//16
f 18//17 14//17 393//17
f 18//18 15//18 14//18
f 19//19 20//19 12//19
f 21//20 12//20 20//20
f 22//21 19//21 12//21
f 23//22 12//22 21//22
f 24//23 22//23 12//23
f 25//24 12//24 23//24
f 26//25 24//25 12//25
f 27//26 12//26 25//26
f 28//27 26//27 12//27
f 29//28 12//28 27//28
f 30//29 28//29 12//29
f 31//30 12//30 29//30
f 32//31 30//31 12//31
f 33//32 12//32 31//32
f 34//33 32//33 12//33
f 35//34 12//34 33//34
f 36//35 34//35 12//35
f 37//36 12//36 35//36
f 38//37 36//37 12//37
f 39//38 12//38 37//38
f 40//39 38//39 12//39
f 41//40 12//40 39//40
f 42//41 40//41 12//41
f 43//42 12//42 41//42
f 44//43 42//43 12//43
f 45//44 12//44 43//44
f 46//45 44//45 12//45
f 47//46 12//46 45//46
f 48//47 46//47 12//47
f 49//48 12//48 47//48
f 50//49 12//49 51//49
f 50//50 48//50 12//50
f 52//51 12//51 49//51
f 53//52 50//52 51//52
f 54//53 12//53 52//53
f 55//54 53//54 51//54
f 56//55 12//55 54//55
f 57//56 55//56 51//56
f 58//57 12//57 56//57
f 59//58 57//58 51//58
f 60//59 12//59 58//59
f 61//60 59//60 51//60
f 62//61 12//61 60//61
f 63//62 61//62 51//62
f 64//63 12//63 62//63
f 65//64 63//64 51//64
f 66//65 12//65 64//65
f 67//66 65//66 51//66
f 68//67 12//67 66//67
f 69//68 67//68 51//68
f 70//69 12//69 68//69
f 71//70 69//70 51//70
f 72//71 12//71 70//71
f 73//72 71//72 51//72
f 74//73 12//73 72//73
f 75//74 73//74 51//74
f 76//75 12//75 74//75
f 77//76 75//76 51//76
f 78//77 77//77 51//77
f 79//78 78//78 51//78
f 80//79 79//79 51//79
f 81//80 80//80 51//80
f 82//81 81//81 51//81
f 83//82 82//82 51//82
f 84//83 83//83 51//83
f 85//84 84//84 51//84
f 86//85 85//85 51//85
f 87//86 86//86 51//86
f 88//87 87//87 51//87
f 89//88 88//88 51//88
f 90//89 89//89 51//89
f 91//90 90//90 51//90
f 92//91 91//91 51//91
f 93//92 92//92 51//92
f 94//93 93//93 51//93
f 95//94 94//94 51//94
f 96//95 95//95 51//95
f 97//96 96//96 51//96
f 98//97 97//97 51//97
f 99//98 98//98 51//98
f 100//99 99//99 51//99
f 101//100 100//100 51//100
f 102//101 101//101 51//101
f 103//102 102//102 51//102
f 104//103 103//103 51//103
f 105//104 104//104 51//104
f 106//105 105//105 51//105
f 107//106 106//106 51//106
f 108//107 107//107 51//107
f 109//108 108//108 51//108
f 110//109 109//109 51//109
f 111//110 110//110 51//110
f 112//111 111//111 51//111
f 113//112 112//112 51//112
f 114//113 113//113 51//113
f 115//114 114//114 51//114
f 116//115 115//115 51//115
f 117//116 116//116 51//116
f 118//117 117//117 51//117
f 119//118 118//118 51//118
f 120//119 119//119 51//119
f 121//120 120//120 51//120
f 122//121 121//121 51//121
f 123//122 122//122 51//122
f 124//123 123//123 51//123
f 125//124 124//124 51//124
f 126//125 125//125 51//125
f 127//126 126//126 51//126
f 1//127 128//127 129//127
f 1//128 129//128 130//128
f 1//129 130//129 131//129
f 1//130 131//130 132//130
f 1//131 132//131 133//131
f 1//132 133//132 134//132
f 1//133 12//133 76//133
f 1//134 76//134 135//134
f 1//135 135//135 136//135
f 1//136 136//136 137//136
f 1//137 137//137 138//137
f 1//138 138//138 139//138
f 1//139 139//139 140//139
f 1//140 140//140 141//140
f 1//141 141//141 142//141
f 1//142 142//142 143//142
f 1//143 143//143 144//143
f 1//144 144//144 145//144
f 1//145 145//145 146//145
f 1//146 146//146 147//146
f 1//147 147//147 148//147
f 1//148 148//148 149//148
f 1//149 149//149 150//149
f 1//150 150//150 151//150
f 1//151 151//151 152//151
f 1//152 152//152 153//152
f 1//153 153//153 154//153
f 1//154 154//154 155//154
f 1//155 155//155 156//155
f 1//156 156//156 157//156
f 1//157 157//157 158//157
f 1//158 158//158 159//158
f 1//159 159//159 160//159
f 1//160 160//160 161//160
f 1//161 161//161 162//161
f 1//162 162//162 163//162
f 1//163 163//163 164//163
f 1//164 164//164 165//164
f 1//165 165//165 166//165
f 1//166 166//166 167//166
f 1//167 167//167 168//167
f 1//168 168//168 169//168
f 1//169 169//169 170//169
f 1//170 170//170 171//170
f 1//171 171//171 172//171
f 1//172 172//172 128//172
f 2//173 134//173 173//173
f 2//174 173//174 174//174
f 2//175 174//175 175//175
f 2//176 175//176 176//176
f 2//177 176//177 177//177
f 2//178 177//178 178//178
f 2//179 178//179 179//179
f 2//180 179//180 180//180
f 2//181 180//181 181//181
f 2//182 181//182 182//182
f 2//183 182//183 183//183
f 2//184 183//184 184//184
f 2//185 184//185 185//185
f 2//186 185//186 186//186
f 2//187 186//187 187//187
f 2//188 187//188 188//188
f 2//189 188//189 189//189
f 2//190 189//190 190//190
f 2//191 190//191 191//191
f 2//192 191//192 192//192
f 2//193 192//193 193//193
f 2//194 193//194 194//194
f 2//195 194//195 195//195
f 2//196 195//196 196//196
f 2//197 196//197 197//197
f 2//198 197//198 198//198
f 2//199 198//199 199//199
f 2//200 199//200 200//200
f 2//201 200//201 201//201
f 2//202 201//202 202//202
f 2//203 202//203 203//203
f 2//204 203//204 204//204
f 2//205 204//205 205//205
f 2//206 1//206 134//206
f 2//207 205//207 206//207
f 2//208 206//208 207//208
f 2//209 207//209 208//209
f 2//210 208//210 209//210
f 2//211 209//211 210//211
f 2//212 210//212 211//212
f 2//213 211//213 212//213
f 2//214 212//214 213//214
f 2//215 213//215 214//215
f 2//216 214//216 215//216
f 2//217 215//217 216//217
f 2//218 216//218 217//218
f 2//219 217//219 218//219
f 2//220 218//220 219//220
f 2//221 219//221 220//221
f 2//222 220//222 221//222
f 2//223 221//223 222//223
f 2//224 222//224 223//224
f 2//225 223//225 224//225
f 2//226 224//226 225//226
f 2//227 225//227 226//227
f 2//228 226//228 227//228
f 2//229 227//229 228//229
f 2//230 228//230 229//230
f 2//231 229//231 230//231
f 2//232 230//232 231//232
f 2//233 231//233 232//233
f 2//234 232//234 233//234
f 2//235 233//235 234//235
f 2//236 234//236 235//236
f 2//237 235//237 236//237
f 51//238 2//238 237//238
f 237//239 2//239 238//239
f 238//240 2//240 239//240
f 239//241 2//241 240//241
f 240//242 2//242 241//242
f 241//243 2//243 242//243
f 242//244 2//244 236//244
f 51//245 237//245 243//245
f 51//246 243//246 244//246
f 51//247 244//247 245//247
f 51//248 245//248 246//248
f 51//249 246//249 247//249
f 51//250 247//250 248//250
f 51//251 248//251 127//251
f 249//252 2//252 51//252
f 249//253 51//253 250//253
f 251//254 396//254 395//254
f 251//255 395//255 252//255
f 253//256 4//256 2//256
f 253//257 249//257 254//257
f 253//258 2//258 249//258
f 255//259 252//259 5//259
f 255//260 5//260 4//260
f 255//261 251//261 252//261
f 255//262 4//262 253//262
f 256//263 251//263 255//263
f 257//264 254//264 258//264
f 257//265 258//265 259//265
f 257//266 253//266 254//266
f 260//267 257//267 261//267
f 260//268 253//268 257//268
f 262//269 261//269 2516//269
f 262//270 2516//270 2515//270
f 262//271 260//271 261//271
f 263//272 260//272 262//272
f 264//273 265//273 266//273
f 264//274 266//274 256//274
f 267//275 264//275 256//275
f 267//276 256//276 255//276
f 268//277 260//277 263//277
f 268//278 269//278 260//278
f 270//279 269//279 268//279
f 271//280 269//280 270//280
f 272//281 264//281 267//281
f 273//282 269//282 271//282
f 274//283 275//283 276//283
f 274//284 276//284 272//284
f 274//285 272//285 267//285
f 277//286 274//286 267//286
f 278//287 269//287 273//287
f 279//288 278//288 273//288
f 280//289 278//289 279//289
f 281//290 278//290 280//290
f 282//291 277//291 267//291
f 282//292 278//292 281//292
f 282//293 267//293 278//293
f 283//294 271//294 270//294
f 283//295 270//295 2058//295
f 768//296 281//296 280//296
f 284//297 279//297 273//297
f 284//298 273//298 285//298
f 286//299 281//299 768//299
f 5//300 252//300 6//300
f 6//301 252//301 14//301
f 287//302 288//302 289//302
f 261//303 290//303 287//303
f 287//304 290//304 288//304
f 261//305 257//305 290//305
f 288//306 291//306 292//306
f 288//307 9//307 291//307
f 290//308 9//308 288//308
f 290//309 293//309 9//309
f 9//310 294//310 10//310
f 293//311 294//311 9//311
f 254//312 249//312 293//312
f 293//313 249//313 294//313
f 294//314 11//314 10//314
f 294//315 295//315 11//315
f 295//316 12//316 11//316
f 51//317 12//317 295//317
f 250//318 51//318 295//318
f 2877//319 296//319 393//319
f 393//320 2879//320 2877//320
f 296//321 2876//321 393//321
f 393//322 297//322 2879//322
f 2876//323 2875//323 393//323
f 393//324 298//324 297//324
f 2875//325 2874//325 393//325
f 393//326 2880//326 298//326
f 2874//327 299//327 393//327
f 393//328 2882//328 2880//328
f 299//329 2872//329 393//329
f 393//330 2883//330 2882//330
f 2872//331 300//331 393//331
f 393//332 2884//332 2883//332
f 300//333 301//333 393//333
f 393//334 2885//334 2884//334
f 301//335 302//335 393//335
f 393//336 303//336 2885//336
f 302//337 304//337 393//337
f 393//338 2888//338 303//338
f 304//339 305//339 393//339
f 393//340 2890//340 2888//340
f 305//341 2870//341 393//341
f 393//342 306//342 2890//342
f 2870//343 307//343 393//343
f 393//344 308//344 306//344
f 307//345 2867//345 393//345
f 393//346 2895//346 308//346
f 2867//347 309//347 393//347
f 393//348 2896//348 2895//348
f 393//349 2864//349 395//349
f 309//350 2864//350 393//350
f 393//351 310//351 2896//351
f 2864//352 2863//352 395//352
f 393//353 2899//353 310//353
f 2863//354 2861//354 395//354
f 393//355 2900//355 2899//355
f 2861//356 2859//356 395//356
f 393//357 2902//357 2900//357
f 2859//358 2857//358 395//358
f 393//359 2904//359 2902//359
f 2857//360 2856//360 395//360
f 393//361 2906//361 2904//361
f 2856//362 311//362 395//362
f 393//363 312//363 2906//363
f 311//364 313//364 395//364
f 393//365 2909//365 312//365
f 313//366 314//366 395//366
f 393//367 2911//367 2909//367
f 314//368 2854//368 395//368
f 393//369 315//369 2911//369
f 2854//370 316//370 395//370
f 393//371 317//371 315//371
f 316//372 318//372 395//372
f 393//373 2913//373 317//373
f 318//374 2851//374 395//374
f 393//375 2914//375 2913//375
f 2851//376 2850//376 395//376
f 2850//377 319//377 395//377
f 319//378 3102//378 395//378
f 3102//379 3100//379 395//379
f 3100//380 3098//380 395//380
f 3098//381 320//381 395//381
f 320//382 321//382 395//382
f 321//383 3096//383 395//383
f 3096//384 322//384 395//384
f 322//385 3094//385 395//385
f 3094//386 3092//386 395//386
f 3092//387 3090//387 395//387
f 3090//388 3089//388 395//388
f 3089//389 3086//389 395//389
f 3086//390 3084//390 395//390
f 3084//391 3083//391 395//391
f 3083//392 3080//392 395//392
f 3080//393 3079//393 395//393
f 3079//394 323//394 395//394
f 323//395 3076//395 395//395
f 3076//396 3073//396 395//396
f 3073//397 324//397 395//397
f 324//398 3071//398 395//398
f 3071//399 3069//399 395//399
f 3069//400 3068//400 395//400
f 3068//401 3066//401 395//401
f 3066//402 3065//402 395//402
f 3065//403 3064//403 395//403
f 3064//404 325//404 395//404
f 325//405 326//405 395//405
f 326//406 3062//406 395//406
f 3062//407 3061//407 395//407
f 3061//408 3060//408 395//408
f 3060//409 327//409 395//409
f 327//410 328//410 395//410
f 328//411 329//411 395//411
f 329//412 330//412 395//412
f 330//413 331//413 395//413
f 331//414 3058//414 395//414
f 3058//415 332//415 395//415
f 332//416 333//416 395//416
f 333//417 3057//417 395//417
f 3057//418 3056//418 395//418
f 3056//419 334//419 395//419
f 334//420 335//420 395//420
f 335//421 336//421 395//421
f 336//422 3053//422 395//422
f 3053//423 3051//423 395//423
f 3051//424 3050//424 395//424
f 3050//425 3048//425 395//425
f 3048//426 3046//426 395//426
f 2963//427 14//427 337//427
f 337//428 14//428 338//428
f 338//429 14//429 339//429
f 339//430 14//430 340//430
f 340//431 14//431 341//431
f 341//432 14//432 342//432
f 393//433 14//433 2914//433
f 2914//434 14//434 2915//434
f 2915//435 14//435 2917//435
f 2917//436 14//436 2918//436
f 2918//437 14//437 2920//437
f 2920//438 14//438 2921//438
f 2921//439 14//439 2923//439
f 2923//440 14//440 2925//440
f 2925//441 14//441 343//441
f 343//442 14//442 2928//442
f 2928//443 14//443 2929//443
f 2929//444 14//444 2930//444
f 2930//445 14//445 2932//445
f 2932//446 14//446 344//446
f 344//447 14//447 2935//447
f 2935//448 14//448 2937//448
f 2937//449 14//449 345//449
f 345//450 14//450 346//450
f 346//451 14//451 2940//451
f 2940//452 14//452 2941//452
f 2941//453 14//453 347//453
f 347//454 14//454 348//454
f 348//455 14//455 349//455
f 349//456 14//456 2943//456
f 2943//457 14//457 2945//457
f 2945//458 14//458 2947//458
f 2947//459 14//459 350//459
f 350//460 14//460 2949//460
f 2949//461 14//461 2952//461
f 2952//462 14//462 2953//462
f 2953//463 14//463 2954//463
f 2954//464 14//464 2956//464
f 2956//465 14//465 2957//465
f 2957//466 14//466 2959//466
f 2959//467 14//467 351//467
f 351//468 14//468 352//468
f 352//469 14//469 353//469
f 353//470 14//470 354//470
f 354//471 14//471 355//471
f 355//472 14//472 2963//472
f 342//473 252//473 2965//473
f 2965//474 252//474 2966//474
f 2966//475 252//475 2967//475
f 2967//476 252//476 356//476
f 356//477 252//477 357//477
f 357//478 252//478 358//478
f 358//479 252//479 2970//479
f 2970//480 252//480 359//480
f 359//481 252//481 2972//481
f 2972//482 252//482 2973//482
f 2973//483 252//483 2974//483
f 2974//484 252//484 2976//484
f 2976//485 252//485 360//485
f 360//486 252//486 361//486
f 361//487 252//487 362//487
f 362//488 252//488 363//488
f 363//489 252//489 2980//489
f 2980//490 252//490 2982//490
f 2982//491 252//491 2983//491
f 2983//492 252//492 364//492
f 364//493 252//493 365//493
f 365//494 252//494 366//494
f 366//495 252//495 367//495
f 367//496 252//496 368//496
f 368//497 252//497 369//497
f 369//498 252//498 370//498
f 370//499 252//499 371//499
f 371//500 252//500 372//500
f 372//501 252//501 373//501
f 373//502 252//502 374//502
f 374//503 252//503 375//503
f 375//504 252//504 2993//504
f 2993//505 252//505 2995//505
f 14//506 252//506 342//506
f 2995//507 252//507 2997//507
f 2997//508 252//508 2998//508
f 2998//509 252//509 376//509
f 376//510 252//510 2999//510
f 2999//511 252//511 3000//511
f 3000//512 252//512 3002//512
f 3002//513 252//513 3003//513
f 3003//514 252//514 3004//514
f 3004//515 252//515 377//515
f 377//516 252//516 378//516
f 378//517 252//517 379//517
f 379//518 252//518 3007//518
f 3007//519 252//519 380//519
f 380//520 252//520 381//520
f 381//521 252//521 3009//521
f 3009//522 252//522 3011//522
f 3011//523 252//523 3013//523
f 3013//524 252//524 3015//524
f 3015//525 252//525 3017//525
f 3017//526 252//526 3019//526
f 3019//527 252//527 3021//527
f 3021//528 252//528 382//528
f 382//529 252//529 3023//529
f 3023//530 252//530 383//530
f 383//531 252//531 3025//531
f 3025//532 252//532 384//532
f 384//533 252//533 3026//533
f 3026//534 252//534 385//534
f 385//535 252//535 3029//535
f 3029//536 252//536 3031//536
f 3031//537 252//537 386//537
f 252//538 395//538 387//538
f 252//539 387//539 3036//539
f 252//540 3036//540 3034//540
f 252//541 3034//541 388//541
f 252//542 388//542 389//542
f 252//543 389//543 3033//543
f 252//544 3033//544 386//544
f 387//545 395//545 390//545
f 390//546 395//546 391//546
f 391//547 395//547 392//547
f 392//548 395//548 3041//548
f 3041//549 395//549 3042//549
f 3042//550 395//550 3044//550
f 3044//551 395//551 3046//551
f 393//552 394//552 18//552
f 393//553 395//553 394//553
f 395//554 396//554 394//554
f 394//555 397//555 15//555
f 394//556 15//556 18//556
f 397//557 16//557 15//557
f 251//558 398//558 397//558
f 397//559 398//559 16//559
f 251//560 256//560 398//560
f 16//561 399//561 400//561
f 400//562 399//562 401//562
f 398//563 399//563 16//563
f 398//564 402//564 399//564
f 402//565 403//565 399//565
f 403//566 404//566 399//566
f 264//567 272//567 402//567
f 402//568 272//568 403//568
f 16//569 400//569 17//569
f 17//570 400//570 405//570
f 17//571 255//571 13//571
f 406//572 17//572 405//572
f 406//573 405//573 407//573
f 267//574 406//574 408//574
f 267//575 255//575 406//575
f 406//576 255//576 17//576
f 253//577 7//577 255//577
f 255//578 7//578 13//578
f 409//579 260//579 410//579
f 411//580 409//580 412//580
f 8//581 409//581 411//581
f 253//582 8//582 7//582
f 253//583 260//583 8//583
f 8//584 260//584 409//584
f 291//585 9//585 411//585
f 411//586 9//586 8//586
f 75//587 77//587 413//587
f 75//588 413//588 414//588
f 73//589 414//589 415//589
f 73//590 75//590 414//590
f 71//591 415//591 416//591
f 71//592 73//592 415//592
f 69//593 416//593 417//593
f 69//594 71//594 416//594
f 67//595 417//595 418//595
f 67//596 69//596 417//596
f 65//597 418//597 419//597
f 65//598 67//598 418//598
f 63//599 419//599 420//599
f 63//600 65//600 419//600
f 61//601 420//601 421//601
f 61//602 63//602 420//602
f 59//603 421//603 422//603
f 59//604 61//604 421//604
f 57//605 59//605 422//605
f 57//606 422//606 423//606
f 55//607 57//607 423//607
f 55//608 423//608 424//608
f 53//609 55//609 424//609
f 53//610 424//610 425//610
f 50//611 53//611 425//611
f 50//612 425//612 426//612
f 48//613 50//613 426//613
f 48//614 426//614 427//614
f 46//615 48//615 427//615
f 46//616 427//616 428//616
f 44//617 46//617 428//617
f 44//618 428//618 429//618
f 44//619 429//619 430//619
f 42//620 44//620 430//620
f 40//621 42//621 430//621
f 40//622 430//622 431//622
f 38//623 40//623 431//623
f 38//624 431//624 432//624
f 36//625 38//625 432//625
f 36//626 432//626 433//626
f 34//627 36//627 433//627
f 34//628 433//628 434//628
f 32//629 434//629 435//629
f 32//630 34//630 434//630
f 30//631 435//631 436//631
f 30//632 32//632 435//632
f 28//633 436//633 437//633
f 28//634 30//634 436//634
f 26//635 437//635 438//635
f 26//636 28//636 437//636
f 24//637 438//637 439//637
f 24//638 26//638 438//638
f 22//639 439//639 440//639
f 22//640 24//640 439//640
f 19//641 440//641 441//641
f 19//642 22//642 440//642
f 20//643 441//643 442//643
f 20//644 442//644 443//644
f 20//645 19//645 441//645
f 21//646 20//646 443//646
f 23//647 443//647 444//647
f 23//648 21//648 443//648
f 25//649 444//649 445//649
f 25//650 23//650 444//650
f 27//651 445//651 446//651
f 27//652 25//652 445//652
f 29//653 446//653 447//653
f 29//654 27//654 446//654
f 31//655 447//655 448//655
f 31//656 448//656 449//656
f 31//657 29//657 447//657
f 33//658 31//658 449//658
f 33//659 449//659 450//659
f 35//660 33//660 450//660
f 37//661 35//661 450//661
f 37//662 450//662 451//662
f 37//663 451//663 452//663
f 39//664 37//664 452//664
f 41//665 39//665 452//665
f 41//666 452//666 453//666
f 41//667 453//667 454//667
f 43//668 41//668 454//668
f 45//669 43//669 454//669
f 45//670 454//670 455//670
f 45//671 455//671 456//671
f 47//672 45//672 456//672
f 49//673 47//673 456//673
f 49//674 456//674 457//674
f 52//675 49//675 457//675
f 52//676 457//676 458//676
f 54//677 52//677 458//677
f 54//678 458//678 459//678
f 56//679 54//679 459//679
f 56//680 459//680 460//680
f 58//681 56//681 460//681
f 58//682 460//682 461//682
f 60//683 58//683 461//683
f 60//684 461//684 462//684
f 60//685 462//685 463//685
f 62//686 60//686 463//686
f 64//687 62//687 463//687
f 64//688 463//688 464//688
f 66//689 64//689 464//689
f 66//690 464//690 465//690
f 68//691 66//691 465//691
f 68//692 465//692 466//692
f 70//693 68//693 466//693
f 70//694 466//694 467//694
f 72//695 70//695 467//695
f 72//696 467//696 468//696
f 74//697 72//697 468//697
f 74//698 468//698 469//698
f 76//699 469//699 470//699
f 76//700 74//700 469//700
f 135//701 470//701 471//701
f 135//702 471//702 472//702
f 135//703 76//703 470//703
f 136//704 135//704 472//704
f 137//705 472//705 473//705
f 137//706 136//706 472//706
f 138//707 137//707 473//707
f 138//708 473//708 474//708
f 138//709 474//709 475//709
f 139//710 138//710 475//710
f 140//711 139//711 475//711
f 140//712 475//712 476//712
f 141//713 140//713 476//713
f 141//714 476//714 477//714
f 142//715 141//715 477//715
f 142//716 477//716 478//716
f 142//717 478//717 479//717
f 143//718 142//718 479//718
f 144//719 143//719 479//719
f 144//720 479//720 480//720
f 145//721 144//721 480//721
f 145//722 480//722 481//722
f 146//723 145//723 481//723
f 146//724 481//724 482//724
f 147//725 146//725 482//725
f 147//726 482//726 483//726
f 148//727 147//727 483//727
f 148//728 483//728 484//728
f 149//729 148//729 484//729
f 149//730 484//730 485//730
f 150//731 485//731 486//731
f 150//732 149//732 485//732
f 151//733 486//733 487//733
f 151//734 487//734 488//734
f 151//735 150//735 486//735
f 152//736 151//736 488//736
f 153//737 488//737 489//737
f 153//738 489//738 490//738
f 153//739 152//739 488//739
f 154//740 490//740 491//740
f 154//741 153//741 490//741
f 155//742 154//742 491//742
f 156//743 491//743 492//743
f 156//744 155//744 491//744
f 157//745 492//745 493//745
f 157//746 156//746 492//746
f 158//747 493//747 494//747
f 158//748 494//748 495//748
f 158//749 157//749 493//749
f 159//750 158//750 495//750
f 160//751 495//751 496//751
f 160//752 496//752 497//752
f 160//753 159//753 495//753
f 161//754 497//754 498//754
f 161//755 160//755 497//755
f 162//756 161//756 498//756
f 163//757 498//757 499//757
f 163//758 162//758 498//758
f 164//759 163//759 499//759
f 164//760 499//760 500//760
f 164//761 500//761 501//761
f 165//762 164//762 501//762
f 166//763 165//763 501//763
f 166//764 501//764 502//764
f 166//765 502//765 503//765
f 167//766 166//766 503//766
f 168//767 167//767 503//767
f 168//768 503//768 504//768
f 169//769 504//769 505//769
f 169//770 168//770 504//770
f 170//771 505//771 506//771
f 170//772 506//772 507//772
f 170//773 169//773 505//773
f 171//774 170//774 507//774
f 172//775 507//775 508//775
f 172//776 171//776 507//776
f 128//777 508//777 509//777
f 128//778 172//778 508//778
f 129//779 509//779 510//779
f 129//780 128//780 509//780
f 130//781 510//781 511//781
f 130//782 511//782 512//782
f 130//783 129//783 510//783
f 131//784 130//784 512//784
f 132//785 512//785 513//785
f 132//786 131//786 512//786
f 133//787 513//787 514//787
f 133//788 132//788 513//788
f 134//789 514//789 515//789
f 134//790 133//790 514//790
f 173//791 515//791 516//791
f 173//792 516//792 517//792
f 173//793 134//793 515//793
f 174//794 517//794 518//794
f 174//795 173//795 517//795
f 175//796 174//796 518//796
f 176//797 518//797 519//797
f 176//798 175//798 518//798
f 177//799 519//799 520//799
f 177//800 520//800 521//800
f 177//801 176//801 519//801
f 178//802 177//802 521//802
f 179//803 521//803 522//803
f 179//804 522//804 523//804
f 179//805 178//805 521//805
f 180//806 179//806 523//806
f 181//807 180//807 523//807
f 181//808 523//808 524//808
f 182//809 181//809 524//809
f 182//810 524//810 525//810
f 182//811 525//811 526//811
f 183//812 182//812 526//812
f 184//813 183//813 526//813
f 184//814 526//814 527//814
f 184//815 527//815 528//815
f 185//816 184//816 528//816
f 186//817 185//817 528//817
f 186//818 528//818 529//818
f 186//819 529//819 530//819
f 187//820 186//820 530//820
f 188//821 187//821 530//821
f 188//822 530//822 531//822
f 188//823 531//823 532//823
f 189//824 188//824 532//824
f 190//825 189//825 532//825
f 190//826 532//826 533//826
f 191//827 190//827 533//827
f 191//828 533//828 534//828
f 191//829 534//829 535//829
f 192//830 191//830 535//830
f 193//831 535//831 536//831
f 193//832 192//832 535//832
f 194//833 536//833 537//833
f 194//834 537//834 538//834
f 194//835 193//835 536//835
f 195//836 194//836 538//836
f 196//837 538//837 539//837
f 196//838 195//838 538//838
f 197//839 539//839 540//839
f 197//840 196//840 539//840
f 198//841 540//841 541//841
f 198//842 197//842 540//842
f 199//843 541//843 542//843
f 199//844 198//844 541//844
f 200//845 542//845 543//845
f 200//846 543//846 544//846
f 200//847 199//847 542//847
f 201//848 200//848 544//848
f 202//849 544//849 545//849
f 202//850 201//850 544//850
f 203//851 545//851 546//851
f 203//852 202//852 545//852
f 204//853 546//853 547//853
f 204//854 203//854 546//854
f 205//855 547//855 548//855
f 205//856 548//856 549//856
f 205//857 204//857 547//857
f 206//858 205//858 549//858
f 207//859 206//859 549//859
f 207//860 549//860 550//860
f 208//861 207//861 550//861
f 208//862 550//862 551//862
f 209//863 208//863 551//863
f 209//864 551//864 552//864
f 210//865 209//865 552//865
f 210//866 552//866 553//866
f 211//867 210//867 553//867
f 211//868 553//868 554//868
f 212//869 211//869 554//869
f 212//870 554//870 555//870
f 213//871 212//871 555//871
f 213//872 555//872 556//872
f 214//873 213//873 556//873
f 214//874 556//874 557//874
f 215//875 214//875 557//875
f 215//876 557//876 558//876
f 216//877 215//877 558//877
f 216//878 558//878 559//878
f 217//879 216//879 559//879
f 217//880 559//880 560//880
f 217//881 560//881 561//881
f 218//882 217//882 561//882
f 218//883 561//883 562//883
f 219//884 218//884 562//884
f 220//885 219//885 562//885
f 220//886 562//886 563//886
f 221//887 220//887 563//887
f 221//888 563//888 564//888
f 222//889 221//889 564//889
f 222//890 564//890 565//890
f 223//891 222//891 565//891
f 223//892 565//892 566//892
f 224//893 223//893 566//893
f 224//894 566//894 567//894
f 224//895 567//895 568//895
f 225//896 224//896 568//896
f 226//897 225//897 568//897
f 226//898 568//898 569//898
f 226//899 569//899 570//899
f 227//900 226//900 570//900
f 228//901 570//901 571//901
f 228//902 227//902 570//902
f 229//903 571//903 572//903
f 229//904 228//904 571//904
f 230//905 572//905 573//905
f 230//906 229//906 572//906
f 231//907 573//907 574//907
f 231//908 230//908 573//908
f 232//909 231//909 574//909
f 232//910 574//910 575//910
f 233//911 232//911 575//911
f 233//912 575//912 576//912
f 234//913 233//913 576//913
f 234//914 576//914 577//914
f 235//915 234//915 577//915
f 235//916 577//916 578//916
f 236//917 235//917 578//917
f 236//918 578//918 579//918
f 236//919 579//919 580//919
f 242//920 236//920 580//920
f 241//921 242//921 580//921
f 241//922 580//922 581//922
f 240//923 241//923 581//923
f 240//924 581//924 582//924
f 239//925 240//925 582//925
f 239//926 582//926 583//926
f 238//927 239//927 583//927
f 238//928 583//928 584//928
f 237//929 238//929 584//929
f 237//930 584//930 585//930
f 243//931 586//931 587//931
f 243//932 237//932 585//932
f 243//933 585//933 586//933
f 244//934 243//934 587//934
f 245//935 587//935 588//935
f 245//936 244//936 587//936
f 246//937 588//937 589//937
f 246//938 589//938 590//938
f 246//939 245//939 588//939
f 247//940 246//940 590//940
f 248//941 590//941 591//941
f 248//942 247//942 590//942
f 127//943 591//943 592//943
f 127//944 248//944 591//944
f 126//945 592//945 593//945
f 126//946 127//946 592//946
f 125//947 593//947 594//947
f 125//948 126//948 593//948
f 124//949 594//949 595//949
f 124//950 595//950 596//950
f 124//951 125//951 594//951
f 123//952 124//952 596//952
f 122//953 596//953 597//953
f 122//954 123//954 596//954
f 121//955 597//955 598//955
f 121//956 122//956 597//956
f 120//957 598//957 599//957
f 120//958 121//958 598//958
f 119//959 120//959 599//959
f 119//960 599//960 600//960
f 118//961 119//961 600//961
f 118//962 600//962 601//962
f 117//963 118//963 601//963
f 117//964 601//964 602//964
f 116//965 117//965 602//965
f 116//966 602//966 603//966
f 116//967 603//967 604//967
f 115//968 116//968 604//968
f 114//969 604//969 605//969
f 114//970 605//970 606//970
f 114//971 115//971 604//971
f 113//972 606//972 607//972
f 113//973 114//973 606//973
f 112//974 113//974 607//974
f 111//975 607//975 608//975
f 111//976 608//976 609//976
f 111//977 112//977 607//977
f 110//978 111//978 609//978
f 110//979 609//979 610//979
f 109//980 110//980 610//980
f 108//981 610//981 611//981
f 108//982 109//982 610//982
f 107//983 611//983 612//983
f 107//984 612//984 613//984
f 107//985 108//985 611//985
f 106//986 107//986 613//986
f 105//987 613//987 614//987
f 105//988 614//988 615//988
f 105//989 106//989 613//989
f 104//990 105//990 615//990
f 103//991 615//991 616//991
f 103//992 616//992 617//992
f 103//993 104//993 615//993
f 102//994 617//994 618//994
f 102//995 103//995 617//995
f 101//996 102//996 618//996
f 100//997 618//997 619//997
f 100//998 101//998 618//998
f 99//999 619//999 620//999
f 99//1000 620//1000 621//1000
f 99//1001 100//1001 619//1001
f 98//1002 99//1002 621//1002
f 97//1003 621//1003 622//1003
f 97//1004 98//1004 621//1004
f 96//1005 622//1005 623//1005
f 96//1006 97//1006 622//1006
f 95//1007 623//1007 624//1007
f 95//1008 624//1008 625//1008
f 95//1009 96//1009 623//1009
f 94//1010 95//1010 625//1010
f 93//1011 94//1011 625//1011
f 93//1012 625//1012 626//1012
f 92//1013 93//1013 626//1013
f 92//1014 626//1014 627//1014
f 91//1015 92//1015 627//1015
f 91//1016 627//1016 628//1016
f 90//1017 91//1017 628//1017
f 90//1018 628//1018 629//1018
f 89//1019 90//1019 629//1019
f 89//1020 629//1020 630//1020
f 88//1021 89//1021 630//1021
f 88//1022 630//1022 631//1022
f 87//1023 88//1023 631//1023
f 87//1024 631//1024 632//1024
f 86//1025 87//1025 632//1025
f 86//1026 632//1026 633//1026
f 85//1027 86//1027 633//1027
f 85//1028 633//1028 634//1028
f 84//1029 85//1029 634//1029
f 84//1030 634//1030 635//1030
f 84//1031 635//1031 636//1031
f 83//1032 84//1032 636//1032
f 82//1033 83//1033 636//1033
f 82//1034 636//1034 637//1034
f 81//1035 82//1035 637//1035
f 81//1036 637//1036 638//1036
f 80//1037 638//1037 639//1037
f 80//1038 81//1038 638//1038
f 79//1039 639//1039 640//1039
f 79//1040 80//1040 639//1040
f 78//1041 640//1041 641//1041
f 78//1042 641//1042 413//1042
f 78//1043 79//1043 640//1043
f 77//1044 78//1044 413//1044
f 642//1045 282//1045 643//1045
f 282//1046 281//1046 643//1046
f 282//1047 642//1047 277//1047
f 277//1048 642//1048 644//1048
f 3148//1049 3147//1049 645//1049
f 645//1050 646//1050 3148//1050
f 3147//1051 3145//1051 645//1051
f 645//1052 647//1052 646//1052
f 3145//1053 648//1053 645//1053
f 645//1054 649//1054 647//1054
f 648//1055 3144//1055 645//1055
f 645//1056 650//1056 649//1056
f 3144//1057 3143//1057 645//1057
f 645//1058 651//1058 650//1058
f 3143//1059 3141//1059 645//1059
f 645//1060 652//1060 651//1060
f 3141//1061 653//1061 645//1061
f 645//1062 654//1062 652//1062
f 653//1063 3139//1063 645//1063
f 645//1064 655//1064 654//1064
f 3139//1065 3137//1065 645//1065
f 645//1066 656//1066 655//1066
f 3137//1067 3135//1067 645//1067
f 645//1068 3152//1068 656//1068
f 3135//1069 657//1069 645//1069
f 645//1070 3153//1070 3152//1070
f 657//1071 658//1071 645//1071
f 645//1072 3154//1072 3153//1072
f 658//1073 3133//1073 645//1073
f 645//1074 659//1074 3154//1074
f 3133//1075 3132//1075 645//1075
f 645//1076 3157//1076 659//1076
f 3132//1077 3130//1077 645//1077
f 645//1078 3158//1078 3157//1078
f 645//1079 3128//1079 286//1079
f 3130//1080 3128//1080 645//1080
f 645//1081 3159//1081 3158//1081
f 3128//1082 3126//1082 286//1082
f 645//1083 660//1083 3159//1083
f 3126//1084 3124//1084 286//1084
f 645//1085 661//1085 660//1085
f 3124//1086 3122//1086 286//1086
f 645//1087 662//1087 661//1087
f 3122//1088 3120//1088 286//1088
f 645//1089 663//1089 662//1089
f 3120//1090 3118//1090 286//1090
f 645//1091 664//1091 663//1091
f 3118//1092 3116//1092 286//1092
f 645//1093 665//1093 664//1093
f 3116//1094 3115//1094 286//1094
f 645//1095 666//1095 665//1095
f 3115//1096 3113//1096 286//1096
f 645//1097 667//1097 666//1097
f 3113//1098 3112//1098 286//1098
f 645//1099 668//1099 667//1099
f 3112//1100 3110//1100 286//1100
f 645//1101 669//1101 668//1101
f 3110//1102 3108//1102 286//1102
f 645//1103 670//1103 669//1103
f 3108//1104 671//1104 286//1104
f 645//1105 672//1105 670//1105
f 671//1106 3105//1106 286//1106
f 3105//1107 673//1107 286//1107
f 673//1108 3319//1108 286//1108
f 3319//1109 3317//1109 286//1109
f 3317//1110 3316//1110 286//1110
f 3316//1111 674//1111 286//1111
f 674//1112 3314//1112 286//1112
f 3314//1113 3313//1113 286//1113
f 3313//1114 675//1114 286//1114
f 675//1115 676//1115 286//1115
f 676//1116 677//1116 286//1116
f 677//1117 3310//1117 286//1117
f 3310//1118 3309//1118 286//1118
f 3309//1119 678//1119 286//1119
f 678//1120 679//1120 286//1120
f 679//1121 680//1121 286//1121
f 680//1122 681//1122 286//1122
f 681//1123 3308//1123 286//1123
f 3308//1124 3306//1124 286//1124
f 3306//1125 3305//1125 286//1125
f 3305//1126 682//1126 286//1126
f 682//1127 683//1127 286//1127
f 683//1128 3302//1128 286//1128
f 3302//1129 3301//1129 286//1129
f 3301//1130 684//1130 286//1130
f 684//1131 3299//1131 286//1131
f 3299//1132 3297//1132 286//1132
f 3297//1133 685//1133 286//1133
f 685//1134 3295//1134 286//1134
f 3295//1135 686//1135 286//1135
f 686//1136 687//1136 286//1136
f 687//1137 688//1137 286//1137
f 688//1138 689//1138 286//1138
f 689//1139 690//1139 286//1139
f 690//1140 691//1140 286//1140
f 691//1141 692//1141 286//1141
f 692//1142 3293//1142 286//1142
f 3293//1143 3290//1143 286//1143
f 3290//1144 693//1144 286//1144
f 693//1145 3288//1145 286//1145
f 3288//1146 3286//1146 286//1146
f 3286//1147 694//1147 286//1147
f 694//1148 695//1148 286//1148
f 695//1149 696//1149 286//1149
f 696//1150 3283//1150 286//1150
f 3283//1151 697//1151 286//1151
f 697//1152 3281//1152 286//1152
f 3281//1153 698//1153 286//1153
f 698//1154 699//1154 286//1154
f 699//1155 700//1155 286//1155
f 700//1156 701//1156 286//1156
f 702//1157 643//1157 3197//1157
f 3197//1158 643//1158 3198//1158
f 3198//1159 643//1159 703//1159
f 703//1160 643//1160 704//1160
f 704//1161 643//1161 705//1161
f 705//1162 643//1162 706//1162
f 645//1163 643//1163 672//1163
f 672//1164 643//1164 707//1164
f 707//1165 643//1165 708//1165
f 708//1166 643//1166 709//1166
f 709//1167 643//1167 3167//1167
f 3167//1168 643//1168 710//1168
f 710//1169 643//1169 711//1169
f 711//1170 643//1170 712//1170
f 712//1171 643//1171 713//1171
f 713//1172 643//1172 714//1172
f 714//1173 643//1173 715//1173
f 715//1174 643//1174 3170//1174
f 3170//1175 643//1175 3172//1175
f 3172//1176 643//1176 3173//1176
f 3173//1177 643//1177 716//1177
f 716//1178 643//1178 3176//1178
f 3176//1179 643//1179 3177//1179
f 3177//1180 643//1180 3178//1180
f 3178//1181 643//1181 717//1181
f 717//1182 643//1182 718//1182
f 718//1183 643//1183 719//1183
f 719//1184 643//1184 3181//1184
f 3181//1185 643//1185 3182//1185
f 3182//1186 643//1186 3183//1186
f 3183//1187 643//1187 3184//1187
f 3184//1188 643//1188 720//1188
f 720//1189 643//1189 721//1189
f 721//1190 643//1190 722//1190
f 722//1191 643//1191 723//1191
f 723//1192 643//1192 724//1192
f 724//1193 643//1193 725//1193
f 725//1194 643//1194 726//1194
f 726//1195 643//1195 727//1195
f 727//1196 643//1196 728//1196
f 728//1197 643//1197 3192//1197
f 3192//1198 643//1198 3194//1198
f 3194//1199 643//1199 3195//1199
f 3195//1200 643//1200 3196//1200
f 3196//1201 643//1201 729//1201
f 729//1202 643//1202 702//1202
f 706//1203 281//1203 730//1203
f 730//1204 281//1204 731//1204
f 731//1205 281//1205 3203//1205
f 3203//1206 281//1206 3204//1206
f 3204//1207 281//1207 3205//1207
f 3205//1208 281//1208 3206//1208
f 3206//1209 281//1209 3208//1209
f 3208//1210 281//1210 732//1210
f 732//1211 281//1211 3210//1211
f 3210//1212 281//1212 733//1212
f 733//1213 281//1213 734//1213
f 734//1214 281//1214 3215//1214
f 3215//1215 281//1215 3216//1215
f 3216//1216 281//1216 3218//1216
f 3218//1217 281//1217 735//1217
f 735//1218 281//1218 736//1218
f 736//1219 281//1219 3222//1219
f 3222//1220 281//1220 737//1220
f 737//1221 281//1221 738//1221
f 738//1222 281//1222 3224//1222
f 3224//1223 281//1223 3226//1223
f 3226//1224 281//1224 739//1224
f 739//1225 281//1225 3228//1225
f 3228//1226 281//1226 3229//1226
f 3229//1227 281//1227 740//1227
f 740//1228 281//1228 3230//1228
f 3230//1229 281//1229 741//1229
f 741//1230 281//1230 742//1230
f 742//1231 281//1231 3231//1231
f 3231//1232 281//1232 743//1232
f 643//1233 281//1233 706//1233
f 743//1234 281//1234 3233//1234
f 3233//1235 281//1235 744//1235
f 744//1236 281//1236 3234//1236
f 3234//1237 281//1237 3235//1237
f 3235//1238 281//1238 3236//1238
f 3236//1239 281//1239 3237//1239
f 3237//1240 281//1240 3238//1240
f 3238//1241 281//1241 3240//1241
f 3240//1242 281//1242 3242//1242
f 3242//1243 281//1243 745//1243
f 745//1244 281//1244 3245//1244
f 3245//1245 281//1245 3247//1245
f 3247//1246 281//1246 3248//1246
f 3248//1247 281//1247 3249//1247
f 3249//1248 281//1248 3252//1248
f 3252//1249 281//1249 3254//1249
f 3254//1250 281//1250 746//1250
f 746//1251 281//1251 747//1251
f 747//1252 281//1252 748//1252
f 748//1253 281//1253 3258//1253
f 3258//1254 281//1254 749//1254
f 749//1255 281//1255 750//1255
f 750//1256 281//1256 3261//1256
f 3261//1257 281//1257 751//1257
f 751//1258 281//1258 752//1258
f 752//1259 281//1259 753//1259
f 753//1260 281//1260 754//1260
f 754//1261 281//1261 3263//1261
f 3263//1262 281//1262 3264//1262
f 3264//1263 281//1263 3265//1263
f 3265//1264 281//1264 3266//1264
f 3266//1265 281//1265 3267//1265
f 3267//1266 281//1266 3268//1266
f 3268//1267 281//1267 755//1267
f 281//1268 286//1268 756//1268
f 281//1269 756//1269 757//1269
f 281//1270 757//1270 3271//1270
f 281//1271 3271//1271 758//1271
f 281//1272 758//1272 759//1272
f 281//1273 759//1273 760//1273
f 281//1274 760//1274 755//1274
f 756//1275 286//1275 761//1275
f 761//1276 286//1276 762//1276
f 762//1277 286//1277 3273//1277
f 3273//1278 286//1278 763//1278
f 763//1279 286//1279 764//1279
f 764//1280 286//1280 765//1280
f 765//1281 286//1281 701//1281
f 766//1282 274//1282 644//1282
f 274//1283 277//1283 644//1283
f 645//1284 1027//1284 767//1284
f 645//1285 286//1285 1027//1285
f 286//1286 768//1286 1027//1286
f 769//1287 770//1287 771//1287
f 772//1288 771//1288 770//1288
f 773//1289 769//1289 771//1289
f 774//1290 771//1290 772//1290
f 775//1291 773//1291 771//1291
f 776//1292 771//1292 774//1292
f 777//1293 775//1293 771//1293
f 778//1294 771//1294 776//1294
f 779//1295 777//1295 771//1295
f 780//1296 771//1296 778//1296
f 781//1297 779//1297 771//1297
f 782//1298 771//1298 780//1298
f 783//1299 781//1299 771//1299
f 784//1300 771//1300 782//1300
f 785//1301 783//1301 771//1301
f 786//1302 771//1302 784//1302
f 787//1303 785//1303 771//1303
f 788//1304 771//1304 786//1304
f 789//1305 787//1305 771//1305
f 790//1306 771//1306 788//1306
f 791//1307 789//1307 771//1307
f 792//1308 771//1308 790//1308
f 793//1309 791//1309 771//1309
f 794//1310 771//1310 792//1310
f 795//1311 793//1311 771//1311
f 796//1312 771//1312 794//1312
f 797//1313 795//1313 771//1313
f 798//1314 771//1314 796//1314
f 799//1315 797//1315 771//1315
f 800//1316 771//1316 798//1316
f 801//1317 771//1317 275//1317
f 801//1318 799//1318 771//1318
f 802//1319 771//1319 800//1319
f 803//1320 801//1320 275//1320
f 804//1321 771//1321 802//1321
f 805//1322 803//1322 275//1322
f 806//1323 771//1323 804//1323
f 807//1324 805//1324 275//1324
f 808//1325 771//1325 806//1325
f 809//1326 807//1326 275//1326
f 810//1327 771//1327 808//1327
f 811//1328 809//1328 275//1328
f 812//1329 771//1329 810//1329
f 813//1330 811//1330 275//1330
f 814//1331 771//1331 812//1331
f 815//1332 813//1332 275//1332
f 816//1333 771//1333 814//1333
f 817//1334 815//1334 275//1334
f 818//1335 771//1335 816//1335
f 819//1336 817//1336 275//1336
f 820//1337 771//1337 818//1337
f 821//1338 819//1338 275//1338
f 822//1339 771//1339 820//1339
f 823//1340 821//1340 275//1340
f 824//1341 771//1341 822//1341
f 825//1342 823//1342 275//1342
f 826//1343 771//1343 824//1343
f 827//1344 825//1344 275//1344
f 828//1345 827//1345 275//1345
f 829//1346 828//1346 275//1346
f 830//1347 829//1347 275//1347
f 831//1348 830//1348 275//1348
f 832//1349 831//1349 275//1349
f 833//1350 832//1350 275//1350
f 834//1351 833//1351 275//1351
f 835//1352 834//1352 275//1352
f 836//1353 835//1353 275//1353
f 837//1354 836//1354 275//1354
f 838//1355 837//1355 275//1355
f 839//1356 838//1356 275//1356
f 840//1357 839//1357 275//1357
f 841//1358 840//1358 275//1358
f 842//1359 841//1359 275//1359
f 843//1360 842//1360 275//1360
f 844//1361 843//1361 275//1361
f 845//1362 844//1362 275//1362
f 846//1363 845//1363 275//1363
f 847//1364 846//1364 275//1364
f 848//1365 847//1365 275//1365
f 849//1366 848//1366 275//1366
f 850//1367 849//1367 275//1367
f 851//1368 850//1368 275//1368
f 852//1369 851//1369 275//1369
f 853//1370 852//1370 275//1370
f 854//1371 853//1371 275//1371
f 855//1372 854//1372 275//1372
f 856//1373 855//1373 275//1373
f 857//1374 856//1374 275//1374
f 858//1375 857//1375 275//1375
f 859//1376 858//1376 275//1376
f 860//1377 859//1377 275//1377
f 861//1378 860//1378 275//1378
f 862//1379 861//1379 275//1379
f 863//1380 862//1380 275//1380
f 864//1381 863//1381 275//1381
f 865//1382 864//1382 275//1382
f 866//1383 865//1383 275//1383
f 867//1384 866//1384 275//1384
f 868//1385 867//1385 275//1385
f 869//1386 868//1386 275//1386
f 870//1387 869//1387 275//1387
f 871//1388 870//1388 275//1388
f 872//1389 871//1389 275//1389
f 873//1390 872//1390 275//1390
f 874//1391 873//1391 275//1391
f 875//1392 874//1392 275//1392
f 876//1393 875//1393 275//1393
f 877//1394 876//1394 275//1394
f 766//1395 878//1395 879//1395
f 766//1396 879//1396 880//1396
f 766//1397 880//1397 881//1397
f 766//1398 881//1398 882//1398
f 766//1399 882//1399 883//1399
f 766//1400 883//1400 884//1400
f 766//1401 771//1401 826//1401
f 766//1402 826//1402 885//1402
f 766//1403 885//1403 886//1403
f 766//1404 886//1404 887//1404
f 766//1405 887//1405 888//1405
f 766//1406 888//1406 889//1406
f 766//1407 889//1407 890//1407
f 766//1408 890//1408 891//1408
f 766//1409 891//1409 892//1409
f 766//1410 892//1410 893//1410
f 766//1411 893//1411 894//1411
f 766//1412 894//1412 895//1412
f 766//1413 895//1413 896//1413
f 766//1414 896//1414 897//1414
f 766//1415 897//1415 898//1415
f 766//1416 898//1416 899//1416
f 766//1417 899//1417 900//1417
f 766//1418 900//1418 901//1418
f 766//1419 901//1419 902//1419
f 766//1420 902//1420 903//1420
f 766//1421 903//1421 904//1421
f 766//1422 904//1422 905//1422
f 766//1423 905//1423 906//1423
f 766//1424 906//1424 907//1424
f 766//1425 907//1425 908//1425
f 766//1426 908//1426 909//1426
f 766//1427 909//1427 910//1427
f 766//1428 910//1428 911//1428
f 766//1429 911//1429 912//1429
f 766//1430 912//1430 913//1430
f 766//1431 913//1431 914//1431
f 766//1432 914//1432 915//1432
f 766//1433 915//1433 916//1433
f 766//1434 916//1434 917//1434
f 766//1435 917//1435 918//1435
f 766//1436 918//1436 919//1436
f 766//1437 919//1437 920//1437
f 766//1438 920//1438 921//1438
f 766//1439 921//1439 922//1439
f 766//1440 922//1440 878//1440
f 274//1441 884//1441 923//1441
f 274//1442 923//1442 924//1442
f 274//1443 924//1443 925//1443
f 274//1444 925//1444 926//1444
f 274//1445 926//1445 927//1445
f 274//1446 927//1446 928//1446
f 274//1447 928//1447 929//1447
f 274//1448 929//1448 930//1448
f 274//1449 930//1449 931//1449
f 274//1450 931//1450 932//1450
f 274//1451 932//1451 933//1451
f 274//1452 933//1452 934//1452
f 274//1453 934//1453 935//1453
f 274//1454 935//1454 936//1454
f 274//1455 936//1455 937//1455
f 274//1456 937//1456 938//1456
f 274//1457 938//1457 939//1457
f 274//1458 939//1458 940//1458
f 274//1459 766//1459 884//1459
f 274//1460 940//1460 941//1460
f 274//1461 941//1461 942//1461
f 274//1462 942//1462 943//1462
f 274//1463 943//1463 944//1463
f 274//1464 944//1464 945//1464
f 274//1465 945//1465 946//1465
f 274//1466 946//1466 947//1466
f 274//1467 947//1467 948//1467
f 274//1468 948//1468 949//1468
f 274//1469 949//1469 950//1469
f 274//1470 950//1470 951//1470
f 274//1471 951//1471 952//1471
f 274//1472 952//1472 953//1472
f 274//1473 953//1473 954//1473
f 274//1474 954//1474 955//1474
f 274//1475 955//1475 956//1475
f 274//1476 956//1476 957//1476
f 274//1477 957//1477 958//1477
f 274//1478 958//1478 959//1478
f 274//1479 959//1479 960//1479
f 274//1480 960//1480 961//1480
f 274//1481 961//1481 962//1481
f 274//1482 962//1482 963//1482
f 274//1483 963//1483 964//1483
f 274//1484 964//1484 965//1484
f 274//1485 965//1485 966//1485
f 274//1486 966//1486 967//1486
f 274//1487 967//1487 968//1487
f 274//1488 968//1488 969//1488
f 274//1489 969//1489 970//1489
f 274//1490 970//1490 971//1490
f 274//1491 971//1491 972//1491
f 274//1492 972//1492 973//1492
f 274//1493 973//1493 974//1493
f 274//1494 974//1494 975//1494
f 274//1495 975//1495 976//1495
f 274//1496 976//1496 977//1496
f 274//1497 977//1497 978//1497
f 274//1498 978//1498 979//1498
f 274//1499 979//1499 980//1499
f 274//1500 980//1500 981//1500
f 274//1501 981//1501 982//1501
f 274//1502 982//1502 983//1502
f 274//1503 983//1503 984//1503
f 274//1504 984//1504 985//1504
f 274//1505 985//1505 986//1505
f 275//1506 274//1506 987//1506
f 987//1507 274//1507 988//1507
f 988//1508 274//1508 989//1508
f 989//1509 274//1509 990//1509
f 990//1510 274//1510 991//1510
f 991//1511 274//1511 992//1511
f 992//1512 274//1512 986//1512
f 275//1513 987//1513 993//1513
f 275//1514 993//1514 994//1514
f 275//1515 994//1515 995//1515
f 275//1516 995//1516 996//1516
f 275//1517 996//1517 997//1517
f 275//1518 997//1518 998//1518
f 275//1519 998//1519 877//1519
f 999//1520 3296//1520 768//1520
f 768//1521 1000//1521 999//1521
f 3296//1522 1001//1522 768//1522
f 768//1523 1002//1523 1000//1523
f 1001//1524 3298//1524 768//1524
f 768//1525 1003//1525 1002//1525
f 3298//1526 1004//1526 768//1526
f 768//1527 1005//1527 1003//1527
f 1004//1528 3300//1528 768//1528
f 768//1529 1006//1529 1005//1529
f 3300//1530 1007//1530 768//1530
f 768//1531 3294//1531 1006//1531
f 1007//1532 1008//1532 768//1532
f 768//1533 3292//1533 3294//1533
f 1008//1534 3303//1534 768//1534
f 768//1535 3291//1535 3292//1535
f 3303//1536 3304//1536 768//1536
f 768//1537 1009//1537 3291//1537
f 3304//1538 1010//1538 768//1538
f 768//1539 3289//1539 1009//1539
f 1010//1540 1011//1540 768//1540
f 768//1541 3287//1541 3289//1541
f 1011//1542 3307//1542 768//1542
f 768//1543 1012//1543 3287//1543
f 3307//1544 1013//1544 768//1544
f 768//1545 3285//1545 1012//1545
f 1013//1546 1014//1546 768//1546
f 768//1547 1015//1547 3285//1547
f 1014//1548 1016//1548 768//1548
f 768//1549 3284//1549 1015//1549
f 1016//1550 1017//1550 768//1550
f 768//1551 3282//1551 3284//1551
f 1017//1552 1018//1552 768//1552
f 768//1553 3280//1553 3282//1553
f 1018//1554 1019//1554 768//1554
f 768//1555 3279//1555 3280//1555
f 1019//1556 1020//1556 768//1556
f 768//1557 3278//1557 3279//1557
f 1020//1558 3311//1558 768//1558
f 3311//1559 1021//1559 768//1559
f 1021//1560 3312//1560 768//1560
f 3312//1561 3315//1561 768//1561
f 3315//1562 1022//1562 768//1562
f 1022//1563 1023//1563 768//1563
f 1023//1564 3318//1564 768//1564
f 3318//1565 1024//1565 768//1565
f 1024//1566 3320//1566 768//1566
f 3320//1567 3106//1567 768//1567
f 3106//1568 3107//1568 768//1568
f 3107//1569 3109//1569 768//1569
f 3109//1570 3111//1570 768//1570
f 3111//1571 1025//1571 768//1571
f 1025//1572 3114//1572 768//1572
f 768//1573 1026//1573 1027//1573
f 3114//1574 1026//1574 768//1574
f 1026//1575 3117//1575 1027//1575
f 3117//1576 3119//1576 1027//1576
f 3119//1577 3121//1577 1027//1577
f 3121//1578 3123//1578 1027//1578
f 3123//1579 3125//1579 1027//1579
f 3125//1580 3127//1580 1027//1580
f 3127//1581 3129//1581 1027//1581
f 3129//1582 3131//1582 1027//1582
f 3131//1583 1028//1583 1027//1583
f 1028//1584 1029//1584 1027//1584
f 1029//1585 1030//1585 1027//1585
f 1030//1586 3134//1586 1027//1586
f 3134//1587 3136//1587 1027//1587
f 3136//1588 3138//1588 1027//1588
f 3138//1589 3140//1589 1027//1589
f 3140//1590 1031//1590 1027//1590
f 1031//1591 3142//1591 1027//1591
f 3142//1592 1032//1592 1027//1592
f 1032//1593 1033//1593 1027//1593
f 1033//1594 1034//1594 1027//1594
f 1034//1595 3146//1595 1027//1595
f 3146//1596 1035//1596 1027//1596
f 1035//1597 1036//1597 1027//1597
f 1036//1598 3149//1598 1027//1598
f 3149//1599 1037//1599 1027//1599
f 1037//1600 1038//1600 1027//1600
f 1038//1601 1039//1601 1027//1601
f 1039//1602 3150//1602 1027//1602
f 3150//1603 3151//1603 1027//1603
f 3151//1604 1040//1604 1027//1604
f 1040//1605 1041//1605 1027//1605
f 1041//1606 1042//1606 1027//1606
f 1042//1607 1043//1607 1027//1607
f 1043//1608 1044//1608 1027//1608
f 1044//1609 1045//1609 1027//1609
f 1045//1610 3155//1610 1027//1610
f 3155//1611 3156//1611 1027//1611
f 3156//1612 1046//1612 1027//1612
f 1046//1613 1047//1613 1027//1613
f 1047//1614 1048//1614 1027//1614
f 1048//1615 3160//1615 1027//1615
f 3160//1616 1049//1616 1027//1616
f 1049//1617 1050//1617 1027//1617
f 1050//1618 3161//1618 1027//1618
f 3161//1619 3162//1619 1027//1619
f 3162//1620 3163//1620 1027//1620
f 3163//1621 1051//1621 1027//1621
f 1051//1622 3164//1622 1027//1622
f 3164//1623 1052//1623 1027//1623
f 1052//1624 1053//1624 1027//1624
f 1053//1625 1054//1625 1027//1625
f 3207//1626 280//1626 1055//1626
f 3209//1627 280//1627 3207//1627
f 3211//1628 280//1628 3209//1628
f 3212//1629 280//1629 3211//1629
f 3213//1630 280//1630 3212//1630
f 3214//1631 280//1631 3213//1631
f 3217//1632 280//1632 3214//1632
f 1056//1633 280//1633 3217//1633
f 3219//1634 280//1634 1056//1634
f 3220//1635 280//1635 3219//1635
f 3221//1636 280//1636 3220//1636
f 1057//1637 280//1637 3221//1637
f 3223//1638 280//1638 1057//1638
f 3225//1639 280//1639 3223//1639
f 3227//1640 280//1640 3225//1640
f 1058//1641 280//1641 3227//1641
f 1059//1642 280//1642 1058//1642
f 1060//1643 280//1643 1059//1643
f 1061//1644 280//1644 1060//1644
f 1062//1645 280//1645 1061//1645
f 1063//1646 280//1646 1062//1646
f 1064//1647 280//1647 1063//1647
f 1065//1648 280//1648 1064//1648
f 1066//1649 280//1649 1065//1649
f 3232//1650 280//1650 1066//1650
f 1067//1651 280//1651 3232//1651
f 1068//1652 280//1652 1067//1652
f 1069//1653 280//1653 1068//1653
f 1070//1654 280//1654 1069//1654
f 1071//1655 280//1655 1070//1655
f 3239//1656 280//1656 1071//1656
f 3241//1657 280//1657 3239//1657
f 3243//1658 280//1658 3241//1658
f 3244//1659 280//1659 3243//1659
f 3246//1660 280//1660 3244//1660
f 1072//1661 280//1661 3246//1661
f 1073//1662 280//1662 1072//1662
f 3250//1663 280//1663 1073//1663
f 3251//1664 280//1664 3250//1664
f 3253//1665 280//1665 3251//1665
f 3255//1666 280//1666 3253//1666
f 3256//1667 280//1667 3255//1667
f 3257//1668 280//1668 3256//1668
f 3259//1669 280//1669 3257//1669
f 1074//1670 280//1670 3259//1670
f 3260//1671 280//1671 1074//1671
f 3262//1672 280//1672 3260//1672
f 1075//1673 280//1673 3262//1673
f 1076//1674 280//1674 1075//1674
f 1077//1675 280//1675 1076//1675
f 1078//1676 280//1676 1077//1676
f 1079//1677 280//1677 1078//1677
f 1080//1678 280//1678 1079//1678
f 1081//1679 280//1679 1080//1679
f 1082//1680 280//1680 1081//1680
f 1083//1681 280//1681 1082//1681
f 3269//1682 280//1682 1083//1682
f 1084//1683 1085//1683 1086//1683
f 1087//1684 1085//1684 1084//1684
f 1088//1685 1085//1685 1087//1685
f 1089//1686 1085//1686 1088//1686
f 1090//1687 1085//1687 1089//1687
f 3199//1688 1085//1688 1090//1688
f 3200//1689 1085//1689 3199//1689
f 3201//1690 1085//1690 3200//1690
f 3202//1691 1085//1691 3201//1691
f 1091//1692 1085//1692 3202//1692
f 1092//1693 1085//1693 1091//1693
f 1055//1694 1085//1694 1092//1694
f 3165//1695 1085//1695 1093//1695
f 1094//1696 1085//1696 3165//1696
f 3166//1697 1085//1697 1094//1697
f 1095//1698 1085//1698 3166//1698
f 1096//1699 1085//1699 1095//1699
f 1097//1700 1085//1700 1096//1700
f 3168//1701 1085//1701 1097//1701
f 3169//1702 1085//1702 3168//1702
f 280//1703 1085//1703 1055//1703
f 1098//1704 1085//1704 3169//1704
f 3171//1705 1085//1705 1098//1705
f 1099//1706 1085//1706 3171//1706
f 1100//1707 1085//1707 1099//1707
f 3174//1708 1085//1708 1100//1708
f 3175//1709 1085//1709 3174//1709
f 1101//1710 1085//1710 3175//1710
f 3179//1711 1085//1711 1101//1711
f 3180//1712 1085//1712 3179//1712
f 1102//1713 1085//1713 3180//1713
f 1103//1714 1085//1714 1102//1714
f 1104//1715 1085//1715 1103//1715
f 1105//1716 1085//1716 1104//1716
f 1106//1717 1085//1717 1105//1717
f 3185//1718 1085//1718 1106//1718
f 3186//1719 1085//1719 3185//1719
f 3187//1720 1085//1720 3186//1720
f 1107//1721 1085//1721 3187//1721
f 3188//1722 1085//1722 1107//1722
f 3189//1723 1085//1723 3188//1723
f 1108//1724 1085//1724 3189//1724
f 1109//1725 1085//1725 1108//1725
f 3190//1726 1085//1726 1109//1726
f 3191//1727 1085//1727 3190//1727
f 3193//1728 1085//1728 3191//1728
f 1110//1729 1085//1729 3193//1729
f 1111//1730 1085//1730 1110//1730
f 1112//1731 1085//1731 1111//1731
f 1113//1732 1085//1732 1112//1732
f 1086//1733 1085//1733 1113//1733
f 768//1734 280//1734 1114//1734
f 768//1735 1114//1735 1115//1735
f 768//1736 1115//1736 3272//1736
f 768//1737 3272//1737 1116//1737
f 768//1738 1116//1738 1117//1738
f 768//1739 1117//1739 3274//1739
f 768//1740 3274//1740 3275//1740
f 768//1741 3275//1741 3276//1741
f 768//1742 3276//1742 3277//1742
f 768//1743 3277//1743 3278//1743
f 1114//1744 280//1744 1118//1744
f 1118//1745 280//1745 1119//1745
f 1119//1746 280//1746 1120//1746
f 1120//1747 280//1747 1121//1747
f 1121//1748 280//1748 1122//1748
f 1122//1749 280//1749 3270//1749
f 3270//1750 280//1750 3269//1750
f 1085//1751 1027//1751 1054//1751
f 1085//1752 1054//1752 1093//1752
f 1123//1753 771//1753 3104//1753
f 275//1754 771//1754 1123//1754
f 276//1755 275//1755 1123//1755
f 1085//1756 1124//1756 1125//1756
f 280//1757 1126//1757 1085//1757
f 1085//1758 1126//1758 1124//1758
f 280//1759 279//1759 1126//1759
f 1124//1760 1127//1760 1128//1760
f 1128//1761 1127//1761 1129//1761
f 1126//1762 1127//1762 1124//1762
f 1126//1763 1130//1763 1127//1763
f 1130//1764 1131//1764 1127//1764
f 1131//1765 1132//1765 1127//1765
f 273//1766 271//1766 1130//1766
f 1130//1767 271//1767 1131//1767
f 1133//1768 1134//1768 276//1768
f 1135//1769 276//1769 1134//1769
f 1136//1770 1133//1770 276//1770
f 1137//1771 276//1771 1135//1771
f 1138//1772 1136//1772 276//1772
f 1139//1773 276//1773 1137//1773
f 1140//1774 1138//1774 276//1774
f 1141//1775 276//1775 1139//1775
f 1142//1776 1140//1776 276//1776
f 1143//1777 276//1777 1141//1777
f 1144//1778 1142//1778 276//1778
f 1145//1779 276//1779 1143//1779
f 1146//1780 1144//1780 276//1780
f 1147//1781 276//1781 1145//1781
f 1148//1782 1146//1782 276//1782
f 1149//1783 276//1783 1147//1783
f 1150//1784 1148//1784 276//1784
f 1151//1785 276//1785 1149//1785
f 1152//1786 1150//1786 276//1786
f 1153//1787 276//1787 1151//1787
f 1154//1788 1152//1788 276//1788
f 1155//1789 276//1789 1153//1789
f 1156//1790 1154//1790 276//1790
f 1157//1791 276//1791 1155//1791
f 1158//1792 1156//1792 276//1792
f 1159//1793 276//1793 1157//1793
f 1160//1794 1158//1794 276//1794
f 1161//1795 276//1795 1159//1795
f 1162//1796 1160//1796 276//1796
f 1163//1797 276//1797 1161//1797
f 1164//1798 1162//1798 276//1798
f 1165//1799 276//1799 1163//1799
f 1166//1800 1164//1800 276//1800
f 1167//1801 276//1801 1165//1801
f 1168//1802 1166//1802 276//1802
f 1169//1803 276//1803 1167//1803
f 1170//1804 1168//1804 276//1804
f 1171//1805 276//1805 1169//1805
f 1172//1806 1170//1806 276//1806
f 1173//1807 1172//1807 276//1807
f 1174//1808 1173//1808 276//1808
f 1175//1809 1174//1809 276//1809
f 1176//1810 1175//1810 276//1810
f 1177//1811 1176//1811 276//1811
f 1178//1812 1177//1812 276//1812
f 1179//1813 1178//1813 276//1813
f 1180//1814 1179//1814 276//1814
f 1181//1815 1180//1815 276//1815
f 1182//1816 1181//1816 276//1816
f 1183//1817 1182//1817 276//1817
f 1184//1818 1183//1818 276//1818
f 1185//1819 1184//1819 276//1819
f 1186//1820 1185//1820 276//1820
f 1187//1821 276//1821 1123//1821
f 1187//1822 1186//1822 276//1822
f 1188//1823 1187//1823 1123//1823
f 1189//1824 1188//1824 1123//1824
f 1190//1825 1189//1825 1123//1825
f 1191//1826 1190//1826 1123//1826
f 1192//1827 1191//1827 1123//1827
f 1193//1828 1192//1828 1123//1828
f 1194//1829 1193//1829 1123//1829
f 1195//1830 1194//1830 1123//1830
f 1196//1831 1195//1831 1123//1831
f 1197//1832 1196//1832 1123//1832
f 1198//1833 1197//1833 1123//1833
f 1199//1834 1198//1834 1123//1834
f 1200//1835 1199//1835 1123//1835
f 1201//1836 1200//1836 1123//1836
f 1202//1837 1201//1837 1123//1837
f 1203//1838 1202//1838 1123//1838
f 1204//1839 1203//1839 1123//1839
f 1205//1840 1204//1840 1123//1840
f 1206//1841 1205//1841 1123//1841
f 1207//1842 1206//1842 1123//1842
f 1208//1843 1207//1843 1123//1843
f 1209//1844 1208//1844 1123//1844
f 1210//1845 1209//1845 1123//1845
f 1211//1846 1210//1846 1123//1846
f 1212//1847 1211//1847 1123//1847
f 1213//1848 1212//1848 1123//1848
f 1214//1849 1213//1849 1123//1849
f 1215//1850 1214//1850 1123//1850
f 1216//1851 1215//1851 1123//1851
f 1217//1852 1216//1852 1123//1852
f 1218//1853 1217//1853 1123//1853
f 1219//1854 1218//1854 1123//1854
f 1220//1855 1219//1855 1123//1855
f 1221//1856 1220//1856 1123//1856
f 1222//1857 1221//1857 1123//1857
f 1223//1858 1222//1858 1123//1858
f 1224//1859 1223//1859 1123//1859
f 1225//1860 1224//1860 1123//1860
f 1226//1861 1225//1861 1123//1861
f 1227//1862 1226//1862 1123//1862
f 1228//1863 1227//1863 1123//1863
f 1229//1864 1228//1864 1123//1864
f 1230//1865 1229//1865 1123//1865
f 1231//1866 1230//1866 1123//1866
f 1232//1867 1231//1867 1123//1867
f 1233//1868 1232//1868 1123//1868
f 1234//1869 1233//1869 1123//1869
f 1235//1870 1234//1870 1123//1870
f 1236//1871 1235//1871 1123//1871
f 1237//1872 1236//1872 1123//1872
f 1238//1873 1237//1873 1123//1873
f 272//1874 1239//1874 1240//1874
f 272//1875 1241//1875 1239//1875
f 272//1876 1242//1876 1241//1876
f 272//1877 1243//1877 1242//1877
f 272//1878 1244//1878 1243//1878
f 272//1879 1245//1879 1244//1879
f 272//1880 1246//1880 1245//1880
f 272//1881 1247//1881 1246//1881
f 272//1882 1248//1882 1247//1882
f 272//1883 1249//1883 1248//1883
f 272//1884 1250//1884 1249//1884
f 272//1885 1251//1885 1250//1885
f 272//1886 1252//1886 1251//1886
f 272//1887 1253//1887 1252//1887
f 272//1888 1254//1888 1253//1888
f 272//1889 1255//1889 1254//1889
f 272//1890 1256//1890 1255//1890
f 272//1891 1257//1891 1256//1891
f 272//1892 1258//1892 1257//1892
f 272//1893 1259//1893 1258//1893
f 272//1894 1260//1894 1259//1894
f 272//1895 1261//1895 1260//1895
f 272//1896 1262//1896 1261//1896
f 272//1897 1263//1897 1262//1897
f 272//1898 1264//1898 1263//1898
f 272//1899 1265//1899 1264//1899
f 272//1900 1266//1900 1265//1900
f 272//1901 1267//1901 1266//1901
f 272//1902 1268//1902 1267//1902
f 272//1903 1269//1903 1268//1903
f 272//1904 1270//1904 1269//1904
f 272//1905 1271//1905 1270//1905
f 272//1906 1272//1906 1271//1906
f 272//1907 1273//1907 1272//1907
f 272//1908 1274//1908 1273//1908
f 272//1909 1275//1909 1274//1909
f 272//1910 1276//1910 1275//1910
f 272//1911 1277//1911 1276//1911
f 272//1912 1278//1912 1277//1912
f 272//1913 1279//1913 1278//1913
f 272//1914 1280//1914 1279//1914
f 272//1915 1281//1915 1280//1915
f 272//1916 1282//1916 1281//1916
f 272//1917 1283//1917 1282//1917
f 272//1918 1284//1918 1283//1918
f 272//1919 1285//1919 1284//1919
f 272//1920 1286//1920 1285//1920
f 272//1921 1287//1921 1286//1921
f 272//1922 1288//1922 1287//1922
f 272//1923 1289//1923 1288//1923
f 272//1924 1290//1924 1289//1924
f 272//1925 1291//1925 1290//1925
f 272//1926 1292//1926 1291//1926
f 272//1927 1293//1927 1292//1927
f 272//1928 1294//1928 1293//1928
f 272//1929 1295//1929 1294//1929
f 272//1930 1296//1930 1295//1930
f 403//1931 1297//1931 1298//1931
f 403//1932 1299//1932 1297//1932
f 403//1933 1300//1933 1299//1933
f 403//1934 1301//1934 1300//1934
f 403//1935 1302//1935 1301//1935
f 403//1936 1303//1936 1302//1936
f 403//1937 1304//1937 1303//1937
f 403//1938 1305//1938 1304//1938
f 403//1939 1306//1939 1305//1939
f 403//1940 1307//1940 1306//1940
f 403//1941 1308//1941 1307//1941
f 403//1942 1240//1942 1308//1942
f 403//1943 1309//1943 1310//1943
f 403//1944 1311//1944 1309//1944
f 403//1945 1312//1945 1311//1945
f 403//1946 1313//1946 1312//1946
f 403//1947 1314//1947 1313//1947
f 403//1948 1315//1948 1314//1948
f 403//1949 1316//1949 1315//1949
f 403//1950 1317//1950 1316//1950
f 403//1951 1318//1951 1317//1951
f 403//1952 1319//1952 1318//1952
f 403//1953 1320//1953 1319//1953
f 403//1954 1321//1954 1320//1954
f 403//1955 1322//1955 1321//1955
f 403//1956 1323//1956 1322//1956
f 403//1957 1324//1957 1323//1957
f 403//1958 1325//1958 1324//1958
f 403//1959 272//1959 1240//1959
f 403//1960 1326//1960 1325//1960
f 403//1961 1327//1961 1326//1961
f 403//1962 1328//1962 1327//1962
f 403//1963 1329//1963 1328//1963
f 403//1964 1330//1964 1329//1964
f 403//1965 1331//1965 1330//1965
f 403//1966 1332//1966 1331//1966
f 403//1967 1333//1967 1332//1967
f 403//1968 1334//1968 1333//1968
f 403//1969 1335//1969 1334//1969
f 403//1970 1336//1970 1335//1970
f 403//1971 1337//1971 1336//1971
f 403//1972 1338//1972 1337//1972
f 403//1973 1339//1973 1338//1973
f 403//1974 1340//1974 1339//1974
f 403//1975 1341//1975 1340//1975
f 403//1976 1342//1976 1341//1976
f 403//1977 1343//1977 1342//1977
f 403//1978 1344//1978 1343//1978
f 403//1979 1345//1979 1344//1979
f 403//1980 1346//1980 1345//1980
f 403//1981 1298//1981 1346//1981
f 272//1982 276//1982 1347//1982
f 1347//1983 276//1983 1348//1983
f 1348//1984 276//1984 1349//1984
f 1349//1985 276//1985 1350//1985
f 1350//1986 276//1986 1351//1986
f 1351//1987 276//1987 1352//1987
f 1352//1988 276//1988 1353//1988
f 1353//1989 276//1989 1354//1989
f 1354//1990 276//1990 1355//1990
f 1355//1991 276//1991 1171//1991
f 272//1992 1347//1992 1356//1992
f 272//1993 1356//1993 1357//1993
f 272//1994 1357//1994 1358//1994
f 272//1995 1358//1995 1359//1995
f 272//1996 1359//1996 1360//1996
f 272//1997 1360//1997 1361//1997
f 272//1998 1361//1998 1296//1998
f 1123//1999 403//1999 1238//1999
f 1238//2000 403//2000 1310//2000
f 1362//2001 1363//2001 279//2001
f 3472//2002 279//2002 1363//2002
f 1364//2003 1362//2003 279//2003
f 3470//2004 279//2004 3472//2004
f 1365//2005 1364//2005 279//2005
f 3469//2006 279//2006 3470//2006
f 1366//2007 1365//2007 279//2007
f 3468//2008 279//2008 3469//2008
f 3476//2009 1366//2009 279//2009
f 3466//2010 279//2010 3468//2010
f 3478//2011 3476//2011 279//2011
f 3464//2012 279//2012 3466//2012
f 3480//2013 3478//2013 279//2013
f 1367//2014 279//2014 3464//2014
f 3482//2015 3480//2015 279//2015
f 1368//2016 279//2016 1367//2016
f 1369//2017 3482//2017 279//2017
f 3460//2018 279//2018 1368//2018
f 3483//2019 1369//2019 279//2019
f 3458//2020 279//2020 3460//2020
f 3485//2021 3483//2021 279//2021
f 1370//2022 279//2022 3458//2022
f 3486//2023 3485//2023 279//2023
f 1371//2024 279//2024 1370//2024
f 3488//2025 3486//2025 279//2025
f 1372//2026 279//2026 1371//2026
f 3490//2027 3488//2027 279//2027
f 1373//2028 279//2028 1372//2028
f 1374//2029 3490//2029 279//2029
f 1375//2030 279//2030 1373//2030
f 3493//2031 1374//2031 279//2031
f 1376//2032 279//2032 1375//2032
f 1377//2033 3493//2033 279//2033
f 3453//2034 279//2034 1376//2034
f 1378//2035 1377//2035 279//2035
f 3451//2036 279//2036 3453//2036
f 1379//2037 1378//2037 279//2037
f 3449//2038 279//2038 3451//2038
f 3496//2039 1379//2039 279//2039
f 3448//2040 279//2040 3449//2040
f 1380//2041 3496//2041 279//2041
f 3447//2042 279//2042 3448//2042
f 1381//2043 1380//2043 279//2043
f 1382//2044 279//2044 3447//2044
f 3498//2045 1381//2045 279//2045
f 1383//2046 279//2046 1382//2046
f 3499//2047 3498//2047 279//2047
f 3446//2048 279//2048 1383//2048
f 3502//2049 3499//2049 279//2049
f 3444//2050 279//2050 3446//2050
f 3503//2051 3502//2051 279//2051
f 3443//2052 279//2052 3444//2052
f 1384//2053 3503//2053 279//2053
f 3442//2054 279//2054 3443//2054
f 1385//2055 1384//2055 279//2055
f 3441//2056 279//2056 3442//2056
f 1386//2057 1385//2057 279//2057
f 1387//2058 1126//2058 279//2058
f 1387//2059 279//2059 3441//2059
f 1388//2060 1126//2060 1387//2060
f 3439//2061 1126//2061 1388//2061
f 3437//2062 1126//2062 3439//2062
f 3436//2063 1126//2063 3437//2063
f 3435//2064 1126//2064 3436//2064
f 3434//2065 1126//2065 3435//2065
f 3432//2066 1126//2066 3434//2066
f 3431//2067 1126//2067 3432//2067
f 3430//2068 1126//2068 3431//2068
f 3429//2069 1126//2069 3430//2069
f 3428//2070 1126//2070 3429//2070
f 1389//2071 1126//2071 3428//2071
f 3425//2072 1126//2072 1389//2072
f 3423//2073 1126//2073 3425//2073
f 3421//2074 1126//2074 3423//2074
f 1390//2075 1126//2075 3421//2075
f 1391//2076 1126//2076 1390//2076
f 3419//2077 1126//2077 1391//2077
f 1392//2078 1126//2078 3419//2078
f 1393//2079 1126//2079 1392//2079
f 1394//2080 1126//2080 1393//2080
f 1395//2081 1126//2081 1394//2081
f 1396//2082 1126//2082 1395//2082
f 1397//2083 1126//2083 1396//2083
f 1398//2084 1126//2084 1397//2084
f 1399//2085 1126//2085 1398//2085
f 1400//2086 1126//2086 1399//2086
f 1401//2087 1126//2087 1400//2087
f 1402//2088 1126//2088 1401//2088
f 1403//2089 1126//2089 1402//2089
f 1404//2090 1126//2090 1403//2090
f 1405//2091 1126//2091 1404//2091
f 1406//2092 1126//2092 1405//2092
f 1407//2093 1126//2093 1406//2093
f 3409//2094 1126//2094 1407//2094
f 3407//2095 1126//2095 3409//2095
f 3405//2096 1126//2096 3407//2096
f 3403//2097 1126//2097 3405//2097
f 1408//2098 1126//2098 3403//2098
f 3401//2099 1126//2099 1408//2099
f 1409//2100 1126//2100 3401//2100
f 3399//2101 1126//2101 1409//2101
f 3397//2102 1126//2102 3399//2102
f 3395//2103 1126//2103 3397//2103
f 3393//2104 1126//2104 3395//2104
f 3392//2105 1126//2105 3393//2105
f 3390//2106 1126//2106 3392//2106
f 284//2107 3529//2107 3527//2107
f 284//2108 3530//2108 3529//2108
f 284//2109 3531//2109 3530//2109
f 284//2110 3533//2110 3531//2110
f 284//2111 3534//2111 3533//2111
f 284//2112 1410//2112 3534//2112
f 284//2113 1411//2113 1410//2113
f 284//2114 3538//2114 1411//2114
f 284//2115 1412//2115 1413//2115
f 284//2116 3506//2116 1412//2116
f 284//2117 1414//2117 3506//2117
f 284//2118 3508//2118 1414//2118
f 284//2119 1415//2119 3508//2119
f 284//2120 3511//2120 1415//2120
f 284//2121 3512//2121 3511//2121
f 284//2122 1416//2122 3512//2122
f 284//2123 1417//2123 1416//2123
f 284//2124 1418//2124 1417//2124
f 284//2125 1419//2125 1418//2125
f 284//2126 1420//2126 1419//2126
f 284//2127 1421//2127 1420//2127
f 284//2128 3515//2128 1421//2128
f 284//2129 3517//2129 3515//2129
f 284//2130 1422//2130 3517//2130
f 284//2131 1423//2131 1422//2131
f 284//2132 1424//2132 1423//2132
f 284//2133 1425//2133 1424//2133
f 284//2134 1426//2134 1425//2134
f 284//2135 1427//2135 1426//2135
f 284//2136 1428//2136 1427//2136
f 284//2137 1429//2137 1428//2137
f 284//2138 1430//2138 1429//2138
f 284//2139 1431//2139 1430//2139
f 284//2140 1432//2140 1431//2140
f 284//2141 1433//2141 1432//2141
f 284//2142 3527//2142 1433//2142
f 1434//2143 1435//2143 3323//2143
f 1434//2144 3325//2144 1435//2144
f 1434//2145 1436//2145 3325//2145
f 1434//2146 1437//2146 1436//2146
f 1434//2147 1438//2147 1437//2147
f 1434//2148 3327//2148 1438//2148
f 1434//2149 1439//2149 3327//2149
f 1434//2150 1440//2150 3538//2150
f 1434//2151 1441//2151 1439//2151
f 1434//2152 3540//2152 1440//2152
f 1434//2153 3330//2153 1441//2153
f 1434//2154 1442//2154 3540//2154
f 1434//2155 1443//2155 3330//2155
f 1434//2156 3541//2156 1442//2156
f 1434//2157 1444//2157 1443//2157
f 1434//2158 1445//2158 3541//2158
f 1434//2159 3333//2159 1444//2159
f 1434//2160 1446//2160 1445//2160
f 1434//2161 3334//2161 3333//2161
f 1434//2162 3544//2162 1446//2162
f 1434//2163 3336//2163 3334//2163
f 1434//2164 3546//2164 3544//2164
f 1434//2165 3337//2165 3336//2165
f 1434//2166 1447//2166 3546//2166
f 1434//2167 3338//2167 3337//2167
f 1434//2168 3549//2168 1447//2168
f 1434//2169 1448//2169 3338//2169
f 1434//2170 3551//2170 3549//2170
f 1434//2171 1449//2171 1448//2171
f 1434//2172 3552//2172 3551//2172
f 1434//2173 3343//2173 1449//2173
f 1434//2174 3554//2174 3552//2174
f 1434//2175 3344//2175 3343//2175
f 1434//2176 3556//2176 3554//2176
f 1434//2177 1450//2177 3344//2177
f 1434//2178 3558//2178 3556//2178
f 1434//2179 1451//2179 1450//2179
f 1434//2180 1452//2180 3558//2180
f 1434//2181 1453//2181 1451//2181
f 1434//2182 1454//2182 1452//2182
f 1434//2183 3347//2183 1453//2183
f 1434//2184 3561//2184 1454//2184
f 1434//2185 3349//2185 3347//2185
f 1434//2186 3563//2186 3561//2186
f 1434//2187 3350//2187 3349//2187
f 1434//2188 3323//2188 3563//2188
f 1434//2189 1455//2189 3350//2189
f 1434//2190 3352//2190 1455//2190
f 1434//2191 3354//2191 3352//2191
f 1434//2192 1456//2192 3354//2192
f 1434//2193 1457//2193 1456//2193
f 1434//2194 1458//2194 1457//2194
f 1434//2195 1459//2195 1458//2195
f 1434//2196 3360//2196 1459//2196
f 1434//2197 1460//2197 3360//2197
f 1434//2198 1461//2198 1460//2198
f 1434//2199 1462//2199 1461//2199
f 1434//2200 1463//2200 1462//2200
f 1434//2201 1464//2201 1463//2201
f 1434//2202 3363//2202 1464//2202
f 1434//2203 3538//2203 284//2203
f 1465//2204 1434//2204 284//2204
f 1465//2205 1466//2205 3322//2205
f 1465//2206 3322//2206 1434//2206
f 1434//2207 1126//2207 3383//2207
f 3383//2208 1126//2208 1467//2208
f 1467//2209 1126//2209 1468//2209
f 1468//2210 1126//2210 1469//2210
f 1469//2211 1126//2211 1470//2211
f 1470//2212 1126//2212 1471//2212
f 1471//2213 1126//2213 1472//2213
f 1472//2214 1126//2214 1473//2214
f 1473//2215 1126//2215 1474//2215
f 1474//2216 1126//2216 1475//2216
f 1475//2217 1126//2217 3390//2217
f 1434//2218 3383//2218 3381//2218
f 1434//2219 3381//2219 3379//2219
f 1434//2220 3379//2220 3377//2220
f 1434//2221 3377//2221 3376//2221
f 1434//2222 3376//2222 3375//2222
f 1434//2223 3375//2223 3374//2223
f 1434//2224 3374//2224 1476//2224
f 1434//2225 1476//2225 3373//2225
f 1434//2226 3373//2226 1477//2226
f 1434//2227 1477//2227 3372//2227
f 1434//2228 3372//2228 1478//2228
f 1434//2229 1478//2229 1479//2229
f 1434//2230 1479//2230 3368//2230
f 1434//2231 3368//2231 1480//2231
f 1434//2232 1480//2232 3365//2232
f 1434//2233 3365//2233 3364//2233
f 1434//2234 3364//2234 3363//2234
f 279//2235 284//2235 1386//2235
f 1386//2236 284//2236 1413//2236
f 1481//2237 1465//2237 284//2237
f 285//2238 1481//2238 284//2238
f 1482//2239 1483//2239 264//2239
f 264//2240 3698//2240 1482//2240
f 1483//2241 1484//2241 264//2241
f 264//2242 3697//2242 3698//2242
f 1484//2243 1485//2243 264//2243
f 264//2244 1486//2244 3697//2244
f 1485//2245 3703//2245 264//2245
f 264//2246 1487//2246 1486//2246
f 3703//2247 1488//2247 264//2247
f 264//2248 3695//2248 1487//2248
f 1488//2249 3706//2249 264//2249
f 264//2250 3693//2250 3695//2250
f 3706//2251 3707//2251 264//2251
f 264//2252 3692//2252 3693//2252
f 3707//2253 1489//2253 264//2253
f 264//2254 1490//2254 3692//2254
f 1489//2255 3709//2255 264//2255
f 264//2256 3690//2256 1490//2256
f 3709//2257 3711//2257 264//2257
f 264//2258 1491//2258 3690//2258
f 3711//2259 1492//2259 264//2259
f 264//2260 1493//2260 1491//2260
f 1492//2261 3713//2261 264//2261
f 264//2262 3688//2262 1493//2262
f 3713//2263 3714//2263 264//2263
f 264//2264 1494//2264 3688//2264
f 3714//2265 3715//2265 264//2265
f 264//2266 3687//2266 1494//2266
f 3715//2267 3716//2267 264//2267
f 264//2268 1495//2268 3687//2268
f 3716//2269 3717//2269 264//2269
f 264//2270 1496//2270 1495//2270
f 3717//2271 3718//2271 264//2271
f 264//2272 1497//2272 1496//2272
f 3718//2273 1498//2273 264//2273
f 264//2274 1499//2274 1497//2274
f 1498//2275 3720//2275 264//2275
f 264//2276 3685//2276 1499//2276
f 3720//2277 3722//2277 264//2277
f 264//2278 1500//2278 3685//2278
f 3722//2279 1501//2279 264//2279
f 264//2280 1502//2280 1500//2280
f 1501//2281 1503//2281 264//2281
f 264//2282 1504//2282 1502//2282
f 1503//2283 3723//2283 264//2283
f 264//2284 3682//2284 1504//2284
f 3723//2285 3725//2285 264//2285
f 264//2286 3681//2286 3682//2286
f 3725//2287 1505//2287 264//2287
f 264//2288 3680//2288 3681//2288
f 1505//2289 3728//2289 264//2289
f 264//2290 3679//2290 3680//2290
f 3728//2291 1506//2291 264//2291
f 264//2292 3678//2292 3679//2292
f 1506//2293 1507//2293 264//2293
f 264//2294 3677//2294 3678//2294
f 1507//2295 3731//2295 264//2295
f 402//2296 1508//2296 264//2296
f 264//2297 1508//2297 3677//2297
f 402//2298 1509//2298 1508//2298
f 402//2299 1510//2299 1509//2299
f 402//2300 1511//2300 1510//2300
f 402//2301 1512//2301 1511//2301
f 402//2302 3674//2302 1512//2302
f 402//2303 3673//2303 3674//2303
f 402//2304 1513//2304 3673//2304
f 402//2305 1514//2305 1513//2305
f 402//2306 1515//2306 1514//2306
f 402//2307 1516//2307 1515//2307
f 402//2308 3671//2308 1516//2308
f 402//2309 1517//2309 3671//2309
f 402//2310 1518//2310 1517//2310
f 402//2311 3669//2311 1518//2311
f 402//2312 3667//2312 3669//2312
f 402//2313 3665//2313 3667//2313
f 402//2314 1519//2314 3665//2314
f 402//2315 1520//2315 1519//2315
f 402//2316 1521//2316 1520//2316
f 402//2317 3663//2317 1521//2317
f 402//2318 1522//2318 3663//2318
f 402//2319 3659//2319 1522//2319
f 402//2320 3658//2320 3659//2320
f 402//2321 1523//2321 3658//2321
f 402//2322 3656//2322 1523//2322
f 402//2323 3654//2323 3656//2323
f 402//2324 1524//2324 3654//2324
f 402//2325 1525//2325 1524//2325
f 402//2326 1526//2326 1525//2326
f 402//2327 1527//2327 1526//2327
f 402//2328 3649//2328 1527//2328
f 402//2329 1528//2329 3649//2329
f 402//2330 3647//2330 1528//2330
f 402//2331 1529//2331 3647//2331
f 402//2332 1530//2332 1529//2332
f 402//2333 1531//2333 1530//2333
f 402//2334 1532//2334 1531//2334
f 402//2335 1533//2335 1532//2335
f 402//2336 1534//2336 1533//2336
f 402//2337 1535//2337 1534//2337
f 402//2338 1536//2338 1535//2338
f 402//2339 3641//2339 1536//2339
f 402//2340 3640//2340 3641//2340
f 402//2341 3639//2341 3640//2341
f 402//2342 3638//2342 3639//2342
f 402//2343 3637//2343 3638//2343
f 402//2344 3636//2344 3637//2344
f 3764//2345 265//2345 3763//2345
f 3765//2346 265//2346 3764//2346
f 1537//2347 265//2347 3765//2347
f 3767//2348 265//2348 1537//2348
f 1538//2349 265//2349 3767//2349
f 1539//2350 265//2350 1538//2350
f 1540//2351 265//2351 1539//2351
f 1541//2352 265//2352 1540//2352
f 3732//2353 265//2353 1542//2353
f 3734//2354 265//2354 3732//2354
f 3735//2355 265//2355 3734//2355
f 3736//2356 265//2356 3735//2356
f 1543//2357 265//2357 3736//2357
f 3738//2358 265//2358 1543//2358
f 1544//2359 265//2359 3738//2359
f 3739//2360 265//2360 1544//2360
f 3740//2361 265//2361 3739//2361
f 1545//2362 265//2362 3740//2362
f 1546//2363 265//2363 1545//2363
f 1547//2364 265//2364 1546//2364
f 3744//2365 265//2365 1547//2365
f 3745//2366 265//2366 3744//2366
f 3746//2367 265//2367 3745//2367
f 1548//2368 265//2368 3746//2368
f 3748//2369 265//2369 1548//2369
f 3749//2370 265//2370 3748//2370
f 3750//2371 265//2371 3749//2371
f 3752//2372 265//2372 3750//2372
f 3754//2373 265//2373 3752//2373
f 3756//2374 265//2374 3754//2374
f 1549//2375 265//2375 3756//2375
f 1550//2376 265//2376 1549//2376
f 1551//2377 265//2377 1550//2377
f 1552//2378 265//2378 1551//2378
f 3762//2379 265//2379 1552//2379
f 3763//2380 265//2380 3762//2380
f 3572//2381 3569//2381 1553//2381
f 3573//2382 3569//2382 3572//2382
f 1554//2383 3569//2383 3573//2383
f 1555//2384 3569//2384 1554//2384
f 3576//2385 3569//2385 1555//2385
f 3577//2386 3569//2386 3576//2386
f 1556//2387 3569//2387 3577//2387
f 3770//2388 3569//2388 1541//2388
f 1557//2389 3569//2389 1556//2389
f 1558//2390 3569//2390 3770//2390
f 1559//2391 3569//2391 1557//2391
f 1560//2392 3569//2392 1558//2392
f 1561//2393 3569//2393 1559//2393
f 3774//2394 3569//2394 1560//2394
f 1562//2395 3569//2395 1561//2395
f 1563//2396 3569//2396 3774//2396
f 3581//2397 3569//2397 1562//2397
f 3776//2398 3569//2398 1563//2398
f 3582//2399 3569//2399 3581//2399
f 3777//2400 3569//2400 3776//2400
f 3583//2401 3569//2401 3582//2401
f 1564//2402 3569//2402 3777//2402
f 1565//2403 3569//2403 3583//2403
f 3778//2404 3569//2404 1564//2404
f 3584//2405 3569//2405 1565//2405
f 3779//2406 3569//2406 3778//2406
f 3586//2407 3569//2407 3584//2407
f 3781//2408 3569//2408 3779//2408
f 3587//2409 3569//2409 3586//2409
f 3782//2410 3569//2410 3781//2410
f 3588//2411 3569//2411 3587//2411
f 3783//2412 3569//2412 3782//2412
f 3589//2413 3569//2413 3588//2413
f 3784//2414 3569//2414 3783//2414
f 1566//2415 3569//2415 3589//2415
f 3786//2416 3569//2416 3784//2416
f 1567//2417 3569//2417 1566//2417
f 1568//2418 3569//2418 3786//2418
f 3592//2419 3569//2419 1567//2419
f 1569//2420 3569//2420 1568//2420
f 1570//2421 3569//2421 3592//2421
f 1571//2422 3569//2422 1569//2422
f 1572//2423 3569//2423 1570//2423
f 3788//2424 3569//2424 1571//2424
f 3596//2425 3569//2425 1572//2425
f 1553//2426 3569//2426 3788//2426
f 3597//2427 3569//2427 3596//2427
f 3599//2428 3569//2428 3597//2428
f 3601//2429 3569//2429 3599//2429
f 3603//2430 3569//2430 3601//2430
f 1573//2431 3569//2431 3603//2431
f 3606//2432 3569//2432 1573//2432
f 1574//2433 3569//2433 3606//2433
f 1575//2434 3569//2434 1574//2434
f 1576//2435 3569//2435 1575//2435
f 3610//2436 3569//2436 1576//2436
f 3611//2437 3569//2437 3610//2437
f 1577//2438 3569//2438 3611//2438
f 1578//2439 3569//2439 1577//2439
f 1579//2440 3569//2440 1578//2440
f 1541//2441 3569//2441 265//2441
f 3569//2442 1580//2442 265//2442
f 3566//2443 1580//2443 3567//2443
f 3567//2444 1580//2444 3569//2444
f 402//2445 3569//2445 3623//2445
f 402//2446 3623//2446 3625//2446
f 402//2447 3625//2447 3627//2447
f 402//2448 3627//2448 3628//2448
f 402//2449 3628//2449 3631//2449
f 402//2450 3631//2450 1581//2450
f 402//2451 1581//2451 1582//2451
f 402//2452 1582//2452 3634//2452
f 402//2453 3634//2453 1583//2453
f 402//2454 1583//2454 1584//2454
f 402//2455 1584//2455 3636//2455
f 3623//2456 3569//2456 3621//2456
f 3621//2457 3569//2457 1585//2457
f 1585//2458 3569//2458 3618//2458
f 3618//2459 3569//2459 1586//2459
f 1586//2460 3569//2460 1587//2460
f 1587//2461 3569//2461 3617//2461
f 3617//2462 3569//2462 1588//2462
f 1588//2463 3569//2463 3616//2463
f 3616//2464 3569//2464 3615//2464
f 3615//2465 3569//2465 1589//2465
f 1589//2466 3569//2466 1590//2466
f 1590//2467 3569//2467 1591//2467
f 1591//2468 3569//2468 3614//2468
f 3614//2469 3569//2469 3613//2469
f 3613//2470 3569//2470 1592//2470
f 1592//2471 3569//2471 1593//2471
f 1593//2472 3569//2472 1579//2472
f 265//2473 264//2473 3731//2473
f 265//2474 3731//2474 1542//2474
f 1594//2475 1595//2475 273//2475
f 273//2476 1596//2476 1594//2476
f 1595//2477 3473//2477 273//2477
f 273//2478 3471//2478 1596//2478
f 3473//2479 3474//2479 273//2479
f 273//2480 1597//2480 3471//2480
f 3474//2481 3475//2481 273//2481
f 273//2482 1598//2482 1597//2482
f 3475//2483 3477//2483 273//2483
f 273//2484 3467//2484 1598//2484
f 3477//2485 3479//2485 273//2485
f 273//2486 3465//2486 3467//2486
f 3479//2487 3481//2487 273//2487
f 273//2488 3463//2488 3465//2488
f 3481//2489 1599//2489 273//2489
f 273//2490 3462//2490 3463//2490
f 1599//2491 1600//2491 273//2491
f 273//2492 3461//2492 3462//2492
f 1600//2493 1601//2493 273//2493
f 273//2494 3459//2494 3461//2494
f 1601//2495 3484//2495 273//2495
f 273//2496 3457//2496 3459//2496
f 3484//2497 3487//2497 273//2497
f 273//2498 1602//2498 3457//2498
f 3487//2499 3489//2499 273//2499
f 273//2500 1603//2500 1602//2500
f 3489//2501 3491//2501 273//2501
f 273//2502 1604//2502 1603//2502
f 3491//2503 3492//2503 273//2503
f 273//2504 3456//2504 1604//2504
f 3492//2505 3494//2505 273//2505
f 273//2506 3455//2506 3456//2506
f 3494//2507 3495//2507 273//2507
f 273//2508 3454//2508 3455//2508
f 3495//2509 1605//2509 273//2509
f 273//2510 3452//2510 3454//2510
f 1605//2511 1606//2511 273//2511
f 273//2512 3450//2512 3452//2512
f 1606//2513 3497//2513 273//2513
f 273//2514 1607//2514 3450//2514
f 3497//2515 1608//2515 273//2515
f 273//2516 1609//2516 1607//2516
f 1608//2517 1610//2517 273//2517
f 273//2518 1611//2518 1609//2518
f 1610//2519 1612//2519 273//2519
f 273//2520 1613//2520 1611//2520
f 1612//2521 3500//2521 273//2521
f 273//2522 1614//2522 1613//2522
f 3500//2523 3501//2523 273//2523
f 273//2524 3445//2524 1614//2524
f 3501//2525 3504//2525 273//2525
f 273//2526 1615//2526 3445//2526
f 3504//2527 1616//2527 273//2527
f 273//2528 1617//2528 1615//2528
f 1616//2529 1618//2529 273//2529
f 273//2530 1619//2530 1617//2530
f 1618//2531 3505//2531 273//2531
f 1130//2532 1620//2532 273//2532
f 273//2533 1620//2533 1619//2533
f 1130//2534 1621//2534 1620//2534
f 1130//2535 3440//2535 1621//2535
f 1130//2536 3438//2536 3440//2536
f 1130//2537 1622//2537 3438//2537
f 1130//2538 1623//2538 1622//2538
f 1130//2539 1624//2539 1623//2539
f 1130//2540 3433//2540 1624//2540
f 1130//2541 1625//2541 3433//2541
f 1130//2542 1626//2542 1625//2542
f 1130//2543 1627//2543 1626//2543
f 1130//2544 1628//2544 1627//2544
f 1130//2545 3427//2545 1628//2545
f 1130//2546 3426//2546 3427//2546
f 1130//2547 3424//2547 3426//2547
f 1130//2548 3422//2548 3424//2548
f 1130//2549 1629//2549 3422//2549
f 1130//2550 1630//2550 1629//2550
f 1130//2551 3420//2551 1630//2551
f 1130//2552 1631//2552 3420//2552
f 1130//2553 1632//2553 1631//2553
f 1130//2554 1633//2554 1632//2554
f 1130//2555 3418//2555 1633//2555
f 1130//2556 3417//2556 3418//2556
f 1130//2557 1634//2557 3417//2557
f 1130//2558 3416//2558 1634//2558
f 1130//2559 3415//2559 3416//2559
f 1130//2560 3414//2560 3415//2560
f 1130//2561 1635//2561 3414//2561
f 1130//2562 3413//2562 1635//2562
f 1130//2563 1636//2563 3413//2563
f 1130//2564 3412//2564 1636//2564
f 1130//2565 3411//2565 3412//2565
f 1130//2566 3410//2566 3411//2566
f 1130//2567 1637//2567 3410//2567
f 1130//2568 1638//2568 1637//2568
f 1130//2569 3408//2569 1638//2569
f 1130//2570 3406//2570 3408//2570
f 1130//2571 3404//2571 3406//2571
f 1130//2572 1639//2572 3404//2572
f 1130//2573 3402//2573 1639//2573
f 1130//2574 1640//2574 3402//2574
f 1130//2575 3400//2575 1640//2575
f 1130//2576 3398//2576 3400//2576
f 1130//2577 3396//2577 3398//2577
f 1130//2578 3394//2578 3396//2578
f 1130//2579 3391//2579 3394//2579
f 1130//2580 3389//2580 3391//2580
f 1641//2581 285//2581 3528//2581
f 1642//2582 285//2582 1641//2582
f 3532//2583 285//2583 1642//2583
f 1643//2584 285//2584 3532//2584
f 3535//2585 285//2585 1643//2585
f 3536//2586 285//2586 3535//2586
f 3537//2587 285//2587 3536//2587
f 1644//2588 285//2588 3537//2588
f 1645//2589 285//2589 1646//2589
f 3507//2590 285//2590 1645//2590
f 1647//2591 285//2591 3507//2591
f 3509//2592 285//2592 1647//2592
f 3510//2593 285//2593 3509//2593
f 1648//2594 285//2594 3510//2594
f 1649//2595 285//2595 1648//2595
f 1650//2596 285//2596 1649//2596
f 3513//2597 285//2597 1650//2597
f 1651//2598 285//2598 3513//2598
f 1652//2599 285//2599 1651//2599
f 1653//2600 285//2600 1652//2600
f 3514//2601 285//2601 1653//2601
f 3516//2602 285//2602 3514//2602
f 3518//2603 285//2603 3516//2603
f 3519//2604 285//2604 3518//2604
f 3520//2605 285//2605 3519//2605
f 3521//2606 285//2606 3520//2606
f 3522//2607 285//2607 3521//2607
f 3523//2608 285//2608 3522//2608
f 3524//2609 285//2609 3523//2609
f 1654//2610 285//2610 3524//2610
f 1655//2611 285//2611 1654//2611
f 3525//2612 285//2612 1655//2612
f 1656//2613 285//2613 3525//2613
f 1657//2614 285//2614 1656//2614
f 3526//2615 285//2615 1657//2615
f 3528//2616 285//2616 3526//2616
f 3324//2617 1658//2617 1659//2617
f 1660//2618 1658//2618 3324//2618
f 1661//2619 1658//2619 1660//2619
f 1662//2620 1658//2620 1661//2620
f 3326//2621 1658//2621 1662//2621
f 3328//2622 1658//2622 3326//2622
f 3329//2623 1658//2623 3328//2623
f 3539//2624 1658//2624 1644//2624
f 1663//2625 1658//2625 3329//2625
f 1664//2626 1658//2626 3539//2626
f 3331//2627 1658//2627 1663//2627
f 1665//2628 1658//2628 1664//2628
f 3332//2629 1658//2629 3331//2629
f 1666//2630 1658//2630 1665//2630
f 1667//2631 1658//2631 3332//2631
f 3542//2632 1658//2632 1666//2632
f 1668//2633 1658//2633 1667//2633
f 3543//2634 1658//2634 3542//2634
f 3335//2635 1658//2635 1668//2635
f 3545//2636 1658//2636 3543//2636
f 1669//2637 1658//2637 3335//2637
f 3547//2638 1658//2638 3545//2638
f 1670//2639 1658//2639 1669//2639
f 3548//2640 1658//2640 3547//2640
f 3339//2641 1658//2641 1670//2641
f 3550//2642 1658//2642 3548//2642
f 3340//2643 1658//2643 3339//2643
f 1671//2644 1658//2644 3550//2644
f 3341//2645 1658//2645 3340//2645
f 3553//2646 1658//2646 1671//2646
f 3342//2647 1658//2647 3341//2647
f 3555//2648 1658//2648 3553//2648
f 1672//2649 1658//2649 3342//2649
f 3557//2650 1658//2650 3555//2650
f 1673//2651 1658//2651 1672//2651
f 3559//2652 1658//2652 3557//2652
f 3345//2653 1658//2653 1673//2653
f 3560//2654 1658//2654 3559//2654
f 3346//2655 1658//2655 3345//2655
f 1674//2656 1658//2656 3560//2656
f 3348//2657 1658//2657 3346//2657
f 3562//2658 1658//2658 1674//2658
f 1675//2659 1658//2659 3348//2659
f 3564//2660 1658//2660 3562//2660
f 3351//2661 1658//2661 1675//2661
f 1659//2662 1658//2662 3564//2662
f 1676//2663 1658//2663 3351//2663
f 3353//2664 1658//2664 1676//2664
f 1677//2665 1658//2665 3353//2665
f 3355//2666 1658//2666 1677//2666
f 3356//2667 1658//2667 3355//2667
f 3357//2668 1658//2668 3356//2668
f 3358//2669 1658//2669 3357//2669
f 3359//2670 1658//2670 3358//2670
f 3361//2671 1658//2671 3359//2671
f 3362//2672 1658//2672 3361//2672
f 1678//2673 1658//2673 3362//2673
f 1679//2674 1658//2674 1678//2674
f 1680//2675 1658//2675 1679//2675
f 1681//2676 1658//2676 1680//2676
f 1644//2677 1658//2677 285//2677
f 1658//2678 1481//2678 285//2678
f 3321//2679 1481//2679 1682//2679
f 1682//2680 1481//2680 1658//2680
f 1130//2681 1658//2681 1683//2681
f 1130//2682 1683//2682 3384//2682
f 1130//2683 3384//2683 1684//2683
f 1130//2684 1684//2684 1685//2684
f 1130//2685 1685//2685 1686//2685
f 1130//2686 1686//2686 1687//2686
f 1130//2687 1687//2687 3385//2687
f 1130//2688 3385//2688 3386//2688
f 1130//2689 3386//2689 3387//2689
f 1130//2690 3387//2690 3388//2690
f 1130//2691 3388//2691 3389//2691
f 1683//2692 1658//2692 3382//2692
f 3382//2693 1658//2693 3380//2693
f 3380//2694 1658//2694 3378//2694
f 3378//2695 1658//2695 1688//2695
f 1688//2696 1658//2696 1689//2696
f 1689//2697 1658//2697 1690//2697
f 1690//2698 1658//2698 1691//2698
f 1691//2699 1658//2699 1692//2699
f 1692//2700 1658//2700 1693//2700
f 1693//2701 1658//2701 3371//2701
f 3371//2702 1658//2702 3370//2702
f 3370//2703 1658//2703 3369//2703
f 3369//2704 1658//2704 3367//2704
f 3367//2705 1658//2705 1694//2705
f 1694//2706 1658//2706 3366//2706
f 3366//2707 1658//2707 1695//2707
f 1695//2708 1658//2708 1681//2708
f 285//2709 273//2709 3505//2709
f 285//2710 3505//2710 1646//2710
f 1580//2711 1696//2711 266//2711
f 265//2712 1580//2712 266//2712
f 3700//2713 3699//2713 256//2713
f 1697//2714 256//2714 3699//2714
f 3701//2715 3700//2715 256//2715
f 1698//2716 256//2716 1697//2716
f 3702//2717 3701//2717 256//2717
f 3696//2718 256//2718 1698//2718
f 1699//2719 3702//2719 256//2719
f 1700//2720 256//2720 3696//2720
f 3704//2721 1699//2721 256//2721
f 3694//2722 256//2722 1700//2722
f 3705//2723 3704//2723 256//2723
f 1701//2724 256//2724 3694//2724
f 1702//2725 3705//2725 256//2725
f 3691//2726 256//2726 1701//2726
f 1703//2727 1702//2727 256//2727
f 1704//2728 256//2728 3691//2728
f 3708//2729 1703//2729 256//2729
f 1705//2730 256//2730 1704//2730
f 3710//2731 3708//2731 256//2731
f 1706//2732 256//2732 1705//2732
f 1707//2733 3710//2733 256//2733
f 3689//2734 256//2734 1706//2734
f 3712//2735 1707//2735 256//2735
f 1708//2736 256//2736 3689//2736
f 1709//2737 3712//2737 256//2737
f 1710//2738 256//2738 1708//2738
f 1711//2739 1709//2739 256//2739
f 3686//2740 256//2740 1710//2740
f 1712//2741 1711//2741 256//2741
f 1713//2742 256//2742 3686//2742
f 1714//2743 1712//2743 256//2743
f 1715//2744 256//2744 1713//2744
f 1716//2745 1714//2745 256//2745
f 1717//2746 256//2746 1715//2746
f 1718//2747 1716//2747 256//2747
f 1719//2748 256//2748 1717//2748
f 3719//2749 1718//2749 256//2749
f 3684//2750 256//2750 1719//2750
f 3721//2751 3719//2751 256//2751
f 1720//2752 256//2752 3684//2752
f 1721//2753 3721//2753 256//2753
f 3683//2754 256//2754 1720//2754
f 1722//2755 1721//2755 256//2755
f 1723//2756 256//2756 3683//2756
f 1724//2757 1722//2757 256//2757
f 1725//2758 256//2758 1723//2758
f 3724//2759 1724//2759 256//2759
f 1726//2760 256//2760 1725//2760
f 3726//2761 3724//2761 256//2761
f 1727//2762 256//2762 1726//2762
f 3727//2763 3726//2763 256//2763
f 1728//2764 256//2764 1727//2764
f 3729//2765 3727//2765 256//2765
f 1729//2766 256//2766 1728//2766
f 1730//2767 3729//2767 256//2767
f 1731//2768 256//2768 1729//2768
f 3730//2769 1730//2769 256//2769
f 3676//2770 398//2770 256//2770
f 3676//2771 256//2771 1731//2771
f 1732//2772 398//2772 3676//2772
f 3675//2773 398//2773 1732//2773
f 1733//2774 398//2774 3675//2774
f 1734//2775 398//2775 1733//2775
f 1735//2776 398//2776 1734//2776
f 1736//2777 398//2777 1735//2777
f 3672//2778 398//2778 1736//2778
f 1737//2779 398//2779 3672//2779
f 1738//2780 398//2780 1737//2780
f 1739//2781 398//2781 1738//2781
f 1740//2782 398//2782 1739//2782
f 1741//2783 398//2783 1740//2783
f 3670//2784 398//2784 1741//2784
f 3668//2785 398//2785 3670//2785
f 3666//2786 398//2786 3668//2786
f 3664//2787 398//2787 3666//2787
f 1742//2788 398//2788 3664//2788
f 1743//2789 398//2789 1742//2789
f 1744//2790 398//2790 1743//2790
f 3662//2791 398//2791 1744//2791
f 3661//2792 398//2792 3662//2792
f 3660//2793 398//2793 3661//2793
f 1745//2794 398//2794 3660//2794
f 3657//2795 398//2795 1745//2795
f 3655//2796 398//2796 3657//2796
f 3653//2797 398//2797 3655//2797
f 3652//2798 398//2798 3653//2798
f 3651//2799 398//2799 3652//2799
f 3650//2800 398//2800 3651//2800
f 1746//2801 398//2801 3650//2801
f 1747//2802 398//2802 1746//2802
f 3648//2803 398//2803 1747//2803
f 1748//2804 398//2804 3648//2804
f 1749//2805 398//2805 1748//2805
f 3646//2806 398//2806 1749//2806
f 3645//2807 398//2807 3646//2807
f 3644//2808 398//2808 3645//2808
f 3643//2809 398//2809 3644//2809
f 1750//2810 398//2810 3643//2810
f 3642//2811 398//2811 1750//2811
f 1751//2812 398//2812 3642//2812
f 1752//2813 398//2813 1751//2813
f 1753//2814 398//2814 1752//2814
f 1754//2815 398//2815 1753//2815
f 1755//2816 398//2816 1754//2816
f 1756//2817 398//2817 1755//2817
f 1757//2818 398//2818 1756//2818
f 266//2819 1758//2819 1759//2819
f 266//2820 1760//2820 1758//2820
f 266//2821 3766//2821 1760//2821
f 266//2822 1761//2822 3766//2822
f 266//2823 3768//2823 1761//2823
f 266//2824 3769//2824 3768//2824
f 266//2825 1762//2825 3769//2825
f 266//2826 1763//2826 1762//2826
f 266//2827 1764//2827 1765//2827
f 266//2828 3733//2828 1764//2828
f 266//2829 1766//2829 3733//2829
f 266//2830 1767//2830 1766//2830
f 266//2831 3737//2831 1767//2831
f 266//2832 1768//2832 3737//2832
f 266//2833 1769//2833 1768//2833
f 266//2834 1770//2834 1769//2834
f 266//2835 1771//2835 1770//2835
f 266//2836 3741//2836 1771//2836
f 266//2837 1772//2837 3741//2837
f 266//2838 3742//2838 1772//2838
f 266//2839 3743//2839 3742//2839
f 266//2840 1773//2840 3743//2840
f 266//2841 1774//2841 1773//2841
f 266//2842 3747//2842 1774//2842
f 266//2843 1775//2843 3747//2843
f 266//2844 1776//2844 1775//2844
f 266//2845 1777//2845 1776//2845
f 266//2846 3751//2846 1777//2846
f 266//2847 3753//2847 3751//2847
f 266//2848 3755//2848 3753//2848
f 266//2849 3757//2849 3755//2849
f 266//2850 3758//2850 3757//2850
f 266//2851 3759//2851 3758//2851
f 266//2852 3760//2852 3759//2852
f 266//2853 3761//2853 3760//2853
f 266//2854 1759//2854 3761//2854
f 3570//2855 3571//2855 1778//2855
f 3570//2856 1779//2856 3571//2856
f 3570//2857 3574//2857 1779//2857
f 3570//2858 3575//2858 3574//2858
f 3570//2859 1780//2859 3575//2859
f 3570//2860 1781//2860 1780//2860
f 3570//2861 3578//2861 1781//2861
f 3570//2862 1782//2862 1763//2862
f 3570//2863 1783//2863 3578//2863
f 3570//2864 3771//2864 1782//2864
f 3570//2865 3579//2865 1783//2865
f 3570//2866 3772//2866 3771//2866
f 3570//2867 1784//2867 3579//2867
f 3570//2868 3773//2868 3772//2868
f 3570//2869 3580//2869 1784//2869
f 3570//2870 3775//2870 3773//2870
f 3570//2871 1785//2871 3580//2871
f 3570//2872 1786//2872 3775//2872
f 3570//2873 1787//2873 1785//2873
f 3570//2874 1788//2874 1786//2874
f 3570//2875 1789//2875 1787//2875
f 3570//2876 1790//2876 1788//2876
f 3570//2877 1791//2877 1789//2877
f 3570//2878 1792//2878 1790//2878
f 3570//2879 1793//2879 1791//2879
f 3570//2880 1794//2880 1792//2880
f 3570//2881 3585//2881 1793//2881
f 3570//2882 3780//2882 1794//2882
f 3570//2883 1795//2883 3585//2883
f 3570//2884 1796//2884 3780//2884
f 3570//2885 1797//2885 1795//2885
f 3570//2886 1798//2886 1796//2886
f 3570//2887 1799//2887 1797//2887
f 3570//2888 1800//2888 1798//2888
f 3570//2889 3590//2889 1799//2889
f 3570//2890 3785//2890 1800//2890
f 3570//2891 1801//2891 3590//2891
f 3570//2892 1802//2892 3785//2892
f 3570//2893 3591//2893 1801//2893
f 3570//2894 1803//2894 1802//2894
f 3570//2895 3593//2895 3591//2895
f 3570//2896 3787//2896 1803//2896
f 3570//2897 3594//2897 3593//2897
f 3570//2898 1804//2898 3787//2898
f 3570//2899 3595//2899 3594//2899
f 3570//2900 1778//2900 1804//2900
f 3570//2901 1805//2901 3595//2901
f 3570//2902 3598//2902 1805//2902
f 3570//2903 3600//2903 3598//2903
f 3570//2904 3602//2904 3600//2904
f 3570//2905 3604//2905 3602//2905
f 3570//2906 3605//2906 3604//2906
f 3570//2907 3607//2907 3605//2907
f 3570//2908 3608//2908 3607//2908
f 3570//2909 1806//2909 3608//2909
f 3570//2910 3609//2910 1806//2910
f 3570//2911 1807//2911 3609//2911
f 3570//2912 3612//2912 1807//2912
f 3570//2913 1808//2913 3612//2913
f 3570//2914 1809//2914 1808//2914
f 3570//2915 1763//2915 266//2915
f 1696//2916 3570//2916 266//2916
f 1696//2917 3565//2917 3568//2917
f 1696//2918 3568//2918 3570//2918
f 3570//2919 398//2919 3622//2919
f 3622//2920 398//2920 3624//2920
f 3624//2921 398//2921 3626//2921
f 3626//2922 398//2922 3629//2922
f 3629//2923 398//2923 3630//2923
f 3630//2924 398//2924 3632//2924
f 3632//2925 398//2925 3633//2925
f 3633//2926 398//2926 1810//2926
f 1810//2927 398//2927 3635//2927
f 3635//2928 398//2928 1811//2928
f 1811//2929 398//2929 1757//2929
f 3570//2930 3622//2930 3620//2930
f 3570//2931 3620//2931 3619//2931
f 3570//2932 3619//2932 1812//2932
f 3570//2933 1812//2933 1813//2933
f 3570//2934 1813//2934 1814//2934
f 3570//2935 1814//2935 1815//2935
f 3570//2936 1815//2936 1816//2936
f 3570//2937 1816//2937 1817//2937
f 3570//2938 1817//2938 1818//2938
f 3570//2939 1818//2939 1819//2939
f 3570//2940 1819//2940 1820//2940
f 3570//2941 1820//2941 1821//2941
f 3570//2942 1821//2942 1822//2942
f 3570//2943 1822//2943 1823//2943
f 3570//2944 1823//2944 1824//2944
f 3570//2945 1824//2945 1825//2945
f 3570//2946 1825//2946 1809//2946
f 256//2947 266//2947 3730//2947
f 3730//2948 266//2948 1765//2948
f 1826//2949 1827//2949 283//2949
f 1828//2950 283//2950 1827//2950
f 1829//2951 1826//2951 283//2951
f 1830//2952 283//2952 1828//2952
f 1831//2953 1829//2953 283//2953
f 1832//2954 283//2954 1830//2954
f 1833//2955 1831//2955 283//2955
f 1834//2956 283//2956 1832//2956
f 1835//2957 1833//2957 283//2957
f 1836//2958 283//2958 1834//2958
f 1837//2959 1835//2959 283//2959
f 1838//2960 283//2960 1836//2960
f 1839//2961 1837//2961 283//2961
f 1840//2962 283//2962 1838//2962
f 1841//2963 1839//2963 283//2963
f 1842//2964 283//2964 1840//2964
f 1843//2965 1841//2965 283//2965
f 1844//2966 283//2966 1842//2966
f 1845//2967 1843//2967 283//2967
f 1846//2968 283//2968 1844//2968
f 1847//2969 1845//2969 283//2969
f 1848//2970 283//2970 1846//2970
f 1849//2971 1847//2971 283//2971
f 1850//2972 283//2972 1848//2972
f 1851//2973 1849//2973 283//2973
f 1852//2974 283//2974 1850//2974
f 1853//2975 1851//2975 283//2975
f 1854//2976 283//2976 1852//2976
f 1855//2977 1853//2977 283//2977
f 1856//2978 283//2978 1854//2978
f 1857//2979 1855//2979 283//2979
f 1858//2980 283//2980 1856//2980
f 1859//2981 1857//2981 283//2981
f 1860//2982 283//2982 1858//2982
f 1861//2983 1859//2983 283//2983
f 1862//2984 283//2984 1860//2984
f 1863//2985 1861//2985 283//2985
f 1864//2986 283//2986 1862//2986
f 1865//2987 1863//2987 283//2987
f 1866//2988 1865//2988 283//2988
f 1867//2989 1866//2989 283//2989
f 1868//2990 1867//2990 283//2990
f 1869//2991 1868//2991 283//2991
f 1870//2992 1869//2992 283//2992
f 1871//2993 1870//2993 283//2993
f 1872//2994 1871//2994 283//2994
f 1873//2995 1872//2995 283//2995
f 1874//2996 1873//2996 283//2996
f 1875//2997 1874//2997 283//2997
f 1876//2998 1875//2998 283//2998
f 1877//2999 1876//2999 283//2999
f 1878//3000 1877//3000 283//3000
f 1879//3001 1878//3001 283//3001
f 1880//3002 283//3002 1881//3002
f 1880//3003 1879//3003 283//3003
f 1882//3004 1880//3004 1881//3004
f 1883//3005 1882//3005 1881//3005
f 1884//3006 1883//3006 1881//3006
f 1885//3007 1884//3007 1881//3007
f 1886//3008 1885//3008 1881//3008
f 1887//3009 1886//3009 1881//3009
f 1888//3010 1887//3010 1881//3010
f 1889//3011 1888//3011 1881//3011
f 1890//3012 1889//3012 1881//3012
f 1891//3013 1890//3013 1881//3013
f 1892//3014 1891//3014 1881//3014
f 1893//3015 1892//3015 1881//3015
f 1894//3016 1893//3016 1881//3016
f 1895//3017 1894//3017 1881//3017
f 1896//3018 1895//3018 1881//3018
f 1897//3019 1896//3019 1881//3019
f 1898//3020 1897//3020 1881//3020
f 1899//3021 1898//3021 1881//3021
f 1900//3022 1899//3022 1881//3022
f 1901//3023 1900//3023 1881//3023
f 1902//3024 1901//3024 1881//3024
f 1903//3025 1902//3025 1881//3025
f 1904//3026 1903//3026 1881//3026
f 1905//3027 1904//3027 1881//3027
f 1906//3028 1905//3028 1881//3028
f 1907//3029 1906//3029 1881//3029
f 1908//3030 1907//3030 1881//3030
f 1909//3031 1908//3031 1881//3031
f 1910//3032 1909//3032 1881//3032
f 1911//3033 1910//3033 1881//3033
f 1912//3034 1911//3034 1881//3034
f 1913//3035 1912//3035 1881//3035
f 1914//3036 1913//3036 1881//3036
f 1915//3037 1914//3037 1881//3037
f 1916//3038 1915//3038 1881//3038
f 1917//3039 1916//3039 1881//3039
f 1918//3040 1917//3040 1881//3040
f 1919//3041 1918//3041 1881//3041
f 1920//3042 1919//3042 1881//3042
f 1921//3043 1920//3043 1881//3043
f 1922//3044 1921//3044 1881//3044
f 1923//3045 1922//3045 1881//3045
f 1924//3046 1923//3046 1881//3046
f 1925//3047 1924//3047 1881//3047
f 1926//3048 1925//3048 1881//3048
f 1927//3049 1926//3049 1881//3049
f 1928//3050 1927//3050 1881//3050
f 1929//3051 1928//3051 1881//3051
f 1930//3052 1929//3052 1881//3052
f 1931//3053 1930//3053 1881//3053
f 1932//3054 1931//3054 1881//3054
f 271//3055 1933//3055 1934//3055
f 271//3056 1935//3056 1933//3056
f 271//3057 1936//3057 1935//3057
f 271//3058 1937//3058 1936//3058
f 271//3059 1938//3059 1937//3059
f 271//3060 1939//3060 1938//3060
f 271//3061 1940//3061 1939//3061
f 271//3062 1941//3062 1940//3062
f 271//3063 1942//3063 1941//3063
f 271//3064 1943//3064 1942//3064
f 271//3065 1944//3065 1943//3065
f 271//3066 1945//3066 1944//3066
f 271//3067 1946//3067 1945//3067
f 271//3068 1947//3068 1946//3068
f 271//3069 1948//3069 1947//3069
f 271//3070 1949//3070 1948//3070
f 271//3071 1950//3071 1949//3071
f 271//3072 1951//3072 1950//3072
f 271//3073 1952//3073 1951//3073
f 271//3074 1953//3074 1952//3074
f 271//3075 1954//3075 1953//3075
f 271//3076 1955//3076 1954//3076
f 271//3077 1956//3077 1955//3077
f 271//3078 1957//3078 1956//3078
f 271//3079 1958//3079 1957//3079
f 271//3080 1959//3080 1958//3080
f 271//3081 1960//3081 1959//3081
f 271//3082 1961//3082 1960//3082
f 271//3083 1962//3083 1961//3083
f 271//3084 1963//3084 1962//3084
f 271//3085 1964//3085 1963//3085
f 271//3086 1965//3086 1964//3086
f 271//3087 1966//3087 1965//3087
f 271//3088 1967//3088 1966//3088
f 271//3089 1968//3089 1967//3089
f 271//3090 1969//3090 1968//3090
f 271//3091 1970//3091 1969//3091
f 271//3092 1971//3092 1970//3092
f 271//3093 1972//3093 1971//3093
f 271//3094 1973//3094 1972//3094
f 271//3095 1974//3095 1973//3095
f 271//3096 1975//3096 1974//3096
f 271//3097 1976//3097 1975//3097
f 271//3098 1977//3098 1976//3098
f 271//3099 1978//3099 1977//3099
f 271//3100 1979//3100 1978//3100
f 271//3101 1980//3101 1979//3101
f 271//3102 1981//3102 1980//3102
f 271//3103 1982//3103 1981//3103
f 271//3104 1983//3104 1982//3104
f 271//3105 1984//3105 1983//3105
f 271//3106 1985//3106 1984//3106
f 271//3107 1986//3107 1985//3107
f 271//3108 1987//3108 1986//3108
f 271//3109 1988//3109 1987//3109
f 271//3110 1989//3110 1988//3110
f 271//3111 1990//3111 1989//3111
f 1131//3112 1991//3112 1992//3112
f 1131//3113 1993//3113 1991//3113
f 1131//3114 1994//3114 1993//3114
f 1131//3115 1995//3115 1994//3115
f 1131//3116 1996//3116 1995//3116
f 1131//3117 1997//3117 1996//3117
f 1131//3118 1998//3118 1997//3118
f 1131//3119 1999//3119 1998//3119
f 1131//3120 2000//3120 1999//3120
f 1131//3121 2001//3121 2000//3121
f 1131//3122 2002//3122 2001//3122
f 1131//3123 1934//3123 2002//3123
f 1131//3124 2003//3124 2004//3124
f 1131//3125 2005//3125 2003//3125
f 1131//3126 2006//3126 2005//3126
f 1131//3127 2007//3127 2006//3127
f 1131//3128 2008//3128 2007//3128
f 1131//3129 2009//3129 2008//3129
f 1131//3130 2010//3130 2009//3130
f 1131//3131 2011//3131 2010//3131
f 1131//3132 2012//3132 2011//3132
f 1131//3133 2013//3133 2012//3133
f 1131//3134 2014//3134 2013//3134
f 1131//3135 2015//3135 2014//3135
f 1131//3136 2016//3136 2015//3136
f 1131//3137 2017//3137 2016//3137
f 1131//3138 2018//3138 2017//3138
f 1131//3139 2019//3139 2018//3139
f 1131//3140 2020//3140 2019//3140
f 1131//3141 271//3141 1934//3141
f 1131//3142 2021//3142 2020//3142
f 1131//3143 2022//3143 2021//3143
f 1131//3144 2023//3144 2022//3144
f 1131//3145 2024//3145 2023//3145
f 1131//3146 2025//3146 2024//3146
f 1131//3147 2026//3147 2025//3147
f 1131//3148 2027//3148 2026//3148
f 1131//3149 2028//3149 2027//3149
f 1131//3150 2029//3150 2028//3150
f 1131//3151 2030//3151 2029//3151
f 1131//3152 2031//3152 2030//3152
f 1131//3153 2032//3153 2031//3153
f 1131//3154 2033//3154 2032//3154
f 1131//3155 2034//3155 2033//3155
f 1131//3156 2035//3156 2034//3156
f 1131//3157 2036//3157 2035//3157
f 1131//3158 2037//3158 2036//3158
f 1131//3159 2038//3159 2037//3159
f 1131//3160 2039//3160 2038//3160
f 1131//3161 2040//3161 2039//3161
f 1131//3162 1992//3162 2040//3162
f 271//3163 283//3163 2041//3163
f 2041//3164 283//3164 2042//3164
f 2042//3165 283//3165 2043//3165
f 2043//3166 283//3166 2044//3166
f 2044//3167 283//3167 2045//3167
f 2045//3168 283//3168 2046//3168
f 2046//3169 283//3169 2047//3169
f 2047//3170 283//3170 2048//3170
f 2048//3171 283//3171 2049//3171
f 2049//3172 283//3172 1864//3172
f 271//3173 2041//3173 2050//3173
f 271//3174 2050//3174 2051//3174
f 271//3175 2051//3175 2052//3175
f 271//3176 2052//3176 2053//3176
f 271//3177 2053//3177 2054//3177
f 271//3178 2054//3178 2055//3178
f 271//3179 2055//3179 1990//3179
f 1881//3180 1131//3180 1932//3180
f 1932//3181 1131//3181 2004//3181
f 1881//3182 2056//3182 2057//3182
f 2058//3183 2056//3183 1881//3183
f 283//3184 2058//3184 1881//3184
f 3063//3185 2059//3185 396//3185
f 396//3186 2060//3186 3063//3186
f 2059//3187 2061//3187 396//3187
f 396//3188 2062//3188 2060//3188
f 2061//3189 2063//3189 396//3189
f 396//3190 2064//3190 2062//3190
f 2063//3191 3067//3191 396//3191
f 396//3192 3059//3192 2064//3192
f 3067//3193 2065//3193 396//3193
f 396//3194 2066//3194 3059//3194
f 2065//3195 3070//3195 396//3195
f 396//3196 2067//3196 2066//3196
f 3070//3197 2068//3197 396//3197
f 396//3198 2069//3198 2067//3198
f 2068//3199 3072//3199 396//3199
f 396//3200 2070//3200 2069//3200
f 3072//3201 3074//3201 396//3201
f 396//3202 2071//3202 2070//3202
f 3074//3203 3075//3203 396//3203
f 396//3204 2072//3204 2071//3204
f 3075//3205 3077//3205 396//3205
f 396//3206 2073//3206 2072//3206
f 3077//3207 3078//3207 396//3207
f 396//3208 2074//3208 2073//3208
f 3078//3209 3081//3209 396//3209
f 396//3210 3055//3210 2074//3210
f 3081//3211 3082//3211 396//3211
f 396//3212 3054//3212 3055//3212
f 3082//3213 3085//3213 396//3213
f 396//3214 2075//3214 3054//3214
f 3085//3215 3087//3215 396//3215
f 396//3216 2076//3216 2075//3216
f 3087//3217 3088//3217 396//3217
f 396//3218 3052//3218 2076//3218
f 3088//3219 3091//3219 396//3219
f 396//3220 2077//3220 3052//3220
f 3091//3221 2078//3221 396//3221
f 396//3222 2079//3222 2077//3222
f 2078//3223 3093//3223 396//3223
f 3093//3224 3095//3224 396//3224
f 3095//3225 2080//3225 396//3225
f 2080//3226 2081//3226 396//3226
f 2081//3227 3097//3227 396//3227
f 3097//3228 3099//3228 396//3228
f 3099//3229 3101//3229 396//3229
f 3101//3230 3103//3230 396//3230
f 3103//3231 2082//3231 396//3231
f 2082//3232 2852//3232 396//3232
f 2852//3233 2083//3233 396//3233
f 2083//3234 2853//3234 396//3234
f 2853//3235 2084//3235 396//3235
f 2084//3236 2085//3236 396//3236
f 2085//3237 2855//3237 396//3237
f 396//3238 2086//3238 394//3238
f 2855//3239 2086//3239 396//3239
f 2086//3240 2087//3240 394//3240
f 2087//3241 2088//3241 394//3241
f 2088//3242 2858//3242 394//3242
f 2858//3243 2860//3243 394//3243
f 2860//3244 2862//3244 394//3244
f 2862//3245 2089//3245 394//3245
f 2089//3246 2865//3246 394//3246
f 2865//3247 2866//3247 394//3247
f 2866//3248 2868//3248 394//3248
f 2868//3249 2869//3249 394//3249
f 2869//3250 2090//3250 394//3250
f 2090//3251 2091//3251 394//3251
f 2091//3252 2092//3252 394//3252
f 2092//3253 2093//3253 394//3253
f 2093//3254 2094//3254 394//3254
f 2094//3255 2871//3255 394//3255
f 2871//3256 2873//3256 394//3256
f 2873//3257 2095//3257 394//3257
f 2095//3258 2096//3258 394//3258
f 2096//3259 2097//3259 394//3259
f 2097//3260 2098//3260 394//3260
f 2098//3261 2099//3261 394//3261
f 2099//3262 2100//3262 394//3262
f 2100//3263 2878//3263 394//3263
f 2878//3264 2101//3264 394//3264
f 2101//3265 2102//3265 394//3265
f 2102//3266 2881//3266 394//3266
f 2881//3267 2103//3267 394//3267
f 2103//3268 2104//3268 394//3268
f 2104//3269 2105//3269 394//3269
f 2105//3270 2886//3270 394//3270
f 2886//3271 2887//3271 394//3271
f 2887//3272 2889//3272 394//3272
f 2889//3273 2891//3273 394//3273
f 2891//3274 2892//3274 394//3274
f 2892//3275 2893//3275 394//3275
f 2893//3276 2894//3276 394//3276
f 2894//3277 2897//3277 394//3277
f 2897//3278 2898//3278 394//3278
f 2898//3279 2106//3279 394//3279
f 2106//3280 2901//3280 394//3280
f 2901//3281 2903//3281 394//3281
f 2903//3282 2905//3282 394//3282
f 2905//3283 2907//3283 394//3283
f 2907//3284 2908//3284 394//3284
f 2908//3285 2910//3285 394//3285
f 2910//3286 2107//3286 394//3286
f 2107//3287 2912//3287 394//3287
f 2912//3288 2108//3288 394//3288
f 2108//3289 2109//3289 394//3289
f 2109//3290 2110//3290 394//3290
f 2969//3291 251//3291 2968//3291
f 2971//3292 251//3292 2969//3292
f 2111//3293 251//3293 2971//3293
f 2112//3294 251//3294 2111//3294
f 2113//3295 251//3295 2112//3295
f 2975//3296 251//3296 2113//3296
f 2977//3297 251//3297 2975//3297
f 2114//3298 251//3298 2977//3298
f 2978//3299 251//3299 2114//3299
f 2115//3300 251//3300 2978//3300
f 2979//3301 251//3301 2115//3301
f 2981//3302 251//3302 2979//3302
f 2984//3303 251//3303 2981//3303
f 2985//3304 251//3304 2984//3304
f 2986//3305 251//3305 2985//3305
f 2987//3306 251//3306 2986//3306
f 2116//3307 251//3307 2987//3307
f 2117//3308 251//3308 2116//3308
f 2118//3309 251//3309 2117//3309
f 2119//3310 251//3310 2118//3310
f 2988//3311 251//3311 2119//3311
f 2989//3312 251//3312 2988//3312
f 2990//3313 251//3313 2989//3313
f 2991//3314 251//3314 2990//3314
f 2992//3315 251//3315 2991//3315
f 2994//3316 251//3316 2992//3316
f 2996//3317 251//3317 2994//3317
f 2120//3318 251//3318 2996//3318
f 2121//3319 251//3319 2120//3319
f 2122//3320 251//3320 2121//3320
f 2123//3321 251//3321 2122//3321
f 3001//3322 251//3322 2123//3322
f 2124//3323 251//3323 3001//3323
f 2125//3324 251//3324 2124//3324
f 2126//3325 251//3325 2125//3325
f 2127//3326 251//3326 2126//3326
f 3005//3327 251//3327 2127//3327
f 3006//3328 251//3328 3005//3328
f 2128//3329 251//3329 3006//3329
f 3008//3330 251//3330 2128//3330
f 2129//3331 251//3331 3008//3331
f 3010//3332 251//3332 2129//3332
f 3012//3333 251//3333 3010//3333
f 3014//3334 251//3334 3012//3334
f 3016//3335 251//3335 3014//3335
f 3018//3336 251//3336 3016//3336
f 3020//3337 251//3337 3018//3337
f 3022//3338 251//3338 3020//3338
f 2130//3339 251//3339 3022//3339
f 3024//3340 251//3340 2130//3340
f 2131//3341 251//3341 3024//3341
f 2132//3342 251//3342 2131//3342
f 2133//3343 251//3343 2132//3343
f 3027//3344 251//3344 2133//3344
f 3028//3345 251//3345 3027//3345
f 3030//3346 251//3346 3028//3346
f 3032//3347 251//3347 3030//3347
f 2134//3348 397//3348 2135//3348
f 2136//3349 397//3349 2134//3349
f 2137//3350 397//3350 2136//3350
f 2964//3351 397//3351 2137//3351
f 2138//3352 397//3352 2964//3352
f 2139//3353 397//3353 2138//3353
f 2140//3354 397//3354 2139//3354
f 2141//3355 397//3355 2140//3355
f 2142//3356 397//3356 2141//3356
f 2143//3357 397//3357 2142//3357
f 2144//3358 397//3358 2143//3358
f 2968//3359 397//3359 2144//3359
f 2145//3360 397//3360 2916//3360
f 2146//3361 397//3361 2145//3361
f 2919//3362 397//3362 2146//3362
f 2922//3363 397//3363 2919//3363
f 2924//3364 397//3364 2922//3364
f 2926//3365 397//3365 2924//3365
f 2927//3366 397//3366 2926//3366
f 2147//3367 397//3367 2927//3367
f 2148//3368 397//3368 2147//3368
f 2931//3369 397//3369 2148//3369
f 2933//3370 397//3370 2931//3370
f 2934//3371 397//3371 2933//3371
f 2149//3372 397//3372 2934//3372
f 2936//3373 397//3373 2149//3373
f 2150//3374 397//3374 2936//3374
f 2938//3375 397//3375 2150//3375
f 2939//3376 397//3376 2938//3376
f 251//3377 397//3377 2968//3377
f 2151//3378 397//3378 2939//3378
f 2152//3379 397//3379 2151//3379
f 2942//3380 397//3380 2152//3380
f 2153//3381 397//3381 2942//3381
f 2944//3382 397//3382 2153//3382
f 2946//3383 397//3383 2944//3383
f 2154//3384 397//3384 2946//3384
f 2948//3385 397//3385 2154//3385
f 2950//3386 397//3386 2948//3386
f 2951//3387 397//3387 2950//3387
f 2155//3388 397//3388 2951//3388
f 2156//3389 397//3389 2155//3389
f 2955//3390 397//3390 2156//3390
f 2958//3391 397//3391 2955//3391
f 2960//3392 397//3392 2958//3392
f 2961//3393 397//3393 2960//3393
f 2962//3394 397//3394 2961//3394
f 2157//3395 397//3395 2962//3395
f 2158//3396 397//3396 2157//3396
f 2159//3397 397//3397 2158//3397
f 2135//3398 397//3398 2159//3398
f 396//3399 251//3399 3037//3399
f 396//3400 3037//3400 2160//3400
f 396//3401 2160//3401 3038//3401
f 396//3402 3038//3402 3039//3402
f 396//3403 3039//3403 3040//3403
f 396//3404 3040//3404 3043//3404
f 396//3405 3043//3405 3045//3405
f 396//3406 3045//3406 3047//3406
f 396//3407 3047//3407 3049//3407
f 396//3408 3049//3408 2079//3408
f 3037//3409 251//3409 3035//3409
f 3035//3410 251//3410 2161//3410
f 2161//3411 251//3411 2162//3411
f 2162//3412 251//3412 2163//3412
f 2163//3413 251//3413 2164//3413
f 2164//3414 251//3414 2165//3414
f 2165//3415 251//3415 3032//3415
f 397//3416 394//3416 2110//3416
f 397//3417 2110//3417 2916//3417
f 2166//3418 2167//3418 2056//3418
f 2168//3419 2056//3419 2167//3419
f 2169//3420 2166//3420 2056//3420
f 2170//3421 2056//3421 2168//3421
f 2171//3422 2169//3422 2056//3422
f 2172//3423 2056//3423 2170//3423
f 2173//3424 2171//3424 2056//3424
f 2174//3425 2056//3425 2172//3425
f 2175//3426 2173//3426 2056//3426
f 2176//3427 2056//3427 2174//3427
f 2177//3428 2175//3428 2056//3428
f 2178//3429 2056//3429 2176//3429
f 2179//3430 2177//3430 2056//3430
f 2180//3431 2056//3431 2178//3431
f 2181//3432 2179//3432 2056//3432
f 2182//3433 2056//3433 2180//3433
f 2183//3434 2181//3434 2056//3434
f 2184//3435 2056//3435 2182//3435
f 2185//3436 2183//3436 2056//3436
f 2186//3437 2056//3437 2184//3437
f 2187//3438 2185//3438 2056//3438
f 2188//3439 2056//3439 2186//3439
f 2189//3440 2187//3440 2056//3440
f 2190//3441 2056//3441 2188//3441
f 2191//3442 2189//3442 2056//3442
f 2192//3443 2056//3443 2190//3443
f 2193//3444 2191//3444 2056//3444
f 2194//3445 2056//3445 2192//3445
f 2195//3446 2193//3446 2056//3446
f 2196//3447 2056//3447 2194//3447
f 2197//3448 2056//3448 2058//3448
f 2197//3449 2195//3449 2056//3449
f 2198//3450 2056//3450 2196//3450
f 2199//3451 2197//3451 2058//3451
f 2200//3452 2056//3452 2198//3452
f 2201//3453 2199//3453 2058//3453
f 2202//3454 2056//3454 2200//3454
f 2203//3455 2201//3455 2058//3455
f 2204//3456 2056//3456 2202//3456
f 2205//3457 2203//3457 2058//3457
f 2206//3458 2056//3458 2204//3458
f 2207//3459 2205//3459 2058//3459
f 2208//3460 2056//3460 2206//3460
f 2209//3461 2207//3461 2058//3461
f 2210//3462 2056//3462 2208//3462
f 2211//3463 2209//3463 2058//3463
f 2212//3464 2056//3464 2210//3464
f 2213//3465 2211//3465 2058//3465
f 2214//3466 2056//3466 2212//3466
f 2215//3467 2213//3467 2058//3467
f 2216//3468 2056//3468 2214//3468
f 2217//3469 2215//3469 2058//3469
f 2218//3470 2056//3470 2216//3470
f 2219//3471 2217//3471 2058//3471
f 2220//3472 2056//3472 2218//3472
f 2221//3473 2219//3473 2058//3473
f 2222//3474 2056//3474 2220//3474
f 2223//3475 2221//3475 2058//3475
f 2224//3476 2223//3476 2058//3476
f 2225//3477 2224//3477 2058//3477
f 2226//3478 2225//3478 2058//3478
f 2227//3479 2226//3479 2058//3479
f 2228//3480 2227//3480 2058//3480
f 2229//3481 2228//3481 2058//3481
f 2230//3482 2229//3482 2058//3482
f 2231//3483 2230//3483 2058//3483
f 2232//3484 2231//3484 2058//3484
f 2233//3485 2232//3485 2058//3485
f 2234//3486 2233//3486 2058//3486
f 2235//3487 2234//3487 2058//3487
f 2236//3488 2235//3488 2058//3488
f 2237//3489 2236//3489 2058//3489
f 2238//3490 2237//3490 2058//3490
f 2239//3491 2238//3491 2058//3491
f 2240//3492 2239//3492 2058//3492
f 2241//3493 2240//3493 2058//3493
f 2242//3494 2241//3494 2058//3494
f 2243//3495 2242//3495 2058//3495
f 2244//3496 2243//3496 2058//3496
f 2245//3497 2244//3497 2058//3497
f 2246//3498 2245//3498 2058//3498
f 2247//3499 2246//3499 2058//3499
f 2248//3500 2247//3500 2058//3500
f 2249//3501 2248//3501 2058//3501
f 2250//3502 2249//3502 2058//3502
f 2251//3503 2250//3503 2058//3503
f 2252//3504 2251//3504 2058//3504
f 2253//3505 2252//3505 2058//3505
f 2254//3506 2253//3506 2058//3506
f 2255//3507 2254//3507 2058//3507
f 2256//3508 2255//3508 2058//3508
f 2257//3509 2256//3509 2058//3509
f 2258//3510 2257//3510 2058//3510
f 2259//3511 2258//3511 2058//3511
f 2260//3512 2259//3512 2058//3512
f 2261//3513 2260//3513 2058//3513
f 2262//3514 2261//3514 2058//3514
f 2263//3515 2262//3515 2058//3515
f 2264//3516 2263//3516 2058//3516
f 2265//3517 2264//3517 2058//3517
f 2266//3518 2265//3518 2058//3518
f 2267//3519 2266//3519 2058//3519
f 2268//3520 2267//3520 2058//3520
f 2269//3521 2268//3521 2058//3521
f 2270//3522 2269//3522 2058//3522
f 2271//3523 2270//3523 2058//3523
f 2272//3524 2271//3524 2058//3524
f 2273//3525 2272//3525 2058//3525
f 2274//3526 2275//3526 2276//3526
f 2274//3527 2276//3527 2277//3527
f 2274//3528 2277//3528 2278//3528
f 2274//3529 2278//3529 2279//3529
f 2274//3530 2279//3530 2280//3530
f 2274//3531 2280//3531 2281//3531
f 2274//3532 2056//3532 2222//3532
f 2274//3533 2222//3533 2282//3533
f 2274//3534 2282//3534 2283//3534
f 2274//3535 2283//3535 2284//3535
f 2274//3536 2284//3536 2285//3536
f 2274//3537 2285//3537 2286//3537
f 2274//3538 2286//3538 2287//3538
f 2274//3539 2287//3539 2288//3539
f 2274//3540 2288//3540 2289//3540
f 2274//3541 2289//3541 2290//3541
f 2274//3542 2290//3542 2291//3542
f 2274//3543 2291//3543 2292//3543
f 2274//3544 2292//3544 2293//3544
f 2274//3545 2293//3545 2294//3545
f 2274//3546 2294//3546 2295//3546
f 2274//3547 2295//3547 2296//3547
f 2274//3548 2296//3548 2297//3548
f 2274//3549 2297//3549 2298//3549
f 2274//3550 2298//3550 2299//3550
f 2274//3551 2299//3551 2300//3551
f 2274//3552 2300//3552 2301//3552
f 2274//3553 2301//3553 2302//3553
f 2274//3554 2302//3554 2303//3554
f 2274//3555 2303//3555 2304//3555
f 2274//3556 2304//3556 2305//3556
f 2274//3557 2305//3557 2306//3557
f 2274//3558 2306//3558 2307//3558
f 2274//3559 2307//3559 2308//3559
f 2274//3560 2308//3560 2309//3560
f 2274//3561 2309//3561 2310//3561
f 2274//3562 2310//3562 2311//3562
f 2274//3563 2311//3563 2312//3563
f 2274//3564 2312//3564 2313//3564
f 2274//3565 2313//3565 2314//3565
f 2274//3566 2314//3566 2315//3566
f 2274//3567 2315//3567 2316//3567
f 2274//3568 2316//3568 2317//3568
f 2274//3569 2317//3569 2318//3569
f 2274//3570 2318//3570 2319//3570
f 2274//3571 2319//3571 2275//3571
f 270//3572 2281//3572 2320//3572
f 270//3573 2320//3573 2321//3573
f 270//3574 2321//3574 2322//3574
f 270//3575 2322//3575 2323//3575
f 270//3576 2323//3576 2324//3576
f 270//3577 2324//3577 2325//3577
f 270//3578 2325//3578 2326//3578
f 270//3579 2326//3579 2327//3579
f 270//3580 2327//3580 2328//3580
f 270//3581 2328//3581 2329//3581
f 270//3582 2329//3582 2330//3582
f 270//3583 2330//3583 2331//3583
f 270//3584 2331//3584 2332//3584
f 270//3585 2332//3585 2333//3585
f 270//3586 2333//3586 2334//3586
f 270//3587 2334//3587 2335//3587
f 270//3588 2335//3588 2336//3588
f 270//3589 2336//3589 2337//3589
f 270//3590 2337//3590 2338//3590
f 270//3591 2338//3591 2339//3591
f 270//3592 2339//3592 2340//3592
f 270//3593 2340//3593 2341//3593
f 270//3594 2341//3594 2342//3594
f 270//3595 2342//3595 2343//3595
f 270//3596 2343//3596 2344//3596
f 270//3597 2344//3597 2345//3597
f 270//3598 2345//3598 2346//3598
f 270//3599 2346//3599 2347//3599
f 270//3600 2347//3600 2348//3600
f 270//3601 2348//3601 2349//3601
f 270//3602 2349//3602 2350//3602
f 270//3603 2350//3603 2351//3603
f 270//3604 2351//3604 2352//3604
f 270//3605 2352//3605 2353//3605
f 270//3606 2274//3606 2281//3606
f 270//3607 2353//3607 2354//3607
f 270//3608 2354//3608 2355//3608
f 270//3609 2355//3609 2356//3609
f 270//3610 2356//3610 2357//3610
f 270//3611 2357//3611 2358//3611
f 270//3612 2358//3612 2359//3612
f 270//3613 2359//3613 2360//3613
f 270//3614 2360//3614 2361//3614
f 270//3615 2361//3615 2362//3615
f 270//3616 2362//3616 2363//3616
f 270//3617 2363//3617 2364//3617
f 270//3618 2364//3618 2365//3618
f 270//3619 2365//3619 2366//3619
f 270//3620 2366//3620 2367//3620
f 270//3621 2367//3621 2368//3621
f 270//3622 2368//3622 2369//3622
f 270//3623 2369//3623 2370//3623
f 270//3624 2370//3624 2371//3624
f 270//3625 2371//3625 2372//3625
f 270//3626 2372//3626 2373//3626
f 270//3627 2373//3627 2374//3627
f 270//3628 2374//3628 2375//3628
f 270//3629 2375//3629 2376//3629
f 270//3630 2376//3630 2377//3630
f 270//3631 2377//3631 2378//3631
f 270//3632 2378//3632 2379//3632
f 270//3633 2379//3633 2380//3633
f 270//3634 2380//3634 2381//3634
f 270//3635 2381//3635 2382//3635
f 270//3636 2382//3636 2383//3636
f 2058//3637 270//3637 2384//3637
f 2384//3638 270//3638 2385//3638
f 2385//3639 270//3639 2386//3639
f 2386//3640 270//3640 2387//3640
f 2387//3641 270//3641 2388//3641
f 2388//3642 270//3642 2389//3642
f 2389//3643 270//3643 2383//3643
f 2058//3644 2384//3644 2390//3644
f 2058//3645 2390//3645 2391//3645
f 2058//3646 2391//3646 2392//3646
f 2058//3647 2392//3647 2393//3647
f 2058//3648 2393//3648 2394//3648
f 2058//3649 2394//3649 2395//3649
f 2058//3650 2395//3650 2273//3650
f 2274//3651 270//3651 2396//3651
f 270//3652 268//3652 2396//3652
f 2396//3653 268//3653 263//3653
f 2396//3654 263//3654 2397//3654
f 263//3655 262//3655 2397//3655
f 2397//3656 262//3656 2398//3656
f 2399//3657 3806//3657 2513//3657
f 2513//3658 3807//3658 2399//3658
f 3806//3659 2400//3659 2513//3659
f 2513//3660 2401//3660 3807//3660
f 2400//3661 2402//3661 2513//3661
f 2513//3662 3808//3662 2401//3662
f 2402//3663 2403//3663 2513//3663
f 2513//3664 3809//3664 3808//3664
f 2403//3665 2404//3665 2513//3665
f 2513//3666 3810//3666 3809//3666
f 2404//3667 2405//3667 2513//3667
f 2513//3668 2406//3668 3810//3668
f 2405//3669 3802//3669 2513//3669
f 2513//3670 2407//3670 2406//3670
f 3802//3671 2408//3671 2513//3671
f 2513//3672 3812//3672 2407//3672
f 2408//3673 2409//3673 2513//3673
f 2513//3674 3814//3674 3812//3674
f 2409//3675 2410//3675 2513//3675
f 2513//3676 2411//3676 3814//3676
f 2410//3677 2412//3677 2513//3677
f 2513//3678 2413//3678 2411//3678
f 2412//3679 3800//3679 2513//3679
f 2513//3680 3815//3680 2413//3680
f 3800//3681 2414//3681 2513//3681
f 2513//3682 2415//3682 3815//3682
f 2414//3683 2416//3683 2513//3683
f 2513//3684 3818//3684 2415//3684
f 2416//3685 2417//3685 2513//3685
f 2513//3686 3819//3686 3818//3686
f 2513//3687 2418//3687 2515//3687
f 2417//3688 2418//3688 2513//3688
f 2513//3689 3821//3689 3819//3689
f 2418//3690 3799//3690 2515//3690
f 2513//3691 3822//3691 3821//3691
f 3799//3692 3798//3692 2515//3692
f 2513//3693 3824//3693 3822//3693
f 3798//3694 2419//3694 2515//3694
f 2513//3695 2420//3695 3824//3695
f 2419//3696 3797//3696 2515//3696
f 2513//3697 3826//3697 2420//3697
f 3797//3698 2421//3698 2515//3698
f 2513//3699 2422//3699 3826//3699
f 2421//3700 2423//3700 2515//3700
f 2513//3701 3828//3701 2422//3701
f 2423//3702 3793//3702 2515//3702
f 2513//3703 2424//3703 3828//3703
f 3793//3704 3791//3704 2515//3704
f 2513//3705 2425//3705 2424//3705
f 3791//3706 2426//3706 2515//3706
f 2513//3707 2427//3707 2425//3707
f 2426//3708 3789//3708 2515//3708
f 2513//3709 3829//3709 2427//3709
f 3789//3710 2428//3710 2515//3710
f 2513//3711 3830//3711 3829//3711
f 2428//3712 2429//3712 2515//3712
f 2513//3713 3831//3713 3830//3713
f 2429//3714 2430//3714 2515//3714
f 2430//3715 4021//3715 2515//3715
f 4021//3716 4019//3716 2515//3716
f 4019//3717 2431//3717 2515//3717
f 2431//3718 2432//3718 2515//3718
f 2432//3719 2433//3719 2515//3719
f 2433//3720 2434//3720 2515//3720
f 2434//3721 2435//3721 2515//3721
f 2435//3722 2436//3722 2515//3722
f 2436//3723 2437//3723 2515//3723
f 2437//3724 2438//3724 2515//3724
f 2438//3725 2439//3725 2515//3725
f 2439//3726 2440//3726 2515//3726
f 2440//3727 4011//3727 2515//3727
f 4011//3728 2441//3728 2515//3728
f 2441//3729 2442//3729 2515//3729
f 2442//3730 2443//3730 2515//3730
f 2443//3731 2444//3731 2515//3731
f 2444//3732 2445//3732 2515//3732
f 2445//3733 2446//3733 2515//3733
f 2446//3734 2447//3734 2515//3734
f 2447//3735 4004//3735 2515//3735
f 4004//3736 4003//3736 2515//3736
f 4003//3737 4001//3737 2515//3737
f 4001//3738 3999//3738 2515//3738
f 3999//3739 2448//3739 2515//3739
f 2448//3740 2449//3740 2515//3740
f 2449//3741 2450//3741 2515//3741
f 2450//3742 2451//3742 2515//3742
f 2451//3743 3997//3743 2515//3743
f 3997//3744 3996//3744 2515//3744
f 3996//3745 2452//3745 2515//3745
f 2452//3746 3994//3746 2515//3746
f 3994//3747 3993//3747 2515//3747
f 3993//3748 3992//3748 2515//3748
f 3992//3749 2453//3749 2515//3749
f 2453//3750 3991//3750 2515//3750
f 3991//3751 2454//3751 2515//3751
f 2454//3752 2455//3752 2515//3752
f 2455//3753 3986//3753 2515//3753
f 3986//3754 2456//3754 2515//3754
f 2456//3755 3983//3755 2515//3755
f 3983//3756 3982//3756 2515//3756
f 3982//3757 3979//3757 2515//3757
f 3979//3758 3977//3758 2515//3758
f 3977//3759 3976//3759 2515//3759
f 3976//3760 3975//3760 2515//3760
f 3975//3761 2457//3761 2515//3761
f 2457//3762 2458//3762 2515//3762
f 2458//3763 3974//3763 2515//3763
f 3974//3764 2459//3764 2515//3764
f 2460//3765 2398//3765 3874//3765
f 3874//3766 2398//3766 2461//3766
f 2461//3767 2398//3767 2462//3767
f 2462//3768 2398//3768 2463//3768
f 2463//3769 2398//3769 2464//3769
f 2464//3770 2398//3770 2465//3770
f 2513//3771 2398//3771 3831//3771
f 3831//3772 2398//3772 3833//3772
f 3833//3773 2398//3773 2466//3773
f 2466//3774 2398//3774 3836//3774
f 3836//3775 2398//3775 2467//3775
f 2467//3776 2398//3776 2468//3776
f 2468//3777 2398//3777 2469//3777
f 2469//3778 2398//3778 2470//3778
f 2470//3779 2398//3779 3841//3779
f 3841//3780 2398//3780 3843//3780
f 3843//3781 2398//3781 2471//3781
f 2471//3782 2398//3782 3845//3782
f 3845//3783 2398//3783 3847//3783
f 3847//3784 2398//3784 3848//3784
f 3848//3785 2398//3785 2472//3785
f 2472//3786 2398//3786 3849//3786
f 3849//3787 2398//3787 3850//3787
f 3850//3788 2398//3788 3851//3788
f 3851//3789 2398//3789 2473//3789
f 2473//3790 2398//3790 3853//3790
f 3853//3791 2398//3791 2474//3791
f 2474//3792 2398//3792 2475//3792
f 2475//3793 2398//3793 2476//3793
f 2476//3794 2398//3794 3856//3794
f 3856//3795 2398//3795 3857//3795
f 3857//3796 2398//3796 3859//3796
f 3859//3797 2398//3797 2477//3797
f 2477//3798 2398//3798 2478//3798
f 2478//3799 2398//3799 2479//3799
f 2479//3800 2398//3800 2480//3800
f 2480//3801 2398//3801 2481//3801
f 2481//3802 2398//3802 2482//3802
f 2482//3803 2398//3803 2483//3803
f 2483//3804 2398//3804 2484//3804
f 2484//3805 2398//3805 3864//3805
f 3864//3806 2398//3806 3865//3806
f 3865//3807 2398//3807 3867//3807
f 3867//3808 2398//3808 3870//3808
f 3870//3809 2398//3809 3871//3809
f 3871//3810 2398//3810 2460//3810
f 2465//3811 262//3811 2485//3811
f 2485//3812 262//3812 2486//3812
f 2486//3813 262//3813 2487//3813
f 2487//3814 262//3814 2488//3814
f 2488//3815 262//3815 2489//3815
f 2489//3816 262//3816 3880//3816
f 3880//3817 262//3817 3883//3817
f 3883//3818 262//3818 3884//3818
f 3884//3819 262//3819 3886//3819
f 3886//3820 262//3820 3887//3820
f 3887//3821 262//3821 2490//3821
f 2490//3822 262//3822 3889//3822
f 3889//3823 262//3823 2491//3823
f 2491//3824 262//3824 3891//3824
f 3891//3825 262//3825 3893//3825
f 3893//3826 262//3826 3894//3826
f 3894//3827 262//3827 3897//3827
f 3897//3828 262//3828 3899//3828
f 3899//3829 262//3829 3900//3829
f 3900//3830 262//3830 2492//3830
f 2492//3831 262//3831 2493//3831
f 2493//3832 262//3832 2494//3832
f 2494//3833 262//3833 3905//3833
f 3905//3834 262//3834 3906//3834
f 3906//3835 262//3835 2495//3835
f 2495//3836 262//3836 2496//3836
f 2496//3837 262//3837 2497//3837
f 2497//3838 262//3838 3909//3838
f 3909//3839 262//3839 3911//3839
f 3911//3840 262//3840 3912//3840
f 3912//3841 262//3841 3913//3841
f 3913//3842 262//3842 3914//3842
f 3914//3843 262//3843 3916//3843
f 2398//3844 262//3844 2465//3844
f 3916//3845 262//3845 3917//3845
f 3917//3846 262//3846 3919//3846
f 3919//3847 262//3847 3921//3847
f 3921//3848 262//3848 2498//3848
f 2498//3849 262//3849 3924//3849
f 3924//3850 262//3850 2499//3850
f 2499//3851 262//3851 3928//3851
f 3928//3852 262//3852 3929//3852
f 3929//3853 262//3853 3930//3853
f 3930//3854 262//3854 3933//3854
f 3933//3855 262//3855 3934//3855
f 3934//3856 262//3856 3936//3856
f 3936//3857 262//3857 3938//3857
f 3938//3858 262//3858 3939//3858
f 3939//3859 262//3859 3941//3859
f 3941//3860 262//3860 3942//3860
f 3942//3861 262//3861 2500//3861
f 2500//3862 262//3862 2501//3862
f 2501//3863 262//3863 3944//3863
f 3944//3864 262//3864 3946//3864
f 3946//3865 262//3865 2502//3865
f 2502//3866 262//3866 2503//3866
f 2503//3867 262//3867 3949//3867
f 3949//3868 262//3868 3951//3868
f 3951//3869 262//3869 2504//3869
f 2504//3870 262//3870 2505//3870
f 2505//3871 262//3871 2506//3871
f 2506//3872 262//3872 3953//3872
f 3953//3873 262//3873 3954//3873
f 3954//3874 262//3874 2507//3874
f 2507//3875 262//3875 3957//3875
f 262//3876 2515//3876 3963//3876
f 262//3877 3963//3877 2508//3877
f 262//3878 2508//3878 3961//3878
f 262//3879 3961//3879 3959//3879
f 262//3880 3959//3880 2509//3880
f 262//3881 2509//3881 3958//3881
f 262//3882 3958//3882 3957//3882
f 3963//3883 2515//3883 3965//3883
f 3965//3884 2515//3884 2510//3884
f 2510//3885 2515//3885 2511//3885
f 2511//3886 2515//3886 2512//3886
f 2512//3887 2515//3887 3970//3887
f 3970//3888 2515//3888 3972//3888
f 3972//3889 2515//3889 2459//3889
f 2513//3890 2541//3890 2514//3890
f 2513//3891 2515//3891 2541//3891
f 2515//3892 2516//3892 2541//3892
f 2517//3893 2518//3893 2516//3893
f 2516//3894 2519//3894 2517//3894
f 2518//3895 2520//3895 2516//3895
f 2516//3896 3995//3896 2519//3896
f 2520//3897 2521//3897 2516//3897
f 2516//3898 2522//3898 3995//3898
f 2521//3899 3998//3899 2516//3899
f 2516//3900 2523//3900 2522//3900
f 3998//3901 4000//3901 2516//3901
f 2516//3902 2524//3902 2523//3902
f 4000//3903 2525//3903 2516//3903
f 2516//3904 2526//3904 2524//3904
f 2525//3905 4002//3905 2516//3905
f 2516//3906 3990//3906 2526//3906
f 4002//3907 2527//3907 2516//3907
f 2516//3908 3989//3908 3990//3908
f 2527//3909 4005//3909 2516//3909
f 2516//3910 3988//3910 3989//3910
f 4005//3911 4006//3911 2516//3911
f 2516//3912 3987//3912 3988//3912
f 4006//3913 4007//3913 2516//3913
f 2516//3914 3985//3914 3987//3914
f 4007//3915 4008//3915 2516//3915
f 2516//3916 3984//3916 3985//3916
f 4008//3917 2528//3917 2516//3917
f 2516//3918 3981//3918 3984//3918
f 2528//3919 4009//3919 2516//3919
f 2516//3920 3980//3920 3981//3920
f 4009//3921 4010//3921 2516//3921
f 2516//3922 3978//3922 3980//3922
f 4010//3923 4012//3923 2516//3923
f 2516//3924 2529//3924 3978//3924
f 4012//3925 4013//3925 2516//3925
f 2516//3926 2530//3926 2529//3926
f 4013//3927 4014//3927 2516//3927
f 2516//3928 2531//3928 2530//3928
f 4014//3929 4015//3929 2516//3929
f 2516//3930 2532//3930 2531//3930
f 4015//3931 4016//3931 2516//3931
f 4016//3932 4017//3932 2516//3932
f 4017//3933 4018//3933 2516//3933
f 4018//3934 2533//3934 2516//3934
f 2533//3935 2534//3935 2516//3935
f 2534//3936 2535//3936 2516//3936
f 2535//3937 2536//3937 2516//3937
f 2536//3938 4020//3938 2516//3938
f 4020//3939 4022//3939 2516//3939
f 4022//3940 2537//3940 2516//3940
f 2537//3941 2538//3941 2516//3941
f 2538//3942 2539//3942 2516//3942
f 2539//3943 3790//3943 2516//3943
f 3790//3944 2540//3944 2516//3944
f 2540//3945 3792//3945 2516//3945
f 2516//3946 3794//3946 2541//3946
f 3792//3947 3794//3947 2516//3947
f 3794//3948 3795//3948 2541//3948
f 3795//3949 3796//3949 2541//3949
f 3796//3950 2542//3950 2541//3950
f 2542//3951 2543//3951 2541//3951
f 2543//3952 2544//3952 2541//3952
f 2544//3953 2545//3953 2541//3953
f 2545//3954 2546//3954 2541//3954
f 2546//3955 2547//3955 2541//3955
f 2547//3956 2548//3956 2541//3956
f 2548//3957 2549//3957 2541//3957
f 2549//3958 2550//3958 2541//3958
f 2550//3959 2551//3959 2541//3959
f 2551//3960 2552//3960 2541//3960
f 2552//3961 3801//3961 2541//3961
f 3801//3962 2553//3962 2541//3962
f 2553//3963 2554//3963 2541//3963
f 2554//3964 3803//3964 2541//3964
f 3803//3965 2555//3965 2541//3965
f 2555//3966 3804//3966 2541//3966
f 3804//3967 3805//3967 2541//3967
f 3805//3968 2556//3968 2541//3968
f 2556//3969 2557//3969 2541//3969
f 2557//3970 2558//3970 2541//3970
f 2558//3971 2559//3971 2541//3971
f 2559//3972 2560//3972 2541//3972
f 2560//3973 2561//3973 2541//3973
f 2561//3974 2562//3974 2541//3974
f 2562//3975 2563//3975 2541//3975
f 2563//3976 3811//3976 2541//3976
f 3811//3977 2564//3977 2541//3977
f 2564//3978 2565//3978 2541//3978
f 2565//3979 3813//3979 2541//3979
f 3813//3980 2566//3980 2541//3980
f 2566//3981 2567//3981 2541//3981
f 2567//3982 2568//3982 2541//3982
f 2568//3983 3816//3983 2541//3983
f 3816//3984 3817//3984 2541//3984
f 3817//3985 3820//3985 2541//3985
f 3820//3986 2569//3986 2541//3986
f 2569//3987 3823//3987 2541//3987
f 3823//3988 2570//3988 2541//3988
f 2570//3989 3825//3989 2541//3989
f 3825//3990 3827//3990 2541//3990
f 3827//3991 2571//3991 2541//3991
f 2571//3992 2572//3992 2541//3992
f 2572//3993 2573//3993 2541//3993
f 2573//3994 2574//3994 2541//3994
f 2574//3995 2575//3995 2541//3995
f 2575//3996 2576//3996 2541//3996
f 2576//3997 2577//3997 2541//3997
f 2577//3998 3832//3998 2541//3998
f 3882//3999 261//3999 3881//3999
f 3885//4000 261//4000 3882//4000
f 2578//4001 261//4001 3885//4001
f 2579//4002 261//4002 2578//4002
f 2580//4003 261//4003 2579//4003
f 3888//4004 261//4004 2580//4004
f 3890//4005 261//4005 3888//4005
f 2581//4006 261//4006 3890//4006
f 3892//4007 261//4007 2581//4007
f 3895//4008 261//4008 3892//4008
f 3896//4009 261//4009 3895//4009
f 3898//4010 261//4010 3896//4010
f 2582//4011 261//4011 3898//4011
f 3901//4012 261//4012 2582//4012
f 3902//4013 261//4013 3901//4013
f 3903//4014 261//4014 3902//4014
f 3904//4015 261//4015 3903//4015
f 2583//4016 261//4016 3904//4016
f 2584//4017 261//4017 2583//4017
f 3907//4018 261//4018 2584//4018
f 3908//4019 261//4019 3907//4019
f 3910//4020 261//4020 3908//4020
f 2585//4021 261//4021 3910//4021
f 2586//4022 261//4022 2585//4022
f 2587//4023 261//4023 2586//4023
f 3915//4024 261//4024 2587//4024
f 2588//4025 261//4025 3915//4025
f 3918//4026 261//4026 2588//4026
f 3920//4027 261//4027 3918//4027
f 3922//4028 261//4028 3920//4028
f 3923//4029 261//4029 3922//4029
f 3925//4030 261//4030 3923//4030
f 3926//4031 261//4031 3925//4031
f 3927//4032 261//4032 3926//4032
f 2589//4033 261//4033 3927//4033
f 3931//4034 261//4034 2589//4034
f 3932//4035 261//4035 3931//4035
f 3935//4036 261//4036 3932//4036
f 2590//4037 261//4037 3935//4037
f 3937//4038 261//4038 2590//4038
f 3940//4039 261//4039 3937//4039
f 2591//4040 261//4040 3940//4040
f 2592//4041 261//4041 2591//4041
f 2593//4042 261//4042 2592//4042
f 3943//4043 261//4043 2593//4043
f 3945//4044 261//4044 3943//4044
f 3947//4045 261//4045 3945//4045
f 3948//4046 261//4046 3947//4046
f 2594//4047 261//4047 3948//4047
f 3950//4048 261//4048 2594//4048
f 2595//4049 261//4049 3950//4049
f 2596//4050 261//4050 2595//4050
f 3952//4051 261//4051 2596//4051
f 2597//4052 261//4052 3952//4052
f 2598//4053 261//4053 2597//4053
f 3955//4054 261//4054 2598//4054
f 2599//4055 261//4055 3955//4055
f 2600//4056 287//4056 3873//4056
f 3875//4057 287//4057 2600//4057
f 3876//4058 287//4058 3875//4058
f 3877//4059 287//4059 3876//4059
f 3878//4060 287//4060 3877//4060
f 2601//4061 287//4061 3878//4061
f 3879//4062 287//4062 2601//4062
f 2602//4063 287//4063 3879//4063
f 2603//4064 287//4064 2602//4064
f 2604//4065 287//4065 2603//4065
f 2605//4066 287//4066 2604//4066
f 3881//4067 287//4067 2605//4067
f 3835//4068 287//4068 3834//4068
f 3837//4069 287//4069 3835//4069
f 3838//4070 287//4070 3837//4070
f 3839//4071 287//4071 3838//4071
f 2606//4072 287//4072 3839//4072
f 3840//4073 287//4073 2606//4073
f 3842//4074 287//4074 3840//4074
f 3844//4075 287//4075 3842//4075
f 2607//4076 287//4076 3844//4076
f 3846//4077 287//4077 2607//4077
f 2608//4078 287//4078 3846//4078
f 2609//4079 287//4079 2608//4079
f 2610//4080 287//4080 2609//4080
f 2611//4081 287//4081 2610//4081
f 2612//4082 287//4082 2611//4082
f 3852//4083 287//4083 2612//4083
f 2613//4084 287//4084 3852//4084
f 261//4085 287//4085 3881//4085
f 2614//4086 287//4086 2613//4086
f 3854//4087 287//4087 2614//4087
f 3855//4088 287//4088 3854//4088
f 2615//4089 287//4089 3855//4089
f 2616//4090 287//4090 2615//4090
f 2617//4091 287//4091 2616//4091
f 3858//4092 287//4092 2617//4092
f 3860//4093 287//4093 3858//4093
f 2618//4094 287//4094 3860//4094
f 2619//4095 287//4095 2618//4095
f 2620//4096 287//4096 2619//4096
f 3861//4097 287//4097 2620//4097
f 2621//4098 287//4098 3861//4098
f 3862//4099 287//4099 2621//4099
f 3863//4100 287//4100 3862//4100
f 2622//4101 287//4101 3863//4101
f 3866//4102 287//4102 2622//4102
f 3868//4103 287//4103 3866//4103
f 3869//4104 287//4104 3868//4104
f 3872//4105 287//4105 3869//4105
f 3873//4106 287//4106 3872//4106
f 2516//4107 261//4107 3964//4107
f 2516//4108 3964//4108 3966//4108
f 2516//4109 3966//4109 3967//4109
f 2516//4110 3967//4110 3968//4110
f 2516//4111 3968//4111 3969//4111
f 2516//4112 3969//4112 3971//4112
f 2516//4113 3971//4113 3973//4113
f 2516//4114 3973//4114 2623//4114
f 2516//4115 2623//4115 2624//4115
f 2516//4116 2624//4116 2532//4116
f 3964//4117 261//4117 3962//4117
f 3962//4118 261//4118 2625//4118
f 2625//4119 261//4119 3960//4119
f 3960//4120 261//4120 2626//4120
f 2626//4121 261//4121 2627//4121
f 2627//4122 261//4122 3956//4122
f 3956//4123 261//4123 2599//4123
f 287//4124 2541//4124 3832//4124
f 287//4125 3832//4125 3834//4125
f 614//4126 613//4126 250//4126
f 612//4127 250//4127 613//4127
f 615//4128 614//4128 250//4128
f 611//4129 250//4129 612//4129
f 616//4130 615//4130 250//4130
f 610//4131 250//4131 611//4131
f 617//4132 616//4132 250//4132
f 609//4133 250//4133 610//4133
f 618//4134 617//4134 250//4134
f 608//4135 250//4135 609//4135
f 619//4136 618//4136 250//4136
f 607//4137 250//4137 608//4137
f 620//4138 619//4138 250//4138
f 606//4139 250//4139 607//4139
f 621//4140 620//4140 250//4140
f 605//4141 250//4141 606//4141
f 622//4142 621//4142 250//4142
f 604//4143 250//4143 605//4143
f 623//4144 622//4144 250//4144
f 603//4145 250//4145 604//4145
f 624//4146 623//4146 250//4146
f 602//4147 250//4147 603//4147
f 625//4148 624//4148 250//4148
f 601//4149 250//4149 602//4149
f 626//4150 625//4150 250//4150
f 600//4151 250//4151 601//4151
f 627//4152 626//4152 250//4152
f 599//4153 250//4153 600//4153
f 628//4154 627//4154 250//4154
f 598//4155 250//4155 599//4155
f 629//4156 628//4156 250//4156
f 597//4157 250//4157 598//4157
f 630//4158 629//4158 250//4158
f 596//4159 250//4159 597//4159
f 631//4160 630//4160 250//4160
f 595//4161 250//4161 596//4161
f 632//4162 631//4162 250//4162
f 594//4163 250//4163 595//4163
f 633//4164 632//4164 250//4164
f 634//4165 633//4165 250//4165
f 635//4166 634//4166 250//4166
f 636//4167 635//4167 250//4167
f 637//4168 636//4168 250//4168
f 638//4169 637//4169 250//4169
f 639//4170 638//4170 250//4170
f 640//4171 639//4171 250//4171
f 641//4172 640//4172 250//4172
f 413//4173 641//4173 250//4173
f 414//4174 413//4174 250//4174
f 415//4175 414//4175 250//4175
f 416//4176 415//4176 250//4176
f 417//4177 416//4177 250//4177
f 418//4178 417//4178 250//4178
f 419//4179 250//4179 295//4179
f 419//4180 418//4180 250//4180
f 420//4181 419//4181 295//4181
f 421//4182 420//4182 295//4182
f 422//4183 421//4183 295//4183
f 423//4184 422//4184 295//4184
f 424//4185 423//4185 295//4185
f 425//4186 424//4186 295//4186
f 426//4187 425//4187 295//4187
f 427//4188 426//4188 295//4188
f 428//4189 427//4189 295//4189
f 429//4190 428//4190 295//4190
f 430//4191 429//4191 295//4191
f 431//4192 430//4192 295//4192
f 432//4193 431//4193 295//4193
f 433//4194 432//4194 295//4194
f 434//4195 433//4195 295//4195
f 435//4196 434//4196 295//4196
f 436//4197 435//4197 295//4197
f 437//4198 436//4198 295//4198
f 438//4199 437//4199 295//4199
f 439//4200 438//4200 295//4200
f 440//4201 439//4201 295//4201
f 441//4202 440//4202 295//4202
f 442//4203 441//4203 295//4203
f 443//4204 442//4204 295//4204
f 444//4205 443//4205 295//4205
f 445//4206 444//4206 295//4206
f 446//4207 445//4207 295//4207
f 447//4208 446//4208 295//4208
f 448//4209 447//4209 295//4209
f 449//4210 448//4210 295//4210
f 450//4211 449//4211 295//4211
f 451//4212 450//4212 295//4212
f 452//4213 451//4213 295//4213
f 453//4214 452//4214 295//4214
f 454//4215 453//4215 295//4215
f 455//4216 454//4216 295//4216
f 456//4217 455//4217 295//4217
f 457//4218 456//4218 295//4218
f 458//4219 457//4219 295//4219
f 459//4220 458//4220 295//4220
f 460//4221 459//4221 295//4221
f 461//4222 460//4222 295//4222
f 462//4223 461//4223 295//4223
f 463//4224 462//4224 295//4224
f 464//4225 463//4225 295//4225
f 465//4226 464//4226 295//4226
f 466//4227 465//4227 295//4227
f 467//4228 466//4228 295//4228
f 468//4229 467//4229 295//4229
f 469//4230 468//4230 295//4230
f 470//4231 469//4231 295//4231
f 249//4232 522//4232 521//4232
f 249//4233 523//4233 522//4233
f 249//4234 524//4234 523//4234
f 249//4235 525//4235 524//4235
f 249//4236 526//4236 525//4236
f 249//4237 527//4237 526//4237
f 249//4238 528//4238 527//4238
f 249//4239 529//4239 528//4239
f 249//4240 530//4240 529//4240
f 249//4241 531//4241 530//4241
f 249//4242 532//4242 531//4242
f 249//4243 533//4243 532//4243
f 249//4244 534//4244 533//4244
f 249//4245 535//4245 534//4245
f 249//4246 536//4246 535//4246
f 249//4247 537//4247 536//4247
f 249//4248 538//4248 537//4248
f 249//4249 539//4249 538//4249
f 249//4250 540//4250 539//4250
f 249//4251 541//4251 540//4251
f 249//4252 542//4252 541//4252
f 249//4253 543//4253 542//4253
f 249//4254 544//4254 543//4254
f 249//4255 545//4255 544//4255
f 249//4256 546//4256 545//4256
f 249//4257 547//4257 546//4257
f 249//4258 548//4258 547//4258
f 249//4259 549//4259 548//4259
f 249//4260 550//4260 549//4260
f 249//4261 551//4261 550//4261
f 249//4262 552//4262 551//4262
f 249//4263 553//4263 552//4263
f 249//4264 554//4264 553//4264
f 249//4265 555//4265 554//4265
f 249//4266 556//4266 555//4266
f 249//4267 557//4267 556//4267
f 249//4268 558//4268 557//4268
f 249//4269 559//4269 558//4269
f 249//4270 560//4270 559//4270
f 249//4271 561//4271 560//4271
f 249//4272 562//4272 561//4272
f 249//4273 563//4273 562//4273
f 249//4274 564//4274 563//4274
f 249//4275 565//4275 564//4275
f 249//4276 566//4276 565//4276
f 249//4277 567//4277 566//4277
f 249//4278 568//4278 567//4278
f 249//4279 569//4279 568//4279
f 249//4280 570//4280 569//4280
f 249//4281 571//4281 570//4281
f 249//4282 572//4282 571//4282
f 249//4283 573//4283 572//4283
f 249//4284 574//4284 573//4284
f 249//4285 575//4285 574//4285
f 249//4286 576//4286 575//4286
f 249//4287 577//4287 576//4287
f 249//4288 578//4288 577//4288
f 294//4289 510//4289 509//4289
f 294//4290 511//4290 510//4290
f 294//4291 512//4291 511//4291
f 294//4292 513//4292 512//4292
f 294//4293 514//4293 513//4293
f 294//4294 515//4294 514//4294
f 294//4295 516//4295 515//4295
f 294//4296 517//4296 516//4296
f 294//4297 518//4297 517//4297
f 294//4298 519//4298 518//4298
f 294//4299 520//4299 519//4299
f 294//4300 521//4300 520//4300
f 294//4301 472//4301 471//4301
f 294//4302 473//4302 472//4302
f 294//4303 474//4303 473//4303
f 294//4304 475//4304 474//4304
f 294//4305 476//4305 475//4305
f 294//4306 477//4306 476//4306
f 294//4307 478//4307 477//4307
f 294//4308 479//4308 478//4308
f 294//4309 480//4309 479//4309
f 294//4310 481//4310 480//4310
f 294//4311 482//4311 481//4311
f 294//4312 483//4312 482//4312
f 294//4313 484//4313 483//4313
f 294//4314 485//4314 484//4314
f 294//4315 486//4315 485//4315
f 294//4316 487//4316 486//4316
f 294//4317 488//4317 487//4317
f 294//4318 249//4318 521//4318
f 294//4319 489//4319 488//4319
f 294//4320 490//4320 489//4320
f 294//4321 491//4321 490//4321
f 294//4322 492//4322 491//4322
f 294//4323 493//4323 492//4323
f 294//4324 494//4324 493//4324
f 294//4325 495//4325 494//4325
f 294//4326 496//4326 495//4326
f 294//4327 497//4327 496//4327
f 294//4328 498//4328 497//4328
f 294//4329 499//4329 498//4329
f 294//4330 500//4330 499//4330
f 294//4331 501//4331 500//4331
f 294//4332 502//4332 501//4332
f 294//4333 503//4333 502//4333
f 294//4334 504//4334 503//4334
f 294//4335 505//4335 504//4335
f 294//4336 506//4336 505//4336
f 294//4337 507//4337 506//4337
f 294//4338 508//4338 507//4338
f 294//4339 509//4339 508//4339
f 249//4340 250//4340 585//4340
f 585//4341 250//4341 586//4341
f 586//4342 250//4342 587//4342
f 587//4343 250//4343 588//4343
f 588//4344 250//4344 589//4344
f 589//4345 250//4345 590//4345
f 590//4346 250//4346 591//4346
f 591//4347 250//4347 592//4347
f 592//4348 250//4348 593//4348
f 593//4349 250//4349 594//4349
f 249//4350 585//4350 584//4350
f 249//4351 584//4351 583//4351
f 249//4352 583//4352 582//4352
f 249//4353 582//4353 581//4353
f 249//4354 581//4354 580//4354
f 249//4355 580//4355 579//4355
f 249//4356 579//4356 578//4356
f 295//4357 294//4357 470//4357
f 470//4358 294//4358 471//4358
f 4180//4359 4179//4359 257//4359
f 4178//4360 257//4360 4179//4360
f 4181//4361 4180//4361 257//4361
f 4177//4362 257//4362 4178//4362
f 2628//4363 4181//4363 257//4363
f 4176//4364 257//4364 4177//4364
f 2629//4365 2628//4365 257//4365
f 2630//4366 257//4366 4176//4366
f 2631//4367 2629//4367 257//4367
f 4174//4368 257//4368 2630//4368
f 4184//4369 2631//4369 257//4369
f 2632//4370 257//4370 4174//4370
f 2633//4371 4184//4371 257//4371
f 4172//4372 257//4372 2632//4372
f 2634//4373 2633//4373 257//4373
f 4170//4374 257//4374 4172//4374
f 4187//4375 2634//4375 257//4375
f 4169//4376 257//4376 4170//4376
f 4189//4377 4187//4377 257//4377
f 4167//4378 257//4378 4169//4378
f 2635//4379 4189//4379 257//4379
f 4166//4380 257//4380 4167//4380
f 4191//4381 2635//4381 257//4381
f 4165//4382 257//4382 4166//4382
f 2636//4383 4191//4383 257//4383
f 4164//4384 257//4384 4165//4384
f 4193//4385 2636//4385 257//4385
f 4162//4386 257//4386 4164//4386
f 4194//4387 4193//4387 257//4387
f 2637//4388 257//4388 4162//4388
f 2638//4389 4194//4389 257//4389
f 4160//4390 257//4390 2637//4390
f 4197//4391 2638//4391 257//4391
f 4158//4392 257//4392 4160//4392
f 4199//4393 4197//4393 257//4393
f 2639//4394 257//4394 4158//4394
f 2640//4395 4199//4395 257//4395
f 2641//4396 257//4396 2639//4396
f 4202//4397 2640//4397 257//4397
f 2642//4398 257//4398 2641//4398
f 2643//4399 4202//4399 257//4399
f 2644//4400 257//4400 2642//4400
f 2645//4401 2643//4401 257//4401
f 2646//4402 257//4402 2644//4402
f 2647//4403 2645//4403 257//4403
f 4151//4404 257//4404 2646//4404
f 2648//4405 2647//4405 257//4405
f 4149//4406 257//4406 4151//4406
f 2649//4407 2648//4407 257//4407
f 2650//4408 257//4408 4149//4408
f 2651//4409 2649//4409 257//4409
f 4147//4410 257//4410 2650//4410
f 2652//4411 2651//4411 257//4411
f 4146//4412 257//4412 4147//4412
f 2653//4413 2652//4413 257//4413
f 2654//4414 257//4414 4146//4414
f 4210//4415 2653//4415 257//4415
f 2655//4416 290//4416 257//4416
f 2655//4417 257//4417 2654//4417
f 4144//4418 290//4418 2655//4418
f 4143//4419 290//4419 4144//4419
f 4141//4420 290//4420 4143//4420
f 2656//4421 290//4421 4141//4421
f 4139//4422 290//4422 2656//4422
f 2657//4423 290//4423 4139//4423
f 2658//4424 290//4424 2657//4424
f 2659//4425 290//4425 2658//4425
f 2660//4426 290//4426 2659//4426
f 2661//4427 290//4427 2660//4427
f 4136//4428 290//4428 2661//4428
f 2662//4429 290//4429 4136//4429
f 2663//4430 290//4430 2662//4430
f 2664//4431 290//4431 2663//4431
f 2665//4432 290//4432 2664//4432
f 2666//4433 290//4433 2665//4433
f 2667//4434 290//4434 2666//4434
f 2668//4435 290//4435 2667//4435
f 4128//4436 290//4436 2668//4436
f 4127//4437 290//4437 4128//4437
f 4125//4438 290//4438 4127//4438
f 4124//4439 290//4439 4125//4439
f 2669//4440 290//4440 4124//4440
f 4120//4441 290//4441 2669//4441
f 4118//4442 290//4442 4120//4442
f 4116//4443 290//4443 4118//4443
f 4114//4444 290//4444 4116//4444
f 4112//4445 290//4445 4114//4445
f 2670//4446 290//4446 4112//4446
f 4111//4447 290//4447 2670//4447
f 2671//4448 290//4448 4111//4448
f 2672//4449 290//4449 2671//4449
f 2673//4450 290//4450 2672//4450
f 2674//4451 290//4451 2673//4451
f 4108//4452 290//4452 2674//4452
f 4105//4453 290//4453 4108//4453
f 4103//4454 290//4454 4105//4454
f 4102//4455 290//4455 4103//4455
f 2675//4456 290//4456 4102//4456
f 2676//4457 290//4457 2675//4457
f 2677//4458 290//4458 2676//4458
f 2678//4459 290//4459 2677//4459
f 4100//4460 290//4460 2678//4460
f 4099//4461 290//4461 4100//4461
f 4098//4462 290//4462 4099//4462
f 4097//4463 290//4463 4098//4463
f 4096//4464 290//4464 4097//4464
f 259//4465 4245//4465 4244//4465
f 259//4466 4247//4466 4245//4466
f 259//4467 2679//4467 4247//4467
f 259//4468 4249//4468 2679//4468
f 259//4469 2680//4469 4249//4469
f 259//4470 2681//4470 2680//4470
f 259//4471 2682//4471 2681//4471
f 259//4472 2683//4472 2682//4472
f 259//4473 4214//4473 4212//4473
f 259//4474 4215//4474 4214//4474
f 259//4475 2684//4475 4215//4475
f 259//4476 2685//4476 2684//4476
f 259//4477 4218//4477 2685//4477
f 259//4478 2686//4478 4218//4478
f 259//4479 2687//4479 2686//4479
f 259//4480 2688//4480 2687//4480
f 259//4481 2689//4481 2688//4481
f 259//4482 2690//4482 2689//4482
f 259//4483 4223//4483 2690//4483
f 259//4484 2691//4484 4223//4484
f 259//4485 2692//4485 2691//4485
f 259//4486 4227//4486 2692//4486
f 259//4487 2693//4487 4227//4487
f 259//4488 4229//4488 2693//4488
f 259//4489 4230//4489 4229//4489
f 259//4490 4232//4490 4230//4490
f 259//4491 4234//4491 4232//4491
f 259//4492 2694//4492 4234//4492
f 259//4493 2695//4493 2694//4493
f 259//4494 4237//4494 2695//4494
f 259//4495 2696//4495 4237//4495
f 259//4496 2697//4496 2696//4496
f 259//4497 2698//4497 2697//4497
f 259//4498 2699//4498 2698//4498
f 259//4499 2700//4499 2699//4499
f 259//4500 4244//4500 2700//4500
f 4027//4501 2701//4501 4028//4501
f 4027//4502 4029//4502 2701//4502
f 4027//4503 4031//4503 4029//4503
f 4027//4504 2702//4504 4031//4504
f 4027//4505 4033//4505 2702//4505
f 4027//4506 4035//4506 4033//4506
f 4027//4507 4038//4507 4035//4507
f 4027//4508 2703//4508 2683//4508
f 4027//4509 4039//4509 4038//4509
f 4027//4510 2704//4510 2703//4510
f 4027//4511 2705//4511 4039//4511
f 4027//4512 2706//4512 2704//4512
f 4027//4513 2707//4513 2705//4513
f 4027//4514 4254//4514 2706//4514
f 4027//4515 2708//4515 2707//4515
f 4027//4516 2709//4516 4254//4516
f 4027//4517 2710//4517 2708//4517
f 4027//4518 2711//4518 2709//4518
f 4027//4519 2712//4519 2710//4519
f 4027//4520 4256//4520 2711//4520
f 4027//4521 2713//4521 2712//4521
f 4027//4522 4258//4522 4256//4522
f 4027//4523 4045//4523 2713//4523
f 4027//4524 4260//4524 4258//4524
f 4027//4525 2714//4525 4045//4525
f 4027//4526 2715//4526 4260//4526
f 4027//4527 2716//4527 2714//4527
f 4027//4528 4262//4528 2715//4528
f 4027//4529 2717//4529 2716//4529
f 4027//4530 2718//4530 4262//4530
f 4027//4531 2719//4531 2717//4531
f 4027//4532 2720//4532 2718//4532
f 4027//4533 4051//4533 2719//4533
f 4027//4534 2721//4534 2720//4534
f 4027//4535 2722//4535 4051//4535
f 4027//4536 4267//4536 2721//4536
f 4027//4537 2723//4537 2722//4537
f 4027//4538 4268//4538 4267//4538
f 4027//4539 4054//4539 2723//4539
f 4027//4540 4270//4540 4268//4540
f 4027//4541 2724//4541 4054//4541
f 4027//4542 2725//4542 4270//4542
f 4027//4543 2726//4543 2724//4543
f 4027//4544 2727//4544 2725//4544
f 4027//4545 2728//4545 2726//4545
f 4027//4546 4028//4546 2727//4546
f 4027//4547 2729//4547 2728//4547
f 4027//4548 2730//4548 2729//4548
f 4027//4549 2731//4549 2730//4549
f 4027//4550 2732//4550 2731//4550
f 4027//4551 2733//4551 2732//4551
f 4027//4552 4062//4552 2733//4552
f 4027//4553 2734//4553 4062//4553
f 4027//4554 2735//4554 2734//4554
f 4027//4555 4066//4555 2735//4555
f 4027//4556 4068//4556 4066//4556
f 4027//4557 4070//4557 4068//4557
f 4027//4558 2736//4558 4070//4558
f 4027//4559 2737//4559 2736//4559
f 4027//4560 2738//4560 2737//4560
f 4027//4561 2683//4561 259//4561
f 2756//4562 4023//4562 4025//4562
f 2756//4563 4025//4563 4027//4563
f 2756//4564 4027//4564 259//4564
f 4027//4565 290//4565 2739//4565
f 2739//4566 290//4566 4089//4566
f 4089//4567 290//4567 4091//4567
f 4091//4568 290//4568 4094//4568
f 4094//4569 290//4569 2740//4569
f 2740//4570 290//4570 2741//4570
f 2741//4571 290//4571 2742//4571
f 2742//4572 290//4572 2743//4572
f 2743//4573 290//4573 2744//4573
f 2744//4574 290//4574 2745//4574
f 2745//4575 290//4575 4096//4575
f 4027//4576 2739//4576 2746//4576
f 4027//4577 2746//4577 2747//4577
f 4027//4578 2747//4578 2748//4578
f 4027//4579 2748//4579 4085//4579
f 4027//4580 4085//4580 2749//4580
f 4027//4581 2749//4581 2750//4581
f 4027//4582 2750//4582 4081//4582
f 4027//4583 4081//4583 2751//4583
f 4027//4584 2751//4584 4080//4584
f 4027//4585 4080//4585 4079//4585
f 4027//4586 4079//4586 4078//4586
f 4027//4587 4078//4587 4077//4587
f 4027//4588 4077//4588 2752//4588
f 4027//4589 2752//4589 2753//4589
f 4027//4590 2753//4590 2754//4590
f 4027//4591 2754//4591 2755//4591
f 4027//4592 2755//4592 2738//4592
f 257//4593 259//4593 4210//4593
f 4210//4594 259//4594 4212//4594
f 2828//4595 2756//4595 259//4595
f 258//4596 2828//4596 259//4596
f 2757//4597 2758//4597 254//4597
f 254//4598 2759//4598 2757//4598
f 2758//4599 4182//4599 254//4599
f 254//4600 2760//4600 2759//4600
f 4182//4601 4183//4601 254//4601
f 254//4602 2761//4602 2760//4602
f 4183//4603 2762//4603 254//4603
f 254//4604 4175//4604 2761//4604
f 2762//4605 2763//4605 254//4605
f 254//4606 2764//4606 4175//4606
f 2763//4607 4185//4607 254//4607
f 254//4608 4173//4608 2764//4608
f 4185//4609 4186//4609 254//4609
f 254//4610 2765//4610 4173//4610
f 4186//4611 2766//4611 254//4611
f 254//4612 4171//4612 2765//4612
f 2766//4613 4188//4613 254//4613
f 254//4614 2767//4614 4171//4614
f 4188//4615 4190//4615 254//4615
f 254//4616 4168//4616 2767//4616
f 4190//4617 2768//4617 254//4617
f 254//4618 2769//4618 4168//4618
f 2768//4619 4192//4619 254//4619
f 254//4620 2770//4620 2769//4620
f 4192//4621 2771//4621 254//4621
f 254//4622 2772//4622 2770//4622
f 2771//4623 2773//4623 254//4623
f 254//4624 4163//4624 2772//4624
f 2773//4625 4195//4625 254//4625
f 254//4626 4161//4626 4163//4626
f 4195//4627 4196//4627 254//4627
f 254//4628 4159//4628 4161//4628
f 4196//4629 4198//4629 254//4629
f 254//4630 2774//4630 4159//4630
f 4198//4631 4200//4631 254//4631
f 254//4632 4157//4632 2774//4632
f 4200//4633 4201//4633 254//4633
f 254//4634 4156//4634 4157//4634
f 4201//4635 4203//4635 254//4635
f 254//4636 4155//4636 4156//4636
f 4203//4637 2775//4637 254//4637
f 254//4638 4154//4638 4155//4638
f 2775//4639 2776//4639 254//4639
f 254//4640 4153//4640 4154//4640
f 2776//4641 4204//4641 254//4641
f 254//4642 4152//4642 4153//4642
f 4204//4643 4205//4643 254//4643
f 254//4644 4150//4644 4152//4644
f 4205//4645 4206//4645 254//4645
f 254//4646 2777//4646 4150//4646
f 4206//4647 4207//4647 254//4647
f 254//4648 4148//4648 2777//4648
f 4207//4649 4208//4649 254//4649
f 254//4650 2778//4650 4148//4650
f 4208//4651 4209//4651 254//4651
f 254//4652 4145//4652 2778//4652
f 4209//4653 4211//4653 254//4653
f 254//4654 2779//4654 4145//4654
f 293//4655 2779//4655 254//4655
f 293//4656 2780//4656 2779//4656
f 293//4657 2781//4657 2780//4657
f 293//4658 4142//4658 2781//4658
f 293//4659 4140//4659 4142//4659
f 293//4660 2782//4660 4140//4660
f 293//4661 4138//4661 2782//4661
f 293//4662 2783//4662 4138//4662
f 293//4663 2784//4663 2783//4663
f 293//4664 2785//4664 2784//4664
f 293//4665 4137//4665 2785//4665
f 293//4666 2786//4666 4137//4666
f 293//4667 4135//4667 2786//4667
f 293//4668 4134//4668 4135//4668
f 293//4669 4133//4669 4134//4669
f 293//4670 4132//4670 4133//4670
f 293//4671 4131//4671 4132//4671
f 293//4672 4130//4672 4131//4672
f 293//4673 4129//4673 4130//4673
f 293//4674 2787//4674 4129//4674
f 293//4675 2788//4675 2787//4675
f 293//4676 4126//4676 2788//4676
f 293//4677 4123//4677 4126//4677
f 293//4678 4122//4678 4123//4678
f 293//4679 4121//4679 4122//4679
f 293//4680 4119//4680 4121//4680
f 293//4681 4117//4681 4119//4681
f 293//4682 4115//4682 4117//4682
f 293//4683 4113//4683 4115//4683
f 293//4684 2789//4684 4113//4684
f 293//4685 2790//4685 2789//4685
f 293//4686 2791//4686 2790//4686
f 293//4687 2792//4687 2791//4687
f 293//4688 4110//4688 2792//4688
f 293//4689 4109//4689 4110//4689
f 293//4690 4107//4690 4109//4690
f 293//4691 4106//4691 4107//4691
f 293//4692 4104//4692 4106//4692
f 293//4693 2793//4693 4104//4693
f 293//4694 2794//4694 2793//4694
f 293//4695 2795//4695 2794//4695
f 293//4696 2796//4696 2795//4696
f 293//4697 2797//4697 2796//4697
f 293//4698 4101//4698 2797//4698
f 293//4699 2798//4699 4101//4699
f 293//4700 2799//4700 2798//4700
f 293//4701 2800//4701 2799//4701
f 293//4702 2801//4702 2800//4702
f 4246//4703 258//4703 2802//4703
f 4248//4704 258//4704 4246//4704
f 2803//4705 258//4705 4248//4705
f 4250//4706 258//4706 2803//4706
f 4251//4707 258//4707 4250//4707
f 2804//4708 258//4708 4251//4708
f 2805//4709 258//4709 2804//4709
f 2806//4710 258//4710 2805//4710
f 2807//4711 258//4711 4213//4711
f 4216//4712 258//4712 2807//4712
f 2808//4713 258//4713 4216//4713
f 4217//4714 258//4714 2808//4714
f 2809//4715 258//4715 4217//4715
f 4219//4716 258//4716 2809//4716
f 4220//4717 258//4717 4219//4717
f 4221//4718 258//4718 4220//4718
f 4222//4719 258//4719 4221//4719
f 2810//4720 258//4720 4222//4720
f 4224//4721 258//4721 2810//4721
f 4225//4722 258//4722 4224//4722
f 4226//4723 258//4723 4225//4723
f 4228//4724 258//4724 4226//4724
f 2811//4725 258//4725 4228//4725
f 2812//4726 258//4726 2811//4726
f 4231//4727 258//4727 2812//4727
f 4233//4728 258//4728 4231//4728
f 4235//4729 258//4729 4233//4729
f 2813//4730 258//4730 4235//4730
f 4236//4731 258//4731 2813//4731
f 4238//4732 258//4732 4236//4732
f 4239//4733 258//4733 4238//4733
f 4240//4734 258//4734 4239//4734
f 4241//4735 258//4735 4240//4735
f 4242//4736 258//4736 4241//4736
f 4243//4737 258//4737 4242//4737
f 2802//4738 258//4738 4243//4738
f 2814//4739 4026//4739 2815//4739
f 4030//4740 4026//4740 2814//4740
f 4032//4741 4026//4741 4030//4741
f 2816//4742 4026//4742 4032//4742
f 4034//4743 4026//4743 2816//4743
f 4036//4744 4026//4744 4034//4744
f 4037//4745 4026//4745 4036//4745
f 2817//4746 4026//4746 2806//4746
f 4040//4747 4026//4747 4037//4747
f 4252//4748 4026//4748 2817//4748
f 4041//4749 4026//4749 4040//4749
f 4253//4750 4026//4750 4252//4750
f 4042//4751 4026//4751 4041//4751
f 4255//4752 4026//4752 4253//4752
f 4043//4753 4026//4753 4042//4753
f 2818//4754 4026//4754 4255//4754
f 2819//4755 4026//4755 4043//4755
f 2820//4756 4026//4756 2818//4756
f 2821//4757 4026//4757 2819//4757
f 4257//4758 4026//4758 2820//4758
f 4044//4759 4026//4759 2821//4759
f 4259//4760 4026//4760 4257//4760
f 4046//4761 4026//4761 4044//4761
f 2822//4762 4026//4762 4259//4762
f 4047//4763 4026//4763 4046//4763
f 4261//4764 4026//4764 2822//4764
f 4048//4765 4026//4765 4047//4765
f 4263//4766 4026//4766 4261//4766
f 4049//4767 4026//4767 4048//4767
f 4264//4768 4026//4768 4263//4768
f 4050//4769 4026//4769 4049//4769
f 4265//4770 4026//4770 4264//4770
f 4052//4771 4026//4771 4050//4771
f 4266//4772 4026//4772 4265//4772
f 2823//4773 4026//4773 4052//4773
f 2824//4774 4026//4774 4266//4774
f 4053//4775 4026//4775 2823//4775
f 4269//4776 4026//4776 2824//4776
f 2825//4777 4026//4777 4053//4777
f 2826//4778 4026//4778 4269//4778
f 4055//4779 4026//4779 2825//4779
f 4271//4780 4026//4780 2826//4780
f 2827//4781 4026//4781 4055//4781
f 4272//4782 4026//4782 4271//4782
f 4056//4783 4026//4783 2827//4783
f 2815//4784 4026//4784 4272//4784
f 4057//4785 4026//4785 4056//4785
f 4058//4786 4026//4786 4057//4786
f 4059//4787 4026//4787 4058//4787
f 4060//4788 4026//4788 4059//4788
f 4061//4789 4026//4789 4060//4789
f 4063//4790 4026//4790 4061//4790
f 4064//4791 4026//4791 4063//4791
f 4065//4792 4026//4792 4064//4792
f 4067//4793 4026//4793 4065//4793
f 4069//4794 4026//4794 4067//4794
f 4071//4795 4026//4795 4069//4795
f 4072//4796 4026//4796 4071//4796
f 4073//4797 4026//4797 4072//4797
f 4074//4798 4026//4798 4073//4798
f 2806//4799 4026//4799 258//4799
f 4026//4800 2828//4800 258//4800
f 2829//4801 2828//4801 4024//4801
f 4024//4802 2828//4802 4026//4802
f 293//4803 4026//4803 4088//4803
f 293//4804 4088//4804 4090//4804
f 293//4805 4090//4805 4092//4805
f 293//4806 4092//4806 4093//4806
f 293//4807 4093//4807 4095//4807
f 293//4808 4095//4808 2830//4808
f 293//4809 2830//4809 2831//4809
f 293//4810 2831//4810 2832//4810
f 293//4811 2832//4811 2833//4811
f 293//4812 2833//4812 2834//4812
f 293//4813 2834//4813 2801//4813
f 4088//4814 4026//4814 4087//4814
f 4087//4815 4026//4815 2835//4815
f 2835//4816 4026//4816 4086//4816
f 4086//4817 4026//4817 2836//4817
f 2836//4818 4026//4818 4084//4818
f 4084//4819 4026//4819 4083//4819
f 4083//4820 4026//4820 4082//4820
f 4082//4821 4026//4821 2837//4821
f 2837//4822 4026//4822 2838//4822
f 2838//4823 4026//4823 2839//4823
f 2839//4824 4026//4824 2840//4824
f 2840//4825 4026//4825 2841//4825
f 2841//4826 4026//4826 2842//4826
f 2842//4827 4026//4827 2843//4827
f 2843//4828 4026//4828 4076//4828
f 4076//4829 4026//4829 4075//4829
f 4075//4830 4026//4830 4074//4830
f 258//4831 254//4831 4211//4831
f 258//4832 4211//4832 4213//4832
f 2844//4833 278//4833 2845//4833
f 2846//4834 2844//4834 2847//4834
f 2846//4835 2847//4835 2848//4835
f 269//4836 2846//4836 2849//4836
f 269//4837 278//4837 2846//4837
f 2846//4838 278//4838 2844//4838
f 267//4839 408//4839 278//4839
f 278//4840 408//4840 2845//4840
f 410//4841 260//4841 269//4841
f 410//4842 269//4842 2849//4842
f 411//4843 412//4843 292//4843
f 291//4844 411//4844 292//4844
f 288//4845 412//4845 409//4845
f 288//4846 292//4846 412//4846
f 2541//4847 287//4847 289//4847
f 2541//4848 289//4848 2514//4848
f 293//4849 4027//4849 4026//4849
f 293//4850 290//4850 4027//4850
f 2850//4851 2851//4851 2852//4851
f 2852//4852 2851//4852 2083//4852
f 2083//4853 318//4853 2853//4853
f 2851//4854 318//4854 2083//4854
f 2853//4855 316//4855 2084//4855
f 318//4856 316//4856 2853//4856
f 2084//4857 2854//4857 2085//4857
f 316//4858 2854//4858 2084//4858
f 2085//4859 314//4859 2855//4859
f 2854//4860 314//4860 2085//4860
f 2855//4861 313//4861 2086//4861
f 314//4862 313//4862 2855//4862
f 2086//4863 311//4863 2087//4863
f 313//4864 311//4864 2086//4864
f 2087//4865 2856//4865 2088//4865
f 311//4866 2856//4866 2087//4866
f 2088//4867 2857//4867 2858//4867
f 2856//4868 2857//4868 2088//4868
f 2857//4869 2859//4869 2858//4869
f 2858//4870 2859//4870 2860//4870
f 2859//4871 2861//4871 2860//4871
f 2860//4872 2861//4872 2862//4872
f 2861//4873 2863//4873 2862//4873
f 2862//4874 2863//4874 2089//4874
f 2863//4875 2864//4875 2089//4875
f 2089//4876 2864//4876 2865//4876
f 2864//4877 309//4877 2865//4877
f 2865//4878 309//4878 2866//4878
f 309//4879 2867//4879 2866//4879
f 2866//4880 2867//4880 2868//4880
f 2867//4881 307//4881 2868//4881
f 2868//4882 307//4882 2869//4882
f 307//4883 2870//4883 2869//4883
f 2869//4884 2870//4884 2090//4884
f 2870//4885 305//4885 2090//4885
f 2090//4886 305//4886 2091//4886
f 305//4887 304//4887 2091//4887
f 2091//4888 304//4888 2092//4888
f 304//4889 302//4889 2092//4889
f 2092//4890 302//4890 2093//4890
f 302//4891 301//4891 2093//4891
f 2093//4892 301//4892 2094//4892
f 2094//4893 300//4893 2871//4893
f 301//4894 300//4894 2094//4894
f 2871//4895 2872//4895 2873//4895
f 300//4896 2872//4896 2871//4896
f 2873//4897 299//4897 2095//4897
f 2872//4898 299//4898 2873//4898
f 2095//4899 2874//4899 2096//4899
f 299//4900 2874//4900 2095//4900
f 2096//4901 2875//4901 2097//4901
f 2874//4902 2875//4902 2096//4902
f 2097//4903 2876//4903 2098//4903
f 2875//4904 2876//4904 2097//4904
f 2098//4905 296//4905 2099//4905
f 2876//4906 296//4906 2098//4906
f 2099//4907 2877//4907 2100//4907
f 2100//4908 2877//4908 2878//4908
f 296//4909 2877//4909 2099//4909
f 2877//4910 2879//4910 2878//4910
f 2878//4911 297//4911 2101//4911
f 2879//4912 297//4912 2878//4912
f 2101//4913 298//4913 2102//4913
f 297//4914 298//4914 2101//4914
f 2102//4915 2880//4915 2881//4915
f 298//4916 2880//4916 2102//4916
f 2881//4917 2882//4917 2103//4917
f 2880//4918 2882//4918 2881//4918
f 2103//4919 2883//4919 2104//4919
f 2104//4920 2883//4920 2105//4920
f 2882//4921 2883//4921 2103//4921
f 2883//4922 2884//4922 2105//4922
f 2884//4923 2885//4923 2105//4923
f 2105//4924 2885//4924 2886//4924
f 2886//4925 2885//4925 2887//4925
f 2885//4926 303//4926 2887//4926
f 303//4927 2888//4927 2887//4927
f 2887//4928 2888//4928 2889//4928
f 2888//4929 2890//4929 2889//4929
f 2889//4930 2890//4930 2891//4930
f 2891//4931 2890//4931 2892//4931
f 2890//4932 306//4932 2892//4932
f 306//4933 308//4933 2892//4933
f 2892//4934 308//4934 2893//4934
f 2893//4935 308//4935 2894//4935
f 308//4936 2895//4936 2894//4936
f 2895//4937 2896//4937 2894//4937
f 2894//4938 2896//4938 2897//4938
f 2896//4939 310//4939 2897//4939
f 2897//4940 310//4940 2898//4940
f 310//4941 2899//4941 2898//4941
f 2898//4942 2899//4942 2106//4942
f 2899//4943 2900//4943 2106//4943
f 2106//4944 2900//4944 2901//4944
f 2900//4945 2902//4945 2901//4945
f 2901//4946 2902//4946 2903//4946
f 2902//4947 2904//4947 2903//4947
f 2903//4948 2904//4948 2905//4948
f 2904//4949 2906//4949 2905//4949
f 2905//4950 2906//4950 2907//4950
f 2906//4951 312//4951 2907//4951
f 2907//4952 312//4952 2908//4952
f 312//4953 2909//4953 2908//4953
f 2908//4954 2909//4954 2910//4954
f 2909//4955 2911//4955 2910//4955
f 2910//4956 2911//4956 2107//4956
f 2911//4957 315//4957 2107//4957
f 2107//4958 315//4958 2912//4958
f 315//4959 317//4959 2912//4959
f 2912//4960 317//4960 2108//4960
f 317//4961 2913//4961 2108//4961
f 2108//4962 2913//4962 2109//4962
f 2109//4963 2914//4963 2110//4963
f 2913//4964 2914//4964 2109//4964
f 2110//4965 2915//4965 2916//4965
f 2916//4966 2915//4966 2145//4966
f 2914//4967 2915//4967 2110//4967
f 2915//4968 2917//4968 2145//4968
f 2145//4969 2918//4969 2146//4969
f 2146//4970 2918//4970 2919//4970
f 2917//4971 2918//4971 2145//4971
f 2918//4972 2920//4972 2919//4972
f 2920//4973 2921//4973 2919//4973
f 2919//4974 2921//4974 2922//4974
f 2921//4975 2923//4975 2922//4975
f 2922//4976 2923//4976 2924//4976
f 2923//4977 2925//4977 2924//4977
f 2924//4978 2925//4978 2926//4978
f 2925//4979 343//4979 2926//4979
f 2926//4980 343//4980 2927//4980
f 343//4981 2928//4981 2927//4981
f 2927//4982 2928//4982 2147//4982
f 2928//4983 2929//4983 2147//4983
f 2147//4984 2929//4984 2148//4984
f 2929//4985 2930//4985 2148//4985
f 2148//4986 2930//4986 2931//4986
f 2930//4987 2932//4987 2931//4987
f 2931//4988 2932//4988 2933//4988
f 2932//4989 344//4989 2933//4989
f 2933//4990 344//4990 2934//4990
f 344//4991 2935//4991 2934//4991
f 2934//4992 2935//4992 2149//4992
f 2936//4993 2937//4993 2150//4993
f 2935//4994 2937//4994 2149//4994
f 2149//4995 2937//4995 2936//4995
f 2937//4996 345//4996 2150//4996
f 2150//4997 346//4997 2938//4997
f 2938//4998 346//4998 2939//4998
f 345//4999 346//4999 2150//4999
f 346//5000 2940//5000 2939//5000
f 2939//5001 2941//5001 2151//5001
f 2940//5002 2941//5002 2939//5002
f 2151//5003 347//5003 2152//5003
f 2152//5004 347//5004 2942//5004
f 2941//5005 347//5005 2151//5005
f 2942//5006 348//5006 2153//5006
f 347//5007 348//5007 2942//5007
f 348//5008 349//5008 2153//5008
f 2153//5009 2943//5009 2944//5009
f 349//5010 2943//5010 2153//5010
f 2944//5011 2945//5011 2946//5011
f 2946//5012 2945//5012 2154//5012
f 2943//5013 2945//5013 2944//5013
f 2154//5014 2947//5014 2948//5014
f 2945//5015 2947//5015 2154//5015
f 2947//5016 350//5016 2948//5016
f 2948//5017 2949//5017 2950//5017
f 2950//5018 2949//5018 2951//5018
f 350//5019 2949//5019 2948//5019
f 2949//5020 2952//5020 2951//5020
f 2951//5021 2953//5021 2155//5021
f 2952//5022 2953//5022 2951//5022
f 2953//5023 2954//5023 2155//5023
f 2155//5024 2954//5024 2156//5024
f 2156//5025 2954//5025 2955//5025
f 2954//5026 2956//5026 2955//5026
f 2956//5027 2957//5027 2955//5027
f 2955//5028 2957//5028 2958//5028
f 2958//5029 2959//5029 2960//5029
f 2957//5030 2959//5030 2958//5030
f 2960//5031 351//5031 2961//5031
f 2959//5032 351//5032 2960//5032
f 2961//5033 352//5033 2962//5033
f 351//5034 352//5034 2961//5034
f 2962//5035 353//5035 2157//5035
f 2157//5036 353//5036 2158//5036
f 352//5037 353//5037 2962//5037
f 353//5038 354//5038 2158//5038
f 2158//5039 355//5039 2159//5039
f 354//5040 355//5040 2158//5040
f 2159//5041 2963//5041 2135//5041
f 355//5042 2963//5042 2159//5042
f 2135//5043 337//5043 2134//5043
f 2134//5044 337//5044 2136//5044
f 2963//5045 337//5045 2135//5045
f 337//5046 338//5046 2136//5046
f 2136//5047 339//5047 2137//5047
f 338//5048 339//5048 2136//5048
f 2137//5049 340//5049 2964//5049
f 339//5050 340//5050 2137//5050
f 2964//5051 341//5051 2138//5051
f 340//5052 341//5052 2964//5052
f 2138//5053 342//5053 2139//5053
f 2139//5054 342//5054 2140//5054
f 341//5055 342//5055 2138//5055
f 342//5056 2965//5056 2140//5056
f 2140//5057 2966//5057 2141//5057
f 2141//5058 2966//5058 2142//5058
f 2965//5059 2966//5059 2140//5059
f 2966//5060 2967//5060 2142//5060
f 2142//5061 356//5061 2143//5061
f 2143//5062 356//5062 2144//5062
f 2967//5063 356//5063 2142//5063
f 356//5064 357//5064 2144//5064
f 2144//5065 358//5065 2968//5065
f 2968//5066 358//5066 2969//5066
f 357//5067 358//5067 2144//5067
f 358//5068 2970//5068 2969//5068
f 2969//5069 359//5069 2971//5069
f 2970//5070 359//5070 2969//5070
f 359//5071 2972//5071 2971//5071
f 2971//5072 2972//5072 2111//5072
f 2111//5073 2972//5073 2112//5073
f 2972//5074 2973//5074 2112//5074
f 2973//5075 2974//5075 2112//5075
f 2112//5076 2974//5076 2113//5076
f 2113//5077 2974//5077 2975//5077
f 2974//5078 2976//5078 2975//5078
f 2976//5079 360//5079 2975//5079
f 2975//5080 360//5080 2977//5080
f 360//5081 361//5081 2977//5081
f 2977//5082 361//5082 2114//5082
f 2114//5083 361//5083 2978//5083
f 361//5084 362//5084 2978//5084
f 362//5085 363//5085 2978//5085
f 2978//5086 363//5086 2115//5086
f 2115//5087 363//5087 2979//5087
f 363//5088 2980//5088 2979//5088
f 2979//5089 2980//5089 2981//5089
f 2980//5090 2982//5090 2981//5090
f 2982//5091 2983//5091 2981//5091
f 2981//5092 2983//5092 2984//5092
f 2983//5093 364//5093 2984//5093
f 2984//5094 364//5094 2985//5094
f 2985//5095 365//5095 2986//5095
f 364//5096 365//5096 2985//5096
f 2986//5097 366//5097 2987//5097
f 2987//5098 366//5098 2116//5098
f 365//5099 366//5099 2986//5099
f 366//5100 367//5100 2116//5100
f 2116//5101 368//5101 2117//5101
f 367//5102 368//5102 2116//5102
f 2117//5103 369//5103 2118//5103
f 368//5104 369//5104 2117//5104
f 2118//5105 370//5105 2119//5105
f 369//5106 370//5106 2118//5106
f 2119//5107 371//5107 2988//5107
f 370//5108 371//5108 2119//5108
f 2988//5109 372//5109 2989//5109
f 371//5110 372//5110 2988//5110
f 2989//5111 373//5111 2990//5111
f 372//5112 373//5112 2989//5112
f 2990//5113 374//5113 2991//5113
f 2991//5114 374//5114 2992//5114
f 373//5115 374//5115 2990//5115
f 374//5116 375//5116 2992//5116
f 2992//5117 2993//5117 2994//5117
f 375//5118 2993//5118 2992//5118
f 2994//5119 2995//5119 2996//5119
f 2993//5120 2995//5120 2994//5120
f 2996//5121 2997//5121 2120//5121
f 2995//5122 2997//5122 2996//5122
f 2997//5123 2998//5123 2120//5123
f 2120//5124 2998//5124 2121//5124
f 2998//5125 376//5125 2121//5125
f 2121//5126 376//5126 2122//5126
f 376//5127 2999//5127 2122//5127
f 2122//5128 2999//5128 2123//5128
f 2999//5129 3000//5129 2123//5129
f 2123//5130 3000//5130 3001//5130
f 3000//5131 3002//5131 3001//5131
f 3001//5132 3002//5132 2124//5132
f 2124//5133 3002//5133 2125//5133
f 3002//5134 3003//5134 2125//5134
f 3003//5135 3004//5135 2125//5135
f 2125//5136 3004//5136 2126//5136
f 3004//5137 377//5137 2126//5137
f 2126//5138 377//5138 2127//5138
f 2127//5139 377//5139 3005//5139
f 377//5140 378//5140 3005//5140
f 378//5141 379//5141 3005//5141
f 3005//5142 379//5142 3006//5142
f 3006//5143 379//5143 2128//5143
f 379//5144 3007//5144 2128//5144
f 2128//5145 3007//5145 3008//5145
f 3007//5146 380//5146 3008//5146
f 380//5147 381//5147 3008//5147
f 3008//5148 381//5148 2129//5148
f 381//5149 3009//5149 2129//5149
f 2129//5150 3009//5150 3010//5150
f 3009//5151 3011//5151 3010//5151
f 3010//5152 3011//5152 3012//5152
f 3011//5153 3013//5153 3012//5153
f 3012//5154 3013//5154 3014//5154
f 3013//5155 3015//5155 3014//5155
f 3014//5156 3015//5156 3016//5156
f 3015//5157 3017//5157 3016//5157
f 3016//5158 3017//5158 3018//5158
f 3017//5159 3019//5159 3018//5159
f 3018//5160 3019//5160 3020//5160
f 3019//5161 3021//5161 3020//5161
f 3020//5162 3021//5162 3022//5162
f 3021//5163 382//5163 3022//5163
f 3022//5164 382//5164 2130//5164
f 2130//5165 3023//5165 3024//5165
f 382//5166 3023//5166 2130//5166
f 3024//5167 383//5167 2131//5167
f 3023//5168 383//5168 3024//5168
f 2131//5169 3025//5169 2132//5169
f 383//5170 3025//5170 2131//5170
f 2132//5171 384//5171 2133//5171
f 3025//5172 384//5172 2132//5172
f 384//5173 3026//5173 2133//5173
f 2133//5174 3026//5174 3027//5174
f 3026//5175 385//5175 3027//5175
f 3027//5176 385//5176 3028//5176
f 385//5177 3029//5177 3028//5177
f 3028//5178 3029//5178 3030//5178
f 3029//5179 3031//5179 3030//5179
f 3030//5180 3031//5180 3032//5180
f 3032//5181 3031//5181 2165//5181
f 3031//5182 386//5182 2165//5182
f 386//5183 3033//5183 2165//5183
f 2165//5184 3033//5184 2164//5184
f 3033//5185 389//5185 2164//5185
f 2164//5186 389//5186 2163//5186
f 389//5187 388//5187 2163//5187
f 2163//5188 388//5188 2162//5188
f 388//5189 3034//5189 2162//5189
f 2162//5190 3034//5190 2161//5190
f 2161//5191 3034//5191 3035//5191
f 3034//5192 3036//5192 3035//5192
f 3036//5193 387//5193 3035//5193
f 3035//5194 387//5194 3037//5194
f 387//5195 390//5195 3037//5195
f 3037//5196 390//5196 2160//5196
f 2160//5197 391//5197 3038//5197
f 390//5198 391//5198 2160//5198
f 3038//5199 392//5199 3039//5199
f 3039//5200 392//5200 3040//5200
f 391//5201 392//5201 3038//5201
f 392//5202 3041//5202 3040//5202
f 3040//5203 3042//5203 3043//5203
f 3041//5204 3042//5204 3040//5204
f 3043//5205 3044//5205 3045//5205
f 3042//5206 3044//5206 3043//5206
f 3045//5207 3046//5207 3047//5207
f 3044//5208 3046//5208 3045//5208
f 3047//5209 3048//5209 3049//5209
f 3046//5210 3048//5210 3047//5210
f 3049//5211 3050//5211 2079//5211
f 3048//5212 3050//5212 3049//5212
f 2079//5213 3051//5213 2077//5213
f 2077//5214 3051//5214 3052//5214
f 3050//5215 3051//5215 2079//5215
f 3052//5216 3053//5216 2076//5216
f 3051//5217 3053//5217 3052//5217
f 3053//5218 336//5218 2076//5218
f 2076//5219 335//5219 2075//5219
f 336//5220 335//5220 2076//5220
f 2075//5221 334//5221 3054//5221
f 3054//5222 334//5222 3055//5222
f 335//5223 334//5223 2075//5223
f 334//5224 3056//5224 3055//5224
f 3055//5225 3057//5225 2074//5225
f 3056//5226 3057//5226 3055//5226
f 3057//5227 333//5227 2074//5227
f 2074//5228 333//5228 2073//5228
f 333//5229 332//5229 2073//5229
f 2073//5230 332//5230 2072//5230
f 2072//5231 332//5231 2071//5231
f 332//5232 3058//5232 2071//5232
f 2071//5233 331//5233 2070//5233
f 2070//5234 331//5234 2069//5234
f 3058//5235 331//5235 2071//5235
f 2069//5236 330//5236 2067//5236
f 331//5237 330//5237 2069//5237
f 2067//5238 329//5238 2066//5238
f 330//5239 329//5239 2067//5239
f 329//5240 328//5240 2066//5240
f 2066//5241 327//5241 3059//5241
f 328//5242 327//5242 2066//5242
f 3059//5243 3060//5243 2064//5243
f 2064//5244 3060//5244 2062//5244
f 327//5245 3060//5245 3059//5245
f 3060//5246 3061//5246 2062//5246
f 2062//5247 3062//5247 2060//5247
f 2060//5248 3062//5248 3063//5248
f 3061//5249 3062//5249 2062//5249
f 3062//5250 326//5250 3063//5250
f 3063//5251 325//5251 2059//5251
f 2059//5252 325//5252 2061//5252
f 326//5253 325//5253 3063//5253
f 325//5254 3064//5254 2061//5254
f 2061//5255 3065//5255 2063//5255
f 3064//5256 3065//5256 2061//5256
f 2063//5257 3066//5257 3067//5257
f 3065//5258 3066//5258 2063//5258
f 3067//5259 3068//5259 2065//5259
f 3066//5260 3068//5260 3067//5260
f 2065//5261 3069//5261 3070//5261
f 3070//5262 3069//5262 2068//5262
f 3068//5263 3069//5263 2065//5263
f 3069//5264 3071//5264 2068//5264
f 2068//5265 324//5265 3072//5265
f 3071//5266 324//5266 2068//5266
f 3072//5267 3073//5267 3074//5267
f 3074//5268 3073//5268 3075//5268
f 324//5269 3073//5269 3072//5269
f 3073//5270 3076//5270 3075//5270
f 3075//5271 323//5271 3077//5271
f 3077//5272 323//5272 3078//5272
f 3076//5273 323//5273 3075//5273
f 323//5274 3079//5274 3078//5274
f 3078//5275 3080//5275 3081//5275
f 3081//5276 3080//5276 3082//5276
f 3079//5277 3080//5277 3078//5277
f 3080//5278 3083//5278 3082//5278
f 3083//5279 3084//5279 3082//5279
f 3082//5280 3084//5280 3085//5280
f 3084//5281 3086//5281 3085//5281
f 3085//5282 3086//5282 3087//5282
f 3087//5283 3086//5283 3088//5283
f 3086//5284 3089//5284 3088//5284
f 3089//5285 3090//5285 3088//5285
f 3088//5286 3090//5286 3091//5286
f 3090//5287 3092//5287 3091//5287
f 3091//5288 3092//5288 2078//5288
f 2078//5289 3092//5289 3093//5289
f 3092//5290 3094//5290 3093//5290
f 3094//5291 322//5291 3093//5291
f 3093//5292 322//5292 3095//5292
f 3095//5293 322//5293 2080//5293
f 322//5294 3096//5294 2080//5294
f 3096//5295 321//5295 2080//5295
f 2080//5296 321//5296 2081//5296
f 321//5297 320//5297 2081//5297
f 2081//5298 320//5298 3097//5298
f 320//5299 3098//5299 3097//5299
f 3097//5300 3098//5300 3099//5300
f 3099//5301 3100//5301 3101//5301
f 3098//5302 3100//5302 3099//5302
f 3101//5303 3102//5303 3103//5303
f 3100//5304 3102//5304 3101//5304
f 3103//5305 319//5305 2082//5305
f 2082//5306 319//5306 2852//5306
f 3102//5307 319//5307 3103//5307
f 319//5308 2850//5308 2852//5308
f 402//5309 3570//5309 3569//5309
f 402//5310 398//5310 3570//5310
f 403//5311 3104//5311 404//5311
f 403//5312 1123//5312 3104//5312
f 401//5313 399//5313 407//5313
f 407//5314 399//5314 406//5314
f 407//5315 405//5315 400//5315
f 401//5316 407//5316 400//5316
f 3105//5317 671//5317 3106//5317
f 3106//5318 671//5318 3107//5318
f 3107//5319 3108//5319 3109//5319
f 671//5320 3108//5320 3107//5320
f 3109//5321 3110//5321 3111//5321
f 3108//5322 3110//5322 3109//5322
f 3111//5323 3112//5323 1025//5323
f 3110//5324 3112//5324 3111//5324
f 1025//5325 3113//5325 3114//5325
f 3112//5326 3113//5326 1025//5326
f 3114//5327 3115//5327 1026//5327
f 3113//5328 3115//5328 3114//5328
f 1026//5329 3116//5329 3117//5329
f 3115//5330 3116//5330 1026//5330
f 3117//5331 3118//5331 3119//5331
f 3116//5332 3118//5332 3117//5332
f 3119//5333 3120//5333 3121//5333
f 3118//5334 3120//5334 3119//5334
f 3120//5335 3122//5335 3121//5335
f 3121//5336 3122//5336 3123//5336
f 3122//5337 3124//5337 3123//5337
f 3123//5338 3124//5338 3125//5338
f 3124//5339 3126//5339 3125//5339
f 3125//5340 3126//5340 3127//5340
f 3126//5341 3128//5341 3127//5341
f 3127//5342 3128//5342 3129//5342
f 3128//5343 3130//5343 3129//5343
f 3129//5344 3130//5344 3131//5344
f 3130//5345 3132//5345 3131//5345
f 3131//5346 3132//5346 1028//5346
f 3132//5347 3133//5347 1028//5347
f 1028//5348 3133//5348 1029//5348
f 3133//5349 658//5349 1029//5349
f 1029//5350 658//5350 1030//5350
f 658//5351 657//5351 1030//5351
f 1030//5352 657//5352 3134//5352
f 657//5353 3135//5353 3134//5353
f 3134//5354 3135//5354 3136//5354
f 3135//5355 3137//5355 3136//5355
f 3136//5356 3137//5356 3138//5356
f 3137//5357 3139//5357 3138//5357
f 3138//5358 3139//5358 3140//5358
f 3140//5359 653//5359 1031//5359
f 3139//5360 653//5360 3140//5360
f 1031//5361 3141//5361 3142//5361
f 653//5362 3141//5362 1031//5362
f 3142//5363 3143//5363 1032//5363
f 3141//5364 3143//5364 3142//5364
f 1032//5365 3144//5365 1033//5365
f 3143//5366 3144//5366 1032//5366
f 1033//5367 648//5367 1034//5367
f 3144//5368 648//5368 1033//5368
f 1034//5369 3145//5369 3146//5369
f 648//5370 3145//5370 1034//5370
f 3146//5371 3147//5371 1035//5371
f 3145//5372 3147//5372 3146//5372
f 1035//5373 3148//5373 1036//5373
f 1036//5374 3148//5374 3149//5374
f 3147//5375 3148//5375 1035//5375
f 3148//5376 646//5376 3149//5376
f 3149//5377 647//5377 1037//5377
f 646//5378 647//5378 3149//5378
f 1037//5379 649//5379 1038//5379
f 647//5380 649//5380 1037//5380
f 1038//5381 650//5381 1039//5381
f 649//5382 650//5382 1038//5382
f 1039//5383 651//5383 3150//5383
f 650//5384 651//5384 1039//5384
f 3150//5385 652//5385 3151//5385
f 3151//5386 652//5386 1040//5386
f 651//5387 652//5387 3150//5387
f 652//5388 654//5388 1040//5388
f 654//5389 655//5389 1040//5389
f 1040//5390 655//5390 1041//5390
f 1041//5391 655//5391 1042//5391
f 655//5392 656//5392 1042//5392
f 656//5393 3152//5393 1042//5393
f 1042//5394 3152//5394 1043//5394
f 3152//5395 3153//5395 1043//5395
f 1043//5396 3153//5396 1044//5396
f 1044//5397 3153//5397 1045//5397
f 3153//5398 3154//5398 1045//5398
f 3154//5399 659//5399 1045//5399
f 1045//5400 659//5400 3155//5400
f 3155//5401 659//5401 3156//5401
f 659//5402 3157//5402 3156//5402
f 3157//5403 3158//5403 3156//5403
f 3156//5404 3158//5404 1046//5404
f 3158//5405 3159//5405 1046//5405
f 1046//5406 3159//5406 1047//5406
f 3159//5407 660//5407 1047//5407
f 1047//5408 660//5408 1048//5408
f 660//5409 661//5409 1048//5409
f 1048//5410 661//5410 3160//5410
f 661//5411 662//5411 3160//5411
f 3160//5412 662//5412 1049//5412
f 662//5413 663//5413 1049//5413
f 1049//5414 663//5414 1050//5414
f 663//5415 664//5415 1050//5415
f 1050//5416 664//5416 3161//5416
f 664//5417 665//5417 3161//5417
f 3161//5418 665//5418 3162//5418
f 665//5419 666//5419 3162//5419
f 3162//5420 666//5420 3163//5420
f 666//5421 667//5421 3163//5421
f 3163//5422 667//5422 1051//5422
f 667//5423 668//5423 1051//5423
f 1051//5424 668//5424 3164//5424
f 668//5425 669//5425 3164//5425
f 3164//5426 669//5426 1052//5426
f 669//5427 670//5427 1052//5427
f 1052//5428 670//5428 1053//5428
f 1053//5429 672//5429 1054//5429
f 670//5430 672//5430 1053//5430
f 1054//5431 707//5431 1093//5431
f 1093//5432 707//5432 3165//5432
f 672//5433 707//5433 1054//5433
f 707//5434 708//5434 3165//5434
f 3165//5435 709//5435 1094//5435
f 1094//5436 709//5436 3166//5436
f 708//5437 709//5437 3165//5437
f 709//5438 3167//5438 3166//5438
f 3167//5439 710//5439 3166//5439
f 3166//5440 710//5440 1095//5440
f 710//5441 711//5441 1095//5441
f 1095//5442 711//5442 1096//5442
f 711//5443 712//5443 1096//5443
f 1096//5444 712//5444 1097//5444
f 712//5445 713//5445 1097//5445
f 1097//5446 713//5446 3168//5446
f 713//5447 714//5447 3168//5447
f 3168//5448 714//5448 3169//5448
f 714//5449 715//5449 3169//5449
f 3169//5450 715//5450 1098//5450
f 715//5451 3170//5451 1098//5451
f 1098//5452 3170//5452 3171//5452
f 3170//5453 3172//5453 3171//5453
f 3171//5454 3172//5454 1099//5454
f 3172//5455 3173//5455 1099//5455
f 1099//5456 3173//5456 1100//5456
f 3173//5457 716//5457 1100//5457
f 1100//5458 716//5458 3174//5458
f 3175//5459 3176//5459 1101//5459
f 716//5460 3176//5460 3174//5460
f 3174//5461 3176//5461 3175//5461
f 3176//5462 3177//5462 1101//5462
f 1101//5463 3178//5463 3179//5463
f 3179//5464 3178//5464 3180//5464
f 3177//5465 3178//5465 1101//5465
f 3178//5466 717//5466 3180//5466
f 3180//5467 718//5467 1102//5467
f 717//5468 718//5468 3180//5468
f 1102//5469 719//5469 1103//5469
f 1103//5470 719//5470 1104//5470
f 718//5471 719//5471 1102//5471
f 1104//5472 3181//5472 1105//5472
f 719//5473 3181//5473 1104//5473
f 3181//5474 3182//5474 1105//5474
f 1105//5475 3183//5475 1106//5475
f 3182//5476 3183//5476 1105//5476
f 1106//5477 3184//5477 3185//5477
f 3185//5478 3184//5478 3186//5478
f 3183//5479 3184//5479 1106//5479
f 3186//5480 720//5480 3187//5480
f 3184//5481 720//5481 3186//5481
f 720//5482 721//5482 3187//5482
f 3187//5483 722//5483 1107//5483
f 1107//5484 722//5484 3188//5484
f 721//5485 722//5485 3187//5485
f 722//5486 723//5486 3188//5486
f 3188//5487 724//5487 3189//5487
f 723//5488 724//5488 3188//5488
f 724//5489 725//5489 3189//5489
f 3189//5490 725//5490 1108//5490
f 1108//5491 725//5491 1109//5491
f 725//5492 726//5492 1109//5492
f 726//5493 727//5493 1109//5493
f 1109//5494 727//5494 3190//5494
f 3190//5495 728//5495 3191//5495
f 727//5496 728//5496 3190//5496
f 3191//5497 3192//5497 3193//5497
f 728//5498 3192//5498 3191//5498
f 3193//5499 3194//5499 1110//5499
f 3192//5500 3194//5500 3193//5500
f 1110//5501 3195//5501 1111//5501
f 1111//5502 3195//5502 1112//5502
f 3194//5503 3195//5503 1110//5503
f 3195//5504 3196//5504 1112//5504
f 1112//5505 729//5505 1113//5505
f 3196//5506 729//5506 1112//5506
f 1113//5507 702//5507 1086//5507
f 729//5508 702//5508 1113//5508
f 1086//5509 3197//5509 1084//5509
f 1084//5510 3197//5510 1087//5510
f 702//5511 3197//5511 1086//5511
f 3197//5512 3198//5512 1087//5512
f 1087//5513 703//5513 1088//5513
f 3198//5514 703//5514 1087//5514
f 1088//5515 704//5515 1089//5515
f 703//5516 704//5516 1088//5516
f 1089//5517 705//5517 1090//5517
f 704//5518 705//5518 1089//5518
f 1090//5519 706//5519 3199//5519
f 3199//5520 706//5520 3200//5520
f 705//5521 706//5521 1090//5521
f 706//5522 730//5522 3200//5522
f 3200//5523 731//5523 3201//5523
f 3201//5524 731//5524 3202//5524
f 730//5525 731//5525 3200//5525
f 731//5526 3203//5526 3202//5526
f 3202//5527 3204//5527 1091//5527
f 1091//5528 3204//5528 1092//5528
f 3203//5529 3204//5529 3202//5529
f 3204//5530 3205//5530 1092//5530
f 1092//5531 3206//5531 1055//5531
f 1055//5532 3206//5532 3207//5532
f 3205//5533 3206//5533 1092//5533
f 3206//5534 3208//5534 3207//5534
f 3207//5535 732//5535 3209//5535
f 3208//5536 732//5536 3207//5536
f 732//5537 3210//5537 3209//5537
f 3209//5538 3210//5538 3211//5538
f 3211//5539 3210//5539 3212//5539
f 3210//5540 733//5540 3212//5540
f 733//5541 734//5541 3212//5541
f 3212//5542 734//5542 3213//5542
f 3213//5543 734//5543 3214//5543
f 734//5544 3215//5544 3214//5544
f 3215//5545 3216//5545 3214//5545
f 3214//5546 3216//5546 3217//5546
f 3216//5547 3218//5547 3217//5547
f 3217//5548 3218//5548 1056//5548
f 1056//5549 3218//5549 3219//5549
f 3218//5550 735//5550 3219//5550
f 735//5551 736//5551 3219//5551
f 3219//5552 736//5552 3220//5552
f 3220//5553 736//5553 3221//5553
f 736//5554 3222//5554 3221//5554
f 3221//5555 3222//5555 1057//5555
f 3222//5556 737//5556 1057//5556
f 737//5557 738//5557 1057//5557
f 1057//5558 738//5558 3223//5558
f 738//5559 3224//5559 3223//5559
f 3223//5560 3224//5560 3225//5560
f 3225//5561 3226//5561 3227//5561
f 3224//5562 3226//5562 3225//5562
f 3227//5563 739//5563 1058//5563
f 1058//5564 739//5564 1059//5564
f 3226//5565 739//5565 3227//5565
f 739//5566 3228//5566 1059//5566
f 1059//5567 3229//5567 1060//5567
f 3228//5568 3229//5568 1059//5568
f 1060//5569 740//5569 1061//5569
f 3229//5570 740//5570 1060//5570
f 1061//5571 3230//5571 1062//5571
f 740//5572 3230//5572 1061//5572
f 1062//5573 741//5573 1063//5573
f 3230//5574 741//5574 1062//5574
f 1063//5575 742//5575 1064//5575
f 741//5576 742//5576 1063//5576
f 1064//5577 3231//5577 1065//5577
f 742//5578 3231//5578 1064//5578
f 1065//5579 743//5579 1066//5579
f 1066//5580 743//5580 3232//5580
f 3231//5581 743//5581 1065//5581
f 743//5582 3233//5582 3232//5582
f 3232//5583 744//5583 1067//5583
f 3233//5584 744//5584 3232//5584
f 1067//5585 3234//5585 1068//5585
f 744//5586 3234//5586 1067//5586
f 1068//5587 3235//5587 1069//5587
f 3234//5588 3235//5588 1068//5588
f 3235//5589 3236//5589 1069//5589
f 1069//5590 3236//5590 1070//5590
f 3236//5591 3237//5591 1070//5591
f 1070//5592 3237//5592 1071//5592
f 3237//5593 3238//5593 1071//5593
f 1071//5594 3238//5594 3239//5594
f 3238//5595 3240//5595 3239//5595
f 3239//5596 3240//5596 3241//5596
f 3240//5597 3242//5597 3241//5597
f 3241//5598 3242//5598 3243//5598
f 3243//5599 3242//5599 3244//5599
f 3242//5600 745//5600 3244//5600
f 745//5601 3245//5601 3244//5601
f 3244//5602 3245//5602 3246//5602
f 3245//5603 3247//5603 3246//5603
f 3246//5604 3247//5604 1072//5604
f 1072//5605 3247//5605 1073//5605
f 3247//5606 3248//5606 1073//5606
f 3248//5607 3249//5607 1073//5607
f 1073//5608 3249//5608 3250//5608
f 3250//5609 3249//5609 3251//5609
f 3249//5610 3252//5610 3251//5610
f 3251//5611 3252//5611 3253//5611
f 3252//5612 3254//5612 3253//5612
f 3254//5613 746//5613 3253//5613
f 3253//5614 746//5614 3255//5614
f 746//5615 747//5615 3255//5615
f 3255//5616 747//5616 3256//5616
f 747//5617 748//5617 3256//5617
f 3256//5618 748//5618 3257//5618
f 748//5619 3258//5619 3257//5619
f 3257//5620 3258//5620 3259//5620
f 3258//5621 749//5621 3259//5621
f 3259//5622 749//5622 1074//5622
f 749//5623 750//5623 1074//5623
f 1074//5624 750//5624 3260//5624
f 750//5625 3261//5625 3260//5625
f 3260//5626 3261//5626 3262//5626
f 3261//5627 751//5627 3262//5627
f 3262//5628 751//5628 1075//5628
f 751//5629 752//5629 1075//5629
f 1075//5630 752//5630 1076//5630
f 1076//5631 753//5631 1077//5631
f 752//5632 753//5632 1076//5632
f 1077//5633 754//5633 1078//5633
f 753//5634 754//5634 1077//5634
f 1078//5635 3263//5635 1079//5635
f 754//5636 3263//5636 1078//5636
f 1079//5637 3264//5637 1080//5637
f 3263//5638 3264//5638 1079//5638
f 3264//5639 3265//5639 1080//5639
f 1080//5640 3265//5640 1081//5640
f 3265//5641 3266//5641 1081//5641
f 1081//5642 3266//5642 1082//5642
f 3266//5643 3267//5643 1082//5643
f 1082//5644 3267//5644 1083//5644
f 3267//5645 3268//5645 1083//5645
f 1083//5646 3268//5646 3269//5646
f 3269//5647 3268//5647 3270//5647
f 3268//5648 755//5648 3270//5648
f 755//5649 760//5649 3270//5649
f 3270//5650 760//5650 1122//5650
f 760//5651 759//5651 1122//5651
f 1122//5652 759//5652 1121//5652
f 759//5653 758//5653 1121//5653
f 1121//5654 758//5654 1120//5654
f 758//5655 3271//5655 1120//5655
f 1120//5656 3271//5656 1119//5656
f 1119//5657 3271//5657 1118//5657
f 3271//5658 757//5658 1118//5658
f 757//5659 756//5659 1118//5659
f 1118//5660 756//5660 1114//5660
f 756//5661 761//5661 1114//5661
f 1114//5662 761//5662 1115//5662
f 1115//5663 762//5663 3272//5663
f 761//5664 762//5664 1115//5664
f 3272//5665 3273//5665 1116//5665
f 1116//5666 3273//5666 1117//5666
f 762//5667 3273//5667 3272//5667
f 3273//5668 763//5668 1117//5668
f 1117//5669 764//5669 3274//5669
f 763//5670 764//5670 1117//5670
f 3274//5671 765//5671 3275//5671
f 764//5672 765//5672 3274//5672
f 3275//5673 701//5673 3276//5673
f 765//5674 701//5674 3275//5674
f 3276//5675 700//5675 3277//5675
f 701//5676 700//5676 3276//5676
f 3277//5677 699//5677 3278//5677
f 700//5678 699//5678 3277//5678
f 3278//5679 698//5679 3279//5679
f 3279//5680 698//5680 3280//5680
f 699//5681 698//5681 3278//5681
f 3280//5682 3281//5682 3282//5682
f 698//5683 3281//5683 3280//5683
f 3281//5684 697//5684 3282//5684
f 3282//5685 3283//5685 3284//5685
f 697//5686 3283//5686 3282//5686
f 3284//5687 696//5687 1015//5687
f 1015//5688 696//5688 3285//5688
f 3283//5689 696//5689 3284//5689
f 696//5690 695//5690 3285//5690
f 3285//5691 694//5691 1012//5691
f 695//5692 694//5692 3285//5692
f 694//5693 3286//5693 1012//5693
f 1012//5694 3286//5694 3287//5694
f 3286//5695 3288//5695 3287//5695
f 3287//5696 3288//5696 3289//5696
f 3289//5697 3288//5697 1009//5697
f 3288//5698 693//5698 1009//5698
f 1009//5699 3290//5699 3291//5699
f 3291//5700 3290//5700 3292//5700
f 693//5701 3290//5701 1009//5701
f 3292//5702 3293//5702 3294//5702
f 3290//5703 3293//5703 3292//5703
f 3294//5704 692//5704 1006//5704
f 3293//5705 692//5705 3294//5705
f 692//5706 691//5706 1006//5706
f 1006//5707 690//5707 1005//5707
f 691//5708 690//5708 1006//5708
f 1005//5709 689//5709 1003//5709
f 1003//5710 689//5710 1002//5710
f 690//5711 689//5711 1005//5711
f 689//5712 688//5712 1002//5712
f 1002//5713 687//5713 1000//5713
f 1000//5714 687//5714 999//5714
f 688//5715 687//5715 1002//5715
f 687//5716 686//5716 999//5716
f 999//5717 3295//5717 3296//5717
f 3296//5718 3295//5718 1001//5718
f 686//5719 3295//5719 999//5719
f 3295//5720 685//5720 1001//5720
f 1001//5721 3297//5721 3298//5721
f 685//5722 3297//5722 1001//5722
f 3298//5723 3299//5723 1004//5723
f 3297//5724 3299//5724 3298//5724
f 1004//5725 684//5725 3300//5725
f 3299//5726 684//5726 1004//5726
f 3300//5727 3301//5727 1007//5727
f 1007//5728 3301//5728 1008//5728
f 684//5729 3301//5729 3300//5729
f 3301//5730 3302//5730 1008//5730
f 1008//5731 683//5731 3303//5731
f 3302//5732 683//5732 1008//5732
f 3303//5733 682//5733 3304//5733
f 3304//5734 682//5734 1010//5734
f 683//5735 682//5735 3303//5735
f 682//5736 3305//5736 1010//5736
f 1010//5737 3306//5737 1011//5737
f 1011//5738 3306//5738 3307//5738
f 3305//5739 3306//5739 1010//5739
f 3306//5740 3308//5740 3307//5740
f 3307//5741 681//5741 1013//5741
f 1013//5742 681//5742 1014//5742
f 3308//5743 681//5743 3307//5743
f 681//5744 680//5744 1014//5744
f 680//5745 679//5745 1014//5745
f 1014//5746 679//5746 1016//5746
f 679//5747 678//5747 1016//5747
f 1016//5748 678//5748 1017//5748
f 1017//5749 678//5749 1018//5749
f 678//5750 3309//5750 1018//5750
f 3309//5751 3310//5751 1018//5751
f 1018//5752 3310//5752 1019//5752
f 3310//5753 677//5753 1019//5753
f 1019//5754 677//5754 1020//5754
f 1020//5755 677//5755 3311//5755
f 677//5756 676//5756 3311//5756
f 676//5757 675//5757 3311//5757
f 3311//5758 675//5758 1021//5758
f 1021//5759 675//5759 3312//5759
f 675//5760 3313//5760 3312//5760
f 3313//5761 3314//5761 3312//5761
f 3312//5762 3314//5762 3315//5762
f 3314//5763 674//5763 3315//5763
f 3315//5764 674//5764 1022//5764
f 674//5765 3316//5765 1022//5765
f 1022//5766 3316//5766 1023//5766
f 1023//5767 3317//5767 3318//5767
f 3316//5768 3317//5768 1023//5768
f 3318//5769 3319//5769 1024//5769
f 3317//5770 3319//5770 3318//5770
f 1024//5771 673//5771 3320//5771
f 3320//5772 673//5772 3106//5772
f 3319//5773 673//5773 1024//5773
f 673//5774 3105//5774 3106//5774
f 1027//5775 1085//5775 1125//5775
f 1027//5776 1125//5776 767//5776
f 825//5777 827//5777 1181//5777
f 825//5778 1181//5778 1182//5778
f 823//5779 1182//5779 1183//5779
f 823//5780 825//5780 1182//5780
f 821//5781 1183//5781 1184//5781
f 821//5782 823//5782 1183//5782
f 819//5783 1184//5783 1185//5783
f 819//5784 821//5784 1184//5784
f 817//5785 1185//5785 1186//5785
f 817//5786 819//5786 1185//5786
f 815//5787 1186//5787 1187//5787
f 815//5788 817//5788 1186//5788
f 813//5789 1187//5789 1188//5789
f 813//5790 815//5790 1187//5790
f 811//5791 1188//5791 1189//5791
f 811//5792 813//5792 1188//5792
f 809//5793 1189//5793 1190//5793
f 809//5794 811//5794 1189//5794
f 807//5795 809//5795 1190//5795
f 807//5796 1190//5796 1191//5796
f 805//5797 807//5797 1191//5797
f 805//5798 1191//5798 1192//5798
f 803//5799 805//5799 1192//5799
f 803//5800 1192//5800 1193//5800
f 801//5801 803//5801 1193//5801
f 801//5802 1193//5802 1194//5802
f 799//5803 801//5803 1194//5803
f 799//5804 1194//5804 1195//5804
f 797//5805 799//5805 1195//5805
f 797//5806 1195//5806 1196//5806
f 795//5807 797//5807 1196//5807
f 795//5808 1196//5808 1197//5808
f 795//5809 1197//5809 1198//5809
f 793//5810 795//5810 1198//5810
f 791//5811 793//5811 1198//5811
f 791//5812 1198//5812 1199//5812
f 789//5813 791//5813 1199//5813
f 789//5814 1199//5814 1200//5814
f 787//5815 789//5815 1200//5815
f 787//5816 1200//5816 1201//5816
f 785//5817 787//5817 1201//5817
f 785//5818 1201//5818 1202//5818
f 783//5819 1202//5819 1203//5819
f 783//5820 785//5820 1202//5820
f 781//5821 1203//5821 1204//5821
f 781//5822 783//5822 1203//5822
f 779//5823 1204//5823 1205//5823
f 779//5824 781//5824 1204//5824
f 777//5825 1205//5825 1206//5825
f 777//5826 779//5826 1205//5826
f 775//5827 1206//5827 1207//5827
f 775//5828 777//5828 1206//5828
f 773//5829 1207//5829 1208//5829
f 773//5830 775//5830 1207//5830
f 769//5831 1208//5831 1209//5831
f 769//5832 773//5832 1208//5832
f 770//5833 1209//5833 1210//5833
f 770//5834 1210//5834 1211//5834
f 770//5835 769//5835 1209//5835
f 772//5836 770//5836 1211//5836
f 774//5837 1211//5837 1212//5837
f 774//5838 772//5838 1211//5838
f 776//5839 1212//5839 1213//5839
f 776//5840 774//5840 1212//5840
f 778//5841 1213//5841 1214//5841
f 778//5842 776//5842 1213//5842
f 780//5843 1214//5843 1215//5843
f 780//5844 778//5844 1214//5844
f 782//5845 1215//5845 1216//5845
f 782//5846 1216//5846 1217//5846
f 782//5847 780//5847 1215//5847
f 784//5848 782//5848 1217//5848
f 784//5849 1217//5849 1218//5849
f 786//5850 784//5850 1218//5850
f 788//5851 786//5851 1218//5851
f 788//5852 1218//5852 1219//5852
f 788//5853 1219//5853 1220//5853
f 790//5854 788//5854 1220//5854
f 792//5855 790//5855 1220//5855
f 792//5856 1220//5856 1221//5856
f 792//5857 1221//5857 1222//5857
f 794//5858 792//5858 1222//5858
f 796//5859 794//5859 1222//5859
f 796//5860 1222//5860 1223//5860
f 796//5861 1223//5861 1224//5861
f 798//5862 796//5862 1224//5862
f 800//5863 798//5863 1224//5863
f 800//5864 1224//5864 1225//5864
f 802//5865 800//5865 1225//5865
f 802//5866 1225//5866 1226//5866
f 804//5867 802//5867 1226//5867
f 804//5868 1226//5868 1227//5868
f 806//5869 804//5869 1227//5869
f 806//5870 1227//5870 1228//5870
f 808//5871 806//5871 1228//5871
f 808//5872 1228//5872 1229//5872
f 810//5873 808//5873 1229//5873
f 810//5874 1229//5874 1230//5874
f 810//5875 1230//5875 1231//5875
f 812//5876 810//5876 1231//5876
f 814//5877 812//5877 1231//5877
f 814//5878 1231//5878 1232//5878
f 816//5879 814//5879 1232//5879
f 816//5880 1232//5880 1233//5880
f 818//5881 816//5881 1233//5881
f 818//5882 1233//5882 1234//5882
f 820//5883 818//5883 1234//5883
f 820//5884 1234//5884 1235//5884
f 822//5885 820//5885 1235//5885
f 822//5886 1235//5886 1236//5886
f 824//5887 822//5887 1236//5887
f 824//5888 1236//5888 1237//5888
f 826//5889 1237//5889 1238//5889
f 826//5890 824//5890 1237//5890
f 885//5891 1238//5891 1310//5891
f 885//5892 1310//5892 1309//5892
f 885//5893 826//5893 1238//5893
f 886//5894 885//5894 1309//5894
f 887//5895 1309//5895 1311//5895
f 887//5896 886//5896 1309//5896
f 888//5897 887//5897 1311//5897
f 888//5898 1311//5898 1312//5898
f 888//5899 1312//5899 1313//5899
f 889//5900 888//5900 1313//5900
f 890//5901 889//5901 1313//5901
f 890//5902 1313//5902 1314//5902
f 891//5903 890//5903 1314//5903
f 891//5904 1314//5904 1315//5904
f 892//5905 891//5905 1315//5905
f 892//5906 1315//5906 1316//5906
f 892//5907 1316//5907 1317//5907
f 893//5908 892//5908 1317//5908
f 894//5909 893//5909 1317//5909
f 894//5910 1317//5910 1318//5910
f 895//5911 894//5911 1318//5911
f 895//5912 1318//5912 1319//5912
f 896//5913 895//5913 1319//5913
f 896//5914 1319//5914 1320//5914
f 897//5915 896//5915 1320//5915
f 897//5916 1320//5916 1321//5916
f 898//5917 897//5917 1321//5917
f 898//5918 1321//5918 1322//5918
f 899//5919 898//5919 1322//5919
f 899//5920 1322//5920 1323//5920
f 900//5921 1323//5921 1324//5921
f 900//5922 899//5922 1323//5922
f 901//5923 1324//5923 1325//5923
f 901//5924 1325//5924 1326//5924
f 901//5925 900//5925 1324//5925
f 902//5926 901//5926 1326//5926
f 903//5927 1326//5927 1327//5927
f 903//5928 1327//5928 1328//5928
f 903//5929 902//5929 1326//5929
f 904//5930 1328//5930 1329//5930
f 904//5931 903//5931 1328//5931
f 905//5932 904//5932 1329//5932
f 906//5933 1329//5933 1330//5933
f 906//5934 905//5934 1329//5934
f 907//5935 1330//5935 1331//5935
f 907//5936 906//5936 1330//5936
f 908//5937 1331//5937 1332//5937
f 908//5938 1332//5938 1333//5938
f 908//5939 907//5939 1331//5939
f 909//5940 908//5940 1333//5940
f 910//5941 1333//5941 1334//5941
f 910//5942 1334//5942 1335//5942
f 910//5943 909//5943 1333//5943
f 911//5944 1335//5944 1336//5944
f 911//5945 910//5945 1335//5945
f 912//5946 911//5946 1336//5946
f 913//5947 1336//5947 1337//5947
f 913//5948 912//5948 1336//5948
f 914//5949 913//5949 1337//5949
f 914//5950 1337//5950 1338//5950
f 914//5951 1338//5951 1339//5951
f 915//5952 914//5952 1339//5952
f 916//5953 915//5953 1339//5953
f 916//5954 1339//5954 1340//5954
f 916//5955 1340//5955 1341//5955
f 917//5956 916//5956 1341//5956
f 918//5957 917//5957 1341//5957
f 918//5958 1341//5958 1342//5958
f 919//5959 1342//5959 1343//5959
f 919//5960 918//5960 1342//5960
f 920//5961 1343//5961 1344//5961
f 920//5962 1344//5962 1345//5962
f 920//5963 919//5963 1343//5963
f 921//5964 920//5964 1345//5964
f 922//5965 1345//5965 1346//5965
f 922//5966 921//5966 1345//5966
f 878//5967 1346//5967 1298//5967
f 878//5968 922//5968 1346//5968
f 879//5969 1298//5969 1297//5969
f 879//5970 878//5970 1298//5970
f 880//5971 1297//5971 1299//5971
f 880//5972 1299//5972 1300//5972
f 880//5973 879//5973 1297//5973
f 881//5974 880//5974 1300//5974
f 882//5975 1300//5975 1301//5975
f 882//5976 881//5976 1300//5976
f 883//5977 1301//5977 1302//5977
f 883//5978 882//5978 1301//5978
f 884//5979 1302//5979 1303//5979
f 884//5980 883//5980 1302//5980
f 923//5981 1303//5981 1304//5981
f 923//5982 1304//5982 1305//5982
f 923//5983 884//5983 1303//5983
f 924//5984 1305//5984 1306//5984
f 924//5985 923//5985 1305//5985
f 925//5986 924//5986 1306//5986
f 926//5987 1306//5987 1307//5987
f 926//5988 925//5988 1306//5988
f 927//5989 1307//5989 1308//5989
f 927//5990 1308//5990 1240//5990
f 927//5991 926//5991 1307//5991
f 928//5992 927//5992 1240//5992
f 929//5993 1240//5993 1239//5993
f 929//5994 1239//5994 1241//5994
f 929//5995 928//5995 1240//5995
f 930//5996 929//5996 1241//5996
f 931//5997 930//5997 1241//5997
f 931//5998 1241//5998 1242//5998
f 932//5999 931//5999 1242//5999
f 932//6000 1242//6000 1243//6000
f 932//6001 1243//6001 1244//6001
f 933//6002 932//6002 1244//6002
f 934//6003 933//6003 1244//6003
f 934//6004 1244//6004 1245//6004
f 934//6005 1245//6005 1246//6005
f 935//6006 934//6006 1246//6006
f 936//6007 935//6007 1246//6007
f 936//6008 1246//6008 1247//6008
f 936//6009 1247//6009 1248//6009
f 937//6010 936//6010 1248//6010
f 938//6011 937//6011 1248//6011
f 938//6012 1248//6012 1249//6012
f 938//6013 1249//6013 1250//6013
f 939//6014 938//6014 1250//6014
f 940//6015 939//6015 1250//6015
f 940//6016 1250//6016 1251//6016
f 941//6017 940//6017 1251//6017
f 941//6018 1251//6018 1252//6018
f 941//6019 1252//6019 1253//6019
f 942//6020 941//6020 1253//6020
f 943//6021 1253//6021 1254//6021
f 943//6022 942//6022 1253//6022
f 944//6023 1254//6023 1255//6023
f 944//6024 1255//6024 1256//6024
f 944//6025 943//6025 1254//6025
f 945//6026 944//6026 1256//6026
f 946//6027 1256//6027 1257//6027
f 946//6028 945//6028 1256//6028
f 947//6029 1257//6029 1258//6029
f 947//6030 946//6030 1257//6030
f 948//6031 1258//6031 1259//6031
f 948//6032 947//6032 1258//6032
f 949//6033 1259//6033 1260//6033
f 949//6034 948//6034 1259//6034
f 950//6035 1260//6035 1261//6035
f 950//6036 1261//6036 1262//6036
f 950//6037 949//6037 1260//6037
f 951//6038 950//6038 1262//6038
f 952//6039 1262//6039 1263//6039
f 952//6040 951//6040 1262//6040
f 953//6041 1263//6041 1264//6041
f 953//6042 952//6042 1263//6042
f 954//6043 1264//6043 1265//6043
f 954//6044 953//6044 1264//6044
f 955//6045 1265//6045 1266//6045
f 955//6046 1266//6046 1267//6046
f 955//6047 954//6047 1265//6047
f 956//6048 955//6048 1267//6048
f 957//6049 956//6049 1267//6049
f 957//6050 1267//6050 1268//6050
f 958//6051 957//6051 1268//6051
f 958//6052 1268//6052 1269//6052
f 959//6053 958//6053 1269//6053
f 959//6054 1269//6054 1270//6054
f 960//6055 959//6055 1270//6055
f 960//6056 1270//6056 1271//6056
f 961//6057 960//6057 1271//6057
f 961//6058 1271//6058 1272//6058
f 962//6059 961//6059 1272//6059
f 962//6060 1272//6060 1273//6060
f 963//6061 962//6061 1273//6061
f 963//6062 1273//6062 1274//6062
f 964//6063 963//6063 1274//6063
f 964//6064 1274//6064 1275//6064
f 965//6065 964//6065 1275//6065
f 965//6066 1275//6066 1276//6066
f 966//6067 965//6067 1276//6067
f 966//6068 1276//6068 1277//6068
f 967//6069 966//6069 1277//6069
f 967//6070 1277//6070 1278//6070
f 967//6071 1278//6071 1279//6071
f 968//6072 967//6072 1279//6072
f 968//6073 1279//6073 1280//6073
f 969//6074 968//6074 1280//6074
f 970//6075 969//6075 1280//6075
f 970//6076 1280//6076 1281//6076
f 971//6077 970//6077 1281//6077
f 971//6078 1281//6078 1282//6078
f 972//6079 971//6079 1282//6079
f 972//6080 1282//6080 1283//6080
f 973//6081 972//6081 1283//6081
f 973//6082 1283//6082 1284//6082
f 974//6083 973//6083 1284//6083
f 974//6084 1284//6084 1285//6084
f 974//6085 1285//6085 1286//6085
f 975//6086 974//6086 1286//6086
f 976//6087 975//6087 1286//6087
f 976//6088 1286//6088 1287//6088
f 976//6089 1287//6089 1288//6089
f 977//6090 976//6090 1288//6090
f 978//6091 1288//6091 1289//6091
f 978//6092 977//6092 1288//6092
f 979//6093 1289//6093 1290//6093
f 979//6094 978//6094 1289//6094
f 980//6095 1290//6095 1291//6095
f 980//6096 979//6096 1290//6096
f 981//6097 1291//6097 1292//6097
f 981//6098 980//6098 1291//6098
f 982//6099 981//6099 1292//6099
f 982//6100 1292//6100 1293//6100
f 983//6101 982//6101 1293//6101
f 983//6102 1293//6102 1294//6102
f 984//6103 983//6103 1294//6103
f 984//6104 1294//6104 1295//6104
f 985//6105 984//6105 1295//6105
f 985//6106 1295//6106 1296//6106
f 986//6107 985//6107 1296//6107
f 986//6108 1296//6108 1361//6108
f 986//6109 1361//6109 1360//6109
f 992//6110 986//6110 1360//6110
f 991//6111 992//6111 1360//6111
f 991//6112 1360//6112 1359//6112
f 990//6113 991//6113 1359//6113
f 990//6114 1359//6114 1358//6114
f 989//6115 990//6115 1358//6115
f 989//6116 1358//6116 1357//6116
f 988//6117 989//6117 1357//6117
f 988//6118 1357//6118 1356//6118
f 987//6119 988//6119 1356//6119
f 987//6120 1356//6120 1347//6120
f 993//6121 1348//6121 1349//6121
f 993//6122 987//6122 1347//6122
f 993//6123 1347//6123 1348//6123
f 994//6124 993//6124 1349//6124
f 995//6125 1349//6125 1350//6125
f 995//6126 994//6126 1349//6126
f 996//6127 1350//6127 1351//6127
f 996//6128 1351//6128 1352//6128
f 996//6129 995//6129 1350//6129
f 997//6130 996//6130 1352//6130
f 998//6131 1352//6131 1353//6131
f 998//6132 997//6132 1352//6132
f 877//6133 1353//6133 1354//6133
f 877//6134 998//6134 1353//6134
f 876//6135 1354//6135 1355//6135
f 876//6136 877//6136 1354//6136
f 875//6137 1355//6137 1171//6137
f 875//6138 876//6138 1355//6138
f 874//6139 1171//6139 1169//6139
f 874//6140 1169//6140 1167//6140
f 874//6141 875//6141 1171//6141
f 873//6142 874//6142 1167//6142
f 872//6143 1167//6143 1165//6143
f 872//6144 873//6144 1167//6144
f 871//6145 1165//6145 1163//6145
f 871//6146 872//6146 1165//6146
f 870//6147 1163//6147 1161//6147
f 870//6148 871//6148 1163//6148
f 869//6149 870//6149 1161//6149
f 869//6150 1161//6150 1159//6150
f 868//6151 869//6151 1159//6151
f 868//6152 1159//6152 1157//6152
f 867//6153 868//6153 1157//6153
f 867//6154 1157//6154 1155//6154
f 866//6155 867//6155 1155//6155
f 866//6156 1155//6156 1153//6156
f 866//6157 1153//6157 1151//6157
f 865//6158 866//6158 1151//6158
f 864//6159 1151//6159 1149//6159
f 864//6160 1149//6160 1147//6160
f 864//6161 865//6161 1151//6161
f 863//6162 1147//6162 1145//6162
f 863//6163 864//6163 1147//6163
f 862//6164 863//6164 1145//6164
f 861//6165 1145//6165 1143//6165
f 861//6166 1143//6166 1141//6166
f 861//6167 862//6167 1145//6167
f 860//6168 861//6168 1141//6168
f 860//6169 1141//6169 1139//6169
f 859//6170 860//6170 1139//6170
f 858//6171 1139//6171 1137//6171
f 858//6172 859//6172 1139//6172
f 857//6173 1137//6173 1135//6173
f 857//6174 1135//6174 1134//6174
f 857//6175 858//6175 1137//6175
f 856//6176 857//6176 1134//6176
f 855//6177 1134//6177 1133//6177
f 855//6178 1133//6178 1136//6178
f 855//6179 856//6179 1134//6179
f 854//6180 855//6180 1136//6180
f 853//6181 1136//6181 1138//6181
f 853//6182 1138//6182 1140//6182
f 853//6183 854//6183 1136//6183
f 852//6184 1140//6184 1142//6184
f 852//6185 853//6185 1140//6185
f 851//6186 852//6186 1142//6186
f 850//6187 1142//6187 1144//6187
f 850//6188 851//6188 1142//6188
f 849//6189 1144//6189 1146//6189
f 849//6190 1146//6190 1148//6190
f 849//6191 850//6191 1144//6191
f 848//6192 849//6192 1148//6192
f 847//6193 1148//6193 1150//6193
f 847//6194 848//6194 1148//6194
f 846//6195 1150//6195 1152//6195
f 846//6196 847//6196 1150//6196
f 845//6197 1152//6197 1154//6197
f 845//6198 1154//6198 1156//6198
f 845//6199 846//6199 1152//6199
f 844//6200 845//6200 1156//6200
f 843//6201 844//6201 1156//6201
f 843//6202 1156//6202 1158//6202
f 842//6203 843//6203 1158//6203
f 842//6204 1158//6204 1160//6204
f 841//6205 842//6205 1160//6205
f 841//6206 1160//6206 1162//6206
f 840//6207 841//6207 1162//6207
f 840//6208 1162//6208 1164//6208
f 839//6209 840//6209 1164//6209
f 839//6210 1164//6210 1166//6210
f 838//6211 839//6211 1166//6211
f 838//6212 1166//6212 1168//6212
f 837//6213 838//6213 1168//6213
f 837//6214 1168//6214 1170//6214
f 836//6215 837//6215 1170//6215
f 836//6216 1170//6216 1172//6216
f 835//6217 836//6217 1172//6217
f 835//6218 1172//6218 1173//6218
f 834//6219 835//6219 1173//6219
f 834//6220 1173//6220 1174//6220
f 834//6221 1174//6221 1175//6221
f 833//6222 834//6222 1175//6222
f 832//6223 833//6223 1175//6223
f 832//6224 1175//6224 1176//6224
f 831//6225 832//6225 1176//6225
f 831//6226 1176//6226 1177//6226
f 830//6227 1177//6227 1178//6227
f 830//6228 831//6228 1177//6228
f 829//6229 1178//6229 1179//6229
f 829//6230 830//6230 1178//6230
f 828//6231 1179//6231 1180//6231
f 828//6232 1180//6232 1181//6232
f 828//6233 829//6233 1179//6233
f 827//6234 828//6234 1181//6234
f 1130//6235 1434//6235 1658//6235
f 1130//6236 1126//6236 1434//6236
f 1131//6237 1881//6237 1132//6237
f 1132//6238 1881//6238 2057//6238
f 1129//6239 1127//6239 2848//6239
f 2848//6240 1127//6240 2846//6240
f 2847//6241 1129//6241 2848//6241
f 1128//6242 1129//6242 2847//6242
f 1124//6243 2847//6243 2844//6243
f 1124//6244 1128//6244 2847//6244
f 1481//6245 1466//6245 1465//6245
f 3321//6246 1466//6246 1481//6246
f 1466//6247 3321//6247 1682//6247
f 3322//6248 1466//6248 1682//6248
f 1682//6249 1658//6249 1434//6249
f 1682//6250 1434//6250 3322//6250
f 3323//6251 1435//6251 1659//6251
f 1659//6252 1435//6252 3324//6252
f 3324//6253 3325//6253 1660//6253
f 1435//6254 3325//6254 3324//6254
f 1660//6255 1436//6255 1661//6255
f 3325//6256 1436//6256 1660//6256
f 1661//6257 1437//6257 1662//6257
f 1436//6258 1437//6258 1661//6258
f 1662//6259 1438//6259 3326//6259
f 1437//6260 1438//6260 1662//6260
f 3326//6261 3327//6261 3328//6261
f 3328//6262 3327//6262 3329//6262
f 1438//6263 3327//6263 3326//6263
f 3327//6264 1439//6264 3329//6264
f 3329//6265 1441//6265 1663//6265
f 1439//6266 1441//6266 3329//6266
f 1663//6267 3330//6267 3331//6267
f 3331//6268 3330//6268 3332//6268
f 1441//6269 3330//6269 1663//6269
f 3330//6270 1443//6270 3332//6270
f 3332//6271 1443//6271 1667//6271
f 1443//6272 1444//6272 1667//6272
f 1667//6273 1444//6273 1668//6273
f 1444//6274 3333//6274 1668//6274
f 3333//6275 3334//6275 1668//6275
f 1668//6276 3334//6276 3335//6276
f 3335//6277 3334//6277 1669//6277
f 3334//6278 3336//6278 1669//6278
f 3336//6279 3337//6279 1669//6279
f 1669//6280 3337//6280 1670//6280
f 3337//6281 3338//6281 1670//6281
f 1670//6282 3338//6282 3339//6282
f 3338//6283 1448//6283 3339//6283
f 3339//6284 1448//6284 3340//6284
f 1448//6285 1449//6285 3340//6285
f 3340//6286 1449//6286 3341//6286
f 3341//6287 1449//6287 3342//6287
f 1449//6288 3343//6288 3342//6288
f 3343//6289 3344//6289 3342//6289
f 3342//6290 3344//6290 1672//6290
f 3344//6291 1450//6291 1672//6291
f 1672//6292 1450//6292 1673//6292
f 1673//6293 1451//6293 3345//6293
f 1450//6294 1451//6294 1673//6294
f 3345//6295 1453//6295 3346//6295
f 1451//6296 1453//6296 3345//6296
f 3346//6297 3347//6297 3348//6297
f 1453//6298 3347//6298 3346//6298
f 3348//6299 3349//6299 1675//6299
f 3347//6300 3349//6300 3348//6300
f 1675//6301 3350//6301 3351//6301
f 3349//6302 3350//6302 1675//6302
f 3351//6303 1455//6303 1676//6303
f 3350//6304 1455//6304 3351//6304
f 1676//6305 3352//6305 3353//6305
f 1455//6306 3352//6306 1676//6306
f 3353//6307 3354//6307 1677//6307
f 3352//6308 3354//6308 3353//6308
f 1677//6309 1456//6309 3355//6309
f 3354//6310 1456//6310 1677//6310
f 3355//6311 1457//6311 3356//6311
f 1456//6312 1457//6312 3355//6312
f 3356//6313 1458//6313 3357//6313
f 1457//6314 1458//6314 3356//6314
f 3357//6315 1459//6315 3358//6315
f 3358//6316 1459//6316 3359//6316
f 1458//6317 1459//6317 3357//6317
f 1459//6318 3360//6318 3359//6318
f 3360//6319 1460//6319 3359//6319
f 3359//6320 1460//6320 3361//6320
f 3361//6321 1461//6321 3362//6321
f 1460//6322 1461//6322 3361//6322
f 1461//6323 1462//6323 3362//6323
f 3362//6324 1462//6324 1678//6324
f 1462//6325 1463//6325 1678//6325
f 1678//6326 1463//6326 1679//6326
f 1463//6327 1464//6327 1679//6327
f 1679//6328 1464//6328 1680//6328
f 1464//6329 3363//6329 1680//6329
f 1680//6330 3363//6330 1681//6330
f 1681//6331 3363//6331 1695//6331
f 3363//6332 3364//6332 1695//6332
f 3364//6333 3365//6333 1695//6333
f 1695//6334 3365//6334 3366//6334
f 3366//6335 3365//6335 1694//6335
f 3365//6336 1480//6336 1694//6336
f 1694//6337 1480//6337 3367//6337
f 1480//6338 3368//6338 3367//6338
f 3368//6339 1479//6339 3367//6339
f 3367//6340 1479//6340 3369//6340
f 3369//6341 1479//6341 3370//6341
f 1479//6342 1478//6342 3370//6342
f 3370//6343 1478//6343 3371//6343
f 1478//6344 3372//6344 3371//6344
f 3371//6345 3372//6345 1693//6345
f 3372//6346 1477//6346 1693//6346
f 1477//6347 3373//6347 1693//6347
f 1693//6348 3373//6348 1692//6348
f 3373//6349 1476//6349 1692//6349
f 1692//6350 1476//6350 1691//6350
f 1691//6351 1476//6351 1690//6351
f 1476//6352 3374//6352 1690//6352
f 3374//6353 3375//6353 1690//6353
f 1690//6354 3375//6354 1689//6354
f 3375//6355 3376//6355 1689//6355
f 1689//6356 3376//6356 1688//6356
f 3376//6357 3377//6357 1688//6357
f 1688//6358 3377//6358 3378//6358
f 3377//6359 3379//6359 3378//6359
f 3378//6360 3379//6360 3380//6360
f 3379//6361 3381//6361 3380//6361
f 3380//6362 3381//6362 3382//6362
f 3382//6363 3383//6363 1683//6363
f 3381//6364 3383//6364 3382//6364
f 1683//6365 1467//6365 3384//6365
f 3383//6366 1467//6366 1683//6366
f 3384//6367 1468//6367 1684//6367
f 1684//6368 1468//6368 1685//6368
f 1467//6369 1468//6369 3384//6369
f 1468//6370 1469//6370 1685//6370
f 1469//6371 1470//6371 1685//6371
f 1685//6372 1470//6372 1686//6372
f 1470//6373 1471//6373 1686//6373
f 1686//6374 1471//6374 1687//6374
f 1471//6375 1472//6375 1687//6375
f 1687//6376 1472//6376 3385//6376
f 1472//6377 1473//6377 3385//6377
f 3385//6378 1473//6378 3386//6378
f 1473//6379 1474//6379 3386//6379
f 3386//6380 1474//6380 3387//6380
f 1474//6381 1475//6381 3387//6381
f 3387//6382 1475//6382 3388//6382
f 3388//6383 1475//6383 3389//6383
f 1475//6384 3390//6384 3389//6384
f 3389//6385 3390//6385 3391//6385
f 3390//6386 3392//6386 3391//6386
f 3392//6387 3393//6387 3391//6387
f 3391//6388 3393//6388 3394//6388
f 3393//6389 3395//6389 3394//6389
f 3394//6390 3395//6390 3396//6390
f 3395//6391 3397//6391 3396//6391
f 3396//6392 3397//6392 3398//6392
f 3397//6393 3399//6393 3398//6393
f 3398//6394 3399//6394 3400//6394
f 3400//6395 1409//6395 1640//6395
f 3399//6396 1409//6396 3400//6396
f 1640//6397 3401//6397 3402//6397
f 1409//6398 3401//6398 1640//6398
f 3402//6399 1408//6399 1639//6399
f 3401//6400 1408//6400 3402//6400
f 1639//6401 3403//6401 3404//6401
f 1408//6402 3403//6402 1639//6402
f 3404//6403 3405//6403 3406//6403
f 3403//6404 3405//6404 3404//6404
f 3406//6405 3407//6405 3408//6405
f 3408//6406 3407//6406 1638//6406
f 3405//6407 3407//6407 3406//6407
f 3407//6408 3409//6408 1638//6408
f 1638//6409 1407//6409 1637//6409
f 3409//6410 1407//6410 1638//6410
f 1637//6411 1406//6411 3410//6411
f 1407//6412 1406//6412 1637//6412
f 3410//6413 1405//6413 3411//6413
f 1406//6414 1405//6414 3410//6414
f 3411//6415 1404//6415 3412//6415
f 1405//6416 1404//6416 3411//6416
f 3412//6417 1403//6417 1636//6417
f 1404//6418 1403//6418 3412//6418
f 1636//6419 1402//6419 3413//6419
f 1403//6420 1402//6420 1636//6420
f 3413//6421 1401//6421 1635//6421
f 1402//6422 1401//6422 3413//6422
f 1401//6423 1400//6423 1635//6423
f 1635//6424 1400//6424 3414//6424
f 1400//6425 1399//6425 3414//6425
f 3414//6426 1399//6426 3415//6426
f 1399//6427 1398//6427 3415//6427
f 3415//6428 1398//6428 3416//6428
f 3416//6429 1397//6429 1634//6429
f 1398//6430 1397//6430 3416//6430
f 1634//6431 1396//6431 3417//6431
f 3417//6432 1396//6432 3418//6432
f 1397//6433 1396//6433 1634//6433
f 1396//6434 1395//6434 3418//6434
f 3418//6435 1394//6435 1633//6435
f 1395//6436 1394//6436 3418//6436
f 1633//6437 1393//6437 1632//6437
f 1394//6438 1393//6438 1633//6438
f 1632//6439 1392//6439 1631//6439
f 1393//6440 1392//6440 1632//6440
f 1631//6441 3419//6441 3420//6441
f 1392//6442 3419//6442 1631//6442
f 3420//6443 1391//6443 1630//6443
f 3419//6444 1391//6444 3420//6444
f 1630//6445 1390//6445 1629//6445
f 1391//6446 1390//6446 1630//6446
f 1629//6447 3421//6447 3422//6447
f 1390//6448 3421//6448 1629//6448
f 3422//6449 3423//6449 3424//6449
f 3421//6450 3423//6450 3422//6450
f 3424//6451 3425//6451 3426//6451
f 3423//6452 3425//6452 3424//6452
f 3426//6453 1389//6453 3427//6453
f 3425//6454 1389//6454 3426//6454
f 3427//6455 3428//6455 1628//6455
f 1389//6456 3428//6456 3427//6456
f 1628//6457 3429//6457 1627//6457
f 3428//6458 3429//6458 1628//6458
f 1627//6459 3430//6459 1626//6459
f 3429//6460 3430//6460 1627//6460
f 1626//6461 3431//6461 1625//6461
f 3430//6462 3431//6462 1626//6462
f 1625//6463 3432//6463 3433//6463
f 3431//6464 3432//6464 1625//6464
f 3433//6465 3434//6465 1624//6465
f 3432//6466 3434//6466 3433//6466
f 1624//6467 3435//6467 1623//6467
f 1623//6468 3435//6468 1622//6468
f 3434//6469 3435//6469 1624//6469
f 3435//6470 3436//6470 1622//6470
f 3436//6471 3437//6471 1622//6471
f 1622//6472 3437//6472 3438//6472
f 3437//6473 3439//6473 3438//6473
f 3438//6474 3439//6474 3440//6474
f 3439//6475 1388//6475 3440//6475
f 3440//6476 1388//6476 1621//6476
f 1388//6477 1387//6477 1621//6477
f 1621//6478 1387//6478 1620//6478
f 1620//6479 1387//6479 1619//6479
f 1387//6480 3441//6480 1619//6480
f 3441//6481 3442//6481 1619//6481
f 1619//6482 3442//6482 1617//6482
f 3442//6483 3443//6483 1617//6483
f 1617//6484 3443//6484 1615//6484
f 3443//6485 3444//6485 1615//6485
f 1615//6486 3444//6486 3445//6486
f 3444//6487 3446//6487 3445//6487
f 3445//6488 3446//6488 1614//6488
f 3446//6489 1383//6489 1614//6489
f 1614//6490 1383//6490 1613//6490
f 1383//6491 1382//6491 1613//6491
f 1613//6492 1382//6492 1611//6492
f 1382//6493 3447//6493 1611//6493
f 1611//6494 3447//6494 1609//6494
f 1609//6495 3448//6495 1607//6495
f 3447//6496 3448//6496 1609//6496
f 1607//6497 3449//6497 3450//6497
f 3448//6498 3449//6498 1607//6498
f 3449//6499 3451//6499 3450//6499
f 3450//6500 3451//6500 3452//6500
f 3452//6501 3453//6501 3454//6501
f 3454//6502 3453//6502 3455//6502
f 3451//6503 3453//6503 3452//6503
f 3453//6504 1376//6504 3455//6504
f 3455//6505 1375//6505 3456//6505
f 1376//6506 1375//6506 3455//6506
f 3456//6507 1373//6507 1604//6507
f 1375//6508 1373//6508 3456//6508
f 1604//6509 1372//6509 1603//6509
f 1373//6510 1372//6510 1604//6510
f 1603//6511 1371//6511 1602//6511
f 1372//6512 1371//6512 1603//6512
f 1602//6513 1370//6513 3457//6513
f 1371//6514 1370//6514 1602//6514
f 3457//6515 3458//6515 3459//6515
f 1370//6516 3458//6516 3457//6516
f 3459//6517 3460//6517 3461//6517
f 3458//6518 3460//6518 3459//6518
f 3461//6519 1368//6519 3462//6519
f 3460//6520 1368//6520 3461//6520
f 3462//6521 1367//6521 3463//6521
f 1368//6522 1367//6522 3462//6522
f 1367//6523 3464//6523 3463//6523
f 3463//6524 3464//6524 3465//6524
f 3464//6525 3466//6525 3465//6525
f 3465//6526 3466//6526 3467//6526
f 3466//6527 3468//6527 3467//6527
f 3467//6528 3468//6528 1598//6528
f 3468//6529 3469//6529 1598//6529
f 1598//6530 3469//6530 1597//6530
f 3469//6531 3470//6531 1597//6531
f 1597//6532 3470//6532 3471//6532
f 3470//6533 3472//6533 3471//6533
f 3471//6534 3472//6534 1596//6534
f 3472//6535 1363//6535 1596//6535
f 1596//6536 1363//6536 1594//6536
f 1363//6537 1362//6537 1594//6537
f 1594//6538 1362//6538 1595//6538
f 1362//6539 1364//6539 1595//6539
f 1595//6540 1364//6540 3473//6540
f 1364//6541 1365//6541 3473//6541
f 3473//6542 1365//6542 3474//6542
f 1365//6543 1366//6543 3474//6543
f 3474//6544 1366//6544 3475//6544
f 1366//6545 3476//6545 3475//6545
f 3475//6546 3476//6546 3477//6546
f 3476//6547 3478//6547 3477//6547
f 3477//6548 3478//6548 3479//6548
f 3478//6549 3480//6549 3479//6549
f 3479//6550 3480//6550 3481//6550
f 3480//6551 3482//6551 3481//6551
f 3481//6552 3482//6552 1599//6552
f 3482//6553 1369//6553 1599//6553
f 1599//6554 1369//6554 1600//6554
f 1369//6555 3483//6555 1600//6555
f 1600//6556 3483//6556 1601//6556
f 1601//6557 3483//6557 3484//6557
f 3483//6558 3485//6558 3484//6558
f 3485//6559 3486//6559 3484//6559
f 3484//6560 3486//6560 3487//6560
f 3486//6561 3488//6561 3487//6561
f 3487//6562 3488//6562 3489//6562
f 3488//6563 3490//6563 3489//6563
f 3489//6564 3490//6564 3491//6564
f 3491//6565 1374//6565 3492//6565
f 3490//6566 1374//6566 3491//6566
f 3492//6567 3493//6567 3494//6567
f 1374//6568 3493//6568 3492//6568
f 3494//6569 1377//6569 3495//6569
f 3493//6570 1377//6570 3494//6570
f 3495//6571 1378//6571 1605//6571
f 1377//6572 1378//6572 3495//6572
f 1378//6573 1379//6573 1605//6573
f 1605//6574 1379//6574 1606//6574
f 1379//6575 3496//6575 1606//6575
f 1606//6576 3496//6576 3497//6576
f 3496//6577 1380//6577 3497//6577
f 3497//6578 1380//6578 1608//6578
f 1380//6579 1381//6579 1608//6579
f 1608//6580 1381//6580 1610//6580
f 1381//6581 3498//6581 1610//6581
f 1610//6582 3498//6582 1612//6582
f 3498//6583 3499//6583 1612//6583
f 1612//6584 3499//6584 3500//6584
f 3500//6585 3499//6585 3501//6585
f 3499//6586 3502//6586 3501//6586
f 3502//6587 3503//6587 3501//6587
f 3501//6588 3503//6588 3504//6588
f 3503//6589 1384//6589 3504//6589
f 3504//6590 1384//6590 1616//6590
f 1384//6591 1385//6591 1616//6591
f 1616//6592 1385//6592 1618//6592
f 1385//6593 1386//6593 1618//6593
f 1618//6594 1386//6594 3505//6594
f 1386//6595 1413//6595 3505//6595
f 3505//6596 1413//6596 1646//6596
f 1646//6597 1412//6597 1645//6597
f 1413//6598 1412//6598 1646//6598
f 1645//6599 3506//6599 3507//6599
f 1412//6600 3506//6600 1645//6600
f 3507//6601 1414//6601 1647//6601
f 3506//6602 1414//6602 3507//6602
f 1647//6603 3508//6603 3509//6603
f 1414//6604 3508//6604 1647//6604
f 3509//6605 1415//6605 3510//6605
f 3508//6606 1415//6606 3509//6606
f 3510//6607 3511//6607 1648//6607
f 1415//6608 3511//6608 3510//6608
f 1648//6609 3512//6609 1649//6609
f 3511//6610 3512//6610 1648//6610
f 1649//6611 1416//6611 1650//6611
f 3512//6612 1416//6612 1649//6612
f 1650//6613 1417//6613 3513//6613
f 1416//6614 1417//6614 1650//6614
f 3513//6615 1418//6615 1651//6615
f 1417//6616 1418//6616 3513//6616
f 1651//6617 1419//6617 1652//6617
f 1418//6618 1419//6618 1651//6618
f 1652//6619 1420//6619 1653//6619
f 1419//6620 1420//6620 1652//6620
f 1653//6621 1421//6621 3514//6621
f 1420//6622 1421//6622 1653//6622
f 1421//6623 3515//6623 3514//6623
f 3514//6624 3515//6624 3516//6624
f 3515//6625 3517//6625 3516//6625
f 3516//6626 3517//6626 3518//6626
f 3517//6627 1422//6627 3518//6627
f 3518//6628 1422//6628 3519//6628
f 1422//6629 1423//6629 3519//6629
f 3519//6630 1423//6630 3520//6630
f 3520//6631 1424//6631 3521//6631
f 1423//6632 1424//6632 3520//6632
f 1424//6633 1425//6633 3521//6633
f 3521//6634 1425//6634 3522//6634
f 3522//6635 1426//6635 3523//6635
f 1425//6636 1426//6636 3522//6636
f 3523//6637 1427//6637 3524//6637
f 1426//6638 1427//6638 3523//6638
f 3524//6639 1428//6639 1654//6639
f 1427//6640 1428//6640 3524//6640
f 1654//6641 1429//6641 1655//6641
f 1428//6642 1429//6642 1654//6642
f 1655//6643 1430//6643 3525//6643
f 1429//6644 1430//6644 1655//6644
f 3525//6645 1431//6645 1656//6645
f 1430//6646 1431//6646 3525//6646
f 1656//6647 1432//6647 1657//6647
f 1431//6648 1432//6648 1656//6648
f 1657//6649 1433//6649 3526//6649
f 1432//6650 1433//6650 1657//6650
f 3526//6651 3527//6651 3528//6651
f 1433//6652 3527//6652 3526//6652
f 3528//6653 3529//6653 1641//6653
f 3527//6654 3529//6654 3528//6654
f 1641//6655 3530//6655 1642//6655
f 3529//6656 3530//6656 1641//6656
f 1642//6657 3531//6657 3532//6657
f 3530//6658 3531//6658 1642//6658
f 3532//6659 3533//6659 1643//6659
f 3531//6660 3533//6660 3532//6660
f 1643//6661 3534//6661 3535//6661
f 3533//6662 3534//6662 1643//6662
f 3535//6663 1410//6663 3536//6663
f 3534//6664 1410//6664 3535//6664
f 3536//6665 1411//6665 3537//6665
f 1410//6666 1411//6666 3536//6666
f 3537//6667 3538//6667 1644//6667
f 1411//6668 3538//6668 3537//6668
f 1644//6669 1440//6669 3539//6669
f 3538//6670 1440//6670 1644//6670
f 3539//6671 3540//6671 1664//6671
f 1440//6672 3540//6672 3539//6672
f 3540//6673 1442//6673 1664//6673
f 1664//6674 1442//6674 1665//6674
f 1442//6675 3541//6675 1665//6675
f 1665//6676 3541//6676 1666//6676
f 3541//6677 1445//6677 1666//6677
f 1666//6678 1445//6678 3542//6678
f 1445//6679 1446//6679 3542//6679
f 3542//6680 1446//6680 3543//6680
f 1446//6681 3544//6681 3543//6681
f 3543//6682 3544//6682 3545//6682
f 3544//6683 3546//6683 3545//6683
f 3545//6684 3546//6684 3547//6684
f 3546//6685 1447//6685 3547//6685
f 3547//6686 1447//6686 3548//6686
f 1447//6687 3549//6687 3548//6687
f 3548//6688 3549//6688 3550//6688
f 3549//6689 3551//6689 3550//6689
f 3550//6690 3551//6690 1671//6690
f 3551//6691 3552//6691 1671//6691
f 1671//6692 3552//6692 3553//6692
f 3552//6693 3554//6693 3553//6693
f 3553//6694 3554//6694 3555//6694
f 3554//6695 3556//6695 3555//6695
f 3555//6696 3556//6696 3557//6696
f 3556//6697 3558//6697 3557//6697
f 3557//6698 3558//6698 3559//6698
f 3558//6699 1452//6699 3559//6699
f 3559//6700 1452//6700 3560//6700
f 3560//6701 1454//6701 1674//6701
f 1452//6702 1454//6702 3560//6702
f 1674//6703 3561//6703 3562//6703
f 1454//6704 3561//6704 1674//6704
f 3562//6705 3563//6705 3564//6705
f 3561//6706 3563//6706 3562//6706
f 3563//6707 3323//6707 3564//6707
f 3564//6708 3323//6708 1659//6708
f 1580//6709 3565//6709 1696//6709
f 3566//6710 3565//6710 1580//6710
f 3565//6711 3566//6711 3567//6711
f 3568//6712 3565//6712 3567//6712
f 3567//6713 3569//6713 3570//6713
f 3567//6714 3570//6714 3568//6714
f 1778//6715 3571//6715 1553//6715
f 1553//6716 3571//6716 3572//6716
f 3572//6717 1779//6717 3573//6717
f 3571//6718 1779//6718 3572//6718
f 3573//6719 3574//6719 1554//6719
f 1779//6720 3574//6720 3573//6720
f 1554//6721 3575//6721 1555//6721
f 3574//6722 3575//6722 1554//6722
f 1555//6723 1780//6723 3576//6723
f 3575//6724 1780//6724 1555//6724
f 3576//6725 1781//6725 3577//6725
f 3577//6726 1781//6726 1556//6726
f 1780//6727 1781//6727 3576//6727
f 1781//6728 3578//6728 1556//6728
f 1556//6729 1783//6729 1557//6729
f 3578//6730 1783//6730 1556//6730
f 1557//6731 3579//6731 1559//6731
f 1559//6732 3579//6732 1561//6732
f 1783//6733 3579//6733 1557//6733
f 3579//6734 1784//6734 1561//6734
f 1561//6735 1784//6735 1562//6735
f 1784//6736 3580//6736 1562//6736
f 1562//6737 3580//6737 3581//6737
f 3580//6738 1785//6738 3581//6738
f 1785//6739 1787//6739 3581//6739
f 3581//6740 1787//6740 3582//6740
f 3582//6741 1787//6741 3583//6741
f 1787//6742 1789//6742 3583//6742
f 1789//6743 1791//6743 3583//6743
f 3583//6744 1791//6744 1565//6744
f 1791//6745 1793//6745 1565//6745
f 1565//6746 1793//6746 3584//6746
f 1793//6747 3585//6747 3584//6747
f 3584//6748 3585//6748 3586//6748
f 3585//6749 1795//6749 3586//6749
f 3586//6750 1795//6750 3587//6750
f 3587//6751 1795//6751 3588//6751
f 1795//6752 1797//6752 3588//6752
f 1797//6753 1799//6753 3588//6753
f 3588//6754 1799//6754 3589//6754
f 1799//6755 3590//6755 3589//6755
f 3589//6756 3590//6756 1566//6756
f 1566//6757 1801//6757 1567//6757
f 3590//6758 1801//6758 1566//6758
f 1567//6759 3591//6759 3592//6759
f 1801//6760 3591//6760 1567//6760
f 3592//6761 3593//6761 1570//6761
f 3591//6762 3593//6762 3592//6762
f 1570//6763 3594//6763 1572//6763
f 3593//6764 3594//6764 1570//6764
f 1572//6765 3595//6765 3596//6765
f 3594//6766 3595//6766 1572//6766
f 3596//6767 1805//6767 3597//6767
f 3595//6768 1805//6768 3596//6768
f 3597//6769 3598//6769 3599//6769
f 1805//6770 3598//6770 3597//6770
f 3599//6771 3600//6771 3601//6771
f 3598//6772 3600//6772 3599//6772
f 3601//6773 3602//6773 3603//6773
f 3600//6774 3602//6774 3601//6774
f 3603//6775 3604//6775 1573//6775
f 3602//6776 3604//6776 3603//6776
f 1573//6777 3605//6777 3606//6777
f 3604//6778 3605//6778 1573//6778
f 3606//6779 3607//6779 1574//6779
f 1574//6780 3607//6780 1575//6780
f 3605//6781 3607//6781 3606//6781
f 3607//6782 3608//6782 1575//6782
f 3608//6783 1806//6783 1575//6783
f 1575//6784 1806//6784 1576//6784
f 1576//6785 3609//6785 3610//6785
f 1806//6786 3609//6786 1576//6786
f 3609//6787 1807//6787 3610//6787
f 3610//6788 1807//6788 3611//6788
f 1807//6789 3612//6789 3611//6789
f 3611//6790 3612//6790 1577//6790
f 3612//6791 1808//6791 1577//6791
f 1577//6792 1808//6792 1578//6792
f 1808//6793 1809//6793 1578//6793
f 1578//6794 1809//6794 1579//6794
f 1579//6795 1809//6795 1593//6795
f 1809//6796 1825//6796 1593//6796
f 1825//6797 1824//6797 1593//6797
f 1593//6798 1824//6798 1592//6798
f 1592//6799 1824//6799 3613//6799
f 1824//6800 1823//6800 3613//6800
f 3613//6801 1823//6801 3614//6801
f 1823//6802 1822//6802 3614//6802
f 1822//6803 1821//6803 3614//6803
f 3614//6804 1821//6804 1591//6804
f 1591//6805 1821//6805 1590//6805
f 1821//6806 1820//6806 1590//6806
f 1590//6807 1820//6807 1589//6807
f 1820//6808 1819//6808 1589//6808
f 1589//6809 1819//6809 3615//6809
f 1819//6810 1818//6810 3615//6810
f 1818//6811 1817//6811 3615//6811
f 3615//6812 1817//6812 3616//6812
f 1817//6813 1816//6813 3616//6813
f 3616//6814 1816//6814 1588//6814
f 1588//6815 1816//6815 3617//6815
f 1816//6816 1815//6816 3617//6816
f 1815//6817 1814//6817 3617//6817
f 3617//6818 1814//6818 1587//6818
f 1814//6819 1813//6819 1587//6819
f 1587//6820 1813//6820 1586//6820
f 1813//6821 1812//6821 1586//6821
f 1586//6822 1812//6822 3618//6822
f 1812//6823 3619//6823 3618//6823
f 3618//6824 3619//6824 1585//6824
f 3619//6825 3620//6825 1585//6825
f 1585//6826 3620//6826 3621//6826
f 3621//6827 3622//6827 3623//6827
f 3620//6828 3622//6828 3621//6828
f 3623//6829 3624//6829 3625//6829
f 3622//6830 3624//6830 3623//6830
f 3625//6831 3626//6831 3627//6831
f 3627//6832 3626//6832 3628//6832
f 3624//6833 3626//6833 3625//6833
f 3626//6834 3629//6834 3628//6834
f 3629//6835 3630//6835 3628//6835
f 3628//6836 3630//6836 3631//6836
f 3630//6837 3632//6837 3631//6837
f 3631//6838 3632//6838 1581//6838
f 3632//6839 3633//6839 1581//6839
f 1581//6840 3633//6840 1582//6840
f 3633//6841 1810//6841 1582//6841
f 1582//6842 1810//6842 3634//6842
f 1810//6843 3635//6843 3634//6843
f 3634//6844 3635//6844 1583//6844
f 3635//6845 1811//6845 1583//6845
f 1583//6846 1811//6846 1584//6846
f 1584//6847 1811//6847 3636//6847
f 1811//6848 1757//6848 3636//6848
f 3636//6849 1757//6849 3637//6849
f 1757//6850 1756//6850 3637//6850
f 1756//6851 1755//6851 3637//6851
f 3637//6852 1755//6852 3638//6852
f 1755//6853 1754//6853 3638//6853
f 3638//6854 1754//6854 3639//6854
f 1754//6855 1753//6855 3639//6855
f 3639//6856 1753//6856 3640//6856
f 1753//6857 1752//6857 3640//6857
f 3640//6858 1752//6858 3641//6858
f 3641//6859 1751//6859 1536//6859
f 1752//6860 1751//6860 3641//6860
f 1536//6861 3642//6861 1535//6861
f 1751//6862 3642//6862 1536//6862
f 1535//6863 1750//6863 1534//6863
f 3642//6864 1750//6864 1535//6864
f 1534//6865 3643//6865 1533//6865
f 1750//6866 3643//6866 1534//6866
f 1533//6867 3644//6867 1532//6867
f 3643//6868 3644//6868 1533//6868
f 1532//6869 3645//6869 1531//6869
f 1531//6870 3645//6870 1530//6870
f 3644//6871 3645//6871 1532//6871
f 3645//6872 3646//6872 1530//6872
f 1530//6873 1749//6873 1529//6873
f 3646//6874 1749//6874 1530//6874
f 1529//6875 1748//6875 3647//6875
f 1749//6876 1748//6876 1529//6876
f 3647//6877 3648//6877 1528//6877
f 1748//6878 3648//6878 3647//6878
f 1528//6879 1747//6879 3649//6879
f 3648//6880 1747//6880 1528//6880
f 3649//6881 1746//6881 1527//6881
f 1747//6882 1746//6882 3649//6882
f 1527//6883 3650//6883 1526//6883
f 1746//6884 3650//6884 1527//6884
f 1526//6885 3651//6885 1525//6885
f 3650//6886 3651//6886 1526//6886
f 3651//6887 3652//6887 1525//6887
f 1525//6888 3652//6888 1524//6888
f 3652//6889 3653//6889 1524//6889
f 1524//6890 3653//6890 3654//6890
f 3653//6891 3655//6891 3654//6891
f 3654//6892 3655//6892 3656//6892
f 3656//6893 3657//6893 1523//6893
f 3655//6894 3657//6894 3656//6894
f 1523//6895 1745//6895 3658//6895
f 3658//6896 1745//6896 3659//6896
f 3657//6897 1745//6897 1523//6897
f 1745//6898 3660//6898 3659//6898
f 3659//6899 3661//6899 1522//6899
f 3660//6900 3661//6900 3659//6900
f 1522//6901 3662//6901 3663//6901
f 3661//6902 3662//6902 1522//6902
f 3663//6903 1744//6903 1521//6903
f 3662//6904 1744//6904 3663//6904
f 1521//6905 1743//6905 1520//6905
f 1744//6906 1743//6906 1521//6906
f 1520//6907 1742//6907 1519//6907
f 1743//6908 1742//6908 1520//6908
f 1519//6909 3664//6909 3665//6909
f 1742//6910 3664//6910 1519//6910
f 3665//6911 3666//6911 3667//6911
f 3664//6912 3666//6912 3665//6912
f 3667//6913 3668//6913 3669//6913
f 3666//6914 3668//6914 3667//6914
f 3669//6915 3670//6915 1518//6915
f 3668//6916 3670//6916 3669//6916
f 1518//6917 1741//6917 1517//6917
f 3670//6918 1741//6918 1518//6918
f 1517//6919 1740//6919 3671//6919
f 1741//6920 1740//6920 1517//6920
f 3671//6921 1739//6921 1516//6921
f 1740//6922 1739//6922 3671//6922
f 1516//6923 1738//6923 1515//6923
f 1739//6924 1738//6924 1516//6924
f 1515//6925 1737//6925 1514//6925
f 1738//6926 1737//6926 1515//6926
f 1514//6927 3672//6927 1513//6927
f 1737//6928 3672//6928 1514//6928
f 1513//6929 1736//6929 3673//6929
f 3672//6930 1736//6930 1513//6930
f 3673//6931 1735//6931 3674//6931
f 3674//6932 1735//6932 1512//6932
f 1736//6933 1735//6933 3673//6933
f 1735//6934 1734//6934 1512//6934
f 1734//6935 1733//6935 1512//6935
f 1512//6936 1733//6936 1511//6936
f 1733//6937 3675//6937 1511//6937
f 1511//6938 3675//6938 1510//6938
f 3675//6939 1732//6939 1510//6939
f 1510//6940 1732//6940 1509//6940
f 1732//6941 3676//6941 1509//6941
f 1509//6942 3676//6942 1508//6942
f 1508//6943 3676//6943 3677//6943
f 3676//6944 1731//6944 3677//6944
f 1731//6945 1729//6945 3677//6945
f 3677//6946 1729//6946 3678//6946
f 1729//6947 1728//6947 3678//6947
f 3678//6948 1728//6948 3679//6948
f 1728//6949 1727//6949 3679//6949
f 3679//6950 1727//6950 3680//6950
f 1727//6951 1726//6951 3680//6951
f 3680//6952 1726//6952 3681//6952
f 1726//6953 1725//6953 3681//6953
f 3681//6954 1725//6954 3682//6954
f 1725//6955 1723//6955 3682//6955
f 3682//6956 1723//6956 1504//6956
f 1723//6957 3683//6957 1504//6957
f 1504//6958 3683//6958 1502//6958
f 1502//6959 1720//6959 1500//6959
f 3683//6960 1720//6960 1502//6960
f 1500//6961 3684//6961 3685//6961
f 1720//6962 3684//6962 1500//6962
f 3684//6963 1719//6963 3685//6963
f 3685//6964 1719//6964 1499//6964
f 1499//6965 1717//6965 1497//6965
f 1497//6966 1717//6966 1496//6966
f 1719//6967 1717//6967 1499//6967
f 1717//6968 1715//6968 1496//6968
f 1496//6969 1713//6969 1495//6969
f 1715//6970 1713//6970 1496//6970
f 1495//6971 3686//6971 3687//6971
f 1713//6972 3686//6972 1495//6972
f 3687//6973 1710//6973 1494//6973
f 3686//6974 1710//6974 3687//6974
f 1494//6975 1708//6975 3688//6975
f 1710//6976 1708//6976 1494//6976
f 3688//6977 3689//6977 1493//6977
f 1708//6978 3689//6978 3688//6978
f 1493//6979 1706//6979 1491//6979
f 3689//6980 1706//6980 1493//6980
f 1491//6981 1705//6981 3690//6981
f 1706//6982 1705//6982 1491//6982
f 3690//6983 1704//6983 1490//6983
f 1705//6984 1704//6984 3690//6984
f 1490//6985 3691//6985 3692//6985
f 1704//6986 3691//6986 1490//6986
f 3691//6987 1701//6987 3692//6987
f 3692//6988 1701//6988 3693//6988
f 1701//6989 3694//6989 3693//6989
f 3693//6990 3694//6990 3695//6990
f 3694//6991 1700//6991 3695//6991
f 3695//6992 1700//6992 1487//6992
f 1700//6993 3696//6993 1487//6993
f 1487//6994 3696//6994 1486//6994
f 3696//6995 1698//6995 1486//6995
f 1486//6996 1698//6996 3697//6996
f 1698//6997 1697//6997 3697//6997
f 3697//6998 1697//6998 3698//6998
f 1697//6999 3699//6999 3698//6999
f 3698//7000 3699//7000 1482//7000
f 3699//7001 3700//7001 1482//7001
f 1482//7002 3700//7002 1483//7002
f 3700//7003 3701//7003 1483//7003
f 1483//7004 3701//7004 1484//7004
f 3701//7005 3702//7005 1484//7005
f 1484//7006 3702//7006 1485//7006
f 3702//7007 1699//7007 1485//7007
f 1485//7008 1699//7008 3703//7008
f 1699//7009 3704//7009 3703//7009
f 3703//7010 3704//7010 1488//7010
f 3704//7011 3705//7011 1488//7011
f 1488//7012 3705//7012 3706//7012
f 3705//7013 1702//7013 3706//7013
f 3706//7014 1702//7014 3707//7014
f 1702//7015 1703//7015 3707//7015
f 3707//7016 1703//7016 1489//7016
f 1703//7017 3708//7017 1489//7017
f 1489//7018 3708//7018 3709//7018
f 3708//7019 3710//7019 3709//7019
f 3709//7020 3710//7020 3711//7020
f 3711//7021 3710//7021 1492//7021
f 3710//7022 1707//7022 1492//7022
f 1707//7023 3712//7023 1492//7023
f 1492//7024 3712//7024 3713//7024
f 3712//7025 1709//7025 3713//7025
f 3713//7026 1709//7026 3714//7026
f 1709//7027 1711//7027 3714//7027
f 3714//7028 1711//7028 3715//7028
f 3715//7029 1712//7029 3716//7029
f 1711//7030 1712//7030 3715//7030
f 3716//7031 1714//7031 3717//7031
f 1712//7032 1714//7032 3716//7032
f 3717//7033 1716//7033 3718//7033
f 1714//7034 1716//7034 3717//7034
f 3718//7035 1718//7035 1498//7035
f 1716//7036 1718//7036 3718//7036
f 1718//7037 3719//7037 1498//7037
f 1498//7038 3719//7038 3720//7038
f 3719//7039 3721//7039 3720//7039
f 3720//7040 3721//7040 3722//7040
f 3721//7041 1721//7041 3722//7041
f 3722//7042 1721//7042 1501//7042
f 1721//7043 1722//7043 1501//7043
f 1501//7044 1722//7044 1503//7044
f 1722//7045 1724//7045 1503//7045
f 1503//7046 1724//7046 3723//7046
f 1724//7047 3724//7047 3723//7047
f 3723//7048 3724//7048 3725//7048
f 3725//7049 3724//7049 1505//7049
f 3724//7050 3726//7050 1505//7050
f 3726//7051 3727//7051 1505//7051
f 1505//7052 3727//7052 3728//7052
f 3727//7053 3729//7053 3728//7053
f 3728//7054 3729//7054 1506//7054
f 3729//7055 1730//7055 1506//7055
f 1506//7056 1730//7056 1507//7056
f 1730//7057 3730//7057 1507//7057
f 1507//7058 3730//7058 3731//7058
f 3730//7059 1765//7059 3731//7059
f 3731//7060 1765//7060 1542//7060
f 1542//7061 1764//7061 3732//7061
f 1765//7062 1764//7062 1542//7062
f 3732//7063 3733//7063 3734//7063
f 1764//7064 3733//7064 3732//7064
f 3734//7065 1766//7065 3735//7065
f 3733//7066 1766//7066 3734//7066
f 3735//7067 1767//7067 3736//7067
f 1766//7068 1767//7068 3735//7068
f 3736//7069 3737//7069 1543//7069
f 1767//7070 3737//7070 3736//7070
f 1543//7071 1768//7071 3738//7071
f 3737//7072 1768//7072 1543//7072
f 3738//7073 1769//7073 1544//7073
f 1768//7074 1769//7074 3738//7074
f 1544//7075 1770//7075 3739//7075
f 1769//7076 1770//7076 1544//7076
f 3739//7077 1771//7077 3740//7077
f 1770//7078 1771//7078 3739//7078
f 3740//7079 3741//7079 1545//7079
f 1771//7080 3741//7080 3740//7080
f 1545//7081 1772//7081 1546//7081
f 3741//7082 1772//7082 1545//7082
f 1546//7083 3742//7083 1547//7083
f 1772//7084 3742//7084 1546//7084
f 1547//7085 3743//7085 3744//7085
f 3742//7086 3743//7086 1547//7086
f 3743//7087 1773//7087 3744//7087
f 3744//7088 1773//7088 3745//7088
f 1773//7089 1774//7089 3745//7089
f 3745//7090 1774//7090 3746//7090
f 1774//7091 3747//7091 3746//7091
f 3746//7092 3747//7092 1548//7092
f 3747//7093 1775//7093 1548//7093
f 1548//7094 1775//7094 3748//7094
f 3748//7095 1776//7095 3749//7095
f 1775//7096 1776//7096 3748//7096
f 1776//7097 1777//7097 3749//7097
f 3749//7098 1777//7098 3750//7098
f 3750//7099 3751//7099 3752//7099
f 1777//7100 3751//7100 3750//7100
f 3752//7101 3753//7101 3754//7101
f 3751//7102 3753//7102 3752//7102
f 3754//7103 3755//7103 3756//7103
f 3753//7104 3755//7104 3754//7104
f 3756//7105 3757//7105 1549//7105
f 3755//7106 3757//7106 3756//7106
f 1549//7107 3758//7107 1550//7107
f 3757//7108 3758//7108 1549//7108
f 1550//7109 3759//7109 1551//7109
f 3758//7110 3759//7110 1550//7110
f 1551//7111 3760//7111 1552//7111
f 3759//7112 3760//7112 1551//7112
f 1552//7113 3761//7113 3762//7113
f 3760//7114 3761//7114 1552//7114
f 3762//7115 1759//7115 3763//7115
f 3761//7116 1759//7116 3762//7116
f 3763//7117 1758//7117 3764//7117
f 1759//7118 1758//7118 3763//7118
f 3764//7119 1760//7119 3765//7119
f 1758//7120 1760//7120 3764//7120
f 3765//7121 3766//7121 1537//7121
f 1760//7122 3766//7122 3765//7122
f 1537//7123 1761//7123 3767//7123
f 3766//7124 1761//7124 1537//7124
f 3767//7125 3768//7125 1538//7125
f 1761//7126 3768//7126 3767//7126
f 1538//7127 3769//7127 1539//7127
f 3768//7128 3769//7128 1538//7128
f 1539//7129 1762//7129 1540//7129
f 3769//7130 1762//7130 1539//7130
f 1540//7131 1763//7131 1541//7131
f 1762//7132 1763//7132 1540//7132
f 1541//7133 1782//7133 3770//7133
f 1763//7134 1782//7134 1541//7134
f 3770//7135 3771//7135 1558//7135
f 1782//7136 3771//7136 3770//7136
f 3771//7137 3772//7137 1558//7137
f 1558//7138 3772//7138 1560//7138
f 3772//7139 3773//7139 1560//7139
f 1560//7140 3773//7140 3774//7140
f 3773//7141 3775//7141 3774//7141
f 3774//7142 3775//7142 1563//7142
f 3775//7143 1786//7143 1563//7143
f 1563//7144 1786//7144 3776//7144
f 1786//7145 1788//7145 3776//7145
f 3776//7146 1788//7146 3777//7146
f 1788//7147 1790//7147 3777//7147
f 3777//7148 1790//7148 1564//7148
f 1790//7149 1792//7149 1564//7149
f 1564//7150 1792//7150 3778//7150
f 1792//7151 1794//7151 3778//7151
f 3778//7152 1794//7152 3779//7152
f 1794//7153 3780//7153 3779//7153
f 3779//7154 3780//7154 3781//7154
f 3780//7155 1796//7155 3781//7155
f 3781//7156 1796//7156 3782//7156
f 1796//7157 1798//7157 3782//7157
f 3782//7158 1798//7158 3783//7158
f 1798//7159 1800//7159 3783//7159
f 3783//7160 1800//7160 3784//7160
f 1800//7161 3785//7161 3784//7161
f 3784//7162 3785//7162 3786//7162
f 3785//7163 1802//7163 3786//7163
f 3786//7164 1802//7164 1568//7164
f 1568//7165 1803//7165 1569//7165
f 1802//7166 1803//7166 1568//7166
f 1569//7167 3787//7167 1571//7167
f 1803//7168 3787//7168 1569//7168
f 1571//7169 1804//7169 3788//7169
f 3787//7170 1804//7170 1571//7170
f 1804//7171 1778//7171 3788//7171
f 3788//7172 1778//7172 1553//7172
f 2221//7173 2223//7173 1874//7173
f 2221//7174 1874//7174 1875//7174
f 2219//7175 1875//7175 1876//7175
f 2219//7176 2221//7176 1875//7176
f 2217//7177 1876//7177 1877//7177
f 2217//7178 2219//7178 1876//7178
f 2215//7179 1877//7179 1878//7179
f 2215//7180 2217//7180 1877//7180
f 2213//7181 1878//7181 1879//7181
f 2213//7182 2215//7182 1878//7182
f 2211//7183 1879//7183 1880//7183
f 2211//7184 2213//7184 1879//7184
f 2209//7185 1880//7185 1882//7185
f 2209//7186 2211//7186 1880//7186
f 2207//7187 1882//7187 1883//7187
f 2207//7188 2209//7188 1882//7188
f 2205//7189 1883//7189 1884//7189
f 2205//7190 2207//7190 1883//7190
f 2203//7191 2205//7191 1884//7191
f 2203//7192 1884//7192 1885//7192
f 2201//7193 2203//7193 1885//7193
f 2201//7194 1885//7194 1886//7194
f 2199//7195 2201//7195 1886//7195
f 2199//7196 1886//7196 1887//7196
f 2197//7197 2199//7197 1887//7197
f 2197//7198 1887//7198 1888//7198
f 2195//7199 2197//7199 1888//7199
f 2195//7200 1888//7200 1889//7200
f 2193//7201 2195//7201 1889//7201
f 2193//7202 1889//7202 1890//7202
f 2191//7203 2193//7203 1890//7203
f 2191//7204 1890//7204 1891//7204
f 2191//7205 1891//7205 1892//7205
f 2189//7206 2191//7206 1892//7206
f 2187//7207 2189//7207 1892//7207
f 2187//7208 1892//7208 1893//7208
f 2185//7209 2187//7209 1893//7209
f 2185//7210 1893//7210 1894//7210
f 2183//7211 2185//7211 1894//7211
f 2183//7212 1894//7212 1895//7212
f 2181//7213 2183//7213 1895//7213
f 2181//7214 1895//7214 1896//7214
f 2179//7215 1896//7215 1897//7215
f 2179//7216 2181//7216 1896//7216
f 2177//7217 1897//7217 1898//7217
f 2177//7218 2179//7218 1897//7218
f 2175//7219 1898//7219 1899//7219
f 2175//7220 2177//7220 1898//7220
f 2173//7221 1899//7221 1900//7221
f 2173//7222 2175//7222 1899//7222
f 2171//7223 1900//7223 1901//7223
f 2171//7224 2173//7224 1900//7224
f 2169//7225 1901//7225 1902//7225
f 2169//7226 2171//7226 1901//7226
f 2166//7227 1902//7227 1903//7227
f 2166//7228 2169//7228 1902//7228
f 2167//7229 1903//7229 1904//7229
f 2167//7230 1904//7230 1905//7230
f 2167//7231 2166//7231 1903//7231
f 2168//7232 2167//7232 1905//7232
f 2170//7233 1905//7233 1906//7233
f 2170//7234 2168//7234 1905//7234
f 2172//7235 1906//7235 1907//7235
f 2172//7236 2170//7236 1906//7236
f 2174//7237 1907//7237 1908//7237
f 2174//7238 2172//7238 1907//7238
f 2176//7239 1908//7239 1909//7239
f 2176//7240 2174//7240 1908//7240
f 2178//7241 1909//7241 1910//7241
f 2178//7242 1910//7242 1911//7242
f 2178//7243 2176//7243 1909//7243
f 2180//7244 2178//7244 1911//7244
f 2180//7245 1911//7245 1912//7245
f 2182//7246 2180//7246 1912//7246
f 2184//7247 2182//7247 1912//7247
f 2184//7248 1912//7248 1913//7248
f 2184//7249 1913//7249 1914//7249
f 2186//7250 2184//7250 1914//7250
f 2188//7251 2186//7251 1914//7251
f 2188//7252 1914//7252 1915//7252
f 2188//7253 1915//7253 1916//7253
f 2190//7254 2188//7254 1916//7254
f 2192//7255 2190//7255 1916//7255
f 2192//7256 1916//7256 1917//7256
f 2192//7257 1917//7257 1918//7257
f 2194//7258 2192//7258 1918//7258
f 2196//7259 2194//7259 1918//7259
f 2196//7260 1918//7260 1919//7260
f 2198//7261 2196//7261 1919//7261
f 2198//7262 1919//7262 1920//7262
f 2200//7263 2198//7263 1920//7263
f 2200//7264 1920//7264 1921//7264
f 2202//7265 2200//7265 1921//7265
f 2202//7266 1921//7266 1922//7266
f 2204//7267 2202//7267 1922//7267
f 2204//7268 1922//7268 1923//7268
f 2206//7269 2204//7269 1923//7269
f 2206//7270 1923//7270 1924//7270
f 2206//7271 1924//7271 1925//7271
f 2208//7272 2206//7272 1925//7272
f 2210//7273 2208//7273 1925//7273
f 2210//7274 1925//7274 1926//7274
f 2212//7275 2210//7275 1926//7275
f 2212//7276 1926//7276 1927//7276
f 2214//7277 2212//7277 1927//7277
f 2214//7278 1927//7278 1928//7278
f 2216//7279 2214//7279 1928//7279
f 2216//7280 1928//7280 1929//7280
f 2218//7281 2216//7281 1929//7281
f 2218//7282 1929//7282 1930//7282
f 2220//7283 2218//7283 1930//7283
f 2220//7284 1930//7284 1931//7284
f 2222//7285 1931//7285 1932//7285
f 2222//7286 2220//7286 1931//7286
f 2282//7287 1932//7287 2004//7287
f 2282//7288 2004//7288 2003//7288
f 2282//7289 2222//7289 1932//7289
f 2283//7290 2282//7290 2003//7290
f 2284//7291 2003//7291 2005//7291
f 2284//7292 2283//7292 2003//7292
f 2285//7293 2284//7293 2005//7293
f 2285//7294 2005//7294 2006//7294
f 2285//7295 2006//7295 2007//7295
f 2286//7296 2285//7296 2007//7296
f 2287//7297 2286//7297 2007//7297
f 2287//7298 2007//7298 2008//7298
f 2288//7299 2287//7299 2008//7299
f 2288//7300 2008//7300 2009//7300
f 2289//7301 2288//7301 2009//7301
f 2289//7302 2009//7302 2010//7302
f 2289//7303 2010//7303 2011//7303
f 2290//7304 2289//7304 2011//7304
f 2291//7305 2290//7305 2011//7305
f 2291//7306 2011//7306 2012//7306
f 2292//7307 2291//7307 2012//7307
f 2292//7308 2012//7308 2013//7308
f 2293//7309 2292//7309 2013//7309
f 2293//7310 2013//7310 2014//7310
f 2294//7311 2293//7311 2014//7311
f 2294//7312 2014//7312 2015//7312
f 2295//7313 2294//7313 2015//7313
f 2295//7314 2015//7314 2016//7314
f 2296//7315 2295//7315 2016//7315
f 2296//7316 2016//7316 2017//7316
f 2297//7317 2017//7317 2018//7317
f 2297//7318 2296//7318 2017//7318
f 2298//7319 2018//7319 2019//7319
f 2298//7320 2019//7320 2020//7320
f 2298//7321 2297//7321 2018//7321
f 2299//7322 2298//7322 2020//7322
f 2300//7323 2020//7323 2021//7323
f 2300//7324 2021//7324 2022//7324
f 2300//7325 2299//7325 2020//7325
f 2301//7326 2022//7326 2023//7326
f 2301//7327 2300//7327 2022//7327
f 2302//7328 2301//7328 2023//7328
f 2303//7329 2023//7329 2024//7329
f 2303//7330 2302//7330 2023//7330
f 2304//7331 2024//7331 2025//7331
f 2304//7332 2303//7332 2024//7332
f 2305//7333 2025//7333 2026//7333
f 2305//7334 2026//7334 2027//7334
f 2305//7335 2304//7335 2025//7335
f 2306//7336 2305//7336 2027//7336
f 2307//7337 2027//7337 2028//7337
f 2307//7338 2028//7338 2029//7338
f 2307//7339 2306//7339 2027//7339
f 2308//7340 2029//7340 2030//7340
f 2308//7341 2307//7341 2029//7341
f 2309//7342 2308//7342 2030//7342
f 2310//7343 2030//7343 2031//7343
f 2310//7344 2309//7344 2030//7344
f 2311//7345 2310//7345 2031//7345
f 2311//7346 2031//7346 2032//7346
f 2311//7347 2032//7347 2033//7347
f 2312//7348 2311//7348 2033//7348
f 2313//7349 2312//7349 2033//7349
f 2313//7350 2033//7350 2034//7350
f 2313//7351 2034//7351 2035//7351
f 2314//7352 2313//7352 2035//7352
f 2315//7353 2314//7353 2035//7353
f 2315//7354 2035//7354 2036//7354
f 2316//7355 2036//7355 2037//7355
f 2316//7356 2315//7356 2036//7356
f 2317//7357 2037//7357 2038//7357
f 2317//7358 2038//7358 2039//7358
f 2317//7359 2316//7359 2037//7359
f 2318//7360 2317//7360 2039//7360
f 2319//7361 2039//7361 2040//7361
f 2319//7362 2318//7362 2039//7362
f 2275//7363 2040//7363 1992//7363
f 2275//7364 2319//7364 2040//7364
f 2276//7365 1992//7365 1991//7365
f 2276//7366 2275//7366 1992//7366
f 2277//7367 1991//7367 1993//7367
f 2277//7368 1993//7368 1994//7368
f 2277//7369 2276//7369 1991//7369
f 2278//7370 2277//7370 1994//7370
f 2279//7371 1994//7371 1995//7371
f 2279//7372 2278//7372 1994//7372
f 2280//7373 1995//7373 1996//7373
f 2280//7374 2279//7374 1995//7374
f 2281//7375 1996//7375 1997//7375
f 2281//7376 2280//7376 1996//7376
f 2320//7377 1997//7377 1998//7377
f 2320//7378 1998//7378 1999//7378
f 2320//7379 2281//7379 1997//7379
f 2321//7380 1999//7380 2000//7380
f 2321//7381 2320//7381 1999//7381
f 2322//7382 2321//7382 2000//7382
f 2323//7383 2000//7383 2001//7383
f 2323//7384 2322//7384 2000//7384
f 2324//7385 2001//7385 2002//7385
f 2324//7386 2002//7386 1934//7386
f 2324//7387 2323//7387 2001//7387
f 2325//7388 2324//7388 1934//7388
f 2326//7389 1934//7389 1933//7389
f 2326//7390 1933//7390 1935//7390
f 2326//7391 2325//7391 1934//7391
f 2327//7392 2326//7392 1935//7392
f 2328//7393 2327//7393 1935//7393
f 2328//7394 1935//7394 1936//7394
f 2329//7395 2328//7395 1936//7395
f 2329//7396 1936//7396 1937//7396
f 2329//7397 1937//7397 1938//7397
f 2330//7398 2329//7398 1938//7398
f 2331//7399 2330//7399 1938//7399
f 2331//7400 1938//7400 1939//7400
f 2331//7401 1939//7401 1940//7401
f 2332//7402 2331//7402 1940//7402
f 2333//7403 2332//7403 1940//7403
f 2333//7404 1940//7404 1941//7404
f 2333//7405 1941//7405 1942//7405
f 2334//7406 2333//7406 1942//7406
f 2335//7407 2334//7407 1942//7407
f 2335//7408 1942//7408 1943//7408
f 2335//7409 1943//7409 1944//7409
f 2336//7410 2335//7410 1944//7410
f 2337//7411 2336//7411 1944//7411
f 2337//7412 1944//7412 1945//7412
f 2338//7413 2337//7413 1945//7413
f 2338//7414 1945//7414 1946//7414
f 2338//7415 1946//7415 1947//7415
f 2339//7416 2338//7416 1947//7416
f 2340//7417 1947//7417 1948//7417
f 2340//7418 2339//7418 1947//7418
f 2341//7419 1948//7419 1949//7419
f 2341//7420 1949//7420 1950//7420
f 2341//7421 2340//7421 1948//7421
f 2342//7422 2341//7422 1950//7422
f 2343//7423 1950//7423 1951//7423
f 2343//7424 2342//7424 1950//7424
f 2344//7425 1951//7425 1952//7425
f 2344//7426 2343//7426 1951//7426
f 2345//7427 1952//7427 1953//7427
f 2345//7428 2344//7428 1952//7428
f 2346//7429 1953//7429 1954//7429
f 2346//7430 2345//7430 1953//7430
f 2347//7431 1954//7431 1955//7431
f 2347//7432 1955//7432 1956//7432
f 2347//7433 2346//7433 1954//7433
f 2348//7434 2347//7434 1956//7434
f 2349//7435 1956//7435 1957//7435
f 2349//7436 2348//7436 1956//7436
f 2350//7437 1957//7437 1958//7437
f 2350//7438 2349//7438 1957//7438
f 2351//7439 1958//7439 1959//7439
f 2351//7440 2350//7440 1958//7440
f 2352//7441 1959//7441 1960//7441
f 2352//7442 1960//7442 1961//7442
f 2352//7443 2351//7443 1959//7443
f 2353//7444 2352//7444 1961//7444
f 2354//7445 2353//7445 1961//7445
f 2354//7446 1961//7446 1962//7446
f 2355//7447 2354//7447 1962//7447
f 2355//7448 1962//7448 1963//7448
f 2356//7449 2355//7449 1963//7449
f 2356//7450 1963//7450 1964//7450
f 2357//7451 2356//7451 1964//7451
f 2357//7452 1964//7452 1965//7452
f 2358//7453 2357//7453 1965//7453
f 2358//7454 1965//7454 1966//7454
f 2359//7455 2358//7455 1966//7455
f 2359//7456 1966//7456 1967//7456
f 2360//7457 2359//7457 1967//7457
f 2360//7458 1967//7458 1968//7458
f 2361//7459 2360//7459 1968//7459
f 2361//7460 1968//7460 1969//7460
f 2362//7461 2361//7461 1969//7461
f 2362//7462 1969//7462 1970//7462
f 2363//7463 2362//7463 1970//7463
f 2363//7464 1970//7464 1971//7464
f 2364//7465 2363//7465 1971//7465
f 2364//7466 1971//7466 1972//7466
f 2364//7467 1972//7467 1973//7467
f 2365//7468 2364//7468 1973//7468
f 2365//7469 1973//7469 1974//7469
f 2366//7470 2365//7470 1974//7470
f 2367//7471 2366//7471 1974//7471
f 2367//7472 1974//7472 1975//7472
f 2368//7473 2367//7473 1975//7473
f 2368//7474 1975//7474 1976//7474
f 2369//7475 2368//7475 1976//7475
f 2369//7476 1976//7476 1977//7476
f 2370//7477 2369//7477 1977//7477
f 2370//7478 1977//7478 1978//7478
f 2371//7479 2370//7479 1978//7479
f 2371//7480 1978//7480 1979//7480
f 2371//7481 1979//7481 1980//7481
f 2372//7482 2371//7482 1980//7482
f 2373//7483 2372//7483 1980//7483
f 2373//7484 1980//7484 1981//7484
f 2373//7485 1981//7485 1982//7485
f 2374//7486 2373//7486 1982//7486
f 2375//7487 1982//7487 1983//7487
f 2375//7488 2374//7488 1982//7488
f 2376//7489 1983//7489 1984//7489
f 2376//7490 2375//7490 1983//7490
f 2377//7491 1984//7491 1985//7491
f 2377//7492 2376//7492 1984//7492
f 2378//7493 1985//7493 1986//7493
f 2378//7494 2377//7494 1985//7494
f 2379//7495 2378//7495 1986//7495
f 2379//7496 1986//7496 1987//7496
f 2380//7497 2379//7497 1987//7497
f 2380//7498 1987//7498 1988//7498
f 2381//7499 2380//7499 1988//7499
f 2381//7500 1988//7500 1989//7500
f 2382//7501 2381//7501 1989//7501
f 2382//7502 1989//7502 1990//7502
f 2383//7503 2382//7503 1990//7503
f 2383//7504 1990//7504 2055//7504
f 2383//7505 2055//7505 2054//7505
f 2389//7506 2383//7506 2054//7506
f 2388//7507 2389//7507 2054//7507
f 2388//7508 2054//7508 2053//7508
f 2387//7509 2388//7509 2053//7509
f 2387//7510 2053//7510 2052//7510
f 2386//7511 2387//7511 2052//7511
f 2386//7512 2052//7512 2051//7512
f 2385//7513 2386//7513 2051//7513
f 2385//7514 2051//7514 2050//7514
f 2384//7515 2385//7515 2050//7515
f 2384//7516 2050//7516 2041//7516
f 2390//7517 2042//7517 2043//7517
f 2390//7518 2384//7518 2041//7518
f 2390//7519 2041//7519 2042//7519
f 2391//7520 2390//7520 2043//7520
f 2392//7521 2043//7521 2044//7521
f 2392//7522 2391//7522 2043//7522
f 2393//7523 2044//7523 2045//7523
f 2393//7524 2045//7524 2046//7524
f 2393//7525 2392//7525 2044//7525
f 2394//7526 2393//7526 2046//7526
f 2395//7527 2046//7527 2047//7527
f 2395//7528 2394//7528 2046//7528
f 2273//7529 2047//7529 2048//7529
f 2273//7530 2395//7530 2047//7530
f 2272//7531 2048//7531 2049//7531
f 2272//7532 2273//7532 2048//7532
f 2271//7533 2049//7533 1864//7533
f 2271//7534 2272//7534 2049//7534
f 2270//7535 1864//7535 1862//7535
f 2270//7536 1862//7536 1860//7536
f 2270//7537 2271//7537 1864//7537
f 2269//7538 2270//7538 1860//7538
f 2268//7539 1860//7539 1858//7539
f 2268//7540 2269//7540 1860//7540
f 2267//7541 1858//7541 1856//7541
f 2267//7542 2268//7542 1858//7542
f 2266//7543 1856//7543 1854//7543
f 2266//7544 2267//7544 1856//7544
f 2265//7545 2266//7545 1854//7545
f 2265//7546 1854//7546 1852//7546
f 2264//7547 2265//7547 1852//7547
f 2264//7548 1852//7548 1850//7548
f 2263//7549 2264//7549 1850//7549
f 2263//7550 1850//7550 1848//7550
f 2262//7551 2263//7551 1848//7551
f 2262//7552 1848//7552 1846//7552
f 2262//7553 1846//7553 1844//7553
f 2261//7554 2262//7554 1844//7554
f 2260//7555 1844//7555 1842//7555
f 2260//7556 1842//7556 1840//7556
f 2260//7557 2261//7557 1844//7557
f 2259//7558 1840//7558 1838//7558
f 2259//7559 2260//7559 1840//7559
f 2258//7560 2259//7560 1838//7560
f 2257//7561 1838//7561 1836//7561
f 2257//7562 1836//7562 1834//7562
f 2257//7563 2258//7563 1838//7563
f 2256//7564 2257//7564 1834//7564
f 2256//7565 1834//7565 1832//7565
f 2255//7566 2256//7566 1832//7566
f 2254//7567 1832//7567 1830//7567
f 2254//7568 2255//7568 1832//7568
f 2253//7569 1830//7569 1828//7569
f 2253//7570 1828//7570 1827//7570
f 2253//7571 2254//7571 1830//7571
f 2252//7572 2253//7572 1827//7572
f 2251//7573 1827//7573 1826//7573
f 2251//7574 1826//7574 1829//7574
f 2251//7575 2252//7575 1827//7575
f 2250//7576 2251//7576 1829//7576
f 2249//7577 1829//7577 1831//7577
f 2249//7578 1831//7578 1833//7578
f 2249//7579 2250//7579 1829//7579
f 2248//7580 1833//7580 1835//7580
f 2248//7581 2249//7581 1833//7581
f 2247//7582 2248//7582 1835//7582
f 2246//7583 1835//7583 1837//7583
f 2246//7584 2247//7584 1835//7584
f 2245//7585 1837//7585 1839//7585
f 2245//7586 1839//7586 1841//7586
f 2245//7587 2246//7587 1837//7587
f 2244//7588 2245//7588 1841//7588
f 2243//7589 1841//7589 1843//7589
f 2243//7590 2244//7590 1841//7590
f 2242//7591 1843//7591 1845//7591
f 2242//7592 2243//7592 1843//7592
f 2241//7593 1845//7593 1847//7593
f 2241//7594 1847//7594 1849//7594
f 2241//7595 2242//7595 1845//7595
f 2240//7596 2241//7596 1849//7596
f 2239//7597 2240//7597 1849//7597
f 2239//7598 1849//7598 1851//7598
f 2238//7599 2239//7599 1851//7599
f 2238//7600 1851//7600 1853//7600
f 2237//7601 2238//7601 1853//7601
f 2237//7602 1853//7602 1855//7602
f 2236//7603 2237//7603 1855//7603
f 2236//7604 1855//7604 1857//7604
f 2235//7605 2236//7605 1857//7605
f 2235//7606 1857//7606 1859//7606
f 2234//7607 2235//7607 1859//7607
f 2234//7608 1859//7608 1861//7608
f 2233//7609 2234//7609 1861//7609
f 2233//7610 1861//7610 1863//7610
f 2232//7611 2233//7611 1863//7611
f 2232//7612 1863//7612 1865//7612
f 2231//7613 2232//7613 1865//7613
f 2231//7614 1865//7614 1866//7614
f 2230//7615 2231//7615 1866//7615
f 2230//7616 1866//7616 1867//7616
f 2230//7617 1867//7617 1868//7617
f 2229//7618 2230//7618 1868//7618
f 2228//7619 2229//7619 1868//7619
f 2228//7620 1868//7620 1869//7620
f 2227//7621 2228//7621 1869//7621
f 2227//7622 1869//7622 1870//7622
f 2226//7623 1870//7623 1871//7623
f 2226//7624 2227//7624 1870//7624
f 2225//7625 1871//7625 1872//7625
f 2225//7626 2226//7626 1871//7626
f 2224//7627 1872//7627 1873//7627
f 2224//7628 1873//7628 1874//7628
f 2224//7629 2225//7629 1872//7629
f 2223//7630 2224//7630 1874//7630
f 2430//7631 2429//7631 2537//7631
f 2537//7632 2429//7632 2538//7632
f 2538//7633 2428//7633 2539//7633
f 2429//7634 2428//7634 2538//7634
f 2539//7635 3789//7635 3790//7635
f 2428//7636 3789//7636 2539//7636
f 3790//7637 2426//7637 2540//7637
f 3789//7638 2426//7638 3790//7638
f 2540//7639 3791//7639 3792//7639
f 2426//7640 3791//7640 2540//7640
f 3792//7641 3793//7641 3794//7641
f 3791//7642 3793//7642 3792//7642
f 3794//7643 2423//7643 3795//7643
f 3793//7644 2423//7644 3794//7644
f 3795//7645 2421//7645 3796//7645
f 2423//7646 2421//7646 3795//7646
f 3796//7647 3797//7647 2542//7647
f 2421//7648 3797//7648 3796//7648
f 3797//7649 2419//7649 2542//7649
f 2542//7650 2419//7650 2543//7650
f 2419//7651 3798//7651 2543//7651
f 2543//7652 3798//7652 2544//7652
f 3798//7653 3799//7653 2544//7653
f 2544//7654 3799//7654 2545//7654
f 3799//7655 2418//7655 2545//7655
f 2545//7656 2418//7656 2546//7656
f 2418//7657 2417//7657 2546//7657
f 2546//7658 2417//7658 2547//7658
f 2417//7659 2416//7659 2547//7659
f 2547//7660 2416//7660 2548//7660
f 2416//7661 2414//7661 2548//7661
f 2548//7662 2414//7662 2549//7662
f 2414//7663 3800//7663 2549//7663
f 2549//7664 3800//7664 2550//7664
f 3800//7665 2412//7665 2550//7665
f 2550//7666 2412//7666 2551//7666
f 2412//7667 2410//7667 2551//7667
f 2551//7668 2410//7668 2552//7668
f 2410//7669 2409//7669 2552//7669
f 2552//7670 2409//7670 3801//7670
f 2409//7671 2408//7671 3801//7671
f 3801//7672 2408//7672 2553//7672
f 2553//7673 3802//7673 2554//7673
f 2408//7674 3802//7674 2553//7674
f 2554//7675 2405//7675 3803//7675
f 3802//7676 2405//7676 2554//7676
f 3803//7677 2404//7677 2555//7677
f 2405//7678 2404//7678 3803//7678
f 2555//7679 2403//7679 3804//7679
f 2404//7680 2403//7680 2555//7680
f 3804//7681 2402//7681 3805//7681
f 2403//7682 2402//7682 3804//7682
f 3805//7683 2400//7683 2556//7683
f 2402//7684 2400//7684 3805//7684
f 2556//7685 3806//7685 2557//7685
f 2400//7686 3806//7686 2556//7686
f 2557//7687 2399//7687 2558//7687
f 2558//7688 2399//7688 2559//7688
f 3806//7689 2399//7689 2557//7689
f 2399//7690 3807//7690 2559//7690
f 2559//7691 2401//7691 2560//7691
f 3807//7692 2401//7692 2559//7692
f 2560//7693 3808//7693 2561//7693
f 2401//7694 3808//7694 2560//7694
f 2561//7695 3809//7695 2562//7695
f 3808//7696 3809//7696 2561//7696
f 2562//7697 3810//7697 2563//7697
f 3809//7698 3810//7698 2562//7698
f 2563//7699 2406//7699 3811//7699
f 3811//7700 2406//7700 2564//7700
f 3810//7701 2406//7701 2563//7701
f 2406//7702 2407//7702 2564//7702
f 2407//7703 3812//7703 2564//7703
f 2564//7704 3812//7704 2565//7704
f 2565//7705 3812//7705 3813//7705
f 3812//7706 3814//7706 3813//7706
f 3814//7707 2411//7707 3813//7707
f 3813//7708 2411//7708 2566//7708
f 2411//7709 2413//7709 2566//7709
f 2566//7710 2413//7710 2567//7710
f 2567//7711 2413//7711 2568//7711
f 2413//7712 3815//7712 2568//7712
f 3815//7713 2415//7713 2568//7713
f 2568//7714 2415//7714 3816//7714
f 3816//7715 2415//7715 3817//7715
f 2415//7716 3818//7716 3817//7716
f 3818//7717 3819//7717 3817//7717
f 3817//7718 3819//7718 3820//7718
f 3819//7719 3821//7719 3820//7719
f 3820//7720 3821//7720 2569//7720
f 3821//7721 3822//7721 2569//7721
f 2569//7722 3822//7722 3823//7722
f 3822//7723 3824//7723 3823//7723
f 3823//7724 3824//7724 2570//7724
f 3824//7725 2420//7725 2570//7725
f 2570//7726 2420//7726 3825//7726
f 2420//7727 3826//7727 3825//7727
f 3825//7728 3826//7728 3827//7728
f 3826//7729 2422//7729 3827//7729
f 3827//7730 2422//7730 2571//7730
f 2422//7731 3828//7731 2571//7731
f 2571//7732 3828//7732 2572//7732
f 3828//7733 2424//7733 2572//7733
f 2572//7734 2424//7734 2573//7734
f 2424//7735 2425//7735 2573//7735
f 2573//7736 2425//7736 2574//7736
f 2425//7737 2427//7737 2574//7737
f 2574//7738 2427//7738 2575//7738
f 2427//7739 3829//7739 2575//7739
f 2575//7740 3829//7740 2576//7740
f 3829//7741 3830//7741 2576//7741
f 2576//7742 3830//7742 2577//7742
f 2577//7743 3831//7743 3832//7743
f 3830//7744 3831//7744 2577//7744
f 3832//7745 3833//7745 3834//7745
f 3834//7746 3833//7746 3835//7746
f 3831//7747 3833//7747 3832//7747
f 3833//7748 2466//7748 3835//7748
f 3835//7749 3836//7749 3837//7749
f 3837//7750 3836//7750 3838//7750
f 2466//7751 3836//7751 3835//7751
f 3836//7752 2467//7752 3838//7752
f 2467//7753 2468//7753 3838//7753
f 3838//7754 2468//7754 3839//7754
f 2468//7755 2469//7755 3839//7755
f 3839//7756 2469//7756 2606//7756
f 2469//7757 2470//7757 2606//7757
f 2606//7758 2470//7758 3840//7758
f 2470//7759 3841//7759 3840//7759
f 3840//7760 3841//7760 3842//7760
f 3841//7761 3843//7761 3842//7761
f 3842//7762 3843//7762 3844//7762
f 3843//7763 2471//7763 3844//7763
f 3844//7764 2471//7764 2607//7764
f 2471//7765 3845//7765 2607//7765
f 2607//7766 3845//7766 3846//7766
f 3845//7767 3847//7767 3846//7767
f 3846//7768 3847//7768 2608//7768
f 3847//7769 3848//7769 2608//7769
f 2608//7770 3848//7770 2609//7770
f 3848//7771 2472//7771 2609//7771
f 2609//7772 2472//7772 2610//7772
f 2611//7773 3849//7773 2612//7773
f 2472//7774 3849//7774 2610//7774
f 2610//7775 3849//7775 2611//7775
f 3849//7776 3850//7776 2612//7776
f 2612//7777 3851//7777 3852//7777
f 3852//7778 3851//7778 2613//7778
f 3850//7779 3851//7779 2612//7779
f 3851//7780 2473//7780 2613//7780
f 2613//7781 3853//7781 2614//7781
f 2473//7782 3853//7782 2613//7782
f 2614//7783 2474//7783 3854//7783
f 3854//7784 2474//7784 3855//7784
f 3853//7785 2474//7785 2614//7785
f 3855//7786 2475//7786 2615//7786
f 2474//7787 2475//7787 3855//7787
f 2475//7788 2476//7788 2615//7788
f 2615//7789 3856//7789 2616//7789
f 2476//7790 3856//7790 2615//7790
f 2616//7791 3857//7791 2617//7791
f 2617//7792 3857//7792 3858//7792
f 3856//7793 3857//7793 2616//7793
f 3858//7794 3859//7794 3860//7794
f 3857//7795 3859//7795 3858//7795
f 3859//7796 2477//7796 3860//7796
f 3860//7797 2478//7797 2618//7797
f 2618//7798 2478//7798 2619//7798
f 2477//7799 2478//7799 3860//7799
f 2478//7800 2479//7800 2619//7800
f 2619//7801 2480//7801 2620//7801
f 2479//7802 2480//7802 2619//7802
f 2480//7803 2481//7803 2620//7803
f 2620//7804 2481//7804 3861//7804
f 3861//7805 2481//7805 2621//7805
f 2481//7806 2482//7806 2621//7806
f 2482//7807 2483//7807 2621//7807
f 2621//7808 2483//7808 3862//7808
f 3862//7809 2484//7809 3863//7809
f 2483//7810 2484//7810 3862//7810
f 3863//7811 3864//7811 2622//7811
f 2484//7812 3864//7812 3863//7812
f 2622//7813 3865//7813 3866//7813
f 3864//7814 3865//7814 2622//7814
f 3866//7815 3867//7815 3868//7815
f 3868//7816 3867//7816 3869//7816
f 3865//7817 3867//7817 3866//7817
f 3867//7818 3870//7818 3869//7818
f 3869//7819 3871//7819 3872//7819
f 3870//7820 3871//7820 3869//7820
f 3872//7821 2460//7821 3873//7821
f 3871//7822 2460//7822 3872//7822
f 3873//7823 3874//7823 2600//7823
f 2600//7824 3874//7824 3875//7824
f 2460//7825 3874//7825 3873//7825
f 3874//7826 2461//7826 3875//7826
f 3875//7827 2462//7827 3876//7827
f 2461//7828 2462//7828 3875//7828
f 3876//7829 2463//7829 3877//7829
f 2462//7830 2463//7830 3876//7830
f 3877//7831 2464//7831 3878//7831
f 2463//7832 2464//7832 3877//7832
f 3878//7833 2465//7833 2601//7833
f 2601//7834 2465//7834 3879//7834
f 2464//7835 2465//7835 3878//7835
f 2465//7836 2485//7836 3879//7836
f 3879//7837 2486//7837 2602//7837
f 2602//7838 2486//7838 2603//7838
f 2485//7839 2486//7839 3879//7839
f 2486//7840 2487//7840 2603//7840
f 2603//7841 2488//7841 2604//7841
f 2604//7842 2488//7842 2605//7842
f 2487//7843 2488//7843 2603//7843
f 2488//7844 2489//7844 2605//7844
f 2605//7845 3880//7845 3881//7845
f 3881//7846 3880//7846 3882//7846
f 2489//7847 3880//7847 2605//7847
f 3880//7848 3883//7848 3882//7848
f 3882//7849 3884//7849 3885//7849
f 3883//7850 3884//7850 3882//7850
f 3884//7851 3886//7851 3885//7851
f 3885//7852 3886//7852 2578//7852
f 2578//7853 3886//7853 2579//7853
f 3886//7854 3887//7854 2579//7854
f 3887//7855 2490//7855 2579//7855
f 2579//7856 2490//7856 2580//7856
f 2580//7857 2490//7857 3888//7857
f 2490//7858 3889//7858 3888//7858
f 3889//7859 2491//7859 3888//7859
f 3888//7860 2491//7860 3890//7860
f 2491//7861 3891//7861 3890//7861
f 3890//7862 3891//7862 2581//7862
f 2581//7863 3891//7863 3892//7863
f 3891//7864 3893//7864 3892//7864
f 3893//7865 3894//7865 3892//7865
f 3892//7866 3894//7866 3895//7866
f 3895//7867 3894//7867 3896//7867
f 3894//7868 3897//7868 3896//7868
f 3896//7869 3897//7869 3898//7869
f 3897//7870 3899//7870 3898//7870
f 3899//7871 3900//7871 3898//7871
f 3898//7872 3900//7872 2582//7872
f 3900//7873 2492//7873 2582//7873
f 2582//7874 2492//7874 3901//7874
f 3901//7875 2493//7875 3902//7875
f 2492//7876 2493//7876 3901//7876
f 3902//7877 2494//7877 3903//7877
f 3903//7878 2494//7878 3904//7878
f 2493//7879 2494//7879 3902//7879
f 2494//7880 3905//7880 3904//7880
f 3904//7881 3906//7881 2583//7881
f 3905//7882 3906//7882 3904//7882
f 2583//7883 2495//7883 2584//7883
f 3906//7884 2495//7884 2583//7884
f 2584//7885 2496//7885 3907//7885
f 2495//7886 2496//7886 2584//7886
f 3907//7887 2497//7887 3908//7887
f 2496//7888 2497//7888 3907//7888
f 3908//7889 3909//7889 3910//7889
f 2497//7890 3909//7890 3908//7890
f 3910//7891 3911//7891 2585//7891
f 3909//7892 3911//7892 3910//7892
f 2585//7893 3912//7893 2586//7893
f 2586//7894 3912//7894 2587//7894
f 3911//7895 3912//7895 2585//7895
f 3912//7896 3913//7896 2587//7896
f 2587//7897 3914//7897 3915//7897
f 3913//7898 3914//7898 2587//7898
f 3915//7899 3916//7899 2588//7899
f 3914//7900 3916//7900 3915//7900
f 2588//7901 3917//7901 3918//7901
f 3916//7902 3917//7902 2588//7902
f 3917//7903 3919//7903 3918//7903
f 3918//7904 3919//7904 3920//7904
f 3919//7905 3921//7905 3920//7905
f 3920//7906 3921//7906 3922//7906
f 3921//7907 2498//7907 3922//7907
f 3922//7908 2498//7908 3923//7908
f 2498//7909 3924//7909 3923//7909
f 3923//7910 3924//7910 3925//7910
f 3924//7911 2499//7911 3925//7911
f 3925//7912 2499//7912 3926//7912
f 3926//7913 2499//7913 3927//7913
f 2499//7914 3928//7914 3927//7914
f 3928//7915 3929//7915 3927//7915
f 3927//7916 3929//7916 2589//7916
f 3929//7917 3930//7917 2589//7917
f 2589//7918 3930//7918 3931//7918
f 3931//7919 3930//7919 3932//7919
f 3930//7920 3933//7920 3932//7920
f 3933//7921 3934//7921 3932//7921
f 3932//7922 3934//7922 3935//7922
f 3935//7923 3934//7923 2590//7923
f 3934//7924 3936//7924 2590//7924
f 2590//7925 3936//7925 3937//7925
f 3936//7926 3938//7926 3937//7926
f 3938//7927 3939//7927 3937//7927
f 3937//7928 3939//7928 3940//7928
f 3939//7929 3941//7929 3940//7929
f 3940//7930 3941//7930 2591//7930
f 3941//7931 3942//7931 2591//7931
f 2591//7932 3942//7932 2592//7932
f 3942//7933 2500//7933 2592//7933
f 2592//7934 2500//7934 2593//7934
f 2500//7935 2501//7935 2593//7935
f 2593//7936 2501//7936 3943//7936
f 2501//7937 3944//7937 3943//7937
f 3943//7938 3944//7938 3945//7938
f 3944//7939 3946//7939 3945//7939
f 3945//7940 3946//7940 3947//7940
f 3946//7941 2502//7941 3947//7941
f 3947//7942 2502//7942 3948//7942
f 2502//7943 2503//7943 3948//7943
f 3948//7944 2503//7944 2594//7944
f 2594//7945 3949//7945 3950//7945
f 2503//7946 3949//7946 2594//7946
f 3950//7947 3951//7947 2595//7947
f 3949//7948 3951//7948 3950//7948
f 2595//7949 2504//7949 2596//7949
f 3951//7950 2504//7950 2595//7950
f 2596//7951 2505//7951 3952//7951
f 2504//7952 2505//7952 2596//7952
f 2505//7953 2506//7953 3952//7953
f 3952//7954 2506//7954 2597//7954
f 2506//7955 3953//7955 2597//7955
f 2597//7956 3953//7956 2598//7956
f 3953//7957 3954//7957 2598//7957
f 2598//7958 3954//7958 3955//7958
f 3954//7959 2507//7959 3955//7959
f 3955//7960 2507//7960 2599//7960
f 2599//7961 2507//7961 3956//7961
f 2507//7962 3957//7962 3956//7962
f 3957//7963 3958//7963 3956//7963
f 3956//7964 3958//7964 2627//7964
f 3958//7965 2509//7965 2627//7965
f 2627//7966 2509//7966 2626//7966
f 2509//7967 3959//7967 2626//7967
f 2626//7968 3959//7968 3960//7968
f 3959//7969 3961//7969 3960//7969
f 3960//7970 3961//7970 2625//7970
f 2625//7971 3961//7971 3962//7971
f 3961//7972 2508//7972 3962//7972
f 2508//7973 3963//7973 3962//7973
f 3962//7974 3963//7974 3964//7974
f 3963//7975 3965//7975 3964//7975
f 3964//7976 3965//7976 3966//7976
f 3966//7977 2510//7977 3967//7977
f 3965//7978 2510//7978 3966//7978
f 3967//7979 2511//7979 3968//7979
f 3968//7980 2511//7980 3969//7980
f 2510//7981 2511//7981 3967//7981
f 2511//7982 2512//7982 3969//7982
f 3969//7983 3970//7983 3971//7983
f 2512//7984 3970//7984 3969//7984
f 3971//7985 3972//7985 3973//7985
f 3970//7986 3972//7986 3971//7986
f 3973//7987 2459//7987 2623//7987
f 3972//7988 2459//7988 3973//7988
f 2623//7989 3974//7989 2624//7989
f 2459//7990 3974//7990 2623//7990
f 2624//7991 2458//7991 2532//7991
f 3974//7992 2458//7992 2624//7992
f 2532//7993 2457//7993 2531//7993
f 2531//7994 2457//7994 2530//7994
f 2458//7995 2457//7995 2532//7995
f 2530//7996 3975//7996 2529//7996
f 2457//7997 3975//7997 2530//7997
f 3975//7998 3976//7998 2529//7998
f 2529//7999 3977//7999 3978//7999
f 3976//8000 3977//8000 2529//8000
f 3978//8001 3979//8001 3980//8001
f 3980//8002 3979//8002 3981//8002
f 3977//8003 3979//8003 3978//8003
f 3979//8004 3982//8004 3981//8004
f 3981//8005 3983//8005 3984//8005
f 3982//8006 3983//8006 3981//8006
f 3983//8007 2456//8007 3984//8007
f 3984//8008 2456//8008 3985//8008
f 2456//8009 3986//8009 3985//8009
f 3985//8010 3986//8010 3987//8010
f 3987//8011 3986//8011 3988//8011
f 3986//8012 2455//8012 3988//8012
f 3988//8013 2454//8013 3989//8013
f 3989//8014 2454//8014 3990//8014
f 2455//8015 2454//8015 3988//8015
f 3990//8016 3991//8016 2526//8016
f 2454//8017 3991//8017 3990//8017
f 2526//8018 2453//8018 2524//8018
f 3991//8019 2453//8019 2526//8019
f 2453//8020 3992//8020 2524//8020
f 2524//8021 3993//8021 2523//8021
f 3992//8022 3993//8022 2524//8022
f 2523//8023 3994//8023 2522//8023
f 2522//8024 3994//8024 3995//8024
f 3993//8025 3994//8025 2523//8025
f 3994//8026 2452//8026 3995//8026
f 3995//8027 3996//8027 2519//8027
f 2519//8028 3996//8028 2517//8028
f 2452//8029 3996//8029 3995//8029
f 3996//8030 3997//8030 2517//8030
f 2517//8031 2451//8031 2518//8031
f 2518//8032 2451//8032 2520//8032
f 3997//8033 2451//8033 2517//8033
f 2451//8034 2450//8034 2520//8034
f 2520//8035 2449//8035 2521//8035
f 2450//8036 2449//8036 2520//8036
f 2521//8037 2448//8037 3998//8037
f 2449//8038 2448//8038 2521//8038
f 3998//8039 3999//8039 4000//8039
f 2448//8040 3999//8040 3998//8040
f 4000//8041 4001//8041 2525//8041
f 2525//8042 4001//8042 4002//8042
f 3999//8043 4001//8043 4000//8043
f 4001//8044 4003//8044 4002//8044
f 4002//8045 4004//8045 2527//8045
f 4003//8046 4004//8046 4002//8046
f 2527//8047 2447//8047 4005//8047
f 4005//8048 2447//8048 4006//8048
f 4004//8049 2447//8049 2527//8049
f 2447//8050 2446//8050 4006//8050
f 4006//8051 2445//8051 4007//8051
f 4007//8052 2445//8052 4008//8052
f 2446//8053 2445//8053 4006//8053
f 2445//8054 2444//8054 4008//8054
f 4008//8055 2443//8055 2528//8055
f 2528//8056 2443//8056 4009//8056
f 2444//8057 2443//8057 4008//8057
f 2443//8058 2442//8058 4009//8058
f 2442//8059 2441//8059 4009//8059
f 4009//8060 2441//8060 4010//8060
f 2441//8061 4011//8061 4010//8061
f 4010//8062 4011//8062 4012//8062
f 4012//8063 4011//8063 4013//8063
f 4011//8064 2440//8064 4013//8064
f 2440//8065 2439//8065 4013//8065
f 4013//8066 2439//8066 4014//8066
f 2439//8067 2438//8067 4014//8067
f 4014//8068 2438//8068 4015//8068
f 4015//8069 2438//8069 4016//8069
f 2438//8070 2437//8070 4016//8070
f 2437//8071 2436//8071 4016//8071
f 4016//8072 2436//8072 4017//8072
f 4017//8073 2436//8073 4018//8073
f 2436//8074 2435//8074 4018//8074
f 2435//8075 2434//8075 4018//8075
f 4018//8076 2434//8076 2533//8076
f 2434//8077 2433//8077 2533//8077
f 2533//8078 2433//8078 2534//8078
f 2433//8079 2432//8079 2534//8079
f 2534//8080 2432//8080 2535//8080
f 2535//8081 2431//8081 2536//8081
f 2432//8082 2431//8082 2535//8082
f 2536//8083 4019//8083 4020//8083
f 2431//8084 4019//8084 2536//8084
f 4020//8085 4021//8085 4022//8085
f 4022//8086 4021//8086 2537//8086
f 4019//8087 4021//8087 4020//8087
f 4021//8088 2430//8088 2537//8088
f 2828//8089 4023//8089 2756//8089
f 2829//8090 4023//8090 2828//8090
f 4023//8091 2829//8091 4024//8091
f 4025//8092 4023//8092 4024//8092
f 4024//8093 4026//8093 4027//8093
f 4024//8094 4027//8094 4025//8094
f 4028//8095 2701//8095 2815//8095
f 2815//8096 2701//8096 2814//8096
f 2814//8097 4029//8097 4030//8097
f 2701//8098 4029//8098 2814//8098
f 4030//8099 4031//8099 4032//8099
f 4029//8100 4031//8100 4030//8100
f 4032//8101 2702//8101 2816//8101
f 4031//8102 2702//8102 4032//8102
f 2816//8103 4033//8103 4034//8103
f 2702//8104 4033//8104 2816//8104
f 4034//8105 4035//8105 4036//8105
f 4036//8106 4035//8106 4037//8106
f 4033//8107 4035//8107 4034//8107
f 4035//8108 4038//8108 4037//8108
f 4037//8109 4039//8109 4040//8109
f 4038//8110 4039//8110 4037//8110
f 4040//8111 2705//8111 4041//8111
f 4041//8112 2705//8112 4042//8112
f 4039//8113 2705//8113 4040//8113
f 2705//8114 2707//8114 4042//8114
f 4042//8115 2707//8115 4043//8115
f 2707//8116 2708//8116 4043//8116
f 4043//8117 2708//8117 2819//8117
f 2708//8118 2710//8118 2819//8118
f 2710//8119 2712//8119 2819//8119
f 2819//8120 2712//8120 2821//8120
f 2821//8121 2712//8121 4044//8121
f 2712//8122 2713//8122 4044//8122
f 2713//8123 4045//8123 4044//8123
f 4044//8124 4045//8124 4046//8124
f 4045//8125 2714//8125 4046//8125
f 4046//8126 2714//8126 4047//8126
f 2714//8127 2716//8127 4047//8127
f 4047//8128 2716//8128 4048//8128
f 2716//8129 2717//8129 4048//8129
f 4048//8130 2717//8130 4049//8130
f 4049//8131 2717//8131 4050//8131
f 2717//8132 2719//8132 4050//8132
f 2719//8133 4051//8133 4050//8133
f 4050//8134 4051//8134 4052//8134
f 4051//8135 2722//8135 4052//8135
f 4052//8136 2722//8136 2823//8136
f 2823//8137 2723//8137 4053//8137
f 2722//8138 2723//8138 2823//8138
f 4053//8139 4054//8139 2825//8139
f 2723//8140 4054//8140 4053//8140
f 2825//8141 2724//8141 4055//8141
f 4054//8142 2724//8142 2825//8142
f 4055//8143 2726//8143 2827//8143
f 2724//8144 2726//8144 4055//8144
f 2827//8145 2728//8145 4056//8145
f 2726//8146 2728//8146 2827//8146
f 4056//8147 2729//8147 4057//8147
f 2728//8148 2729//8148 4056//8148
f 4057//8149 2730//8149 4058//8149
f 2729//8150 2730//8150 4057//8150
f 4058//8151 2731//8151 4059//8151
f 2730//8152 2731//8152 4058//8152
f 4059//8153 2732//8153 4060//8153
f 2731//8154 2732//8154 4059//8154
f 4060//8155 2733//8155 4061//8155
f 2732//8156 2733//8156 4060//8156
f 4061//8157 4062//8157 4063//8157
f 2733//8158 4062//8158 4061//8158
f 4063//8159 2734//8159 4064//8159
f 4064//8160 2734//8160 4065//8160
f 4062//8161 2734//8161 4063//8161
f 2734//8162 2735//8162 4065//8162
f 2735//8163 4066//8163 4065//8163
f 4065//8164 4066//8164 4067//8164
f 4067//8165 4068//8165 4069//8165
f 4066//8166 4068//8166 4067//8166
f 4068//8167 4070//8167 4069//8167
f 4069//8168 4070//8168 4071//8168
f 4070//8169 2736//8169 4071//8169
f 4071//8170 2736//8170 4072//8170
f 2736//8171 2737//8171 4072//8171
f 4072//8172 2737//8172 4073//8172
f 2737//8173 2738//8173 4073//8173
f 4073//8174 2738//8174 4074//8174
f 4074//8175 2738//8175 4075//8175
f 2738//8176 2755//8176 4075//8176
f 2755//8177 2754//8177 4075//8177
f 4075//8178 2754//8178 4076//8178
f 4076//8179 2754//8179 2843//8179
f 2754//8180 2753//8180 2843//8180
f 2843//8181 2753//8181 2842//8181
f 2753//8182 2752//8182 2842//8182
f 2752//8183 4077//8183 2842//8183
f 2842//8184 4077//8184 2841//8184
f 2841//8185 4077//8185 2840//8185
f 4077//8186 4078//8186 2840//8186
f 2840//8187 4078//8187 2839//8187
f 4078//8188 4079//8188 2839//8188
f 2839//8189 4079//8189 2838//8189
f 4079//8190 4080//8190 2838//8190
f 4080//8191 2751//8191 2838//8191
f 2838//8192 2751//8192 2837//8192
f 2751//8193 4081//8193 2837//8193
f 2837//8194 4081//8194 4082//8194
f 4082//8195 4081//8195 4083//8195
f 4081//8196 2750//8196 4083//8196
f 2750//8197 2749//8197 4083//8197
f 4083//8198 2749//8198 4084//8198
f 2749//8199 4085//8199 4084//8199
f 4084//8200 4085//8200 2836//8200
f 4085//8201 2748//8201 2836//8201
f 2836//8202 2748//8202 4086//8202
f 2748//8203 2747//8203 4086//8203
f 4086//8204 2747//8204 2835//8204
f 2747//8205 2746//8205 2835//8205
f 2835//8206 2746//8206 4087//8206
f 4087//8207 2739//8207 4088//8207
f 2746//8208 2739//8208 4087//8208
f 4088//8209 4089//8209 4090//8209
f 2739//8210 4089//8210 4088//8210
f 4090//8211 4091//8211 4092//8211
f 4092//8212 4091//8212 4093//8212
f 4089//8213 4091//8213 4090//8213
f 4091//8214 4094//8214 4093//8214
f 4094//8215 2740//8215 4093//8215
f 4093//8216 2740//8216 4095//8216
f 2740//8217 2741//8217 4095//8217
f 4095//8218 2741//8218 2830//8218
f 2741//8219 2742//8219 2830//8219
f 2830//8220 2742//8220 2831//8220
f 2742//8221 2743//8221 2831//8221
f 2831//8222 2743//8222 2832//8222
f 2743//8223 2744//8223 2832//8223
f 2832//8224 2744//8224 2833//8224
f 2744//8225 2745//8225 2833//8225
f 2833//8226 2745//8226 2834//8226
f 2834//8227 2745//8227 2801//8227
f 2745//8228 4096//8228 2801//8228
f 2801//8229 4096//8229 2800//8229
f 4096//8230 4097//8230 2800//8230
f 4097//8231 4098//8231 2800//8231
f 2800//8232 4098//8232 2799//8232
f 4098//8233 4099//8233 2799//8233
f 2799//8234 4099//8234 2798//8234
f 4099//8235 4100//8235 2798//8235
f 2798//8236 4100//8236 4101//8236
f 4100//8237 2678//8237 4101//8237
f 4101//8238 2678//8238 2797//8238
f 2797//8239 2677//8239 2796//8239
f 2678//8240 2677//8240 2797//8240
f 2796//8241 2676//8241 2795//8241
f 2677//8242 2676//8242 2796//8242
f 2795//8243 2675//8243 2794//8243
f 2676//8244 2675//8244 2795//8244
f 2794//8245 4102//8245 2793//8245
f 2675//8246 4102//8246 2794//8246
f 2793//8247 4103//8247 4104//8247
f 4102//8248 4103//8248 2793//8248
f 4104//8249 4105//8249 4106//8249
f 4106//8250 4105//8250 4107//8250
f 4103//8251 4105//8251 4104//8251
f 4105//8252 4108//8252 4107//8252
f 4107//8253 2674//8253 4109//8253
f 4108//8254 2674//8254 4107//8254
f 4109//8255 2673//8255 4110//8255
f 2674//8256 2673//8256 4109//8256
f 4110//8257 2672//8257 2792//8257
f 2673//8258 2672//8258 4110//8258
f 2792//8259 2671//8259 2791//8259
f 2672//8260 2671//8260 2792//8260
f 2791//8261 4111//8261 2790//8261
f 2671//8262 4111//8262 2791//8262
f 2790//8263 2670//8263 2789//8263
f 4111//8264 2670//8264 2790//8264
f 2789//8265 4112//8265 4113//8265
f 2670//8266 4112//8266 2789//8266
f 4112//8267 4114//8267 4113//8267
f 4113//8268 4114//8268 4115//8268
f 4114//8269 4116//8269 4115//8269
f 4115//8270 4116//8270 4117//8270
f 4116//8271 4118//8271 4117//8271
f 4117//8272 4118//8272 4119//8272
f 4119//8273 4120//8273 4121//8273
f 4118//8274 4120//8274 4119//8274
f 4121//8275 2669//8275 4122//8275
f 4122//8276 2669//8276 4123//8276
f 4120//8277 2669//8277 4121//8277
f 2669//8278 4124//8278 4123//8278
f 4123//8279 4125//8279 4126//8279
f 4124//8280 4125//8280 4123//8280
f 4126//8281 4127//8281 2788//8281
f 4125//8282 4127//8282 4126//8282
f 2788//8283 4128//8283 2787//8283
f 4127//8284 4128//8284 2788//8284
f 2787//8285 2668//8285 4129//8285
f 4128//8286 2668//8286 2787//8286
f 4129//8287 2667//8287 4130//8287
f 2668//8288 2667//8288 4129//8288
f 4130//8289 2666//8289 4131//8289
f 2667//8290 2666//8290 4130//8290
f 4131//8291 2665//8291 4132//8291
f 2666//8292 2665//8292 4131//8292
f 4132//8293 2664//8293 4133//8293
f 2665//8294 2664//8294 4132//8294
f 4133//8295 2663//8295 4134//8295
f 2664//8296 2663//8296 4133//8296
f 4134//8297 2662//8297 4135//8297
f 2663//8298 2662//8298 4134//8298
f 4135//8299 4136//8299 2786//8299
f 2662//8300 4136//8300 4135//8300
f 2786//8301 2661//8301 4137//8301
f 4136//8302 2661//8302 2786//8302
f 4137//8303 2660//8303 2785//8303
f 2661//8304 2660//8304 4137//8304
f 2785//8305 2659//8305 2784//8305
f 2660//8306 2659//8306 2785//8306
f 2784//8307 2658//8307 2783//8307
f 2659//8308 2658//8308 2784//8308
f 2783//8309 2657//8309 4138//8309
f 2658//8310 2657//8310 2783//8310
f 4138//8311 4139//8311 2782//8311
f 2782//8312 4139//8312 4140//8312
f 2657//8313 4139//8313 4138//8313
f 4139//8314 2656//8314 4140//8314
f 2656//8315 4141//8315 4140//8315
f 4140//8316 4141//8316 4142//8316
f 4141//8317 4143//8317 4142//8317
f 4142//8318 4143//8318 2781//8318
f 4143//8319 4144//8319 2781//8319
f 2781//8320 4144//8320 2780//8320
f 4144//8321 2655//8321 2780//8321
f 2780//8322 2655//8322 2779//8322
f 2779//8323 2655//8323 4145//8323
f 2655//8324 2654//8324 4145//8324
f 2654//8325 4146//8325 4145//8325
f 4145//8326 4146//8326 2778//8326
f 4146//8327 4147//8327 2778//8327
f 2778//8328 4147//8328 4148//8328
f 4147//8329 2650//8329 4148//8329
f 4148//8330 2650//8330 2777//8330
f 2650//8331 4149//8331 2777//8331
f 2777//8332 4149//8332 4150//8332
f 4149//8333 4151//8333 4150//8333
f 4150//8334 4151//8334 4152//8334
f 4151//8335 2646//8335 4152//8335
f 4152//8336 2646//8336 4153//8336
f 2646//8337 2644//8337 4153//8337
f 4153//8338 2644//8338 4154//8338
f 4154//8339 2642//8339 4155//8339
f 2644//8340 2642//8340 4154//8340
f 4155//8341 2641//8341 4156//8341
f 2642//8342 2641//8342 4155//8342
f 2641//8343 2639//8343 4156//8343
f 4156//8344 2639//8344 4157//8344
f 4157//8345 4158//8345 2774//8345
f 2774//8346 4158//8346 4159//8346
f 2639//8347 4158//8347 4157//8347
f 4158//8348 4160//8348 4159//8348
f 4159//8349 2637//8349 4161//8349
f 4160//8350 2637//8350 4159//8350
f 4161//8351 4162//8351 4163//8351
f 2637//8352 4162//8352 4161//8352
f 4163//8353 4164//8353 2772//8353
f 4162//8354 4164//8354 4163//8354
f 2772//8355 4165//8355 2770//8355
f 4164//8356 4165//8356 2772//8356
f 2770//8357 4166//8357 2769//8357
f 4165//8358 4166//8358 2770//8358
f 2769//8359 4167//8359 4168//8359
f 4166//8360 4167//8360 2769//8360
f 4168//8361 4169//8361 2767//8361
f 4167//8362 4169//8362 4168//8362
f 2767//8363 4170//8363 4171//8363
f 4169//8364 4170//8364 2767//8364
f 4171//8365 4172//8365 2765//8365
f 4170//8366 4172//8366 4171//8366
f 4172//8367 2632//8367 2765//8367
f 2765//8368 2632//8368 4173//8368
f 2632//8369 4174//8369 4173//8369
f 4173//8370 4174//8370 2764//8370
f 4174//8371 2630//8371 2764//8371
f 2764//8372 2630//8372 4175//8372
f 2630//8373 4176//8373 4175//8373
f 4175//8374 4176//8374 2761//8374
f 4176//8375 4177//8375 2761//8375
f 2761//8376 4177//8376 2760//8376
f 4177//8377 4178//8377 2760//8377
f 2760//8378 4178//8378 2759//8378
f 4178//8379 4179//8379 2759//8379
f 2759//8380 4179//8380 2757//8380
f 4179//8381 4180//8381 2757//8381
f 2757//8382 4180//8382 2758//8382
f 4180//8383 4181//8383 2758//8383
f 2758//8384 4181//8384 4182//8384
f 4181//8385 2628//8385 4182//8385
f 4182//8386 2628//8386 4183//8386
f 2628//8387 2629//8387 4183//8387
f 4183//8388 2629//8388 2762//8388
f 2629//8389 2631//8389 2762//8389
f 2762//8390 2631//8390 2763//8390
f 2631//8391 4184//8391 2763//8391
f 2763//8392 4184//8392 4185//8392
f 4184//8393 2633//8393 4185//8393
f 4185//8394 2633//8394 4186//8394
f 2633//8395 2634//8395 4186//8395
f 4186//8396 2634//8396 2766//8396
f 2634//8397 4187//8397 2766//8397
f 2766//8398 4187//8398 4188//8398
f 4187//8399 4189//8399 4188//8399
f 4188//8400 4189//8400 4190//8400
f 4190//8401 4189//8401 2768//8401
f 4189//8402 2635//8402 2768//8402
f 2635//8403 4191//8403 2768//8403
f 2768//8404 4191//8404 4192//8404
f 4191//8405 2636//8405 4192//8405
f 4192//8406 2636//8406 2771//8406
f 2636//8407 4193//8407 2771//8407
f 2771//8408 4193//8408 2773//8408
f 2773//8409 4194//8409 4195//8409
f 4193//8410 4194//8410 2773//8410
f 4195//8411 2638//8411 4196//8411
f 4194//8412 2638//8412 4195//8412
f 4196//8413 4197//8413 4198//8413
f 2638//8414 4197//8414 4196//8414
f 4198//8415 4199//8415 4200//8415
f 4197//8416 4199//8416 4198//8416
f 4199//8417 2640//8417 4200//8417
f 4200//8418 2640//8418 4201//8418
f 2640//8419 4202//8419 4201//8419
f 4201//8420 4202//8420 4203//8420
f 4202//8421 2643//8421 4203//8421
f 4203//8422 2643//8422 2775//8422
f 2643//8423 2645//8423 2775//8423
f 2775//8424 2645//8424 2776//8424
f 2645//8425 2647//8425 2776//8425
f 2776//8426 2647//8426 4204//8426
f 2647//8427 2648//8427 4204//8427
f 4204//8428 2648//8428 4205//8428
f 4205//8429 2648//8429 4206//8429
f 2648//8430 2649//8430 4206//8430
f 2649//8431 2651//8431 4206//8431
f 4206//8432 2651//8432 4207//8432
f 2651//8433 2652//8433 4207//8433
f 4207//8434 2652//8434 4208//8434
f 2652//8435 2653//8435 4208//8435
f 4208//8436 2653//8436 4209//8436
f 2653//8437 4210//8437 4209//8437
f 4209//8438 4210//8438 4211//8438
f 4210//8439 4212//8439 4211//8439
f 4211//8440 4212//8440 4213//8440
f 4213//8441 4214//8441 2807//8441
f 4212//8442 4214//8442 4213//8442
f 2807//8443 4215//8443 4216//8443
f 4214//8444 4215//8444 2807//8444
f 4216//8445 2684//8445 2808//8445
f 4215//8446 2684//8446 4216//8446
f 2808//8447 2685//8447 4217//8447
f 2684//8448 2685//8448 2808//8448
f 4217//8449 4218//8449 2809//8449
f 2685//8450 4218//8450 4217//8450
f 2809//8451 2686//8451 4219//8451
f 4218//8452 2686//8452 2809//8452
f 4219//8453 2687//8453 4220//8453
f 2686//8454 2687//8454 4219//8454
f 4220//8455 2688//8455 4221//8455
f 2687//8456 2688//8456 4220//8456
f 4221//8457 2689//8457 4222//8457
f 2688//8458 2689//8458 4221//8458
f 4222//8459 2690//8459 2810//8459
f 2689//8460 2690//8460 4222//8460
f 2810//8461 4223//8461 4224//8461
f 2690//8462 4223//8462 2810//8462
f 4224//8463 2691//8463 4225//8463
f 4223//8464 2691//8464 4224//8464
f 4225//8465 2692//8465 4226//8465
f 2691//8466 2692//8466 4225//8466
f 2692//8467 4227//8467 4226//8467
f 4226//8468 4227//8468 4228//8468
f 4227//8469 2693//8469 4228//8469
f 4228//8470 2693//8470 2811//8470
f 2693//8471 4229//8471 2811//8471
f 2811//8472 4229//8472 2812//8472
f 4229//8473 4230//8473 2812//8473
f 2812//8474 4230//8474 4231//8474
f 4231//8475 4232//8475 4233//8475
f 4230//8476 4232//8476 4231//8476
f 4232//8477 4234//8477 4233//8477
f 4233//8478 4234//8478 4235//8478
f 4235//8479 2694//8479 2813//8479
f 4234//8480 2694//8480 4235//8480
f 2813//8481 2695//8481 4236//8481
f 2694//8482 2695//8482 2813//8482
f 4236//8483 4237//8483 4238//8483
f 2695//8484 4237//8484 4236//8484
f 4238//8485 2696//8485 4239//8485
f 4237//8486 2696//8486 4238//8486
f 4239//8487 2697//8487 4240//8487
f 2696//8488 2697//8488 4239//8488
f 4240//8489 2698//8489 4241//8489
f 2697//8490 2698//8490 4240//8490
f 4241//8491 2699//8491 4242//8491
f 2698//8492 2699//8492 4241//8492
f 4242//8493 2700//8493 4243//8493
f 2699//8494 2700//8494 4242//8494
f 4243//8495 4244//8495 2802//8495
f 2700//8496 4244//8496 4243//8496
f 2802//8497 4245//8497 4246//8497
f 4244//8498 4245//8498 2802//8498
f 4246//8499 4247//8499 4248//8499
f 4245//8500 4247//8500 4246//8500
f 4248//8501 2679//8501 2803//8501
f 4247//8502 2679//8502 4248//8502
f 2803//8503 4249//8503 4250//8503
f 2679//8504 4249//8504 2803//8504
f 4250//8505 2680//8505 4251//8505
f 4249//8506 2680//8506 4250//8506
f 4251//8507 2681//8507 2804//8507
f 2680//8508 2681//8508 4251//8508
f 2804//8509 2682//8509 2805//8509
f 2681//8510 2682//8510 2804//8510
f 2805//8511 2683//8511 2806//8511
f 2682//8512 2683//8512 2805//8512
f 2806//8513 2703//8513 2817//8513
f 2683//8514 2703//8514 2806//8514
f 2817//8515 2704//8515 4252//8515
f 2703//8516 2704//8516 2817//8516
f 2704//8517 2706//8517 4252//8517
f 4252//8518 2706//8518 4253//8518
f 2706//8519 4254//8519 4253//8519
f 4253//8520 4254//8520 4255//8520
f 4254//8521 2709//8521 4255//8521
f 4255//8522 2709//8522 2818//8522
f 2709//8523 2711//8523 2818//8523
f 2818//8524 2711//8524 2820//8524
f 2711//8525 4256//8525 2820//8525
f 2820//8526 4256//8526 4257//8526
f 4256//8527 4258//8527 4257//8527
f 4257//8528 4258//8528 4259//8528
f 4258//8529 4260//8529 4259//8529
f 4259//8530 4260//8530 2822//8530
f 4260//8531 2715//8531 2822//8531
f 2822//8532 2715//8532 4261//8532
f 2715//8533 4262//8533 4261//8533
f 4261//8534 4262//8534 4263//8534
f 4262//8535 2718//8535 4263//8535
f 4263//8536 2718//8536 4264//8536
f 2718//8537 2720//8537 4264//8537
f 4264//8538 2720//8538 4265//8538
f 2720//8539 2721//8539 4265//8539
f 4265//8540 2721//8540 4266//8540
f 2721//8541 4267//8541 4266//8541
f 4266//8542 4267//8542 2824//8542
f 4267//8543 4268//8543 2824//8543
f 2824//8544 4268//8544 4269//8544
f 4269//8545 4270//8545 2826//8545
f 4268//8546 4270//8546 4269//8546
f 2826//8547 2725//8547 4271//8547
f 4270//8548 2725//8548 2826//8548
f 4271//8549 2727//8549 4272//8549
f 2725//8550 2727//8550 4271//8550
f 2727//8551 4028//8551 4272//8551
f 4272//8552 4028//8552 2815//8552
f 289//8553 2398//8553 2513//8553
f 289//8554 2513//8554 2514//8554
f 2274//8555 2057//8555 2056//8555
f 1132//8556 2057//8556 2274//8556
f 410//8557 2396//8557 2397//8557
f 410//8558 2397//8558 2398//8558
f 410//8559 289//8559 288//8559
f 410//8560 2398//8560 289//8560
f 2849//8561 2274//8561 2396//8561
f 2849//8562 2396//8562 410//8562
f 2849//8563 1132//8563 2274//8563
f 1127//8564 1132//8564 2849//8564
f 409//8565 410//8565 288//8565
f 2846//8566 1127//8566 2849//8566
f 408//8567 406//8567 399//8567
f 404//8568 3104//8568 771//8568
f 404//8569 408//8569 399//8569
f 766//8570 404//8570 771//8570
f 766//8571 408//8571 404//8571
f 644//8572 408//8572 766//8572
f 1124//8573 2844//8573 2845//8573
f 1125//8574 1124//8574 2845//8574
f 643//8575 1125//8575 2845//8575
f 642//8576 2845//8576 408//8576
f 642//8577 408//8577 644//8577
f 642//8578 643//8578 2845//8578
f 767//8579 1125//8579 643//8579
f 645//8580 767//8580 643//8580
