# Created by FreeCAD <https://www.freecad.org>
v -9.807368 -2.352886 3.000000
v -11.539419 -1.352886 4.510000
v -9.807368 -2.352886 4.510000
v -11.539419 -1.352886 1.000000
v -12.250073 -2.583775 3.457684
v -12.264574 -2.608890 3.428483
v -12.279469 -2.634690 3.400089
v -12.235979 -2.559362 3.487669
v -12.294748 -2.661155 3.372523
v -12.222301 -2.535671 3.518416
v -12.310400 -2.688264 3.345806
v -12.209050 -2.512720 3.549902
v -12.326413 -2.715999 3.319957
v -12.196236 -2.490525 3.582103
v -12.342773 -2.744337 3.294997
v -12.183868 -2.469104 3.614996
v -12.359471 -2.773257 3.270944
v -12.171957 -2.448472 3.648554
v -12.376492 -2.802738 3.247816
v -12.160510 -2.428646 3.682754
v -12.393824 -2.832757 3.225631
v -12.149536 -2.409639 3.717568
v -12.411453 -2.863292 3.204405
v -12.139045 -2.391467 3.752972
v -12.429367 -2.894320 3.184155
v -12.129043 -2.374143 3.788938
v -12.447552 -2.925818 3.164894
v -12.119537 -2.357679 3.825439
v -12.465994 -2.957761 3.146639
v -12.110537 -2.342089 3.862448
v -12.484680 -2.990125 3.129403
v -12.102046 -2.327385 3.899937
v -12.503595 -3.022888 3.113198
v -12.094074 -2.313576 3.937878
v -12.522726 -3.056022 3.098038
v -12.086625 -2.300674 3.976242
v -12.542057 -3.089505 3.083932
v -12.079705 -2.288689 4.015000
v -12.561574 -3.123310 3.070893
v -12.073319 -2.277628 4.054123
v -12.581263 -3.157412 3.058930
v -12.067473 -2.267502 4.093582
v -12.601109 -3.191786 3.048051
v -12.062170 -2.258317 4.133347
v -12.621096 -3.226404 3.038265
v -12.057414 -2.250080 4.173388
v -12.641210 -3.261243 3.029580
v -12.053209 -2.242797 4.213674
v -12.661435 -3.296275 3.022001
v -12.049560 -2.236474 4.254177
v -12.681757 -3.331473 3.015535
v -12.046466 -2.231116 4.294864
v -12.702160 -3.366812 3.010187
v -12.043932 -2.226727 4.335705
v -12.722629 -3.402265 3.005960
v -12.041959 -2.223309 4.376671
v -12.743148 -3.437805 3.002857
v -12.040548 -2.220866 4.417729
v -12.763701 -3.473405 3.000882
v -12.039701 -2.219400 4.458849
v -12.784275 -3.509039 3.000035
v -12.039419 -2.218911 4.500000
v -12.039701 -2.219400 4.541151
v -11.539876 -1.353676 4.577428
v -12.040548 -2.220866 4.582271
v -11.541245 -1.356048 4.644806
v -12.041959 -2.223309 4.623329
v -11.543527 -1.359999 4.712085
v -12.043932 -2.226727 4.664295
v -11.546718 -1.365527 4.779216
v -12.046466 -2.231116 4.705136
v -11.550817 -1.372626 4.846150
v -12.049560 -2.236474 4.745823
v -11.555820 -1.381293 4.912837
v -12.053209 -2.242797 4.786326
v -11.561725 -1.391521 4.979229
v -12.057414 -2.250080 4.826612
v -11.568526 -1.403301 5.045276
v -12.062170 -2.258317 4.866653
v -11.576220 -1.416626 5.110931
v -12.067473 -2.267502 4.906418
v -11.594258 -1.447871 5.240871
v -11.584800 -1.431487 5.176146
v -14.039419 -5.683012 1.000000
v -12.804852 -3.544679 3.000318
v -12.825417 -3.580299 3.001729
v -12.845955 -3.615873 3.004268
v -12.866451 -3.651372 3.007933
v -12.886889 -3.686771 3.012721
v -12.907253 -3.722044 3.018629
v -12.927528 -3.757162 3.025652
v -12.947701 -3.792100 3.033784
v -12.967753 -3.826833 3.043021
v -12.987671 -3.861332 3.053354
v -13.007441 -3.895573 3.064776
v -12.073319 -2.277628 4.945877
v -11.604591 -1.465767 5.305061
v -13.027045 -3.929530 3.077279
v -12.079705 -2.288689 4.985000
v -11.615788 -1.485161 5.368667
v -13.046472 -3.963177 3.090852
v -12.086625 -2.300674 5.023758
v -11.627843 -1.506041 5.431644
v -13.065704 -3.996488 3.105487
v -12.094074 -2.313576 5.062122
v -11.640746 -1.528389 5.493945
v -13.084728 -4.029440 3.121171
v -12.102046 -2.327385 5.100062
v -11.654488 -1.552190 5.555524
v -13.103531 -4.062006 3.137893
v -12.110537 -2.342089 5.137551
v -11.669058 -1.577427 5.616336
v -13.122097 -4.094163 3.155640
v -12.119537 -2.357679 5.174561
v -11.684446 -1.604081 5.676337
v -13.140412 -4.125886 3.174400
v -12.129043 -2.374143 5.211062
v -11.700642 -1.632132 5.735483
v -13.158463 -4.157152 3.194157
v -12.139045 -2.391467 5.247028
v -11.717632 -1.661559 5.793729
v -13.176236 -4.187937 3.214897
v -12.149536 -2.409639 5.282432
v -11.735404 -1.692342 5.851034
v -13.193719 -4.218216 3.236605
v -12.160510 -2.428646 5.317246
v -11.753946 -1.724458 5.907356
v -13.210896 -4.247970 3.259264
v -12.171957 -2.448472 5.351446
v -11.773244 -1.757882 5.962653
v -13.227757 -4.277173 3.282856
v -12.183868 -2.469104 5.385004
v -11.793283 -1.792591 6.016884
v -13.244287 -4.305805 3.307365
v -12.196236 -2.490525 5.417896
v -11.814050 -1.828559 6.070010
v -13.260476 -4.333844 3.332772
v -12.209050 -2.512720 5.450098
v -11.835527 -1.865760 6.121992
v -13.276310 -4.361268 3.359057
v -12.222301 -2.535671 5.481584
v -11.857701 -1.904166 6.172791
v -13.291777 -4.388058 3.386201
v -12.235979 -2.559362 5.512331
v -11.880555 -1.943750 6.222372
v -13.306866 -4.414193 3.414184
v -12.250073 -2.583775 5.542316
v -11.904071 -1.984482 6.270696
v -13.321565 -4.439653 3.442984
v -12.264574 -2.608890 5.571517
v -13.335864 -4.464419 3.472579
v -11.928233 -2.026332 6.317729
v -12.279469 -2.634690 5.599911
v -13.349751 -4.488473 3.502949
v -13.363217 -4.511796 3.534068
v -11.953023 -2.069269 6.363436
v -12.294748 -2.661155 5.627477
v -13.376250 -4.534371 3.565915
v -11.978423 -2.113263 6.407784
v -12.310400 -2.688264 5.654194
v -13.388843 -4.556181 3.598465
v -13.400984 -4.577209 3.631693
v -12.004415 -2.158281 6.450739
v -12.326413 -2.715999 5.680043
v -13.412663 -4.597441 3.665576
v -13.423875 -4.616859 3.700086
v -12.030977 -2.204289 6.492272
v -12.342773 -2.744337 5.705003
v -12.058093 -2.251255 6.532350
v -12.359471 -2.773257 5.729056
v -12.085741 -2.299143 6.570946
v -12.376492 -2.802738 5.752184
v -12.113902 -2.347919 6.608029
v -12.393824 -2.832757 5.774369
v -12.142554 -2.397547 6.643574
v -12.411453 -2.863292 5.795595
v -12.171678 -2.447990 6.677555
v -12.429367 -2.894320 5.815845
v -12.201251 -2.499212 6.709945
v -12.447552 -2.925818 5.835105
v -12.231251 -2.551174 6.740722
v -12.465994 -2.957761 5.853361
v -12.261657 -2.603839 6.769863
v -12.484680 -2.990125 5.870597
v -12.292447 -2.657168 6.797346
v -12.503595 -3.022888 5.886802
v -12.323597 -2.711122 6.823152
v -12.522726 -3.056022 5.901962
v -12.355085 -2.765661 6.847261
v -12.542057 -3.089505 5.916068
v -12.386889 -2.820746 6.869657
v -12.561574 -3.123310 5.929107
v -12.418983 -2.876336 6.890321
v -12.581263 -3.157412 5.941071
v -12.451346 -2.932390 6.909239
v -12.601109 -3.191786 5.951949
v -12.483953 -2.988867 6.926398
v -12.621096 -3.226404 5.961735
v -12.516781 -3.045726 6.941785
v -12.641210 -3.261243 5.970420
v -12.549805 -3.102925 6.955389
v -12.661435 -3.296275 5.977999
v -12.583000 -3.160422 6.967198
v -12.681757 -3.331473 5.984465
v -12.616344 -3.218174 6.977206
v -12.702160 -3.366812 5.989813
v -12.649811 -3.276141 6.985404
v -12.722629 -3.402265 5.994040
v -12.683376 -3.334278 6.991786
v -12.743148 -3.437805 5.997143
v -12.717016 -3.392544 6.996348
v -12.763701 -3.473405 5.999118
v -12.750706 -3.450895 6.999087
v -12.784275 -3.509039 5.999965
v -12.784419 -3.509289 7.000000
v -14.039419 -5.683012 4.510000
v -13.434608 -4.635450 3.735198
v -13.444857 -4.653200 3.770887
v -13.454611 -4.670096 3.807124
v -13.463865 -4.686124 3.843882
v -13.472611 -4.701272 3.881135
v -13.480844 -4.715530 3.918853
v -13.488554 -4.728887 3.957009
v -13.495740 -4.741332 3.995574
v -13.502393 -4.752856 4.034518
v -13.508510 -4.763450 4.073812
v -13.514085 -4.773107 4.113428
v -13.519114 -4.781819 4.153335
v -13.523596 -4.789580 4.193502
v -13.527523 -4.796383 4.233901
v -13.530895 -4.802224 4.274499
v -13.533710 -4.807098 4.315267
v -13.535964 -4.811002 4.356174
v -13.537656 -4.813932 4.397190
v -13.538784 -4.815887 4.438283
v -13.539349 -4.816865 4.479423
v -13.539349 -4.816865 4.520577
v -12.794419 -3.526609 7.000000
v -12.804852 -3.544679 5.999682
v -12.828133 -3.585004 6.999087
v -12.825417 -3.580299 5.998271
v -14.038962 -5.682222 4.577428
v -13.538784 -4.815887 4.561717
v -12.861822 -3.643355 6.996348
v -12.845955 -3.615873 5.995732
v -14.037593 -5.679850 4.644806
v -13.537656 -4.813932 4.602810
v -12.895462 -3.701620 6.991786
v -12.866451 -3.651372 5.992067
v -14.035312 -5.675899 4.712085
v -13.535964 -4.811002 4.643826
v -12.929028 -3.759758 6.985404
v -12.886889 -3.686771 5.987279
v -14.032121 -5.670372 4.779216
v -13.533710 -4.807098 4.684733
v -12.962494 -3.817724 6.977206
v -12.907253 -3.722044 5.981371
v -14.028022 -5.663272 4.846150
v -13.530895 -4.802224 4.725501
v -12.995838 -3.875477 6.967198
v -12.927528 -3.757162 5.974349
v -14.023018 -5.654605 4.912837
v -13.527523 -4.796383 4.766099
v -13.029034 -3.932974 6.955389
v -12.947701 -3.792100 5.966216
v -14.017114 -5.644378 4.979229
v -13.523596 -4.789580 4.806498
v -13.062057 -3.990172 6.941785
v -12.967753 -3.826833 5.956979
v -14.010312 -5.632597 5.045276
v -13.519114 -4.781819 4.846665
v -13.094885 -4.047031 6.926398
v -12.987671 -3.861332 5.946646
v -14.002619 -5.619272 5.110931
v -13.514085 -4.773107 4.886572
v -13.127492 -4.103508 6.909239
v -13.007441 -3.895573 5.935224
v -13.994039 -5.604412 5.176146
v -13.508510 -4.763450 4.926188
v -13.159855 -4.159563 6.890321
v -13.027045 -3.929530 5.922721
v -13.984580 -5.588028 5.240871
v -13.502393 -4.752856 4.965482
v -13.191950 -4.215152 6.869657
v -13.046472 -3.963177 5.909148
v -13.974247 -5.570132 5.305061
v -13.495740 -4.741332 5.004426
v -13.223753 -4.270237 6.847261
v -13.065704 -3.996488 5.894513
v -13.963050 -5.550737 5.368667
v -13.488554 -4.728887 5.042991
v -13.255241 -4.324777 6.823152
v -13.084728 -4.029440 5.878829
v -13.950995 -5.529858 5.431644
v -13.480844 -4.715530 5.081147
v -13.286391 -4.378731 6.797346
v -13.103531 -4.062006 5.862107
v -13.938092 -5.507509 5.493945
v -13.472611 -4.701272 5.118865
v -13.317181 -4.432060 6.769863
v -13.122097 -4.094163 5.844360
v -13.924351 -5.483708 5.555524
v -13.463865 -4.686124 5.156118
v -13.347588 -4.484725 6.740722
v -13.140412 -4.125886 5.825600
v -13.909781 -5.458471 5.616336
v -13.454611 -4.670096 5.192876
v -13.377587 -4.536687 6.709945
v -13.158463 -4.157152 5.805843
v -13.894392 -5.431818 5.676337
v -13.444857 -4.653200 5.229114
v -13.407161 -4.587908 6.677555
v -13.176236 -4.187937 5.785103
v -13.878197 -5.403767 5.735483
v -13.434608 -4.635450 5.264802
v -13.436284 -4.638351 6.643574
v -13.193719 -4.218216 5.763395
v -13.861206 -5.374339 5.793729
v -13.423875 -4.616859 5.299914
v -13.464936 -4.687979 6.608029
v -13.210896 -4.247970 5.740736
v -13.843433 -5.343556 5.851034
v -13.412663 -4.597441 5.334424
v -13.493097 -4.736755 6.570946
v -13.227757 -4.277173 5.717144
v -13.824892 -5.311440 5.907356
v -13.400984 -4.577209 5.368307
v -13.520745 -4.784644 6.532350
v -13.805594 -5.278016 5.962653
v -13.388843 -4.556181 5.401535
v -13.547861 -4.831609 6.492272
v -13.244287 -4.305805 5.692635
v -13.785555 -5.243307 6.016884
v -13.376250 -4.534371 5.434085
v -13.574424 -4.877618 6.450739
v -13.260476 -4.333844 5.667228
v -13.764789 -5.207339 6.070010
v -13.363217 -4.511796 5.465932
v -13.600415 -4.922636 6.407784
v -13.276310 -4.361268 5.640943
v -13.743311 -5.170138 6.121992
v -13.349751 -4.488473 5.497051
v -13.625815 -4.966629 6.363436
v -13.291777 -4.388058 5.613799
v -13.721137 -5.131732 6.172791
v -13.335864 -4.464419 5.527421
v -13.650605 -5.009567 6.317729
v -13.306866 -4.414193 5.585816
v -13.698283 -5.092148 6.222372
v -13.321565 -4.439653 5.557016
v -13.674767 -5.051417 6.270696
v -8.941343 -2.852886 1.000000
v -11.173394 -2.718911 0.000000
v -8.941343 -4.007586 0.000000
v -11.018655 -4.450895 6.999087
v -10.984965 -4.392544 6.996348
v -10.951325 -4.334278 6.991786
v -10.917760 -4.276141 6.985404
v -10.884294 -4.218174 6.977206
v -10.850950 -4.160422 6.967198
v -10.817754 -4.102925 6.955389
v -10.784730 -4.045726 6.941785
v -10.751903 -3.988867 6.926398
v -10.719296 -3.932390 6.909239
v -10.686933 -3.876336 6.890321
v -10.654838 -3.820746 6.869657
v -10.623034 -3.765661 6.847261
v -10.591546 -3.711122 6.823152
v -10.560396 -3.657168 6.797346
v -10.529607 -3.603839 6.769863
v -10.499200 -3.551174 6.740722
v -10.469200 -3.499212 6.709945
v -10.439627 -3.447990 6.677555
v -10.410503 -3.397547 6.643574
v -10.381851 -3.347919 6.608029
v -10.353690 -3.299143 6.570946
v -10.326042 -3.251255 6.532350
v -10.298926 -3.204289 6.492272
v -10.272364 -3.158281 6.450739
v -10.246372 -3.113263 6.407784
v -10.220973 -3.069269 6.363436
v -10.196182 -3.026332 6.317729
v -10.172020 -2.984482 6.270696
v -10.148504 -2.943750 6.222372
v -10.125650 -2.904166 6.172791
v -10.103477 -2.865760 6.121992
v -10.081999 -2.828559 6.070010
v -10.061233 -2.792591 6.016884
v -10.041193 -2.757882 5.962653
v -10.021895 -2.724458 5.907356
v -10.003354 -2.692342 5.851034
v -9.985581 -2.661559 5.793729
v -9.968591 -2.632132 5.735483
v -9.952395 -2.604081 5.676337
v -9.937007 -2.577427 5.616336
v -9.922437 -2.552190 5.555524
v -9.908695 -2.528389 5.493945
v -9.895792 -2.506041 5.431644
v -9.883738 -2.485161 5.368667
v -9.872540 -2.465767 5.305061
v -9.862208 -2.447871 5.240871
v -9.852749 -2.431487 5.176146
v -9.844169 -2.416626 5.110931
v -9.836475 -2.403301 5.045276
v -9.829674 -2.391521 4.979229
v -9.823770 -2.381293 4.912837
v -9.818766 -2.372626 4.846150
v -9.814667 -2.365527 4.779216
v -9.811476 -2.359999 4.712085
v -9.809195 -2.356048 4.644806
v -9.807825 -2.353677 4.577428
v -2.000000 1.154701 1.000000
v -2.000000 1.154701 3.000000
v -8.941343 -2.852886 3.000000
v -11.966232 -6.092148 6.222372
v -11.587698 -5.436508 5.560660
v -11.942717 -6.051417 6.270696
v -11.918554 -6.009567 6.317729
v -11.572971 -5.411000 5.589318
v -11.893764 -5.966629 6.363436
v -11.989086 -6.131732 6.172791
v -11.602027 -5.461326 5.531206
v -12.011260 -6.170138 6.121992
v -11.615948 -5.485436 5.500978
v -11.557858 -5.384822 5.617158
v -11.868364 -5.922636 6.407784
v -11.542368 -5.357993 5.644160
v -11.842373 -5.877618 6.450739
v -12.032738 -6.207339 6.070010
v -11.629448 -5.508821 5.469999
v -11.526514 -5.330534 5.670303
v -11.815810 -5.831609 6.492272
v -12.053504 -6.243307 6.016884
v -11.642520 -5.531461 5.438292
v -11.510308 -5.302464 5.695568
v -11.788694 -5.784644 6.532350
v -12.073544 -6.278016 5.962653
v -11.655152 -5.553341 5.405880
v -11.493763 -5.273806 5.719934
v -11.761046 -5.736755 6.570946
v -11.667336 -5.574443 5.372788
v -12.092841 -6.311440 5.907356
v -11.476890 -5.244581 5.743386
v -11.732885 -5.687979 6.608029
v -11.679061 -5.594753 5.339042
v -12.111383 -6.343556 5.851034
v -11.459701 -5.214810 5.765904
v -11.704233 -5.638351 6.643574
v -11.690321 -5.614254 5.304665
v -12.129155 -6.374339 5.793729
v -11.442211 -5.184516 5.787472
v -11.675110 -5.587908 6.677555
v -11.701104 -5.632933 5.269685
v -12.146146 -6.403767 5.735483
v -11.424432 -5.153722 5.808074
v -11.645536 -5.536687 6.709945
v -11.711406 -5.650774 5.234127
v -12.162341 -6.431818 5.676337
v -11.406377 -5.122450 5.827694
v -11.615537 -5.484725 6.740722
v -12.177730 -6.458471 5.616336
v -11.721215 -5.667766 5.198018
v -11.388061 -5.090725 5.846317
v -11.585131 -5.432060 6.769863
v -12.192300 -6.483708 5.555524
v -11.730527 -5.683894 5.161385
v -11.369496 -5.058570 5.863930
v -11.554340 -5.378731 6.797346
v -11.739333 -5.699147 5.124255
v -12.206041 -6.507509 5.493945
v -11.350697 -5.026009 5.880519
v -11.523190 -5.324777 6.823152
v -12.218945 -6.529858 5.431644
v -11.747628 -5.713514 5.086657
v -11.331677 -4.993067 5.896072
v -11.491702 -5.270237 6.847261
v -12.230999 -6.550737 5.368667
v -11.755404 -5.726983 5.048619
v -11.312452 -4.959768 5.910577
v -11.459899 -5.215152 6.869657
v -12.242196 -6.570132 5.305061
v -11.762657 -5.739545 5.010169
v -11.293036 -4.926138 5.924024
v -11.427804 -5.159563 6.890321
v -12.252529 -6.588028 5.240871
v -11.769380 -5.751190 4.971335
v -11.273442 -4.892201 5.936401
v -11.395441 -5.103508 6.909239
v -12.261988 -6.604412 5.176146
v -11.775569 -5.761909 4.932148
v -11.253687 -4.857983 5.947700
v -11.362834 -5.047031 6.926398
v -12.270568 -6.619272 5.110931
v -11.781219 -5.771694 4.892637
v -11.233784 -4.823510 5.957913
v -11.330007 -4.990172 6.941785
v -12.278261 -6.632597 5.045276
v -11.786325 -5.780539 4.852831
v -11.213749 -4.788808 5.967031
v -11.296983 -4.932973 6.955389
v -12.285063 -6.644378 4.979229
v -11.790884 -5.788435 4.812761
v -11.193596 -4.753902 5.975049
v -11.263787 -4.875477 6.967198
v -12.290967 -6.654605 4.912837
v -11.794892 -5.795379 4.772455
v -11.173341 -4.718820 5.981959
v -11.230443 -4.817724 6.977206
v -12.295971 -6.663272 4.846150
v -11.798347 -5.801363 4.731946
v -11.152999 -4.683586 5.987756
v -11.196977 -4.759758 6.985404
v -12.300070 -6.670372 4.779216
v -11.801247 -5.806384 4.691261
v -11.132586 -4.648229 5.992437
v -11.163411 -4.701621 6.991786
v -12.303262 -6.675899 4.712085
v -11.803587 -5.810438 4.650434
v -11.112115 -4.612773 5.995998
v -11.129771 -4.643355 6.996348
v -12.305542 -6.679850 4.644806
v -11.805367 -5.813522 4.609493
v -11.091603 -4.577246 5.998436
v -11.096082 -4.585003 6.999087
v -12.306911 -6.682222 4.577428
v -11.806586 -5.815633 4.568470
v -11.071067 -4.541675 5.999750
v -11.062368 -4.526609 7.000000
v -12.307368 -6.683012 4.510000
v -11.807243 -5.816771 4.527396
v -11.050519 -4.506086 5.999938
v -11.807337 -5.816933 4.486301
v -11.029977 -4.470506 5.998999
v -11.806868 -5.816121 4.445217
v -11.009455 -4.434961 5.996936
v -11.805837 -5.814334 4.404174
v -10.988970 -4.399479 5.993749
v -11.804243 -5.811574 4.363202
v -10.968535 -4.364086 5.989441
v -11.802089 -5.807843 4.322334
v -10.948168 -4.328808 5.984015
v -11.799376 -5.803144 4.281598
v -10.927882 -4.293672 5.977475
v -11.796106 -5.797480 4.241027
v -10.907693 -4.258704 5.969826
v -11.792281 -5.790856 4.200650
v -10.887617 -4.223931 5.961074
v -11.787906 -5.783277 4.160498
v -10.867668 -4.189379 5.951226
v -11.782981 -5.774747 4.120600
v -10.847862 -4.155074 5.940288
v -11.777513 -5.765275 4.080987
v -10.828213 -4.121040 5.928268
v -11.771502 -5.754866 4.041689
v -10.808736 -4.087305 5.915177
v -12.307368 -6.683012 3.000000
v -11.764957 -5.743529 4.002735
v -10.789445 -4.053893 5.901024
v -11.757880 -5.731272 3.964154
v -10.770356 -4.020829 5.885819
v -11.750278 -5.718104 3.925975
v -10.751482 -3.988138 5.869574
v -11.742155 -5.704035 3.888227
v -10.732838 -3.955845 5.852301
v -11.733519 -5.689076 3.850938
v -10.714437 -3.923974 5.834013
v -11.724375 -5.673239 3.814137
v -10.696293 -3.892549 5.814724
v -11.714730 -5.656534 3.777850
v -10.678421 -3.861593 5.794448
v -11.704593 -5.638974 3.742105
v -10.660832 -3.831130 5.773200
v -11.693969 -5.620573 3.706929
v -10.643542 -3.801182 5.750997
v -11.682867 -5.601344 3.672348
v -10.626563 -3.771772 5.727854
v -11.671295 -5.581302 3.638389
v -10.609906 -3.742923 5.703791
v -11.659264 -5.560462 3.605076
v -10.593586 -3.714654 5.678823
v -11.646780 -5.538840 3.572435
v -10.577614 -3.686990 5.652971
v -11.633854 -5.516451 3.540490
v -10.562001 -3.659948 5.626253
v -11.620495 -5.493313 3.509266
v -10.546761 -3.633551 5.598690
v -11.606713 -5.469443 3.478785
v -10.531903 -3.607817 5.570302
v -11.592520 -5.444858 3.449070
v -10.517441 -3.582767 5.541111
v -11.577924 -5.419578 3.420145
v -10.503384 -3.558419 5.511139
v -11.562938 -5.393621 3.392030
v -11.547572 -5.367007 3.364746
v -10.489741 -3.534791 5.480407
v -11.531838 -5.339756 3.338315
v -11.515749 -5.311887 3.312755
v -10.476525 -3.511900 5.448940
v -11.499315 -5.283423 3.288087
v -10.463746 -3.489765 5.416760
v -11.482550 -5.254384 3.264328
v -11.465465 -5.224792 3.241497
v -10.451412 -3.468402 5.383893
v -11.448073 -5.194671 3.219610
v -11.430389 -5.164041 3.198685
v -10.439532 -3.447826 5.350362
v -11.412425 -5.132926 3.178736
v -10.428117 -3.428054 5.316193
v -11.394195 -5.101349 3.159779
v -11.375710 -5.069335 3.141828
v -10.417173 -3.409099 5.281411
v -11.356988 -5.036906 3.124896
v -11.338041 -5.004088 3.108996
v -10.406711 -3.390977 5.246042
v -11.318883 -4.970906 3.094141
v -11.299529 -4.937383 3.080340
v -10.396736 -3.373701 5.210114
v -10.387258 -3.357284 5.173652
v -10.378283 -3.341738 5.136685
v -10.369816 -3.327074 5.099240
v -10.361867 -3.313305 5.061346
v -10.354439 -3.300439 5.023029
v -10.347539 -3.288488 4.984321
v -10.341171 -3.277459 4.945249
v -10.335341 -3.267362 4.905842
v -10.330053 -3.258203 4.866131
v -10.325312 -3.249990 4.826145
v -10.321119 -3.242728 4.785915
v -10.317479 -3.236423 4.745470
v -10.314395 -3.231081 4.704840
v -10.311868 -3.226704 4.664057
v -10.309900 -3.223297 4.623150
v -10.308494 -3.220861 4.582152
v -10.307650 -3.219398 4.541091
v -10.334706 -3.266261 4.098708
v -10.329537 -3.257309 4.137993
v -10.340405 -3.276131 4.059716
v -10.346628 -3.286912 4.021048
v -10.307368 -3.218911 4.500000
v -10.307643 -3.219388 4.459381
v -10.308468 -3.220816 4.418792
v -10.309842 -3.223196 4.378262
v -10.311765 -3.226526 4.337821
v -10.314234 -3.230803 4.297500
v -10.317248 -3.236024 4.257327
v -10.320806 -3.242185 4.217332
v -10.324903 -3.249282 4.177544
v -10.353374 -3.298595 3.982731
v -10.360636 -3.311173 3.944793
v -10.368408 -3.324636 3.907262
v -10.376687 -3.338974 3.870166
v -10.385464 -3.354177 3.833532
v -10.394734 -3.370233 3.797387
v -10.404490 -3.387131 3.761758
v -10.414725 -3.404859 3.726669
v -10.425432 -3.423403 3.692148
v -10.436602 -3.442750 3.658219
v -10.448227 -3.462885 3.624908
v -10.460299 -3.483794 3.592239
v -10.472808 -3.505461 3.560235
v -10.485746 -3.527872 3.528921
v -10.499104 -3.551008 3.498318
v -10.512872 -3.574853 3.468451
v -10.527039 -3.599391 3.439340
v -10.541594 -3.624601 3.411007
v -10.556527 -3.650467 3.383472
v -10.571829 -3.676970 3.356757
v -10.587486 -3.704089 3.330880
v -10.603488 -3.731805 3.305861
v -10.619823 -3.760098 3.281717
v -10.636478 -3.788946 3.258466
v -10.653442 -3.818329 3.236127
v -10.670703 -3.848225 3.214714
v -10.688247 -3.878613 3.194244
v -10.706062 -3.909469 3.174732
v -10.724134 -3.940771 3.156192
v -10.742452 -3.972497 3.138637
v -10.761000 -4.004623 3.122081
v -10.779765 -4.037126 3.106535
v -10.798734 -4.069981 3.092011
v -10.817892 -4.103164 3.078520
v -11.037059 -4.482772 3.000550
v -11.016765 -4.447621 3.002200
v -10.996499 -4.412521 3.004948
v -10.976279 -4.377499 3.008793
v -10.956119 -4.342579 3.013732
v -10.936032 -4.307788 3.019760
v -10.916035 -4.273151 3.026875
v -10.896140 -4.238694 3.035069
v -10.876365 -4.204442 3.044338
v -10.856722 -4.170420 3.054675
v -10.837227 -4.136652 3.066072
v -11.077914 -4.553535 3.000563
v -11.098444 -4.589095 3.002251
v -11.118943 -4.624600 3.005064
v -11.139397 -4.660027 3.008999
v -11.159788 -4.695346 3.014052
v -11.180103 -4.730532 3.020221
v -11.200326 -4.765559 3.027501
v -11.220441 -4.800399 3.035886
v -11.240434 -4.835028 3.045370
v -11.260289 -4.869419 3.055946
v -11.279992 -4.903546 3.067605
v -9.441343 -7.316988 3.000000
v -11.941343 -6.894338 3.000000
v -11.941343 -7.316988 3.000000
v -11.057368 -4.517949 3.000000
v -6.941343 -6.316988 3.000000
v 0.000000 -2.309401 3.000000
v 6.941343 -6.316988 3.000000
v 2.000000 1.154701 3.000000
v 8.941343 -2.852886 3.000000
v 11.057368 -4.517949 3.000000
v 9.807368 -2.352886 3.000000
v -1.616025 11.834936 3.000000
v -2.866025 9.669873 3.000000
v -2.000000 9.169873 3.000000
v 2.000000 9.169873 3.000000
v 1.616025 11.834936 3.000000
v 2.866025 9.669873 3.000000
v 0.000000 13.788675 3.000000
v -0.366025 14.000000 3.000000
v -11.941343 -6.894338 1.000000
v -12.673394 -5.316988 0.000000
v -11.052368 -4.509289 7.000000
v 7.941343 -8.316987 0.000000
v 10.941343 -6.316988 0.000000
v 10.941343 -8.316987 0.000000
v 11.173394 -2.718911 0.000000
v 12.673394 -5.316988 -0.000000
v 7.941343 -5.739637 -0.000000
v 8.941343 -4.007586 0.000000
v 1.000000 0.577350 0.000000
v -0.000000 -1.154701 0.000000
v -1.000000 0.577350 0.000000
v -10.941343 -6.316988 0.000000
v -7.941343 -5.739637 0.000000
v -7.941343 -8.316987 0.000000
v -10.941343 -8.316987 0.000000
v 1.000000 9.747223 0.000000
v -1.000000 9.747223 0.000000
v 0.000000 12.633975 0.000000
v 1.732051 13.633975 0.000000
v 3.232051 11.035898 0.000000
v -3.232051 11.035898 0.000000
v -1.732051 13.633975 0.000000
v -2.000000 9.169873 1.000000
v 0.707161 13.409136 6.222372
v 1.085695 12.753495 5.560660
v 0.730677 13.368404 6.270696
v 0.754840 13.326554 6.317729
v 1.100422 12.727987 5.589318
v 0.779630 13.283616 6.363436
v 0.684308 13.448719 6.172791
v 1.071366 12.778314 5.531206
v 0.662134 13.487125 6.121992
v 1.057446 12.802423 5.500978
v 1.115536 12.701809 5.617158
v 0.805029 13.239623 6.407784
v 1.131026 12.674980 5.644160
v 0.831020 13.194605 6.450739
v 0.640656 13.524326 6.070010
v 1.043945 12.825809 5.469999
v 1.146880 12.647521 5.670303
v 0.857584 13.148597 6.492272
v 0.619890 13.560294 6.016884
v 1.030874 12.848449 5.438292
v 1.163085 12.619452 5.695568
v 0.884699 13.101631 6.532350
v 0.599850 13.595003 5.962653
v 1.018242 12.870328 5.405880
v 1.179631 12.590794 5.719934
v 0.912347 13.053742 6.570946
v 1.006058 12.891431 5.372788
v 0.580553 13.628428 5.907356
v 1.196505 12.561568 5.743386
v 0.940508 13.004967 6.608029
v 0.994332 12.911740 5.339042
v 0.562011 13.660543 5.851034
v 1.213693 12.531797 5.765904
v 0.969161 12.955338 6.643574
v 0.983073 12.931242 5.304665
v 0.544238 13.691326 5.793729
v 1.231183 12.501503 5.787472
v 0.998284 12.904896 6.677555
v 0.972289 12.949921 5.269685
v 0.527248 13.720754 5.735483
v 1.248962 12.470709 5.808074
v 1.027857 12.853674 6.709945
v 0.961988 12.967762 5.234127
v 0.511053 13.748805 5.676337
v 1.267017 12.439438 5.827694
v 1.057857 12.801712 6.740722
v 0.495664 13.775458 5.616336
v 0.952178 12.984754 5.198018
v 1.285333 12.407712 5.846317
v 1.088264 12.749047 6.769863
v 0.481094 13.800695 5.555524
v 0.942867 13.000881 5.161385
v 1.303898 12.375557 5.863930
v 1.119053 12.695718 6.797346
v 0.934060 13.016134 5.124255
v 0.467352 13.824496 5.493945
v 1.322697 12.342997 5.880519
v 1.150203 12.641764 6.823152
v 0.454449 13.846846 5.431644
v 0.925766 13.030501 5.086657
v 1.341716 12.310054 5.896072
v 1.181692 12.587224 6.847261
v 0.442395 13.867724 5.368667
v 0.917989 13.043970 5.048619
v 1.360941 12.276755 5.910577
v 1.213495 12.532140 6.869657
v 0.431197 13.887119 5.305061
v 0.910737 13.056532 5.010169
v 1.380358 12.243125 5.924024
v 1.245590 12.476550 6.890321
v 0.420865 13.905015 5.240871
v 0.904014 13.068177 4.971335
v 1.399951 12.209188 5.936401
v 1.277953 12.420496 6.909239
v 0.411406 13.921399 5.176146
v 0.897825 13.078897 4.932148
v 1.419707 12.174971 5.947700
v 1.310560 12.364018 6.926398
v 0.402826 13.936259 5.110931
v 0.892175 13.088681 4.892637
v 1.439610 12.140497 5.957913
v 1.343387 12.307159 6.941785
v 0.395133 13.949585 5.045276
v 0.887069 13.097526 4.852831
v 1.459645 12.105795 5.967031
v 1.376411 12.249961 6.955389
v 0.388331 13.961365 4.979229
v 0.882510 13.105423 4.812761
v 1.479798 12.070889 5.975049
v 1.409607 12.192464 6.967198
v 0.382426 13.971593 4.912837
v 0.878501 13.112366 4.772455
v 1.500053 12.035807 5.981959
v 1.442950 12.134711 6.977206
v 0.377423 13.980259 4.846150
v 0.875046 13.118350 4.731946
v 1.520395 12.000573 5.987756
v 1.476417 12.076745 6.985404
v 0.373324 13.987359 4.779216
v 0.872147 13.123371 4.691261
v 1.540809 11.965216 5.992437
v 1.509983 12.018608 6.991786
v 0.370132 13.992887 4.712085
v 0.869807 13.127425 4.650434
v 1.561279 11.929760 5.995998
v 1.543622 11.960342 6.996348
v 0.367851 13.996838 4.644806
v 0.868026 13.130509 4.609493
v 1.581790 11.894234 5.998436
v 1.577312 11.901991 6.999087
v 0.366482 13.999209 4.577428
v 0.866807 13.132621 4.568470
v 1.602327 11.858663 5.999750
v 1.611025 11.843596 7.000000
v 0.366025 14.000000 4.510000
v 0.866150 13.133758 4.527396
v 1.622875 11.823073 5.999938
v 1.621025 11.826276 7.000000
v 1.654739 11.767882 6.999087
v 0.866057 13.133921 4.486301
v 1.643417 11.787493 5.998999
v 1.688428 11.709531 6.996348
v 0.866526 13.133108 4.445217
v 1.663939 11.751948 5.996936
v 1.722068 11.651265 6.991786
v 0.867557 13.131321 4.404174
v 1.684424 11.716466 5.993749
v 1.755634 11.593128 6.985404
v 0.869151 13.128561 4.363202
v 1.704859 11.681073 5.989441
v 1.789100 11.535162 6.977206
v 0.871305 13.124830 4.322334
v 1.725226 11.645795 5.984015
v 1.822444 11.477409 6.967198
v 0.874018 13.120131 4.281598
v 1.745512 11.610660 5.977475
v 1.855640 11.419912 6.955389
v 0.877288 13.114468 4.241027
v 1.765700 11.575691 5.969826
v 1.888664 11.362713 6.941785
v 0.881112 13.107843 4.200650
v 1.785777 11.540918 5.961074
v 1.921491 11.305855 6.926398
v 0.885488 13.100264 4.160498
v 1.805725 11.506367 5.951226
v 1.954098 11.249377 6.909239
v 0.890413 13.091735 4.120600
v 1.825532 11.472061 5.940288
v 1.986461 11.193323 6.890321
v 0.895882 13.082262 4.080987
v 1.845181 11.438027 5.928268
v 2.018556 11.137733 6.869657
v 0.901891 13.071854 4.041689
v 1.864658 11.404292 5.915177
v 2.050359 11.082648 6.847261
v 0.366025 14.000000 3.000000
v 0.908437 13.060516 4.002735
v 1.883949 11.370880 5.901024
v 2.081847 11.028110 6.823152
v 0.915513 13.048259 3.964154
v 1.903038 11.337816 5.885819
v 2.112998 10.974155 6.797346
v 0.923116 13.035091 3.925975
v 1.921912 11.305125 5.869574
v 2.143787 10.920826 6.769863
v 0.931238 13.021023 3.888227
v 1.940556 11.272833 5.852301
v 2.174193 10.868161 6.740722
v 0.939875 13.006063 3.850938
v 1.958957 11.240961 5.834013
v 2.204194 10.816198 6.709945
v 0.949019 12.990226 3.814137
v 1.977100 11.209536 5.814724
v 2.233767 10.764977 6.677555
v 0.958663 12.973521 3.777850
v 1.994973 11.178580 5.794448
v 2.262890 10.714534 6.643574
v 0.968801 12.955961 3.742105
v 2.012561 11.148117 5.773200
v 2.291543 10.664907 6.608029
v 0.979425 12.937560 3.706929
v 2.029851 11.118169 5.750997
v 2.319703 10.616131 6.570946
v 0.990527 12.918331 3.672348
v 2.046831 11.088759 5.727854
v 2.347352 10.568242 6.532350
v 1.002098 12.898290 3.638389
v 2.063487 11.059910 5.703791
v 2.374467 10.521276 6.492272
v 1.014130 12.877450 3.605076
v 2.079808 11.031642 5.678823
v 2.401030 10.475268 6.450739
v 1.026614 12.855827 3.572435
v 2.095780 11.003977 5.652971
v 2.427021 10.430250 6.407784
v 1.039540 12.833439 3.540490
v 2.111392 10.976935 5.626253
v 2.452421 10.386256 6.363436
v 1.052899 12.810300 3.509266
v 2.126633 10.950539 5.598690
v 2.477211 10.343319 6.317729
v 1.066680 12.786430 3.478785
v 2.141490 10.924805 5.570302
v 1.080874 12.761846 3.449070
v 2.501373 10.301469 6.270696
v 2.155953 10.899755 5.541111
v 1.095470 12.736566 3.420145
v 2.524890 10.260737 6.222372
v 2.170011 10.875406 5.511139
v 1.110456 12.710608 3.392030
v 1.125822 12.683994 3.364746
v 2.183652 10.851778 5.480407
v 2.547743 10.221153 6.172791
v 1.141555 12.656743 3.338315
v 1.157645 12.628875 3.312755
v 2.196868 10.828888 5.448940
v 2.569917 10.182748 6.121992
v 1.174079 12.600410 3.288087
v 2.209648 10.806752 5.416760
v 2.591395 10.145547 6.070010
v 1.190845 12.571371 3.264328
v 1.207929 12.541780 3.241497
v 2.221982 10.785389 5.383893
v 2.612161 10.109578 6.016884
v 1.225320 12.511658 3.219610
v 1.243004 12.481028 3.198685
v 2.233861 10.764813 5.350362
v 2.632200 10.074869 5.962653
v 1.260969 12.449913 3.178736
v 2.651498 10.041445 5.907356
v 2.245277 10.745041 5.316193
v 1.279199 12.418336 3.159779
v 1.297683 12.386322 3.141828
v 2.670040 10.009330 5.851034
v 2.256220 10.726087 5.281411
v 1.316405 12.353893 3.124896
v 1.335353 12.321075 3.108996
v 2.687813 9.978547 5.793729
v 2.266683 10.707965 5.246042
v 1.354511 12.287893 3.094141
v 1.373865 12.254371 3.080340
v 2.704803 9.949119 5.735483
v 2.276657 10.690688 5.210114
v 2.720998 9.921068 5.676337
v 2.286136 10.674271 5.173652
v 2.736386 9.894414 5.616336
v 2.295112 10.658725 5.136685
v 2.750957 9.869178 5.555524
v 2.303577 10.644061 5.099240
v 2.764699 9.845376 5.493945
v 2.311527 10.630292 5.061346
v 2.777601 9.823028 5.431644
v 2.318955 10.617427 5.023029
v 2.325855 10.605475 4.984321
v 2.789656 9.802149 5.368667
v 2.800853 9.782754 5.305061
v 2.332223 10.594446 4.945249
v 2.811186 9.764858 5.240871
v 2.338053 10.584349 4.905842
v 2.820645 9.748474 5.176146
v 2.829225 9.733614 5.110931
v 2.343340 10.575191 4.866131
v 2.836918 9.720288 5.045276
v 2.348082 10.566977 4.826145
v 2.843719 9.708508 4.979229
v 2.352275 10.559715 4.785915
v 2.849624 9.698280 4.912837
v 2.355915 10.553411 4.745470
v 2.854628 9.689613 4.846150
v 2.358999 10.548068 4.704840
v 2.858727 9.682514 4.779216
v 2.361526 10.543692 4.664057
v 2.861918 9.676987 4.712085
v 2.363493 10.540284 4.623150
v 2.864199 9.673036 4.644806
v 2.364900 10.537848 4.582152
v 2.865569 9.670664 4.577428
v 2.365744 10.536386 4.541091
v 2.338688 10.583248 4.098708
v 2.866025 9.669873 4.510000
v 2.343856 10.574296 4.137993
v 2.332989 10.593119 4.059716
v 2.326765 10.603899 4.021048
v 2.366025 10.535898 4.500000
v 2.365750 10.536375 4.459381
v 2.364925 10.537804 4.418792
v 2.363551 10.540184 4.378262
v 2.361629 10.543513 4.337821
v 2.359160 10.547791 4.297500
v 2.356145 10.553011 4.257327
v 2.352588 10.559173 4.217332
v 2.348491 10.566269 4.177544
v 2.320020 10.615582 3.982731
v 2.312758 10.628160 3.944793
v 2.304985 10.641623 3.907262
v 2.296707 10.655961 3.870166
v 2.287930 10.671165 3.833532
v 2.278659 10.687221 3.797387
v 2.268903 10.704119 3.761758
v 2.258668 10.721847 3.726669
v 2.247962 10.740390 3.692148
v 2.236792 10.759737 3.658219
v 2.225167 10.779872 3.624908
v 2.213095 10.800781 3.592239
v 2.200585 10.822449 3.560235
v 2.187647 10.844859 3.528921
v 2.174289 10.867995 3.498318
v 2.160522 10.891841 3.468451
v 2.146355 10.916378 3.439340
v 2.131800 10.941588 3.411007
v 2.116866 10.967455 3.383472
v 2.101565 10.993957 3.356757
v 2.085908 11.021076 3.330880
v 2.069906 11.048792 3.305861
v 2.053571 11.077085 3.281717
v 2.036916 11.105933 3.258466
v 2.019951 11.135316 3.236127
v 2.002691 11.165213 3.214714
v 1.985147 11.195600 3.194244
v 1.967332 11.226456 3.174732
v 1.949259 11.257759 3.156192
v 1.930942 11.289485 3.138637
v 1.912394 11.321610 3.122081
v 1.893629 11.354113 3.106535
v 1.874660 11.386968 3.092011
v 1.855502 11.420152 3.078520
v 1.636335 11.799759 3.000550
v 1.656630 11.764608 3.002200
v 1.676894 11.729508 3.004948
v 1.697115 11.694486 3.008793
v 1.717275 11.659566 3.013732
v 1.737362 11.624776 3.019760
v 1.757359 11.590138 3.026875
v 1.777253 11.555681 3.035069
v 1.797029 11.521429 3.044338
v 1.816672 11.487407 3.054675
v 1.836167 11.453639 3.066072
v 1.595480 11.870522 3.000563
v 1.574950 11.906082 3.002251
v 1.554450 11.941588 3.005064
v 1.533997 11.977014 3.008999
v 1.513605 12.012333 3.014052
v 1.493291 12.047520 3.020221
v 1.473068 12.082546 3.027501
v 1.452953 12.117387 3.035886
v 1.432960 12.152016 3.045370
v 1.413104 12.186406 3.055946
v 1.393401 12.220533 3.067605
v -0.000000 13.788675 1.000000
v 2.098076 15.000000 1.000000
v -2.098076 15.000000 4.510000
v -0.366025 14.000000 4.510000
v -2.098076 15.000000 1.000000
v -1.085695 12.753495 5.560660
v -0.707161 13.409136 6.222372
v -0.730677 13.368404 6.270696
v -0.754840 13.326554 6.317729
v -1.100422 12.727987 5.589318
v -0.779630 13.283616 6.363436
v -1.071366 12.778314 5.531206
v -0.684308 13.448719 6.172791
v -1.057446 12.802423 5.500978
v -0.662134 13.487125 6.121992
v -1.115536 12.701809 5.617158
v -0.805029 13.239623 6.407784
v -1.131026 12.674980 5.644160
v -0.831020 13.194605 6.450739
v -1.043945 12.825809 5.469999
v -0.640656 13.524326 6.070010
v -1.146880 12.647521 5.670303
v -0.857584 13.148597 6.492272
v -1.030874 12.848449 5.438292
v -0.619890 13.560294 6.016884
v -1.163085 12.619452 5.695568
v -0.884699 13.101631 6.532350
v -1.018242 12.870328 5.405880
v -0.599850 13.595003 5.962653
v -1.179631 12.590794 5.719934
v -0.912347 13.053742 6.570946
v -1.006058 12.891431 5.372788
v -0.580553 13.628428 5.907356
v -1.196505 12.561568 5.743386
v -0.940508 13.004967 6.608029
v -0.994332 12.911740 5.339042
v -0.562011 13.660543 5.851034
v -1.213693 12.531797 5.765904
v -0.969161 12.955338 6.643574
v -0.983073 12.931242 5.304665
v -0.544238 13.691326 5.793729
v -1.231183 12.501503 5.787472
v -0.998284 12.904896 6.677555
v -0.972289 12.949921 5.269685
v -0.527248 13.720754 5.735483
v -1.248962 12.470709 5.808074
v -1.027857 12.853674 6.709945
v -0.961988 12.967762 5.234127
v -0.511053 13.748805 5.676337
v -1.267017 12.439438 5.827694
v -1.057857 12.801712 6.740722
v -0.952178 12.984754 5.198018
v -0.495664 13.775458 5.616336
v -1.285333 12.407712 5.846317
v -1.088264 12.749047 6.769863
v -0.942867 13.000881 5.161385
v -0.481094 13.800695 5.555524
v -1.303898 12.375557 5.863930
v -1.119053 12.695718 6.797346
v -0.934060 13.016134 5.124255
v -0.467352 13.824496 5.493945
v -1.322697 12.342997 5.880519
v -1.150203 12.641764 6.823152
v -0.925766 13.030501 5.086657
v -0.454449 13.846846 5.431644
v -1.341716 12.310054 5.896072
v -1.181692 12.587224 6.847261
v -0.917989 13.043970 5.048619
v -0.442395 13.867724 5.368667
v -1.360941 12.276755 5.910577
v -1.213495 12.532140 6.869657
v -0.910737 13.056532 5.010169
v -0.431197 13.887119 5.305061
v -1.380358 12.243125 5.924024
v -1.245590 12.476550 6.890321
v -0.904014 13.068177 4.971335
v -0.420865 13.905015 5.240871
v -1.399951 12.209188 5.936401
v -1.277953 12.420496 6.909239
v -0.897825 13.078897 4.932148
v -0.411406 13.921399 5.176146
v -1.419707 12.174971 5.947700
v -1.310560 12.364018 6.926398
v -0.892175 13.088681 4.892637
v -0.402826 13.936259 5.110931
v -1.439610 12.140497 5.957913
v -1.343387 12.307159 6.941785
v -0.887069 13.097526 4.852831
v -0.395133 13.949585 5.045276
v -1.459645 12.105795 5.967031
v -1.376411 12.249961 6.955389
v -0.882510 13.105423 4.812761
v -0.388331 13.961365 4.979229
v -1.479798 12.070889 5.975049
v -1.409607 12.192464 6.967198
v -0.878501 13.112366 4.772455
v -0.382426 13.971593 4.912837
v -1.500053 12.035807 5.981959
v -1.442950 12.134711 6.977206
v -0.875046 13.118350 4.731946
v -0.377423 13.980259 4.846150
v -1.520395 12.000573 5.987756
v -1.476417 12.076745 6.985404
v -0.872147 13.123371 4.691261
v -0.373324 13.987359 4.779216
v -1.540809 11.965216 5.992437
v -1.509983 12.018608 6.991786
v -0.869807 13.127425 4.650434
v -0.370132 13.992887 4.712085
v -1.561279 11.929760 5.995998
v -1.543622 11.960342 6.996348
v -0.868026 13.130509 4.609493
v -0.367851 13.996838 4.644806
v -1.581790 11.894234 5.998436
v -1.577312 11.901991 6.999087
v -0.866807 13.132621 4.568470
v -0.366482 13.999209 4.577428
v -1.602327 11.858663 5.999750
v -1.611025 11.843596 7.000000
v -0.866150 13.133758 4.527396
v -1.622875 11.823073 5.999938
v -1.621025 11.826276 7.000000
v -1.654739 11.767882 6.999087
v -0.866057 13.133921 4.486301
v -1.643417 11.787493 5.998999
v -1.688428 11.709531 6.996348
v -0.866526 13.133108 4.445217
v -1.663939 11.751948 5.996936
v -1.722068 11.651265 6.991786
v -0.867557 13.131321 4.404174
v -1.684424 11.716466 5.993749
v -1.755634 11.593128 6.985404
v -0.869151 13.128561 4.363202
v -1.704859 11.681073 5.989441
v -1.789100 11.535162 6.977206
v -0.871305 13.124830 4.322334
v -1.725226 11.645795 5.984015
v -1.822444 11.477409 6.967198
v -0.874018 13.120131 4.281598
v -1.745512 11.610660 5.977475
v -1.855640 11.419912 6.955389
v -0.877288 13.114468 4.241027
v -1.765700 11.575691 5.969826
v -1.888664 11.362713 6.941785
v -0.881112 13.107843 4.200650
v -1.785777 11.540918 5.961074
v -1.921491 11.305855 6.926398
v -0.885488 13.100264 4.160498
v -1.805725 11.506367 5.951226
v -1.954098 11.249377 6.909239
v -0.890413 13.091735 4.120600
v -1.825532 11.472061 5.940288
v -1.986461 11.193323 6.890321
v -0.895882 13.082262 4.080987
v -1.845181 11.438027 5.928268
v -2.018556 11.137733 6.869657
v -0.901891 13.071854 4.041689
v -1.864658 11.404292 5.915177
v -2.050359 11.082648 6.847261
v -0.908437 13.060516 4.002735
v -1.883949 11.370880 5.901024
v -2.081847 11.028110 6.823152
v -0.915513 13.048259 3.964154
v -1.903038 11.337816 5.885819
v -2.112998 10.974155 6.797346
v -0.923116 13.035091 3.925975
v -1.921912 11.305125 5.869574
v -2.143787 10.920826 6.769863
v -0.931238 13.021023 3.888227
v -1.940556 11.272833 5.852301
v -2.174193 10.868161 6.740722
v -0.939875 13.006063 3.850938
v -1.958957 11.240961 5.834013
v -2.204194 10.816198 6.709945
v -0.949019 12.990226 3.814137
v -1.977100 11.209536 5.814724
v -2.233767 10.764977 6.677555
v -0.958663 12.973521 3.777850
v -1.994973 11.178580 5.794448
v -2.262890 10.714534 6.643574
v -0.968801 12.955961 3.742105
v -2.012561 11.148117 5.773200
v -2.291543 10.664907 6.608029
v -0.979425 12.937560 3.706929
v -2.029851 11.118169 5.750997
v -2.319703 10.616131 6.570946
v -0.990527 12.918331 3.672348
v -2.046831 11.088759 5.727854
v -2.347352 10.568242 6.532350
v -1.002098 12.898290 3.638389
v -2.063487 11.059910 5.703791
v -2.374467 10.521276 6.492272
v -1.014130 12.877450 3.605076
v -2.079808 11.031642 5.678823
v -2.401030 10.475268 6.450739
v -1.026614 12.855827 3.572435
v -2.095780 11.003977 5.652971
v -2.427021 10.430250 6.407784
v -1.039540 12.833439 3.540490
v -2.111392 10.976935 5.626253
v -2.452421 10.386256 6.363436
v -1.052899 12.810300 3.509266
v -2.126633 10.950539 5.598690
v -2.477211 10.343319 6.317729
v -1.066680 12.786430 3.478785
v -2.141490 10.924805 5.570302
v -1.080874 12.761846 3.449070
v -2.501373 10.301469 6.270696
v -2.155953 10.899755 5.541111
v -1.095470 12.736566 3.420145
v -2.524890 10.260737 6.222372
v -2.170011 10.875406 5.511139
v -1.110456 12.710608 3.392030
v -1.125822 12.683994 3.364746
v -2.547743 10.221153 6.172791
v -2.183652 10.851778 5.480407
v -1.141555 12.656743 3.338315
v -1.157645 12.628875 3.312755
v -2.569917 10.182748 6.121992
v -2.196868 10.828888 5.448940
v -1.174079 12.600410 3.288087
v -2.591395 10.145547 6.070010
v -2.209648 10.806752 5.416760
v -1.190845 12.571371 3.264328
v -1.207929 12.541780 3.241497
v -2.612161 10.109578 6.016884
v -2.221982 10.785389 5.383893
v -1.225320 12.511658 3.219610
v -1.243004 12.481028 3.198685
v -2.632200 10.074869 5.962653
v -2.233861 10.764813 5.350362
v -1.260969 12.449913 3.178736
v -2.651498 10.041445 5.907356
v -2.245277 10.745041 5.316193
v -1.279199 12.418336 3.159779
v -1.297683 12.386322 3.141828
v -2.670040 10.009330 5.851034
v -2.256220 10.726087 5.281411
v -1.316405 12.353893 3.124896
v -1.335353 12.321075 3.108996
v -2.687813 9.978547 5.793729
v -2.266683 10.707965 5.246042
v -1.354511 12.287893 3.094141
v -1.373865 12.254371 3.080340
v -2.704803 9.949119 5.735483
v -2.276657 10.690688 5.210114
v -2.720998 9.921068 5.676337
v -2.286136 10.674271 5.173652
v -2.736386 9.894414 5.616336
v -2.295112 10.658725 5.136685
v -2.750957 9.869178 5.555524
v -2.303577 10.644061 5.099240
v -2.764699 9.845376 5.493945
v -2.311527 10.630292 5.061346
v -2.777601 9.823028 5.431644
v -2.318955 10.617427 5.023029
v -2.789656 9.802149 5.368667
v -2.325855 10.605475 4.984321
v -2.800853 9.782754 5.305061
v -2.332223 10.594446 4.945249
v -2.811186 9.764858 5.240871
v -2.820645 9.748474 5.176146
v -2.338053 10.584349 4.905842
v -2.829225 9.733614 5.110931
v -2.343340 10.575191 4.866131
v -2.836918 9.720288 5.045276
v -2.348082 10.566977 4.826145
v -2.843719 9.708508 4.979229
v -2.352275 10.559715 4.785915
v -2.849624 9.698280 4.912837
v -2.355915 10.553411 4.745470
v -2.854628 9.689613 4.846150
v -2.358999 10.548068 4.704840
v -2.858727 9.682514 4.779216
v -2.361526 10.543692 4.664057
v -2.861918 9.676987 4.712085
v -2.363493 10.540284 4.623150
v -2.864199 9.673036 4.644806
v -2.364900 10.537848 4.582152
v -2.865569 9.670664 4.577428
v -2.365744 10.536386 4.541091
v -2.866025 9.669873 4.510000
v -2.338688 10.583248 4.098708
v -2.343856 10.574296 4.137993
v -2.332989 10.593119 4.059716
v -2.326765 10.603899 4.021048
v -2.366025 10.535898 4.500000
v -2.365750 10.536375 4.459381
v -2.364925 10.537804 4.418792
v -2.363551 10.540184 4.378262
v -2.361629 10.543513 4.337821
v -2.359160 10.547791 4.297500
v -2.356145 10.553011 4.257327
v -2.352588 10.559173 4.217332
v -2.348491 10.566269 4.177544
v -2.320020 10.615582 3.982731
v -2.312758 10.628160 3.944793
v -2.304985 10.641623 3.907262
v -2.296707 10.655961 3.870166
v -2.287930 10.671165 3.833532
v -2.278659 10.687221 3.797387
v -2.268903 10.704119 3.761758
v -2.258668 10.721847 3.726669
v -2.247962 10.740390 3.692148
v -2.236792 10.759737 3.658219
v -2.225167 10.779872 3.624908
v -2.213095 10.800781 3.592239
v -2.200585 10.822449 3.560235
v -2.187647 10.844859 3.528921
v -2.174289 10.867995 3.498318
v -2.160522 10.891841 3.468451
v -2.146355 10.916378 3.439340
v -2.131800 10.941588 3.411007
v -2.116866 10.967455 3.383472
v -2.101565 10.993957 3.356757
v -2.085908 11.021076 3.330880
v -2.069906 11.048792 3.305861
v -2.053571 11.077085 3.281717
v -2.036916 11.105933 3.258466
v -2.019951 11.135316 3.236127
v -2.002691 11.165213 3.214714
v -1.985147 11.195600 3.194244
v -1.967332 11.226456 3.174732
v -1.949259 11.257759 3.156192
v -1.930942 11.289485 3.138637
v -1.912394 11.321610 3.122081
v -1.893629 11.354113 3.106535
v -1.874660 11.386968 3.092011
v -1.855502 11.420152 3.078520
v -1.636335 11.799759 3.000550
v -1.656630 11.764608 3.002200
v -1.676894 11.729508 3.004948
v -1.697115 11.694486 3.008793
v -1.717275 11.659566 3.013732
v -1.737362 11.624776 3.019760
v -1.757359 11.590138 3.026875
v -1.777253 11.555681 3.035069
v -1.797029 11.521429 3.044338
v -1.816672 11.487407 3.054675
v -1.836167 11.453639 3.066072
v -1.595480 11.870522 3.000563
v -1.574950 11.906082 3.002251
v -1.554450 11.941588 3.005064
v -1.533997 11.977014 3.008999
v -1.513605 12.012333 3.014052
v -1.493291 12.047520 3.020221
v -1.473068 12.082546 3.027501
v -1.452953 12.117387 3.035886
v -1.432960 12.152016 3.045370
v -1.413104 12.186406 3.055946
v -1.393401 12.220533 3.067605
v -4.598076 10.669873 1.000000
v -4.598076 10.669873 4.510000
v -10.502003 -7.316988 5.560660
v -11.259071 -7.316988 6.222372
v -11.212039 -7.316988 6.270696
v -11.163714 -7.316988 6.317729
v -10.472549 -7.316988 5.589318
v -11.114135 -7.316988 6.363436
v -10.530661 -7.316988 5.531206
v -11.304779 -7.316988 6.172791
v -10.558501 -7.316988 5.500978
v -11.349127 -7.316988 6.121992
v -10.442321 -7.316988 5.617158
v -11.063334 -7.316988 6.407784
v -10.411342 -7.316988 5.644160
v -11.011353 -7.316988 6.450739
v -10.585503 -7.316988 5.469999
v -11.392082 -7.316988 6.070010
v -10.379635 -7.316988 5.670303
v -10.958227 -7.316988 6.492272
v -10.611646 -7.316988 5.438292
v -11.433615 -7.316988 6.016884
v -10.347223 -7.316988 5.695568
v -10.903996 -7.316988 6.532350
v -10.636910 -7.316988 5.405880
v -11.473693 -7.316988 5.962653
v -10.314132 -7.316988 5.719934
v -10.848699 -7.316988 6.570946
v -10.661278 -7.316988 5.372788
v -11.512288 -7.316988 5.907356
v -10.280385 -7.316988 5.743386
v -10.792377 -7.316988 6.608029
v -10.684729 -7.316988 5.339042
v -11.549373 -7.316988 5.851034
v -10.246008 -7.316988 5.765904
v -10.735072 -7.316988 6.643574
v -10.707248 -7.316988 5.304665
v -11.584917 -7.316988 5.793729
v -10.211028 -7.316988 5.787472
v -10.676826 -7.316988 6.677555
v -10.728815 -7.316988 5.269685
v -11.618897 -7.316988 5.735483
v -10.175469 -7.316988 5.808074
v -10.617680 -7.316988 6.709945
v -10.749417 -7.316988 5.234127
v -11.651288 -7.316988 5.676337
v -10.139360 -7.316988 5.827694
v -10.557679 -7.316988 6.740722
v -10.769037 -7.316988 5.198018
v -11.682065 -7.316988 5.616336
v -10.102728 -7.316988 5.846317
v -10.496867 -7.316988 6.769863
v -10.787661 -7.316988 5.161385
v -11.711205 -7.316988 5.555524
v -10.065598 -7.316988 5.863930
v -10.435287 -7.316988 6.797346
v -10.805273 -7.316988 5.124255
v -11.738689 -7.316988 5.493945
v -10.028000 -7.316988 5.880519
v -10.372987 -7.316988 6.823152
v -10.821862 -7.316988 5.086657
v -11.764495 -7.316988 5.431644
v -9.989962 -7.316988 5.896072
v -10.310010 -7.316988 6.847261
v -10.837415 -7.316988 5.048619
v -11.788605 -7.316988 5.368667
v -9.951511 -7.316988 5.910577
v -10.246404 -7.316988 6.869657
v -10.851920 -7.316988 5.010169
v -11.810999 -7.316988 5.305061
v -9.912679 -7.316988 5.924024
v -10.182214 -7.316988 6.890321
v -10.865366 -7.316988 4.971335
v -11.831664 -7.316988 5.240871
v -9.873491 -7.316988 5.936401
v -10.117489 -7.316988 6.909239
v -10.877744 -7.316988 4.932148
v -11.850582 -7.316988 5.176146
v -9.833981 -7.316988 5.947700
v -10.052275 -7.316988 6.926398
v -10.889043 -7.316988 4.892637
v -11.867742 -7.316988 5.110931
v -9.794174 -7.316988 5.957913
v -9.986619 -7.316988 6.941785
v -10.899256 -7.316988 4.852831
v -11.883128 -7.316988 5.045276
v -9.754104 -7.316988 5.967031
v -9.920572 -7.316988 6.955389
v -10.908374 -7.316988 4.812761
v -11.896731 -7.316988 4.979229
v -9.713799 -7.316988 5.975049
v -9.854180 -7.316988 6.967198
v -10.916391 -7.316988 4.772455
v -11.908541 -7.316988 4.912837
v -9.673288 -7.316988 5.981959
v -9.787493 -7.316988 6.977206
v -10.923302 -7.316988 4.731946
v -11.918549 -7.316988 4.846150
v -9.632605 -7.316988 5.987756
v -9.720559 -7.316988 6.985404
v -10.929099 -7.316988 4.691261
v -11.926746 -7.316988 4.779216
v -9.591777 -7.316988 5.992437
v -9.653428 -7.316988 6.991786
v -10.933781 -7.316988 4.650434
v -11.933129 -7.316988 4.712085
v -9.550836 -7.316988 5.995998
v -9.586149 -7.316988 6.996348
v -10.937342 -7.316988 4.609493
v -11.937691 -7.316988 4.644806
v -9.509813 -7.316988 5.998436
v -9.518770 -7.316988 6.999087
v -10.939779 -7.316988 4.568470
v -11.940430 -7.316988 4.577428
v -9.468740 -7.316988 5.999750
v -9.451343 -7.316988 7.000000
v -10.941092 -7.316988 4.527396
v -11.941343 -7.316988 4.510000
v -9.427645 -7.316988 5.999938
v -9.363915 -7.316988 6.999087
v -10.941280 -7.316988 4.486301
v -9.386559 -7.316988 5.998999
v -9.296537 -7.316988 6.996348
v -10.940342 -7.316988 4.445217
v -9.345516 -7.316988 5.996936
v -9.229258 -7.316988 6.991786
v -10.938279 -7.316988 4.404174
v -9.304545 -7.316988 5.993749
v -9.162127 -7.316988 6.985404
v -10.935092 -7.316988 4.363202
v -9.263677 -7.316988 5.989441
v -9.095193 -7.316988 6.977206
v -10.930784 -7.316988 4.322334
v -9.222941 -7.316988 5.984015
v -9.028505 -7.316988 6.967198
v -10.925358 -7.316988 4.281598
v -9.182370 -7.316988 5.977475
v -8.962114 -7.316988 6.955389
v -10.918818 -7.316988 4.241027
v -9.141993 -7.316988 5.969826
v -8.896067 -7.316988 6.941785
v -10.911169 -7.316988 4.200650
v -9.101840 -7.316988 5.961074
v -8.830412 -7.316988 6.926398
v -10.902417 -7.316988 4.160498
v -9.061943 -7.316988 5.951226
v -8.765198 -7.316988 6.909239
v -10.892569 -7.316988 4.120600
v -9.022330 -7.316988 5.940288
v -8.700472 -7.316988 6.890321
v -10.881631 -7.316988 4.080987
v -8.983032 -7.316988 5.928268
v -8.636282 -7.316988 6.869657
v -10.869612 -7.316988 4.041689
v -8.944077 -7.316988 5.915177
v -8.572676 -7.316988 6.847261
v -10.856521 -7.316988 4.002735
v -8.905497 -7.316988 5.901024
v -8.509699 -7.316988 6.823152
v -10.842367 -7.316988 3.964154
v -8.867318 -7.316988 5.885819
v -8.447398 -7.316988 6.797346
v -10.827162 -7.316988 3.925975
v -8.829570 -7.316988 5.869574
v -8.385819 -7.316988 6.769863
v -10.810917 -7.316988 3.888227
v -8.792281 -7.316988 5.852301
v -8.325006 -7.316988 6.740722
v -10.793644 -7.316988 3.850938
v -8.755480 -7.316988 5.834013
v -8.265006 -7.316988 6.709945
v -10.775356 -7.316988 3.814137
v -8.719193 -7.316988 5.814724
v -8.205860 -7.316988 6.677555
v -10.756067 -7.316988 3.777850
v -8.683448 -7.316988 5.794448
v -8.147614 -7.316988 6.643574
v -10.735791 -7.316988 3.742105
v -8.648272 -7.316988 5.773200
v -8.090309 -7.316988 6.608029
v -10.714543 -7.316988 3.706929
v -8.613691 -7.316988 5.750997
v -8.033987 -7.316988 6.570946
v -10.692340 -7.316988 3.672348
v -8.579732 -7.316988 5.727854
v -7.978691 -7.316988 6.532350
v -10.669197 -7.316988 3.638389
v -8.546419 -7.316988 5.703791
v -7.924459 -7.316988 6.492272
v -10.645133 -7.316988 3.605076
v -8.513778 -7.316988 5.678823
v -7.871333 -7.316988 6.450739
v -10.620166 -7.316988 3.572435
v -8.481833 -7.316988 5.652971
v -7.819351 -7.316988 6.407784
v -10.594314 -7.316988 3.540490
v -8.450609 -7.316988 5.626253
v -7.768551 -7.316988 6.363436
v -10.567596 -7.316988 3.509266
v -8.420128 -7.316988 5.598690
v -7.718971 -7.316988 6.317729
v -10.540033 -7.316988 3.478785
v -8.390413 -7.316988 5.570302
v -10.511645 -7.316988 3.449070
v -7.670647 -7.316988 6.270696
v -8.361487 -7.316988 5.541111
v -10.482454 -7.316988 3.420145
v -7.623614 -7.316988 6.222372
v -8.333373 -7.316988 5.511139
v -10.452482 -7.316988 3.392030
v -10.421750 -7.316988 3.364746
v -7.577907 -7.316988 6.172791
v -8.306089 -7.316988 5.480407
v -10.390283 -7.316988 3.338315
v -10.358104 -7.316988 3.312755
v -7.533559 -7.316988 6.121992
v -8.279657 -7.316988 5.448940
v -10.325236 -7.316988 3.288087
v -7.490603 -7.316988 6.070010
v -8.254098 -7.316988 5.416760
v -10.291705 -7.316988 3.264328
v -10.257535 -7.316988 3.241497
v -7.449071 -7.316988 6.016884
v -8.229430 -7.316988 5.383893
v -10.222754 -7.316988 3.219610
v -10.187385 -7.316988 3.198685
v -7.408993 -7.316988 5.962653
v -8.205671 -7.316988 5.350362
v -10.151457 -7.316988 3.178736
v -7.370398 -7.316988 5.907356
v -8.182840 -7.316988 5.316193
v -10.114995 -7.316988 3.159779
v -10.078028 -7.316988 3.141828
v -7.333313 -7.316988 5.851034
v -8.160954 -7.316988 5.281411
v -10.040583 -7.316988 3.124896
v -10.002688 -7.316988 3.108996
v -7.297769 -7.316988 5.793729
v -8.140028 -7.316988 5.246042
v -9.964373 -7.316988 3.094141
v -9.925664 -7.316988 3.080340
v -7.263788 -7.316988 5.735483
v -8.120079 -7.316988 5.210114
v -7.231398 -7.316988 5.676337
v -8.101122 -7.316988 5.173652
v -7.200621 -7.316988 5.616336
v -8.083171 -7.316988 5.136685
v -7.171480 -7.316988 5.555524
v -8.066238 -7.316988 5.099240
v -7.143997 -7.316988 5.493945
v -8.050339 -7.316988 5.061346
v -7.118191 -7.316988 5.431644
v -8.035483 -7.316988 5.023029
v -7.094081 -7.316988 5.368667
v -8.021684 -7.316988 4.984321
v -7.071687 -7.316988 5.305061
v -8.008948 -7.316988 4.945249
v -7.051022 -7.316988 5.240871
v -7.032104 -7.316988 5.176146
v -7.997289 -7.316988 4.905842
v -7.014945 -7.316988 5.110931
v -7.986713 -7.316988 4.866131
v -6.999558 -7.316988 5.045276
v -7.977229 -7.316988 4.826145
v -6.985955 -7.316988 4.979229
v -7.968844 -7.316988 4.785915
v -6.974145 -7.316988 4.912837
v -7.961565 -7.316988 4.745470
v -6.964138 -7.316988 4.846150
v -7.955395 -7.316988 4.704840
v -6.955939 -7.316988 4.779216
v -7.950342 -7.316988 4.664057
v -6.949557 -7.316988 4.712085
v -7.946407 -7.316988 4.623150
v -6.944995 -7.316988 4.644806
v -7.943594 -7.316988 4.582152
v -6.942256 -7.316988 4.577428
v -7.941906 -7.316988 4.541091
v -6.941343 -7.316988 4.510000
v -7.996018 -7.316988 4.098708
v -7.985681 -7.316988 4.137993
v -8.007415 -7.316988 4.059716
v -8.019863 -7.316988 4.021048
v -7.941343 -7.316988 4.500000
v -7.941893 -7.316988 4.459381
v -7.943543 -7.316988 4.418792
v -7.946291 -7.316988 4.378262
v -7.950136 -7.316988 4.337821
v -7.955075 -7.316988 4.297500
v -7.961103 -7.316988 4.257327
v -7.968217 -7.316988 4.217332
v -7.976412 -7.316988 4.177544
v -8.033354 -7.316988 3.982731
v -8.047878 -7.316988 3.944793
v -8.063423 -7.316988 3.907262
v -8.079980 -7.316988 3.870166
v -8.097534 -7.316988 3.833532
v -8.116075 -7.316988 3.797387
v -8.135587 -7.316988 3.761758
v -8.156057 -7.316988 3.726669
v -8.177470 -7.316988 3.692148
v -8.199809 -7.316988 3.658219
v -8.223060 -7.316988 3.624908
v -8.247204 -7.316988 3.592239
v -8.272223 -7.316988 3.560235
v -8.298100 -7.316988 3.528921
v -8.324816 -7.316988 3.498318
v -8.352349 -7.316988 3.468451
v -8.380683 -7.316988 3.439340
v -8.409794 -7.316988 3.411007
v -8.439661 -7.316988 3.383472
v -8.470263 -7.316988 3.356757
v -8.501578 -7.316988 3.330880
v -8.533582 -7.316988 3.305861
v -8.566251 -7.316988 3.281717
v -8.599563 -7.316988 3.258466
v -8.633491 -7.316988 3.236127
v -8.668013 -7.316988 3.214714
v -8.703100 -7.316988 3.194244
v -8.738730 -7.316988 3.174732
v -8.774876 -7.316988 3.156192
v -8.811509 -7.316988 3.138637
v -8.848605 -7.316988 3.122081
v -8.886136 -7.316988 3.106535
v -8.924073 -7.316988 3.092011
v -8.962391 -7.316988 3.078520
v -9.400723 -7.316988 3.000550
v -9.360134 -7.316988 3.002200
v -9.319605 -7.316988 3.004948
v -9.279164 -7.316988 3.008793
v -9.238843 -7.316988 3.013732
v -9.198670 -7.316988 3.019760
v -9.158675 -7.316988 3.026875
v -9.118887 -7.316988 3.035069
v -9.079336 -7.316988 3.044338
v -9.040051 -7.316988 3.054675
v -9.001060 -7.316988 3.066072
v -9.482434 -7.316988 3.000563
v -9.523495 -7.316988 3.002251
v -9.564493 -7.316988 3.005064
v -9.605400 -7.316988 3.008999
v -9.646183 -7.316988 3.014052
v -9.686812 -7.316988 3.020221
v -9.727258 -7.316988 3.027501
v -9.767488 -7.316988 3.035886
v -9.807474 -7.316988 3.045370
v -9.847185 -7.316988 3.055946
v -9.886591 -7.316988 3.067605
v -6.941343 -9.316987 4.510000
v -6.941343 -7.316988 3.000000
v -6.941343 -6.316988 1.000000
v -0.000000 -2.309401 1.000000
v 6.941343 -6.316988 1.000000
v 6.941343 -7.316988 3.000000
v 6.941343 -9.316987 4.510000
v 11.259071 -7.316988 6.222372
v 10.502003 -7.316988 5.560660
v 11.212039 -7.316988 6.270696
v 11.163714 -7.316988 6.317729
v 10.472549 -7.316988 5.589318
v 11.114135 -7.316988 6.363436
v 11.304779 -7.316988 6.172791
v 10.530661 -7.316988 5.531206
v 11.349127 -7.316988 6.121992
v 10.558501 -7.316988 5.500978
v 10.442321 -7.316988 5.617158
v 11.063334 -7.316988 6.407784
v 10.411342 -7.316988 5.644160
v 11.011353 -7.316988 6.450739
v 11.392082 -7.316988 6.070010
v 10.585503 -7.316988 5.469999
v 10.379635 -7.316988 5.670303
v 10.958227 -7.316988 6.492272
v 11.433615 -7.316988 6.016884
v 10.611646 -7.316988 5.438292
v 10.347223 -7.316988 5.695568
v 10.903996 -7.316988 6.532350
v 11.473693 -7.316988 5.962653
v 10.636910 -7.316988 5.405880
v 10.314132 -7.316988 5.719934
v 10.848699 -7.316988 6.570946
v 10.661278 -7.316988 5.372788
v 11.512288 -7.316988 5.907356
v 10.280385 -7.316988 5.743386
v 10.792377 -7.316988 6.608029
v 10.684729 -7.316988 5.339042
v 11.549373 -7.316988 5.851034
v 10.246008 -7.316988 5.765904
v 10.735072 -7.316988 6.643574
v 10.707248 -7.316988 5.304665
v 11.584917 -7.316988 5.793729
v 10.211028 -7.316988 5.787472
v 10.676826 -7.316988 6.677555
v 10.728815 -7.316988 5.269685
v 11.618897 -7.316988 5.735483
v 10.175469 -7.316988 5.808074
v 10.617680 -7.316988 6.709945
v 10.749417 -7.316988 5.234127
v 11.651288 -7.316988 5.676337
v 10.139360 -7.316988 5.827694
v 10.557679 -7.316988 6.740722
v 11.682065 -7.316988 5.616336
v 10.769037 -7.316988 5.198018
v 10.102728 -7.316988 5.846317
v 10.496867 -7.316988 6.769863
v 11.711205 -7.316988 5.555524
v 10.787661 -7.316988 5.161385
v 10.065598 -7.316988 5.863930
v 10.435287 -7.316988 6.797346
v 10.805273 -7.316988 5.124255
v 11.738689 -7.316988 5.493945
v 10.028000 -7.316988 5.880519
v 10.372987 -7.316988 6.823152
v 11.764495 -7.316988 5.431644
v 10.821862 -7.316988 5.086657
v 9.989962 -7.316988 5.896072
v 10.310010 -7.316988 6.847261
v 11.788605 -7.316988 5.368667
v 10.837415 -7.316988 5.048619
v 9.951511 -7.316988 5.910577
v 10.246404 -7.316988 6.869657
v 11.810999 -7.316988 5.305061
v 10.851920 -7.316988 5.010169
v 9.912679 -7.316988 5.924024
v 10.182214 -7.316988 6.890321
v 11.831664 -7.316988 5.240871
v 10.865366 -7.316988 4.971335
v 9.873491 -7.316988 5.936401
v 10.117489 -7.316988 6.909239
v 11.850582 -7.316988 5.176146
v 10.877744 -7.316988 4.932148
v 9.833981 -7.316988 5.947700
v 10.052275 -7.316988 6.926398
v 11.867742 -7.316988 5.110931
v 10.889043 -7.316988 4.892637
v 9.794174 -7.316988 5.957913
v 9.986619 -7.316988 6.941785
v 11.883128 -7.316988 5.045276
v 10.899256 -7.316988 4.852831
v 9.754104 -7.316988 5.967031
v 9.920572 -7.316988 6.955389
v 11.896731 -7.316988 4.979229
v 10.908374 -7.316988 4.812761
v 9.713799 -7.316988 5.975049
v 9.854180 -7.316988 6.967198
v 11.908541 -7.316988 4.912837
v 10.916391 -7.316988 4.772455
v 9.673288 -7.316988 5.981959
v 9.787493 -7.316988 6.977206
v 11.918549 -7.316988 4.846150
v 10.923302 -7.316988 4.731946
v 9.632605 -7.316988 5.987756
v 9.720559 -7.316988 6.985404
v 11.926746 -7.316988 4.779216
v 10.929099 -7.316988 4.691261
v 9.591777 -7.316988 5.992437
v 9.653428 -7.316988 6.991786
v 11.933129 -7.316988 4.712085
v 10.933781 -7.316988 4.650434
v 9.550836 -7.316988 5.995998
v 9.586149 -7.316988 6.996348
v 11.937691 -7.316988 4.644806
v 10.937342 -7.316988 4.609493
v 9.509813 -7.316988 5.998436
v 9.518770 -7.316988 6.999087
v 11.940430 -7.316988 4.577428
v 10.939779 -7.316988 4.568470
v 9.468740 -7.316988 5.999750
v 10.941092 -7.316988 4.527396
v 9.427645 -7.316988 5.999938
v 9.363915 -7.316988 6.999087
v 10.941280 -7.316988 4.486301
v 9.386559 -7.316988 5.998999
v 9.296537 -7.316988 6.996348
v 10.940342 -7.316988 4.445217
v 9.345516 -7.316988 5.996936
v 9.229258 -7.316988 6.991786
v 10.938279 -7.316988 4.404174
v 9.304545 -7.316988 5.993749
v 9.162127 -7.316988 6.985404
v 10.935092 -7.316988 4.363202
v 9.263677 -7.316988 5.989441
v 9.095193 -7.316988 6.977206
v 10.930784 -7.316988 4.322334
v 9.222941 -7.316988 5.984015
v 9.028505 -7.316988 6.967198
v 10.925358 -7.316988 4.281598
v 9.182370 -7.316988 5.977475
v 8.962114 -7.316988 6.955389
v 10.918818 -7.316988 4.241027
v 9.141993 -7.316988 5.969826
v 8.896067 -7.316988 6.941785
v 10.911169 -7.316988 4.200650
v 9.101840 -7.316988 5.961074
v 8.830412 -7.316988 6.926398
v 10.902417 -7.316988 4.160498
v 9.061943 -7.316988 5.951226
v 8.765198 -7.316988 6.909239
v 10.892569 -7.316988 4.120600
v 9.022330 -7.316988 5.940288
v 8.700472 -7.316988 6.890321
v 10.881631 -7.316988 4.080987
v 8.983032 -7.316988 5.928268
v 8.636282 -7.316988 6.869657
v 10.869612 -7.316988 4.041689
v 8.944077 -7.316988 5.915177
v 8.572676 -7.316988 6.847261
v 10.856521 -7.316988 4.002735
v 8.905497 -7.316988 5.901024
v 8.509699 -7.316988 6.823152
v 10.842367 -7.316988 3.964154
v 8.867318 -7.316988 5.885819
v 8.447398 -7.316988 6.797346
v 10.827162 -7.316988 3.925975
v 8.829570 -7.316988 5.869574
v 8.385819 -7.316988 6.769863
v 10.810917 -7.316988 3.888227
v 8.792281 -7.316988 5.852301
v 8.325006 -7.316988 6.740722
v 10.793644 -7.316988 3.850938
v 8.755480 -7.316988 5.834013
v 8.265006 -7.316988 6.709945
v 10.775356 -7.316988 3.814137
v 8.719193 -7.316988 5.814724
v 8.205860 -7.316988 6.677555
v 10.756067 -7.316988 3.777850
v 8.683448 -7.316988 5.794448
v 8.147614 -7.316988 6.643574
v 10.735791 -7.316988 3.742105
v 8.648272 -7.316988 5.773200
v 8.090309 -7.316988 6.608029
v 10.714543 -7.316988 3.706929
v 8.613691 -7.316988 5.750997
v 8.033987 -7.316988 6.570946
v 10.692340 -7.316988 3.672348
v 8.579732 -7.316988 5.727854
v 7.978691 -7.316988 6.532350
v 10.669197 -7.316988 3.638389
v 8.546419 -7.316988 5.703791
v 7.924459 -7.316988 6.492272
v 10.645133 -7.316988 3.605076
v 8.513778 -7.316988 5.678823
v 7.871333 -7.316988 6.450739
v 10.620166 -7.316988 3.572435
v 8.481833 -7.316988 5.652971
v 7.819351 -7.316988 6.407784
v 10.594314 -7.316988 3.540490
v 8.450609 -7.316988 5.626253
v 7.768551 -7.316988 6.363436
v 10.567596 -7.316988 3.509266
v 8.420128 -7.316988 5.598690
v 7.718971 -7.316988 6.317729
v 10.540033 -7.316988 3.478785
v 8.390413 -7.316988 5.570302
v 10.511645 -7.316988 3.449070
v 7.670647 -7.316988 6.270696
v 8.361487 -7.316988 5.541111
v 10.482454 -7.316988 3.420145
v 7.623614 -7.316988 6.222372
v 8.333373 -7.316988 5.511139
v 10.452482 -7.316988 3.392030
v 10.421750 -7.316988 3.364746
v 8.306089 -7.316988 5.480407
v 7.577907 -7.316988 6.172791
v 10.390283 -7.316988 3.338315
v 10.358104 -7.316988 3.312755
v 8.279657 -7.316988 5.448940
v 7.533559 -7.316988 6.121992
v 10.325236 -7.316988 3.288087
v 8.254098 -7.316988 5.416760
v 7.490603 -7.316988 6.070010
v 10.291705 -7.316988 3.264328
v 10.257535 -7.316988 3.241497
v 8.229430 -7.316988 5.383893
v 7.449071 -7.316988 6.016884
v 10.222754 -7.316988 3.219610
v 10.187385 -7.316988 3.198685
v 8.205671 -7.316988 5.350362
v 7.408993 -7.316988 5.962653
v 10.151457 -7.316988 3.178736
v 7.370398 -7.316988 5.907356
v 8.182840 -7.316988 5.316193
v 10.114995 -7.316988 3.159779
v 10.078028 -7.316988 3.141828
v 7.333313 -7.316988 5.851034
v 8.160954 -7.316988 5.281411
v 10.040583 -7.316988 3.124896
v 10.002688 -7.316988 3.108996
v 7.297769 -7.316988 5.793729
v 8.140028 -7.316988 5.246042
v 9.964373 -7.316988 3.094141
v 9.925664 -7.316988 3.080340
v 7.263788 -7.316988 5.735483
v 8.120079 -7.316988 5.210114
v 7.231398 -7.316988 5.676337
v 8.101122 -7.316988 5.173652
v 7.200621 -7.316988 5.616336
v 8.083171 -7.316988 5.136685
v 7.171480 -7.316988 5.555524
v 8.066238 -7.316988 5.099240
v 7.143997 -7.316988 5.493945
v 8.050339 -7.316988 5.061346
v 7.118191 -7.316988 5.431644
v 8.035483 -7.316988 5.023029
v 8.021684 -7.316988 4.984321
v 7.094081 -7.316988 5.368667
v 7.071687 -7.316988 5.305061
v 8.008948 -7.316988 4.945249
v 7.051022 -7.316988 5.240871
v 7.997289 -7.316988 4.905842
v 7.032104 -7.316988 5.176146
v 7.014945 -7.316988 5.110931
v 7.986713 -7.316988 4.866131
v 6.999558 -7.316988 5.045276
v 7.977229 -7.316988 4.826145
v 6.985955 -7.316988 4.979229
v 7.968844 -7.316988 4.785915
v 6.974145 -7.316988 4.912837
v 7.961565 -7.316988 4.745470
v 6.964138 -7.316988 4.846150
v 7.955395 -7.316988 4.704840
v 6.955939 -7.316988 4.779216
v 7.950342 -7.316988 4.664057
v 6.949557 -7.316988 4.712085
v 7.946407 -7.316988 4.623150
v 6.944995 -7.316988 4.644806
v 7.943594 -7.316988 4.582152
v 6.942256 -7.316988 4.577428
v 7.941906 -7.316988 4.541091
v 7.996018 -7.316988 4.098708
v 6.941343 -7.316988 4.510000
v 7.985681 -7.316988 4.137993
v 8.007415 -7.316988 4.059716
v 8.019863 -7.316988 4.021048
v 7.941343 -7.316988 4.500000
v 7.941893 -7.316988 4.459381
v 7.943543 -7.316988 4.418792
v 7.946291 -7.316988 4.378262
v 7.950136 -7.316988 4.337821
v 7.955075 -7.316988 4.297500
v 7.961103 -7.316988 4.257327
v 7.968217 -7.316988 4.217332
v 7.976412 -7.316988 4.177544
v 8.033354 -7.316988 3.982731
v 8.047878 -7.316988 3.944793
v 8.063423 -7.316988 3.907262
v 8.079980 -7.316988 3.870166
v 8.097534 -7.316988 3.833532
v 8.116075 -7.316988 3.797387
v 8.135587 -7.316988 3.761758
v 8.156057 -7.316988 3.726669
v 8.177470 -7.316988 3.692148
v 8.199809 -7.316988 3.658219
v 8.223060 -7.316988 3.624908
v 8.247204 -7.316988 3.592239
v 8.272223 -7.316988 3.560235
v 8.298100 -7.316988 3.528921
v 8.324816 -7.316988 3.498318
v 8.352349 -7.316988 3.468451
v 8.380683 -7.316988 3.439340
v 8.409794 -7.316988 3.411007
v 8.439661 -7.316988 3.383472
v 8.470263 -7.316988 3.356757
v 8.501578 -7.316988 3.330880
v 8.533582 -7.316988 3.305861
v 8.566251 -7.316988 3.281717
v 8.599563 -7.316988 3.258466
v 8.633491 -7.316988 3.236127
v 8.668013 -7.316988 3.214714
v 8.703100 -7.316988 3.194244
v 8.738730 -7.316988 3.174732
v 8.774876 -7.316988 3.156192
v 8.811509 -7.316988 3.138637
v 8.848605 -7.316988 3.122081
v 8.886136 -7.316988 3.106535
v 8.924073 -7.316988 3.092011
v 8.962391 -7.316988 3.078520
v 9.441343 -7.316988 3.000000
v 9.400723 -7.316988 3.000550
v 9.360134 -7.316988 3.002200
v 9.319605 -7.316988 3.004948
v 9.279164 -7.316988 3.008793
v 9.238843 -7.316988 3.013732
v 9.198670 -7.316988 3.019760
v 9.158675 -7.316988 3.026875
v 9.118887 -7.316988 3.035069
v 9.079336 -7.316988 3.044338
v 9.040051 -7.316988 3.054675
v 9.001060 -7.316988 3.066072
v 9.482434 -7.316988 3.000563
v 9.523495 -7.316988 3.002251
v 9.564493 -7.316988 3.005064
v 9.605400 -7.316988 3.008999
v 9.646183 -7.316988 3.014052
v 9.686812 -7.316988 3.020221
v 9.727258 -7.316988 3.027501
v 9.767488 -7.316988 3.035886
v 9.807474 -7.316988 3.045370
v 9.847185 -7.316988 3.055946
v 9.886591 -7.316988 3.067605
v 11.941343 -7.316988 3.000000
v 11.941343 -7.316988 4.510000
v 11.941343 -6.894338 1.000000
v 11.941343 -6.894338 3.000000
v 11.941343 -9.316987 1.000000
v 12.307368 -6.683012 3.000000
v 14.039419 -5.683012 4.510000
v 11.587698 -5.436508 5.560660
v 11.966232 -6.092148 6.222372
v 11.942717 -6.051417 6.270696
v 11.918554 -6.009567 6.317729
v 11.572971 -5.411000 5.589318
v 11.893764 -5.966629 6.363436
v 11.602027 -5.461326 5.531206
v 11.989086 -6.131732 6.172791
v 11.615948 -5.485436 5.500978
v 12.011260 -6.170138 6.121992
v 11.557858 -5.384822 5.617158
v 11.868364 -5.922636 6.407784
v 11.542368 -5.357993 5.644160
v 11.842373 -5.877618 6.450739
v 11.629448 -5.508821 5.469999
v 12.032738 -6.207339 6.070010
v 11.526514 -5.330534 5.670303
v 11.815810 -5.831609 6.492272
v 11.642520 -5.531461 5.438292
v 12.053504 -6.243307 6.016884
v 11.510308 -5.302464 5.695568
v 11.788694 -5.784644 6.532350
v 11.655152 -5.553341 5.405880
v 12.073544 -6.278016 5.962653
v 11.493763 -5.273806 5.719934
v 11.761046 -5.736755 6.570946
v 11.667336 -5.574443 5.372788
v 12.092841 -6.311440 5.907356
v 11.476890 -5.244581 5.743386
v 11.732885 -5.687979 6.608029
v 11.679061 -5.594753 5.339042
v 12.111383 -6.343556 5.851034
v 11.459701 -5.214810 5.765904
v 11.704233 -5.638351 6.643574
v 11.690321 -5.614254 5.304665
v 12.129155 -6.374339 5.793729
v 11.442211 -5.184516 5.787472
v 11.675110 -5.587908 6.677555
v 11.701104 -5.632933 5.269685
v 12.146146 -6.403767 5.735483
v 11.424432 -5.153722 5.808074
v 11.645536 -5.536687 6.709945
v 11.711406 -5.650774 5.234127
v 12.162341 -6.431818 5.676337
v 11.406377 -5.122450 5.827694
v 11.615537 -5.484725 6.740722
v 11.721215 -5.667766 5.198018
v 12.177730 -6.458471 5.616336
v 11.388061 -5.090725 5.846317
v 11.585131 -5.432060 6.769863
v 11.730527 -5.683894 5.161385
v 12.192300 -6.483708 5.555524
v 11.369496 -5.058570 5.863930
v 11.554340 -5.378731 6.797346
v 11.739333 -5.699147 5.124255
v 12.206041 -6.507509 5.493945
v 11.350697 -5.026009 5.880519
v 11.523190 -5.324777 6.823152
v 11.747628 -5.713514 5.086657
v 12.218945 -6.529858 5.431644
v 11.331677 -4.993067 5.896072
v 11.491702 -5.270237 6.847261
v 11.755404 -5.726983 5.048619
v 12.230999 -6.550737 5.368667
v 11.312452 -4.959768 5.910577
v 11.459899 -5.215152 6.869657
v 11.762657 -5.739545 5.010169
v 12.242196 -6.570132 5.305061
v 11.293036 -4.926138 5.924024
v 11.427804 -5.159563 6.890321
v 11.769380 -5.751190 4.971335
v 12.252529 -6.588028 5.240871
v 11.273442 -4.892201 5.936401
v 11.395441 -5.103508 6.909239
v 11.775569 -5.761909 4.932148
v 12.261988 -6.604412 5.176146
v 11.253687 -4.857983 5.947700
v 11.362834 -5.047031 6.926398
v 11.781219 -5.771694 4.892637
v 12.270568 -6.619272 5.110931
v 11.233784 -4.823510 5.957913
v 11.330007 -4.990172 6.941785
v 11.786325 -5.780539 4.852831
v 12.278261 -6.632597 5.045276
v 11.213749 -4.788808 5.967031
v 11.296983 -4.932973 6.955389
v 11.790884 -5.788435 4.812761
v 12.285063 -6.644378 4.979229
v 11.193596 -4.753902 5.975049
v 11.263787 -4.875477 6.967198
v 11.794892 -5.795379 4.772455
v 12.290967 -6.654605 4.912837
v 11.173341 -4.718820 5.981959
v 11.230443 -4.817724 6.977206
v 11.798347 -5.801363 4.731946
v 12.295971 -6.663272 4.846150
v 11.152999 -4.683586 5.987756
v 11.196977 -4.759758 6.985404
v 11.801247 -5.806384 4.691261
v 12.300070 -6.670372 4.779216
v 11.132586 -4.648229 5.992437
v 11.163411 -4.701621 6.991786
v 11.803587 -5.810438 4.650434
v 12.303262 -6.675899 4.712085
v 11.112115 -4.612773 5.995998
v 11.129771 -4.643355 6.996348
v 11.805367 -5.813522 4.609493
v 12.305542 -6.679850 4.644806
v 11.091603 -4.577246 5.998436
v 11.096082 -4.585003 6.999087
v 11.806586 -5.815633 4.568470
v 12.306911 -6.682222 4.577428
v 11.071067 -4.541675 5.999750
v 11.062368 -4.526609 7.000000
v 11.807243 -5.816771 4.527396
v 12.307368 -6.683012 4.510000
v 11.050519 -4.506086 5.999938
v 11.052368 -4.509289 7.000000
v 11.018655 -4.450895 6.999087
v 11.807337 -5.816933 4.486301
v 11.029977 -4.470506 5.998999
v 10.984965 -4.392544 6.996348
v 11.806868 -5.816121 4.445217
v 11.009455 -4.434961 5.996936
v 10.951325 -4.334278 6.991786
v 11.805837 -5.814334 4.404174
v 10.988970 -4.399479 5.993749
v 10.917760 -4.276141 6.985404
v 11.804243 -5.811574 4.363202
v 10.968535 -4.364086 5.989441
v 10.884294 -4.218174 6.977206
v 11.802089 -5.807843 4.322334
v 10.948168 -4.328808 5.984015
v 10.850950 -4.160422 6.967198
v 11.799376 -5.803144 4.281598
v 10.927882 -4.293672 5.977475
v 10.817754 -4.102925 6.955389
v 11.796106 -5.797480 4.241027
v 10.907693 -4.258704 5.969826
v 10.784730 -4.045726 6.941785
v 11.792281 -5.790856 4.200650
v 10.887617 -4.223931 5.961074
v 10.751903 -3.988867 6.926398
v 11.787906 -5.783277 4.160498
v 10.867668 -4.189379 5.951226
v 10.719296 -3.932390 6.909239
v 11.782981 -5.774747 4.120600
v 10.847862 -4.155074 5.940288
v 10.686933 -3.876336 6.890321
v 11.777513 -5.765275 4.080987
v 10.828213 -4.121040 5.928268
v 10.654838 -3.820746 6.869657
v 11.771502 -5.754866 4.041689
v 10.808736 -4.087305 5.915177
v 10.623034 -3.765661 6.847261
v 11.764957 -5.743529 4.002735
v 10.789445 -4.053893 5.901024
v 10.591546 -3.711122 6.823152
v 11.757880 -5.731272 3.964154
v 10.770356 -4.020829 5.885819
v 10.560396 -3.657168 6.797346
v 11.750278 -5.718104 3.925975
v 10.751482 -3.988138 5.869574
v 10.529607 -3.603839 6.769863
v 11.742155 -5.704035 3.888227
v 10.732838 -3.955845 5.852301
v 10.499200 -3.551174 6.740722
v 11.733519 -5.689076 3.850938
v 10.714437 -3.923974 5.834013
v 10.469200 -3.499212 6.709945
v 11.724375 -5.673239 3.814137
v 10.696293 -3.892549 5.814724
v 10.439627 -3.447990 6.677555
v 11.714730 -5.656534 3.777850
v 10.678421 -3.861593 5.794448
v 10.410503 -3.397547 6.643574
v 11.704593 -5.638974 3.742105
v 10.660832 -3.831130 5.773200
v 10.381851 -3.347919 6.608029
v 11.693969 -5.620573 3.706929
v 10.643542 -3.801182 5.750997
v 10.353690 -3.299143 6.570946
v 11.682867 -5.601344 3.672348
v 10.626563 -3.771772 5.727854
v 10.326042 -3.251255 6.532350
v 11.671295 -5.581302 3.638389
v 10.609906 -3.742923 5.703791
v 10.298926 -3.204289 6.492272
v 11.659264 -5.560462 3.605076
v 10.593586 -3.714654 5.678823
v 10.272364 -3.158281 6.450739
v 11.646780 -5.538840 3.572435
v 10.577614 -3.686990 5.652971
v 10.246372 -3.113263 6.407784
v 11.633854 -5.516451 3.540490
v 10.562001 -3.659948 5.626253
v 10.220973 -3.069269 6.363436
v 11.620495 -5.493313 3.509266
v 10.546761 -3.633551 5.598690
v 10.196182 -3.026332 6.317729
v 11.606713 -5.469443 3.478785
v 10.531903 -3.607817 5.570302
v 11.592520 -5.444858 3.449070
v 10.172020 -2.984482 6.270696
v 10.517441 -3.582767 5.541111
v 11.577924 -5.419578 3.420145
v 10.148504 -2.943750 6.222372
v 10.503384 -3.558419 5.511139
v 11.562938 -5.393621 3.392030
v 11.547572 -5.367007 3.364746
v 10.125650 -2.904166 6.172791
v 10.489741 -3.534791 5.480407
v 11.531838 -5.339756 3.338315
v 11.515749 -5.311887 3.312755
v 10.103477 -2.865760 6.121992
v 10.476525 -3.511900 5.448940
v 11.499315 -5.283423 3.288087
v 10.081999 -2.828559 6.070010
v 10.463746 -3.489765 5.416760
v 11.482550 -5.254384 3.264328
v 11.465465 -5.224792 3.241497
v 10.061233 -2.792591 6.016884
v 10.451412 -3.468402 5.383893
v 11.448073 -5.194671 3.219610
v 11.430389 -5.164041 3.198685
v 10.041193 -2.757882 5.962653
v 10.439532 -3.447826 5.350362
v 11.412425 -5.132926 3.178736
v 10.021895 -2.724458 5.907356
v 10.428117 -3.428054 5.316193
v 11.394195 -5.101349 3.159779
v 11.375710 -5.069335 3.141828
v 10.003354 -2.692342 5.851034
v 10.417173 -3.409099 5.281411
v 11.356988 -5.036906 3.124896
v 11.338041 -5.004088 3.108996
v 9.985581 -2.661559 5.793729
v 10.406711 -3.390977 5.246042
v 11.318883 -4.970906 3.094141
v 11.299529 -4.937383 3.080340
v 9.968591 -2.632132 5.735483
v 10.396736 -3.373701 5.210114
v 9.952395 -2.604081 5.676337
v 10.387258 -3.357284 5.173652
v 9.937007 -2.577427 5.616336
v 10.378283 -3.341738 5.136685
v 9.922437 -2.552190 5.555524
v 10.369816 -3.327074 5.099240
v 9.908695 -2.528389 5.493945
v 10.361867 -3.313305 5.061346
v 9.895792 -2.506041 5.431644
v 10.354439 -3.300439 5.023029
v 9.883738 -2.485161 5.368667
v 10.347539 -3.288488 4.984321
v 9.872540 -2.465767 5.305061
v 10.341171 -3.277459 4.945249
v 9.862208 -2.447871 5.240871
v 9.852749 -2.431487 5.176146
v 10.335341 -3.267362 4.905842
v 9.844169 -2.416626 5.110931
v 10.330053 -3.258203 4.866131
v 9.836475 -2.403301 5.045276
v 10.325312 -3.249990 4.826145
v 9.829674 -2.391521 4.979229
v 10.321119 -3.242728 4.785915
v 9.823770 -2.381293 4.912837
v 10.317479 -3.236423 4.745470
v 9.818766 -2.372626 4.846150
v 10.314395 -3.231081 4.704840
v 9.814667 -2.365527 4.779216
v 10.311868 -3.226704 4.664057
v 9.811476 -2.359999 4.712085
v 10.309900 -3.223297 4.623150
v 9.809195 -2.356048 4.644806
v 10.308494 -3.220861 4.582152
v 9.807825 -2.353677 4.577428
v 10.307650 -3.219398 4.541091
v 9.807368 -2.352886 4.510000
v 10.334706 -3.266261 4.098708
v 10.329537 -3.257309 4.137993
v 10.340405 -3.276131 4.059716
v 10.346628 -3.286912 4.021048
v 10.307368 -3.218911 4.500000
v 10.307643 -3.219388 4.459381
v 10.308468 -3.220816 4.418792
v 10.309842 -3.223196 4.378262
v 10.311765 -3.226526 4.337821
v 10.314234 -3.230803 4.297500
v 10.317248 -3.236024 4.257327
v 10.320806 -3.242185 4.217332
v 10.324903 -3.249282 4.177544
v 10.353374 -3.298595 3.982731
v 10.360636 -3.311173 3.944793
v 10.368408 -3.324636 3.907262
v 10.376687 -3.338974 3.870166
v 10.385464 -3.354177 3.833532
v 10.394734 -3.370233 3.797387
v 10.404490 -3.387131 3.761758
v 10.414725 -3.404859 3.726669
v 10.425432 -3.423403 3.692148
v 10.436602 -3.442750 3.658219
v 10.448227 -3.462885 3.624908
v 10.460299 -3.483794 3.592239
v 10.472808 -3.505461 3.560235
v 10.485746 -3.527872 3.528921
v 10.499104 -3.551008 3.498318
v 10.512872 -3.574853 3.468451
v 10.527039 -3.599391 3.439340
v 10.541594 -3.624601 3.411007
v 10.556527 -3.650467 3.383472
v 10.571829 -3.676970 3.356757
v 10.587486 -3.704089 3.330880
v 10.603488 -3.731805 3.305861
v 10.619823 -3.760098 3.281717
v 10.636478 -3.788946 3.258466
v 10.653442 -3.818329 3.236127
v 10.670703 -3.848225 3.214714
v 10.688247 -3.878613 3.194244
v 10.706062 -3.909469 3.174732
v 10.724134 -3.940771 3.156192
v 10.742452 -3.972497 3.138637
v 10.761000 -4.004623 3.122081
v 10.779765 -4.037126 3.106535
v 10.798734 -4.069981 3.092011
v 10.817892 -4.103164 3.078520
v 11.037059 -4.482772 3.000550
v 11.016765 -4.447621 3.002200
v 10.996499 -4.412521 3.004948
v 10.976279 -4.377499 3.008793
v 10.956119 -4.342579 3.013732
v 10.936032 -4.307788 3.019760
v 10.916035 -4.273151 3.026875
v 10.896140 -4.238694 3.035069
v 10.876365 -4.204442 3.044338
v 10.856722 -4.170420 3.054675
v 10.837227 -4.136652 3.066072
v 11.077914 -4.553535 3.000563
v 11.098444 -4.589095 3.002251
v 11.118943 -4.624600 3.005064
v 11.139397 -4.660027 3.008999
v 11.159788 -4.695346 3.014052
v 11.180103 -4.730532 3.020221
v 11.200326 -4.765559 3.027501
v 11.220441 -4.800399 3.035886
v 11.240434 -4.835028 3.045370
v 11.260289 -4.869419 3.055946
v 11.279992 -4.903546 3.067605
v 11.539419 -1.352886 4.510000
v 8.941343 -2.852886 1.000000
v 2.000000 1.154701 1.000000
v 2.000000 9.169873 1.000000
v 4.598076 10.669873 1.000000
v 4.598076 10.669873 4.510000
v 11.539419 -1.352886 1.000000
v 14.039419 -5.683012 1.000000
v 6.941343 -9.316987 1.000000
v -11.941343 -9.316987 1.000000
v -6.941343 -9.316987 1.000000
v 3.353076 12.826276 7.000000
v 3.386790 12.767882 6.999087
v 3.420479 12.709531 6.996348
v 3.487684 12.593128 6.985404
v 3.521151 12.535162 6.977206
v 3.554495 12.477409 6.967198
v 3.587691 12.419912 6.955389
v 3.620714 12.362713 6.941785
v 3.653542 12.305855 6.926398
v 3.686149 12.249377 6.909239
v 3.782410 12.082648 6.847261
v 3.845049 11.974155 6.797346
v 3.875838 11.920826 6.769863
v 3.906244 11.868161 6.740722
v 3.965817 11.764977 6.677555
v 3.994941 11.714534 6.643574
v 4.051754 11.616131 6.570946
v 4.079402 11.568242 6.532350
v 4.106518 11.521276 6.492272
v 4.133081 11.475268 6.450739
v 4.209262 11.343319 6.317729
v 4.233424 11.301469 6.270696
v 4.279794 11.221153 6.172791
v 4.323446 11.145547 6.070010
v 4.344212 11.109578 6.016884
v 4.364251 11.074869 5.962653
v 4.383549 11.041445 5.907356
v 4.402091 11.009330 5.851034
v 4.468437 10.894414 5.616336
v 4.483007 10.869178 5.555524
v 4.543237 10.764858 5.240871
v 4.552696 10.748474 5.176146
v 4.590778 10.682514 4.779216
v 4.593969 10.676987 4.712085
v 4.596251 10.673036 4.644806
v 2.098076 15.000000 4.510000
v 2.102183 14.992887 4.712085
v 2.109473 14.980259 4.846150
v 2.120382 14.961365 4.979229
v 2.127184 14.949585 5.045276
v 2.134877 14.936259 5.110931
v 2.143456 14.921399 5.176146
v 2.152916 14.905015 5.240871
v 2.199403 14.824496 5.493945
v 2.243104 14.748805 5.676337
v 2.259299 14.720754 5.735483
v 2.276289 14.691326 5.793729
v 2.312603 14.628428 5.907356
v 2.351940 14.560294 6.016884
v 2.462728 14.368404 6.270696
v 2.486890 14.326554 6.317729
v 2.511680 14.283616 6.363436
v 2.563071 14.194605 6.450739
v 2.589634 14.148597 6.492272
v 2.730335 13.904896 6.677555
v 2.759908 13.853674 6.709945
v 2.789908 13.801712 6.740722
v 2.882254 13.641764 6.823152
v 2.913743 13.587224 6.847261
v 2.977641 13.476550 6.890321
v 3.010003 13.420496 6.909239
v 3.042611 13.364018 6.926398
v 3.075438 13.307159 6.941785
v 3.108462 13.249961 6.955389
v 3.141658 13.192464 6.967198
v 3.242033 13.018608 6.991786
v 3.275673 12.960342 6.996348
v 3.309362 12.901991 6.999087
v 4.098076 11.535898 4.500000
v 4.095537 11.540297 4.623329
v 4.070022 11.584489 4.906418
v 4.064176 11.594616 4.945877
v 4.057790 11.605676 4.985000
v 4.050870 11.617661 5.023758
v 4.043421 11.630564 5.062122
v 3.953627 11.786092 5.385004
v 3.872922 11.925878 5.571517
v 3.811083 12.032986 5.680043
v 3.794722 12.061324 5.705003
v 3.761003 12.119725 5.752184
v 3.708128 12.211308 5.815845
v 3.652815 12.307113 5.870597
v 3.633900 12.339875 5.886802
v 3.614770 12.373010 5.901962
v 3.595439 12.406492 5.916068
v 3.575921 12.440297 5.929107
v 3.556232 12.474400 5.941071
v 3.536387 12.508773 5.951949
v 3.516400 12.543392 5.961735
v 3.496286 12.578230 5.970420
v 3.476060 12.613262 5.977999
v 3.455738 12.648460 5.984465
v 3.394348 12.754792 5.997143
v 3.373794 12.790392 5.999118
v 3.332644 12.861667 5.999682
v 3.312078 12.897286 5.998271
v 3.291540 12.932860 5.995732
v 3.250607 13.003758 5.987279
v 3.209967 13.074149 5.974349
v 3.189795 13.109088 5.966216
v 3.169742 13.143820 5.956979
v 3.149824 13.178319 5.946646
v 3.130055 13.212561 5.935224
v 3.110450 13.246517 5.922721
v 3.091024 13.280164 5.909148
v 3.071791 13.313476 5.894513
v 2.997083 13.442874 5.825600
v 2.979032 13.474139 5.805843
v 2.961259 13.504924 5.785103
v 2.943777 13.535204 5.763395
v 2.926599 13.564957 5.740736
v 2.861186 13.678255 5.640943
v 2.845719 13.705045 5.613799
v 2.830630 13.731180 5.585816
v 2.815930 13.756640 5.557016
v 2.801631 13.781406 5.527421
v 2.787744 13.805460 5.497051
v 2.774278 13.828783 5.465932
v 2.761245 13.851358 5.434085
v 2.748653 13.873169 5.401535
v 2.724832 13.914428 5.334424
v 2.713620 13.933846 5.299914
v 2.702887 13.952437 5.264802
v 2.692639 13.970187 5.229114
v 2.682884 13.987083 5.192876
v 2.673630 14.003111 5.156118
v 2.664884 14.018260 5.118865
v 2.648941 14.045875 5.042991
v 2.641756 14.058319 5.004426
v 2.613900 14.106567 4.806498
v 2.606600 14.119211 4.725501
v 2.603786 14.124085 4.684733
v 2.599840 14.130919 4.602810
v 2.598711 14.132874 4.561717
v 2.598147 14.133852 4.520577
v 2.598147 14.133852 4.479423
v 2.598711 14.132874 4.438283
v 2.599840 14.130919 4.397190
v 2.606600 14.119211 4.274499
v 2.613900 14.106567 4.193502
v 2.618381 14.098806 4.153335
v 2.623410 14.090095 4.113428
v 2.628986 14.080438 4.073812
v 2.635103 14.069843 4.034518
v 2.641756 14.058319 3.995574
v 2.648941 14.045875 3.957009
v 2.682884 13.987083 3.807124
v 2.736512 13.894197 3.631693
v 2.748653 13.873169 3.598465
v 2.774278 13.828783 3.534068
v 2.787744 13.805460 3.502949
v 2.801631 13.781406 3.472579
v 2.845719 13.705045 3.386201
v 2.861186 13.678255 3.359057
v 2.893208 13.622792 3.307365
v 2.909738 13.594160 3.282856
v 2.926599 13.564957 3.259264
v 2.979032 13.474139 3.194157
v 3.033965 13.378994 3.137893
v 3.052767 13.346427 3.121171
v 3.071791 13.313476 3.105487
v 3.091024 13.280164 3.090852
v 3.110450 13.246517 3.077279
v 3.130055 13.212561 3.064776
v 3.149824 13.178319 3.053354
v 3.189795 13.109088 3.033784
v 3.312078 12.897286 3.001729
v 3.332644 12.861667 3.000318
v 3.373794 12.790392 3.000882
v 3.394348 12.754792 3.002857
v 3.414866 12.719253 3.005960
v 3.435335 12.683800 3.010187
v 3.455738 12.648460 3.015535
v 3.496286 12.578230 3.029580
v 3.516400 12.543392 3.038265
v 3.575921 12.440297 3.070893
v 3.595439 12.406492 3.083932
v 3.614770 12.373010 3.098038
v 3.633900 12.339875 3.113198
v 3.652815 12.307113 3.129403
v 3.671501 12.274748 3.146639
v 3.689944 12.242805 3.164894
v 3.743672 12.149745 3.225631
v 3.761003 12.119725 3.247816
v 3.827095 12.005252 3.345806
v 3.858026 11.951677 3.400089
v 3.872922 11.925878 3.428483
v 3.901517 11.876349 3.487669
v 3.965539 11.765460 3.648554
v 3.976986 11.745633 3.682754
v 3.987959 11.726626 3.717568
v 3.998451 11.708454 3.752972
v 4.008453 11.691130 3.788938
v 4.017958 11.674666 3.825439
v 4.043421 11.630564 3.937878
v 4.075325 11.575304 4.133347
v 4.080081 11.567067 4.173388
v 4.095537 11.540297 4.376671
v 4.096947 11.537854 4.417729
v 3.887422 11.900762 3.457684
v 3.842747 11.978142 3.372523
v 3.915195 11.852658 3.518416
v 3.928446 11.829707 3.549902
v 3.811083 12.032986 3.319957
v 3.941260 11.807512 3.582103
v 3.794722 12.061324 3.294997
v 3.953627 11.786092 3.614996
v 3.778024 12.090244 3.270944
v 3.726043 12.180280 3.204405
v 3.708128 12.211308 3.184155
v 4.026959 11.659077 3.862448
v 4.035449 11.644372 3.899937
v 4.050870 11.617661 3.976242
v 4.057790 11.605676 4.015000
v 4.064176 11.594616 4.054123
v 3.556232 12.474400 3.058930
v 4.070022 11.584489 4.093582
v 3.536387 12.508773 3.048051
v 4.084286 11.559784 4.213674
v 3.476060 12.613262 3.022001
v 4.087936 11.553461 4.254177
v 4.091030 11.548103 4.294864
v 4.093564 11.543714 4.335705
v 4.097794 11.536387 4.458849
v 3.353221 12.826026 3.000035
v 4.097794 11.536387 4.541151
v 4.597620 10.670664 4.577428
v 4.096947 11.537854 4.582271
v 4.093564 11.543714 4.664295
v 4.091030 11.548103 4.705136
v 4.586679 10.689613 4.846150
v 4.087936 11.553461 4.745823
v 4.581675 10.698280 4.912837
v 4.084286 11.559784 4.786326
v 4.575770 10.708508 4.979229
v 4.080081 11.567067 4.826612
v 4.568969 10.720288 5.045276
v 4.075325 11.575304 4.866653
v 4.561275 10.733614 5.110931
v 3.291540 12.932860 3.004268
v 3.271044 12.968360 3.007933
v 3.250607 13.003758 3.012721
v 3.230242 13.039031 3.018629
v 3.209967 13.074149 3.025652
v 3.169742 13.143820 3.043021
v 4.532905 10.782754 5.305061
v 4.521707 10.802149 5.368667
v 4.509652 10.823028 5.431644
v 4.496749 10.845376 5.493945
v 4.035449 11.644372 5.100062
v 4.026959 11.659077 5.137551
v 3.015399 13.411151 3.155640
v 4.017958 11.674666 5.174561
v 4.453049 10.921068 5.676337
v 2.997083 13.442874 3.174400
v 4.008453 11.691130 5.211062
v 4.436853 10.949119 5.735483
v 3.998451 11.708454 5.247028
v 4.419863 10.978547 5.793729
v 2.961259 13.504924 3.214897
v 3.987959 11.726626 5.282432
v 2.943777 13.535204 3.236605
v 3.976986 11.745633 5.317246
v 3.965539 11.765460 5.351446
v 3.941260 11.807512 5.417896
v 2.877019 13.650831 3.332772
v 3.928446 11.829707 5.450098
v 4.301968 11.182748 6.121992
v 3.915195 11.852658 5.481584
v 3.901517 11.876349 5.512331
v 4.256940 11.260737 6.222372
v 2.830630 13.731180 3.414184
v 3.887422 11.900762 5.542316
v 2.815930 13.756640 3.442984
v 3.858026 11.951677 5.599911
v 4.184472 11.386256 6.363436
v 3.842747 11.978142 5.627477
v 2.761245 13.851358 3.565915
v 4.159072 11.430250 6.407784
v 3.827095 12.005252 5.654194
v 2.724832 13.914428 3.665576
v 2.713620 13.933846 3.700086
v 3.778024 12.090244 5.729056
v 4.023593 11.664907 6.608029
v 3.743672 12.149745 5.774369
v 3.726043 12.180280 5.795595
v 3.936245 11.816198 6.709945
v 3.689944 12.242805 5.835105
v 3.671501 12.274748 5.853361
v 3.813898 12.028110 6.823152
v 3.750607 12.137733 6.869657
v 3.718512 12.193323 6.890321
v 3.435335 12.683800 5.989813
v 3.414866 12.719253 5.994040
v 3.454119 12.651265 6.991786
v 3.353221 12.826026 5.999965
v 2.702887 13.952437 3.735198
v 2.692639 13.970187 3.770887
v 2.673630 14.003111 3.843882
v 2.664884 14.018260 3.881135
v 2.656652 14.032517 3.918853
v 2.609972 14.113370 4.233901
v 2.603786 14.124085 4.315267
v 2.601532 14.127990 4.356174
v 3.343076 12.843596 7.000000
v 2.098533 14.999209 4.577428
v 2.099902 14.996838 4.644806
v 3.271044 12.968360 5.992067
v 2.601532 14.127990 4.643826
v 3.208468 13.076745 6.985404
v 2.105374 14.987359 4.779216
v 3.175001 13.134711 6.977206
v 3.230242 13.039031 5.981371
v 2.114477 14.971593 4.912837
v 2.609972 14.113370 4.766099
v 2.618381 14.098806 4.846665
v 2.623410 14.090095 4.886572
v 2.628986 14.080438 4.926188
v 2.635103 14.069843 4.965482
v 2.945546 13.532140 6.869657
v 2.163248 14.887119 5.305061
v 2.174446 14.867724 5.368667
v 3.052767 13.346427 5.878829
v 2.186500 14.846846 5.431644
v 2.656652 14.032517 5.081147
v 2.851104 13.695718 6.797346
v 3.033965 13.378994 5.862107
v 2.820314 13.749047 6.769863
v 3.015399 13.411151 5.844360
v 2.213145 14.800695 5.555524
v 2.227715 14.775458 5.616336
v 2.701212 13.955338 6.643574
v 2.672559 14.004967 6.608029
v 2.294061 14.660543 5.851034
v 2.644398 14.053742 6.570946
v 2.909738 13.594160 5.717144
v 2.736512 13.894197 5.368307
v 2.616750 14.101631 6.532350
v 2.331901 14.595003 5.962653
v 2.893208 13.622792 5.692635
v 2.877019 13.650831 5.667228
v 2.372707 14.524326 6.070010
v 2.537080 14.239623 6.407784
v 2.394184 14.487125 6.121992
v 2.416358 14.448719 6.172791
v 2.439212 14.409136 6.222372
v -3.887422 11.900762 3.457684
v -3.872922 11.925878 3.428483
v -3.858026 11.951677 3.400089
v -3.901517 11.876349 3.487669
v -3.842747 11.978142 3.372523
v -3.915195 11.852658 3.518416
v -3.827095 12.005252 3.345806
v -3.928446 11.829707 3.549902
v -3.811083 12.032986 3.319957
v -3.941260 11.807512 3.582103
v -3.794722 12.061324 3.294997
v -3.953627 11.786092 3.614996
v -3.778024 12.090244 3.270944
v -3.965539 11.765460 3.648554
v -3.761003 12.119725 3.247816
v -3.976986 11.745633 3.682754
v -3.743672 12.149745 3.225631
v -3.987959 11.726626 3.717568
v -3.726043 12.180280 3.204405
v -3.998451 11.708454 3.752972
v -3.708128 12.211308 3.184155
v -4.008453 11.691130 3.788938
v -3.689944 12.242805 3.164894
v -4.017958 11.674666 3.825439
v -3.671501 12.274748 3.146639
v -4.026959 11.659077 3.862448
v -3.652815 12.307113 3.129403
v -4.035449 11.644372 3.899937
v -3.633900 12.339875 3.113198
v -4.043421 11.630564 3.937878
v -3.614770 12.373010 3.098038
v -4.050870 11.617661 3.976242
v -3.595439 12.406492 3.083932
v -4.057790 11.605676 4.015000
v -3.575921 12.440297 3.070893
v -4.064176 11.594616 4.054123
v -3.556232 12.474400 3.058930
v -4.070022 11.584489 4.093582
v -3.536387 12.508773 3.048051
v -4.075325 11.575304 4.133347
v -3.516400 12.543392 3.038265
v -4.080081 11.567067 4.173388
v -3.496286 12.578230 3.029580
v -4.084286 11.559784 4.213674
v -3.476060 12.613262 3.022001
v -4.087936 11.553461 4.254177
v -3.455738 12.648460 3.015535
v -4.091030 11.548103 4.294864
v -3.435335 12.683800 3.010187
v -4.093564 11.543714 4.335705
v -3.414866 12.719253 3.005960
v -4.095537 11.540297 4.376671
v -3.394348 12.754792 3.002857
v -4.096947 11.537854 4.417729
v -3.373794 12.790392 3.000882
v -4.097794 11.536387 4.458849
v -3.353221 12.826026 3.000035
v -4.098076 11.535898 4.500000
v -4.597620 10.670664 4.577428
v -4.097794 11.536387 4.541151
v -4.596251 10.673036 4.644806
v -4.096947 11.537854 4.582271
v -4.593969 10.676987 4.712085
v -4.095537 11.540297 4.623329
v -4.590778 10.682514 4.779216
v -4.093564 11.543714 4.664295
v -4.586679 10.689613 4.846150
v -4.091030 11.548103 4.705136
v -4.087936 11.553461 4.745823
v -4.581675 10.698280 4.912837
v -4.575770 10.708508 4.979229
v -4.084286 11.559784 4.786326
v -4.080081 11.567067 4.826612
v -4.568969 10.720288 5.045276
v -4.561275 10.733614 5.110931
v -4.075325 11.575304 4.866653
v -4.543237 10.764858 5.240871
v -4.070022 11.584489 4.906418
v -4.552696 10.748474 5.176146
v -3.332644 12.861667 3.000318
v -3.312078 12.897286 3.001729
v -3.291540 12.932860 3.004268
v -3.271044 12.968360 3.007933
v -3.250607 13.003758 3.012721
v -3.230242 13.039031 3.018629
v -3.209967 13.074149 3.025652
v -3.189795 13.109088 3.033784
v -3.169742 13.143820 3.043021
v -3.149824 13.178319 3.053354
v -3.130055 13.212561 3.064776
v -4.532905 10.782754 5.305061
v -4.064176 11.594616 4.945877
v -3.110450 13.246517 3.077279
v -4.521707 10.802149 5.368667
v -4.057790 11.605676 4.985000
v -3.091024 13.280164 3.090852
v -4.509652 10.823028 5.431644
v -4.050870 11.617661 5.023758
v -3.071791 13.313476 3.105487
v -4.496749 10.845376 5.493945
v -4.043421 11.630564 5.062122
v -3.052767 13.346427 3.121171
v -4.483007 10.869178 5.555524
v -4.035449 11.644372 5.100062
v -3.033965 13.378994 3.137893
v -4.468437 10.894414 5.616336
v -4.026959 11.659077 5.137551
v -3.015399 13.411151 3.155640
v -4.453049 10.921068 5.676337
v -4.017958 11.674666 5.174561
v -2.997083 13.442874 3.174400
v -4.008453 11.691130 5.211062
v -4.436853 10.949119 5.735483
v -2.979032 13.474139 3.194157
v -3.998451 11.708454 5.247028
v -4.419863 10.978547 5.793729
v -2.961259 13.504924 3.214897
v -3.987959 11.726626 5.282432
v -4.402091 11.009330 5.851034
v -2.943777 13.535204 3.236605
v -3.976986 11.745633 5.317246
v -4.383549 11.041445 5.907356
v -2.926599 13.564957 3.259264
v -3.965539 11.765460 5.351446
v -4.364251 11.074869 5.962653
v -2.909738 13.594160 3.282856
v -3.953627 11.786092 5.385004
v -4.344212 11.109578 6.016884
v -2.893208 13.622792 3.307365
v -3.941260 11.807512 5.417896
v -4.323446 11.145547 6.070010
v -2.877019 13.650831 3.332772
v -3.928446 11.829707 5.450098
v -4.301968 11.182748 6.121992
v -2.861186 13.678255 3.359057
v -3.915195 11.852658 5.481584
v -4.279794 11.221153 6.172791
v -2.845719 13.705045 3.386201
v -3.901517 11.876349 5.512331
v -4.256940 11.260737 6.222372
v -2.830630 13.731180 3.414184
v -3.887422 11.900762 5.542316
v -4.233424 11.301469 6.270696
v -2.815930 13.756640 3.442984
v -3.872922 11.925878 5.571517
v -2.801631 13.781406 3.472579
v -4.209262 11.343319 6.317729
v -3.858026 11.951677 5.599911
v -2.787744 13.805460 3.502949
v -2.774278 13.828783 3.534068
v -4.184472 11.386256 6.363436
v -3.842747 11.978142 5.627477
v -2.761245 13.851358 3.565915
v -4.159072 11.430250 6.407784
v -3.827095 12.005252 5.654194
v -2.748653 13.873169 3.598465
v -2.736512 13.894197 3.631693
v -4.133081 11.475268 6.450739
v -3.811083 12.032986 5.680043
v -2.724832 13.914428 3.665576
v -2.713620 13.933846 3.700086
v -4.106518 11.521276 6.492272
v -3.794722 12.061324 5.705003
v -4.079402 11.568242 6.532350
v -3.778024 12.090244 5.729056
v -4.051754 11.616131 6.570946
v -3.761003 12.119725 5.752184
v -4.023593 11.664907 6.608029
v -3.743672 12.149745 5.774369
v -3.994941 11.714534 6.643574
v -3.726043 12.180280 5.795595
v -3.965817 11.764977 6.677555
v -3.708128 12.211308 5.815845
v -3.936245 11.816198 6.709945
v -3.689944 12.242805 5.835105
v -3.906244 11.868161 6.740722
v -3.671501 12.274748 5.853361
v -3.875838 11.920826 6.769863
v -3.652815 12.307113 5.870597
v -3.845049 11.974155 6.797346
v -3.633900 12.339875 5.886802
v -3.813898 12.028110 6.823152
v -3.614770 12.373010 5.901962
v -3.782410 12.082648 6.847261
v -3.595439 12.406492 5.916068
v -3.750607 12.137733 6.869657
v -3.575921 12.440297 5.929107
v -3.718512 12.193323 6.890321
v -3.556232 12.474400 5.941071
v -3.686149 12.249377 6.909239
v -3.536387 12.508773 5.951949
v -3.653542 12.305855 6.926398
v -3.516400 12.543392 5.961735
v -3.620714 12.362713 6.941785
v -3.496286 12.578230 5.970420
v -3.587691 12.419912 6.955389
v -3.476060 12.613262 5.977999
v -3.554495 12.477409 6.967198
v -3.455738 12.648460 5.984465
v -3.521151 12.535162 6.977206
v -3.435335 12.683800 5.989813
v -3.487684 12.593128 6.985404
v -3.414866 12.719253 5.994040
v -3.454119 12.651265 6.991786
v -3.394348 12.754792 5.997143
v -3.420479 12.709531 6.996348
v -3.373794 12.790392 5.999118
v -3.386790 12.767882 6.999087
v -3.353221 12.826026 5.999965
v -3.353076 12.826276 7.000000
v -2.702887 13.952437 3.735198
v -2.692639 13.970187 3.770887
v -2.682884 13.987083 3.807124
v -2.673630 14.003111 3.843882
v -2.664884 14.018260 3.881135
v -2.656652 14.032517 3.918853
v -2.648941 14.045875 3.957009
v -2.641756 14.058319 3.995574
v -2.635103 14.069843 4.034518
v -2.628986 14.080438 4.073812
v -2.623410 14.090095 4.113428
v -2.618381 14.098806 4.153335
v -2.613900 14.106567 4.193502
v -2.609972 14.113370 4.233901
v -2.606600 14.119211 4.274499
v -2.603786 14.124085 4.315267
v -2.601532 14.127990 4.356174
v -2.599840 14.130919 4.397190
v -2.598711 14.132874 4.438283
v -2.598147 14.133852 4.479423
v -2.598147 14.133852 4.520577
v -3.343076 12.843596 7.000000
v -3.332644 12.861667 5.999682
v -3.309362 12.901991 6.999087
v -3.312078 12.897286 5.998271
v -2.098533 14.999209 4.577428
v -2.598711 14.132874 4.561717
v -3.275673 12.960342 6.996348
v -3.291540 12.932860 5.995732
v -2.599840 14.130919 4.602810
v -2.099902 14.996838 4.644806
v -3.242033 13.018608 6.991786
v -3.271044 12.968360 5.992067
v -2.102183 14.992887 4.712085
v -2.601532 14.127990 4.643826
v -3.208468 13.076745 6.985404
v -3.250607 13.003758 5.987279
v -2.105374 14.987359 4.779216
v -2.603786 14.124085 4.684733
v -3.175001 13.134711 6.977206
v -3.230242 13.039031 5.981371
v -2.606600 14.119211 4.725501
v -2.109473 14.980259 4.846150
v -3.141658 13.192464 6.967198
v -3.209967 13.074149 5.974349
v -2.609972 14.113370 4.766099
v -2.114477 14.971593 4.912837
v -3.108462 13.249961 6.955389
v -3.189795 13.109088 5.966216
v -2.613900 14.106567 4.806498
v -2.120382 14.961365 4.979229
v -3.075438 13.307159 6.941785
v -3.169742 13.143820 5.956979
v -2.127184 14.949585 5.045276
v -2.618381 14.098806 4.846665
v -3.042611 13.364018 6.926398
v -3.149824 13.178319 5.946646
v -2.134877 14.936259 5.110931
v -2.623410 14.090095 4.886572
v -3.010003 13.420496 6.909239
v -3.130055 13.212561 5.935224
v -2.628986 14.080438 4.926188
v -2.143456 14.921399 5.176146
v -2.977641 13.476550 6.890321
v -3.110450 13.246517 5.922721
v -2.152916 14.905015 5.240871
v -2.635103 14.069843 4.965482
v -2.945546 13.532140 6.869657
v -3.091024 13.280164 5.909148
v -2.163248 14.887119 5.305061
v -2.641756 14.058319 5.004426
v -2.913743 13.587224 6.847261
v -3.071791 13.313476 5.894513
v -2.648941 14.045875 5.042991
v -2.174446 14.867724 5.368667
v -2.882254 13.641764 6.823152
v -3.052767 13.346427 5.878829
v -2.656652 14.032517 5.081147
v -2.186500 14.846846 5.431644
v -2.851104 13.695718 6.797346
v -3.033965 13.378994 5.862107
v -2.664884 14.018260 5.118865
v -2.199403 14.824496 5.493945
v -2.820314 13.749047 6.769863
v -3.015399 13.411151 5.844360
v -2.673630 14.003111 5.156118
v -2.213145 14.800695 5.555524
v -2.789908 13.801712 6.740722
v -2.997083 13.442874 5.825600
v -2.227715 14.775458 5.616336
v -2.682884 13.987083 5.192876
v -2.759908 13.853674 6.709945
v -2.979032 13.474139 5.805843
v -2.243104 14.748805 5.676337
v -2.692639 13.970187 5.229114
v -2.730335 13.904896 6.677555
v -2.961259 13.504924 5.785103
v -2.702887 13.952437 5.264802
v -2.259299 14.720754 5.735483
v -2.701212 13.955338 6.643574
v -2.943777 13.535204 5.763395
v -2.713620 13.933846 5.299914
v -2.276289 14.691326 5.793729
v -2.672559 14.004967 6.608029
v -2.926599 13.564957 5.740736
v -2.294061 14.660543 5.851034
v -2.724832 13.914428 5.334424
v -2.644398 14.053742 6.570946
v -2.909738 13.594160 5.717144
v -2.312603 14.628428 5.907356
v -2.736512 13.894197 5.368307
v -2.616750 14.101631 6.532350
v -2.748653 13.873169 5.401535
v -2.331901 14.595003 5.962653
v -2.589634 14.148597 6.492272
v -2.893208 13.622792 5.692635
v -2.351940 14.560294 6.016884
v -2.761245 13.851358 5.434085
v -2.563071 14.194605 6.450739
v -2.877019 13.650831 5.667228
v -2.372707 14.524326 6.070010
v -2.774278 13.828783 5.465932
v -2.537080 14.239623 6.407784
v -2.861186 13.678255 5.640943
v -2.394184 14.487125 6.121992
v -2.787744 13.805460 5.497051
v -2.511680 14.283616 6.363436
v -2.845719 13.705045 5.613799
v -2.416358 14.448719 6.172791
v -2.801631 13.781406 5.527421
v -2.486890 14.326554 6.317729
v -2.830630 13.731180 5.585816
v -2.439212 14.409136 6.222372
v -2.815930 13.756640 5.557016
v -2.462728 14.368404 6.270696
v -8.362651 -9.316987 3.457684
v -8.391652 -9.316987 3.428483
v -8.334462 -9.316987 3.487669
v -8.452002 -9.316987 3.372523
v -8.307106 -9.316987 3.518416
v -8.483306 -9.316987 3.345806
v -8.280604 -9.316987 3.549902
v -8.515330 -9.316987 3.319957
v -8.254976 -9.316987 3.582103
v -8.548052 -9.316987 3.294997
v -8.230241 -9.316987 3.614996
v -8.581447 -9.316987 3.270944
v -8.183524 -9.316987 3.682754
v -8.650151 -9.316987 3.225631
v -8.161577 -9.316987 3.717568
v -8.140594 -9.316987 3.752972
v -8.120589 -9.316987 3.788938
v -8.757608 -9.316987 3.164894
v -8.101579 -9.316987 3.825439
v -8.794493 -9.316987 3.146639
v -8.869695 -9.316987 3.113198
v -8.907956 -9.316987 3.098038
v -8.946618 -9.316987 3.083932
v -8.021915 -9.316987 4.015000
v -8.985653 -9.316987 3.070893
v -9.025030 -9.316987 3.058930
v -7.997451 -9.316987 4.093582
v -7.986845 -9.316987 4.133347
v -7.977333 -9.316987 4.173388
v -9.144924 -9.316987 3.029580
v -7.968924 -9.316987 4.213674
v -7.961623 -9.316987 4.254177
v -9.266825 -9.316987 3.010187
v -7.946422 -9.316987 4.376671
v -9.348801 -9.316987 3.002857
v -7.943601 -9.316987 4.417729
v -9.389908 -9.316987 3.000882
v -9.431054 -9.316987 3.000035
v -6.942256 -9.316987 4.577428
v -7.941907 -9.316987 4.541151
v -7.943601 -9.316987 4.582271
v -6.949557 -9.316987 4.712085
v -7.946422 -9.316987 4.623329
v -6.955939 -9.316987 4.779216
v -6.964138 -9.316987 4.846150
v -7.955436 -9.316987 4.705136
v -6.974145 -9.316987 4.912837
v -7.968924 -9.316987 4.786326
v -6.985955 -9.316987 4.979229
v -6.999558 -9.316987 5.045276
v -7.014945 -9.316987 5.110931
v -7.986845 -9.316987 4.866653
v -7.051022 -9.316987 5.240871
v -7.032104 -9.316987 5.176146
v -9.472208 -9.316987 3.000318
v -9.513339 -9.316987 3.001729
v -9.554416 -9.316987 3.004268
v -9.595407 -9.316987 3.007933
v -9.636282 -9.316987 3.012721
v -9.677011 -9.316987 3.018629
v -9.717562 -9.316987 3.025652
v -9.757906 -9.316987 3.033784
v -9.798011 -9.316987 3.043021
v -9.877385 -9.316987 3.064776
v -8.009144 -9.316987 4.945877
v -9.916595 -9.316987 3.077279
v -7.094081 -9.316987 5.368667
v -9.955447 -9.316987 3.090852
v -9.993913 -9.316987 3.105487
v -7.143997 -9.316987 5.493945
v -8.050653 -9.316987 5.062122
v -10.031961 -9.316987 3.121171
v -7.171480 -9.316987 5.555524
v -10.069566 -9.316987 3.137893
v -10.106698 -9.316987 3.155640
v -7.231398 -9.316987 5.676337
v -8.101579 -9.316987 5.174561
v -10.143329 -9.316987 3.174400
v -8.120589 -9.316987 5.211062
v -7.263788 -9.316987 5.735483
v -10.179431 -9.316987 3.194157
v -8.140594 -9.316987 5.247028
v -7.297769 -9.316987 5.793729
v -8.161577 -9.316987 5.282432
v -7.333313 -9.316987 5.851034
v -10.249942 -9.316987 3.236605
v -8.183524 -9.316987 5.317246
v -7.370398 -9.316987 5.907356
v -8.206418 -9.316987 5.351446
v -7.408993 -9.316987 5.962653
v -8.230241 -9.316987 5.385004
v -10.351080 -9.316987 3.307365
v -8.254976 -9.316987 5.417896
v -7.490603 -9.316987 6.070010
v -10.383456 -9.316987 3.332772
v -8.280604 -9.316987 5.450098
v -7.533559 -9.316987 6.121992
v -8.307106 -9.316987 5.481584
v -7.577907 -9.316987 6.172791
v -10.446058 -9.316987 3.386201
v -8.334462 -9.316987 5.512331
v -10.476235 -9.316987 3.414184
v -8.362651 -9.316987 5.542316
v -10.505634 -9.316987 3.442984
v -8.391652 -9.316987 5.571517
v -7.718971 -9.316987 6.317729
v -8.421443 -9.316987 5.599911
v -8.452002 -9.316987 5.627477
v -10.615006 -9.316987 3.565915
v -7.819351 -9.316987 6.407784
v -8.483306 -9.316987 5.654194
v -8.515330 -9.316987 5.680043
v -10.710255 -9.316987 3.700086
v -8.548052 -9.316987 5.705003
v -7.978691 -9.316987 6.532350
v -8.581447 -9.316987 5.729056
v -8.033987 -9.316987 6.570946
v -8.090309 -9.316987 6.608029
v -8.650151 -9.316987 5.774369
v -8.147614 -9.316987 6.643574
v -8.685410 -9.316987 5.795595
v -8.721238 -9.316987 5.815845
v -8.265006 -9.316987 6.709945
v -8.757608 -9.316987 5.835105
v -8.325006 -9.316987 6.740722
v -8.794493 -9.316987 5.853361
v -8.385819 -9.316987 6.769863
v -8.831864 -9.316987 5.870597
v -8.447398 -9.316987 6.797346
v -8.869695 -9.316987 5.886802
v -8.509699 -9.316987 6.823152
v -8.907956 -9.316987 5.901962
v -8.572676 -9.316987 6.847261
v -8.946618 -9.316987 5.916068
v -9.025030 -9.316987 5.941071
v -8.765198 -9.316987 6.909239
v -9.104696 -9.316987 5.961735
v -8.896067 -9.316987 6.941785
v -9.144924 -9.316987 5.970420
v -8.962114 -9.316987 6.955389
v -9.185375 -9.316987 5.977999
v -9.028505 -9.316987 6.967198
v -9.226019 -9.316987 5.984465
v -9.266825 -9.316987 5.989813
v -9.162127 -9.316987 6.985404
v -9.229258 -9.316987 6.991786
v -9.348801 -9.316987 5.997143
v -9.296537 -9.316987 6.996348
v -9.389908 -9.316987 5.999118
v -9.363915 -9.316987 6.999087
v -9.431054 -9.316987 5.999965
v -9.472208 -9.316987 5.999682
v -10.752218 -9.316987 3.770887
v -10.807727 -9.316987 3.881135
v -10.839614 -9.316987 3.957009
v -10.853984 -9.316987 3.995574
v -10.867290 -9.316987 4.034518
v -10.890675 -9.316987 4.113428
v -10.900734 -9.316987 4.153335
v -10.924295 -9.316987 4.274499
v -10.929924 -9.316987 4.315267
v -10.937816 -9.316987 4.397190
v -10.940073 -9.316987 4.438283
v -10.941202 -9.316987 4.479423
v -10.941202 -9.316987 4.520577
v -9.513339 -9.316987 5.998271
v -9.586149 -9.316987 6.996348
v -9.554416 -9.316987 5.995732
v -10.937816 -9.316987 4.602810
v -11.937691 -9.316987 4.644806
v -9.653428 -9.316987 6.991786
v -9.595407 -9.316987 5.992067
v -10.934432 -9.316987 4.643826
v -11.933129 -9.316987 4.712085
v -9.720559 -9.316987 6.985404
v -9.636282 -9.316987 5.987279
v -10.929924 -9.316987 4.684733
v -9.787493 -9.316987 6.977206
v -9.677011 -9.316987 5.981371
v -10.924295 -9.316987 4.725501
v -11.918549 -9.316987 4.846150
v -10.917551 -9.316987 4.766099
v -9.920572 -9.316987 6.955389
v -9.757906 -9.316987 5.966216
v -9.986619 -9.316987 6.941785
v -9.798011 -9.316987 5.956979
v -10.900734 -9.316987 4.846665
v -11.883128 -9.316987 5.045276
v -10.052275 -9.316987 6.926398
v -10.890675 -9.316987 4.886572
v -10.117489 -9.316987 6.909239
v -9.877385 -9.316987 5.935224
v -10.879524 -9.316987 4.926188
v -10.182214 -9.316987 6.890321
v -9.916595 -9.316987 5.922721
v -10.867290 -9.316987 4.965482
v -10.853984 -9.316987 5.004426
v -11.810999 -9.316987 5.305061
v -9.993913 -9.316987 5.894513
v -10.839614 -9.316987 5.042991
v -11.788605 -9.316987 5.368667
v -10.031961 -9.316987 5.878829
v -10.824191 -9.316987 5.081147
v -10.435287 -9.316987 6.797346
v -10.069566 -9.316987 5.862107
v -10.143329 -9.316987 5.825600
v -10.771728 -9.316987 5.192876
v -10.617680 -9.316987 6.709945
v -10.179431 -9.316987 5.805843
v -10.752218 -9.316987 5.229114
v -10.676826 -9.316987 6.677555
v -11.618897 -9.316987 5.735483
v -10.735072 -9.316987 6.643574
v -11.584917 -9.316987 5.793729
v -10.792377 -9.316987 6.608029
v -11.549373 -9.316987 5.851034
v -10.687833 -9.316987 5.334424
v -10.848699 -9.316987 6.570946
v -11.512288 -9.316987 5.907356
v -10.664472 -9.316987 5.368307
v -10.903996 -9.316987 6.532350
v -10.640190 -9.316987 5.401535
v -11.473693 -9.316987 5.962653
v -10.958227 -9.316987 6.492272
v -10.351080 -9.316987 5.692635
v -11.011353 -9.316987 6.450739
v -11.392082 -9.316987 6.070010
v -10.588939 -9.316987 5.465932
v -11.063334 -9.316987 6.407784
v -10.415124 -9.316987 5.640943
v -11.114135 -9.316987 6.363436
v -11.304779 -9.316987 6.172791
v -10.534232 -9.316987 5.527421
v -11.163714 -9.316987 6.317729
v -10.476235 -9.316987 5.585816
v -11.259071 -9.316987 6.222372
v -11.212039 -9.316987 6.270696
v -11.941343 -9.316987 4.510000
v -11.940430 -9.316987 4.577428
v -11.926746 -9.316987 4.779216
v -11.908541 -9.316987 4.912837
v -11.896731 -9.316987 4.979229
v -11.867742 -9.316987 5.110931
v -11.850582 -9.316987 5.176146
v -11.831664 -9.316987 5.240871
v -11.764495 -9.316987 5.431644
v -11.738689 -9.316987 5.493945
v -11.711205 -9.316987 5.555524
v -11.682065 -9.316987 5.616336
v -11.651288 -9.316987 5.676337
v -11.433615 -9.316987 6.016884
v -11.349127 -9.316987 6.121992
v -10.557679 -9.316987 6.740722
v -10.496867 -9.316987 6.769863
v -10.372987 -9.316987 6.823152
v -10.310010 -9.316987 6.847261
v -10.246404 -9.316987 6.869657
v -9.854180 -9.316987 6.967198
v -9.518770 -9.316987 6.999087
v -9.451343 -9.316987 7.000000
v -9.095193 -9.316987 6.977206
v -8.830412 -9.316987 6.926398
v -8.700472 -9.316987 6.890321
v -8.636282 -9.316987 6.869657
v -8.205860 -9.316987 6.677555
v -7.924459 -9.316987 6.492272
v -7.871333 -9.316987 6.450739
v -7.768551 -9.316987 6.363436
v -7.670647 -9.316987 6.270696
v -7.623614 -9.316987 6.222372
v -7.449071 -9.316987 6.016884
v -7.200621 -9.316987 5.616336
v -7.118191 -9.316987 5.431644
v -7.071687 -9.316987 5.305061
v -6.944995 -9.316987 4.644806
v -9.431343 -7.316988 7.000000
v -9.431343 -9.316987 7.000000
v -7.941343 -9.316987 4.500000
v -7.950367 -9.316987 4.664295
v -7.961623 -9.316987 4.745823
v -7.977333 -9.316987 4.826612
v -7.997451 -9.316987 4.906418
v -8.021915 -9.316987 4.985000
v -8.035755 -9.316987 5.023758
v -8.066598 -9.316987 5.100062
v -8.083577 -9.316987 5.137551
v -8.615488 -9.316987 5.752184
v -8.985653 -9.316987 5.929107
v -9.064721 -9.316987 5.951949
v -9.307762 -9.316987 5.994040
v -9.717562 -9.316987 5.974349
v -9.837847 -9.316987 5.946646
v -9.955447 -9.316987 5.909148
v -10.106698 -9.316987 5.844360
v -10.214977 -9.316987 5.785103
v -10.249942 -9.316987 5.763395
v -10.284298 -9.316987 5.740736
v -10.318019 -9.316987 5.717144
v -10.383456 -9.316987 5.667228
v -10.446058 -9.316987 5.613799
v -10.505634 -9.316987 5.557016
v -10.562007 -9.316987 5.497051
v -10.615006 -9.316987 5.434085
v -10.710255 -9.316987 5.299914
v -10.731722 -9.316987 5.264802
v -10.790235 -9.316987 5.156118
v -10.807727 -9.316987 5.118865
v -10.909696 -9.316987 4.806498
v -10.940073 -9.316987 4.561717
v -10.934432 -9.316987 4.356174
v -10.917551 -9.316987 4.233901
v -10.909696 -9.316987 4.193502
v -10.879524 -9.316987 4.073812
v -10.824191 -9.316987 3.918853
v -10.790235 -9.316987 3.843882
v -10.771728 -9.316987 3.807124
v -10.731722 -9.316987 3.735198
v -10.687833 -9.316987 3.665576
v -10.664472 -9.316987 3.631693
v -10.640190 -9.316987 3.598465
v -10.588939 -9.316987 3.534068
v -10.562007 -9.316987 3.502949
v -10.534232 -9.316987 3.472579
v -10.415124 -9.316987 3.359057
v -10.318019 -9.316987 3.282856
v -10.284298 -9.316987 3.259264
v -10.214977 -9.316987 3.214897
v -9.837847 -9.316987 3.053354
v -9.307762 -9.316987 3.005960
v -9.226019 -9.316987 3.015535
v -9.185375 -9.316987 3.022001
v -9.104696 -9.316987 3.038265
v -9.064721 -9.316987 3.048051
v -8.831864 -9.316987 3.129403
v -8.721238 -9.316987 3.184155
v -8.685410 -9.316987 3.204405
v -8.615488 -9.316987 3.247816
v -8.421443 -9.316987 3.400089
v -8.206418 -9.316987 3.648554
v -8.083577 -9.316987 3.862448
v -8.066598 -9.316987 3.899937
v -8.050653 -9.316987 3.937878
v -8.035755 -9.316987 3.976242
v -8.009144 -9.316987 4.054123
v -7.955436 -9.316987 4.294864
v -7.950367 -9.316987 4.335705
v -7.941907 -9.316987 4.458849
v 8.362651 -9.316987 3.457684
v 8.334462 -9.316987 3.487669
v 8.452002 -9.316987 3.372523
v 8.307106 -9.316987 3.518416
v 8.483306 -9.316987 3.345806
v 8.615488 -9.316987 3.247816
v 8.183524 -9.316987 3.682754
v 8.757608 -9.316987 3.164894
v 8.101579 -9.316987 3.825439
v 8.066598 -9.316987 3.899937
v 8.050653 -9.316987 3.937878
v 9.025030 -9.316987 3.058930
v 7.997451 -9.316987 4.093582
v 9.064721 -9.316987 3.048051
v 7.977333 -9.316987 4.173388
v 7.968924 -9.316987 4.213674
v 7.961623 -9.316987 4.254177
v 7.955436 -9.316987 4.294864
v 7.950367 -9.316987 4.335705
v 7.943601 -9.316987 4.417729
v 7.941907 -9.316987 4.541151
v 6.942256 -9.316987 4.577428
v 6.985955 -9.316987 4.979229
v 6.999558 -9.316987 5.045276
v 7.986845 -9.316987 4.866653
v 7.051022 -9.316987 5.240871
v 9.472208 -9.316987 3.000318
v 9.717562 -9.316987 3.025652
v 9.757906 -9.316987 3.033784
v 9.798011 -9.316987 3.043021
v 8.009144 -9.316987 4.945877
v 9.916595 -9.316987 3.077279
v 8.021915 -9.316987 4.985000
v 7.094081 -9.316987 5.368667
v 9.955447 -9.316987 3.090852
v 8.050653 -9.316987 5.062122
v 10.031961 -9.316987 3.121171
v 8.066598 -9.316987 5.100062
v 7.171480 -9.316987 5.555524
v 8.083577 -9.316987 5.137551
v 7.200621 -9.316987 5.616336
v 8.101579 -9.316987 5.174561
v 10.143329 -9.316987 3.174400
v 7.263788 -9.316987 5.735483
v 8.140594 -9.316987 5.247028
v 7.297769 -9.316987 5.793729
v 8.161577 -9.316987 5.282432
v 7.333313 -9.316987 5.851034
v 10.249942 -9.316987 3.236605
v 8.183524 -9.316987 5.317246
v 8.206418 -9.316987 5.351446
v 10.318019 -9.316987 3.282856
v 8.230241 -9.316987 5.385004
v 10.351080 -9.316987 3.307365
v 8.254976 -9.316987 5.417896
v 7.490603 -9.316987 6.070010
v 10.383456 -9.316987 3.332772
v 7.533559 -9.316987 6.121992
v 10.415124 -9.316987 3.359057
v 8.307106 -9.316987 5.481584
v 7.577907 -9.316987 6.172791
v 8.334462 -9.316987 5.512331
v 10.476235 -9.316987 3.414184
v 8.391652 -9.316987 5.571517
v 8.421443 -9.316987 5.599911
v 10.562007 -9.316987 3.502949
v 10.588939 -9.316987 3.534068
v 7.768551 -9.316987 6.363436
v 8.452002 -9.316987 5.627477
v 7.819351 -9.316987 6.407784
v 8.483306 -9.316987 5.654194
v 10.640190 -9.316987 3.598465
v 10.664472 -9.316987 3.631693
v 7.871333 -9.316987 6.450739
v 8.515330 -9.316987 5.680043
v 10.687833 -9.316987 3.665576
v 7.924459 -9.316987 6.492272
v 8.548052 -9.316987 5.705003
v 8.581447 -9.316987 5.729056
v 8.615488 -9.316987 5.752184
v 8.650151 -9.316987 5.774369
v 8.147614 -9.316987 6.643574
v 8.685410 -9.316987 5.795595
v 8.721238 -9.316987 5.815845
v 8.265006 -9.316987 6.709945
v 8.325006 -9.316987 6.740722
v 8.794493 -9.316987 5.853361
v 8.385819 -9.316987 6.769863
v 8.831864 -9.316987 5.870597
v 8.907956 -9.316987 5.901962
v 8.946618 -9.316987 5.916068
v 9.064721 -9.316987 5.951949
v 8.830412 -9.316987 6.926398
v 9.104696 -9.316987 5.961735
v 8.896067 -9.316987 6.941785
v 8.962114 -9.316987 6.955389
v 9.185375 -9.316987 5.977999
v 9.229258 -9.316987 6.991786
v 9.363915 -9.316987 6.999087
v 9.431054 -9.316987 5.999965
v 9.431343 -9.316987 7.000000
v 9.451343 -9.316987 7.000000
v 10.790235 -9.316987 3.843882
v 10.824191 -9.316987 3.918853
v 10.853984 -9.316987 3.995574
v 10.879524 -9.316987 4.073812
v 10.900734 -9.316987 4.153335
v 10.909696 -9.316987 4.193502
v 10.917551 -9.316987 4.233901
v 10.924295 -9.316987 4.274499
v 10.929924 -9.316987 4.315267
v 10.937816 -9.316987 4.397190
v 10.940073 -9.316987 4.438283
v 10.941202 -9.316987 4.479423
v 10.941202 -9.316987 4.520577
v 11.940430 -9.316987 4.577428
v 9.554416 -9.316987 5.995732
v 11.937691 -9.316987 4.644806
v 10.937816 -9.316987 4.602810
v 9.653428 -9.316987 6.991786
v 9.595407 -9.316987 5.992067
v 11.933129 -9.316987 4.712085
v 10.934432 -9.316987 4.643826
v 9.636282 -9.316987 5.987279
v 11.926746 -9.316987 4.779216
v 9.787493 -9.316987 6.977206
v 10.924295 -9.316987 4.725501
v 11.908541 -9.316987 4.912837
v 9.757906 -9.316987 5.966216
v 10.900734 -9.316987 4.846665
v 10.052275 -9.316987 6.926398
v 9.837847 -9.316987 5.946646
v 11.867742 -9.316987 5.110931
v 10.890675 -9.316987 4.886572
v 9.877385 -9.316987 5.935224
v 11.850582 -9.316987 5.176146
v 10.879524 -9.316987 4.926188
v 10.182214 -9.316987 6.890321
v 9.916595 -9.316987 5.922721
v 11.831664 -9.316987 5.240871
v 10.867290 -9.316987 4.965482
v 10.853984 -9.316987 5.004426
v 11.788605 -9.316987 5.368667
v 10.839614 -9.316987 5.042991
v 10.031961 -9.316987 5.878829
v 10.435287 -9.316987 6.797346
v 10.069566 -9.316987 5.862107
v 10.807727 -9.316987 5.118865
v 10.496867 -9.316987 6.769863
v 10.106698 -9.316987 5.844360
v 10.557679 -9.316987 6.740722
v 11.682065 -9.316987 5.616336
v 10.771728 -9.316987 5.192876
v 10.617680 -9.316987 6.709945
v 10.179431 -9.316987 5.805843
v 11.651288 -9.316987 5.676337
v 10.752218 -9.316987 5.229114
v 10.676826 -9.316987 6.677555
v 10.214977 -9.316987 5.785103
v 11.618897 -9.316987 5.735483
v 10.731722 -9.316987 5.264802
v 10.735072 -9.316987 6.643574
v 10.249942 -9.316987 5.763395
v 11.584917 -9.316987 5.793729
v 10.710255 -9.316987 5.299914
v 11.512288 -9.316987 5.907356
v 10.664472 -9.316987 5.368307
v 10.903996 -9.316987 6.532350
v 11.473693 -9.316987 5.962653
v 10.640190 -9.316987 5.401535
v 11.433615 -9.316987 6.016884
v 11.011353 -9.316987 6.450739
v 11.392082 -9.316987 6.070010
v 10.588939 -9.316987 5.465932
v 10.562007 -9.316987 5.497051
v 11.304779 -9.316987 6.172791
v 11.163714 -9.316987 6.317729
v 11.259071 -9.316987 6.222372
v 9.296537 -9.316987 6.996348
v 9.162127 -9.316987 6.985404
v 9.095193 -9.316987 6.977206
v 9.028505 -9.316987 6.967198
v 8.765198 -9.316987 6.909239
v 8.700472 -9.316987 6.890321
v 8.636282 -9.316987 6.869657
v 8.572676 -9.316987 6.847261
v 8.509699 -9.316987 6.823152
v 8.447398 -9.316987 6.797346
v 8.205860 -9.316987 6.677555
v 8.090309 -9.316987 6.608029
v 8.033987 -9.316987 6.570946
v 7.978691 -9.316987 6.532350
v 7.718971 -9.316987 6.317729
v 7.670647 -9.316987 6.270696
v 7.623614 -9.316987 6.222372
v 7.449071 -9.316987 6.016884
v 7.408993 -9.316987 5.962653
v 7.370398 -9.316987 5.907356
v 7.231398 -9.316987 5.676337
v 7.143997 -9.316987 5.493945
v 7.118191 -9.316987 5.431644
v 7.071687 -9.316987 5.305061
v 7.032104 -9.316987 5.176146
v 7.014945 -9.316987 5.110931
v 6.974145 -9.316987 4.912837
v 6.964138 -9.316987 4.846150
v 6.955939 -9.316987 4.779216
v 6.949557 -9.316987 4.712085
v 6.944995 -9.316987 4.644806
v 9.451343 -7.316988 7.000000
v 9.431343 -7.316988 7.000000
v 11.941343 -9.316987 4.510000
v 11.918549 -9.316987 4.846150
v 11.896731 -9.316987 4.979229
v 11.883128 -9.316987 5.045276
v 11.810999 -9.316987 5.305061
v 11.764495 -9.316987 5.431644
v 11.738689 -9.316987 5.493945
v 11.711205 -9.316987 5.555524
v 11.549373 -9.316987 5.851034
v 11.349127 -9.316987 6.121992
v 11.212039 -9.316987 6.270696
v 11.114135 -9.316987 6.363436
v 11.063334 -9.316987 6.407784
v 10.958227 -9.316987 6.492272
v 10.848699 -9.316987 6.570946
v 10.792377 -9.316987 6.608029
v 10.372987 -9.316987 6.823152
v 10.310010 -9.316987 6.847261
v 10.246404 -9.316987 6.869657
v 10.117489 -9.316987 6.909239
v 9.986619 -9.316987 6.941785
v 9.920572 -9.316987 6.955389
v 9.854180 -9.316987 6.967198
v 9.720559 -9.316987 6.985404
v 9.586149 -9.316987 6.996348
v 9.518770 -9.316987 6.999087
v 7.941343 -9.316987 4.500000
v 7.943601 -9.316987 4.582271
v 7.946422 -9.316987 4.623329
v 7.950367 -9.316987 4.664295
v 7.955436 -9.316987 4.705136
v 7.961623 -9.316987 4.745823
v 7.968924 -9.316987 4.786326
v 7.977333 -9.316987 4.826612
v 7.997451 -9.316987 4.906418
v 8.035755 -9.316987 5.023758
v 8.120589 -9.316987 5.211062
v 8.280604 -9.316987 5.450098
v 8.362651 -9.316987 5.542316
v 8.757608 -9.316987 5.835105
v 8.869695 -9.316987 5.886802
v 8.985653 -9.316987 5.929107
v 9.025030 -9.316987 5.941071
v 9.144924 -9.316987 5.970420
v 9.226019 -9.316987 5.984465
v 9.266825 -9.316987 5.989813
v 9.307762 -9.316987 5.994040
v 9.348801 -9.316987 5.997143
v 9.389908 -9.316987 5.999118
v 9.472208 -9.316987 5.999682
v 9.513339 -9.316987 5.998271
v 9.677011 -9.316987 5.981371
v 9.717562 -9.316987 5.974349
v 9.798011 -9.316987 5.956979
v 9.955447 -9.316987 5.909148
v 9.993913 -9.316987 5.894513
v 10.143329 -9.316987 5.825600
v 10.284298 -9.316987 5.740736
v 10.318019 -9.316987 5.717144
v 10.351080 -9.316987 5.692635
v 10.383456 -9.316987 5.667228
v 10.415124 -9.316987 5.640943
v 10.446058 -9.316987 5.613799
v 10.476235 -9.316987 5.585816
v 10.505634 -9.316987 5.557016
v 10.534232 -9.316987 5.527421
v 10.615006 -9.316987 5.434085
v 10.687833 -9.316987 5.334424
v 10.790235 -9.316987 5.156118
v 10.824191 -9.316987 5.081147
v 10.909696 -9.316987 4.806498
v 10.917551 -9.316987 4.766099
v 10.929924 -9.316987 4.684733
v 10.940073 -9.316987 4.561717
v 10.934432 -9.316987 4.356174
v 10.890675 -9.316987 4.113428
v 10.867290 -9.316987 4.034518
v 10.839614 -9.316987 3.957009
v 10.807727 -9.316987 3.881135
v 10.771728 -9.316987 3.807124
v 10.752218 -9.316987 3.770887
v 10.731722 -9.316987 3.735198
v 10.710255 -9.316987 3.700086
v 10.615006 -9.316987 3.565915
v 10.534232 -9.316987 3.472579
v 10.505634 -9.316987 3.442984
v 10.446058 -9.316987 3.386201
v 10.284298 -9.316987 3.259264
v 10.214977 -9.316987 3.214897
v 10.179431 -9.316987 3.194157
v 10.106698 -9.316987 3.155640
v 10.069566 -9.316987 3.137893
v 9.993913 -9.316987 3.105487
v 9.877385 -9.316987 3.064776
v 9.837847 -9.316987 3.053354
v 9.677011 -9.316987 3.018629
v 9.636282 -9.316987 3.012721
v 9.595407 -9.316987 3.007933
v 9.554416 -9.316987 3.004268
v 9.513339 -9.316987 3.001729
v 9.431054 -9.316987 3.000035
v 9.389908 -9.316987 3.000882
v 9.348801 -9.316987 3.002857
v 9.307762 -9.316987 3.005960
v 9.266825 -9.316987 3.010187
v 9.226019 -9.316987 3.015535
v 9.185375 -9.316987 3.022001
v 9.144924 -9.316987 3.029580
v 9.104696 -9.316987 3.038265
v 8.985653 -9.316987 3.070893
v 8.946618 -9.316987 3.083932
v 8.907956 -9.316987 3.098038
v 8.869695 -9.316987 3.113198
v 8.831864 -9.316987 3.129403
v 8.794493 -9.316987 3.146639
v 8.721238 -9.316987 3.184155
v 8.685410 -9.316987 3.204405
v 8.650151 -9.316987 3.225631
v 8.581447 -9.316987 3.270944
v 8.548052 -9.316987 3.294997
v 8.515330 -9.316987 3.319957
v 8.421443 -9.316987 3.400089
v 8.391652 -9.316987 3.428483
v 8.280604 -9.316987 3.549902
v 8.254976 -9.316987 3.582103
v 8.230241 -9.316987 3.614996
v 8.206418 -9.316987 3.648554
v 8.161577 -9.316987 3.717568
v 8.140594 -9.316987 3.752972
v 8.120589 -9.316987 3.788938
v 8.083577 -9.316987 3.862448
v 8.035755 -9.316987 3.976242
v 8.021915 -9.316987 4.015000
v 8.009144 -9.316987 4.054123
v 7.986845 -9.316987 4.133347
v 7.946422 -9.316987 4.376671
v 7.941907 -9.316987 4.458849
v 12.235979 -2.559362 3.487669
v 12.222301 -2.535671 3.518416
v 12.310400 -2.688264 3.345806
v 12.209050 -2.512720 3.549902
v 12.326413 -2.715999 3.319957
v 12.196236 -2.490525 3.582103
v 12.342773 -2.744337 3.294997
v 12.171957 -2.448472 3.648554
v 12.160510 -2.428646 3.682754
v 12.411453 -2.863292 3.204405
v 12.139045 -2.391467 3.752972
v 12.429367 -2.894320 3.184155
v 12.129043 -2.374143 3.788938
v 12.447552 -2.925818 3.164894
v 12.119537 -2.357679 3.825439
v 12.110537 -2.342089 3.862448
v 12.484680 -2.990125 3.129403
v 12.102046 -2.327385 3.899937
v 12.094074 -2.313576 3.937878
v 12.522726 -3.056022 3.098038
v 12.086625 -2.300674 3.976242
v 12.542057 -3.089505 3.083932
v 12.079705 -2.288689 4.015000
v 12.561574 -3.123310 3.070893
v 12.073319 -2.277628 4.054123
v 12.581263 -3.157412 3.058930
v 12.067473 -2.267502 4.093582
v 12.601109 -3.191786 3.048051
v 12.062170 -2.258317 4.133347
v 12.621096 -3.226404 3.038265
v 12.057414 -2.250080 4.173388
v 12.641210 -3.261243 3.029580
v 12.053209 -2.242797 4.213674
v 12.661435 -3.296275 3.022001
v 12.681757 -3.331473 3.015535
v 12.046466 -2.231116 4.294864
v 12.043932 -2.226727 4.335705
v 12.041959 -2.223309 4.376671
v 12.039701 -2.219400 4.458849
v 12.784275 -3.509039 3.000035
v 12.039419 -2.218911 4.500000
v 11.539876 -1.353676 4.577428
v 12.039701 -2.219400 4.541151
v 12.040548 -2.220866 4.582271
v 11.541245 -1.356048 4.644806
v 11.543527 -1.359999 4.712085
v 12.041959 -2.223309 4.623329
v 12.043932 -2.226727 4.664295
v 11.550817 -1.372626 4.846150
v 12.046466 -2.231116 4.705136
v 11.555820 -1.381293 4.912837
v 11.561725 -1.391521 4.979229
v 12.053209 -2.242797 4.786326
v 11.568526 -1.403301 5.045276
v 12.057414 -2.250080 4.826612
v 11.576220 -1.416626 5.110931
v 12.062170 -2.258317 4.866653
v 11.584800 -1.431487 5.176146
v 12.804852 -3.544679 3.000318
v 12.825417 -3.580299 3.001729
v 12.845955 -3.615873 3.004268
v 12.866451 -3.651372 3.007933
v 12.886889 -3.686771 3.012721
v 12.073319 -2.277628 4.945877
v 13.027045 -3.929530 3.077279
v 12.079705 -2.288689 4.985000
v 13.046472 -3.963177 3.090852
v 13.065704 -3.996488 3.105487
v 12.094074 -2.313576 5.062122
v 13.084728 -4.029440 3.121171
v 13.103531 -4.062006 3.137893
v 11.669058 -1.577427 5.616336
v 12.110537 -2.342089 5.137551
v 13.122097 -4.094163 3.155640
v 11.684446 -1.604081 5.676337
v 12.119537 -2.357679 5.174561
v 12.129043 -2.374143 5.211062
v 11.700642 -1.632132 5.735483
v 11.717632 -1.661559 5.793729
v 13.176236 -4.187937 3.214897
v 12.149536 -2.409639 5.282432
v 11.735404 -1.692342 5.851034
v 13.193719 -4.218216 3.236605
v 12.160510 -2.428646 5.317246
v 11.753946 -1.724458 5.907356
v 13.210896 -4.247970 3.259264
v 12.171957 -2.448472 5.351446
v 11.773244 -1.757882 5.962653
v 13.227757 -4.277173 3.282856
v 12.183868 -2.469104 5.385004
v 11.793283 -1.792591 6.016884
v 12.196236 -2.490525 5.417896
v 11.814050 -1.828559 6.070010
v 13.260476 -4.333844 3.332772
v 12.209050 -2.512720 5.450098
v 11.857701 -1.904166 6.172791
v 12.222301 -2.535671 5.481584
v 12.235979 -2.559362 5.512331
v 11.880555 -1.943750 6.222372
v 12.250073 -2.583775 5.542316
v 12.264574 -2.608890 5.571517
v 13.335864 -4.464419 3.472579
v 11.928233 -2.026332 6.317729
v 12.279469 -2.634690 5.599911
v 13.349751 -4.488473 3.502949
v 13.363217 -4.511796 3.534068
v 12.294748 -2.661155 5.627477
v 11.978423 -2.113263 6.407784
v 12.326413 -2.715999 5.680043
v 13.412663 -4.597441 3.665576
v 12.030977 -2.204289 6.492272
v 12.342773 -2.744337 5.705003
v 12.058093 -2.251255 6.532350
v 12.359471 -2.773257 5.729056
v 12.085741 -2.299143 6.570946
v 12.376492 -2.802738 5.752184
v 12.411453 -2.863292 5.795595
v 12.171678 -2.447990 6.677555
v 12.429367 -2.894320 5.815845
v 12.201251 -2.499212 6.709945
v 12.447552 -2.925818 5.835105
v 12.231251 -2.551174 6.740722
v 12.465994 -2.957761 5.853361
v 12.292447 -2.657168 6.797346
v 12.323597 -2.711122 6.823152
v 12.522726 -3.056022 5.901962
v 12.542057 -3.089505 5.916068
v 12.451346 -2.932390 6.909239
v 12.601109 -3.191786 5.951949
v 12.483953 -2.988867 6.926398
v 12.516781 -3.045726 6.941785
v 12.641210 -3.261243 5.970420
v 12.549805 -3.102925 6.955389
v 12.583000 -3.160422 6.967198
v 12.681757 -3.331473 5.984465
v 12.616344 -3.218174 6.977206
v 12.702160 -3.366812 5.989813
v 12.722629 -3.402265 5.994040
v 12.743148 -3.437805 5.997143
v 12.717016 -3.392544 6.996348
v 12.763701 -3.473405 5.999118
v 12.750706 -3.450895 6.999087
v 12.784275 -3.509039 5.999965
v 12.784419 -3.509289 7.000000
v 13.434608 -4.635450 3.735198
v 13.444857 -4.653200 3.770887
v 13.454611 -4.670096 3.807124
v 13.463865 -4.686124 3.843882
v 13.472611 -4.701272 3.881135
v 13.488554 -4.728887 3.957009
v 13.502393 -4.752856 4.034518
v 13.514085 -4.773107 4.113428
v 13.519114 -4.781819 4.153335
v 13.523596 -4.789580 4.193502
v 13.527523 -4.796383 4.233901
v 13.530895 -4.802224 4.274499
v 13.533710 -4.807098 4.315267
v 13.535964 -4.811002 4.356174
v 13.537656 -4.813932 4.397190
v 13.538784 -4.815887 4.438283
v 13.539349 -4.816865 4.479423
v 13.539349 -4.816865 4.520577
v 12.804852 -3.544679 5.999682
v 12.828133 -3.585004 6.999087
v 14.038962 -5.682222 4.577428
v 13.538784 -4.815887 4.561717
v 12.845955 -3.615873 5.995732
v 13.537656 -4.813932 4.602810
v 14.037593 -5.679850 4.644806
v 13.535964 -4.811002 4.643826
v 14.032121 -5.670372 4.779216
v 14.028022 -5.663272 4.846150
v 12.995838 -3.875477 6.967198
v 13.029034 -3.932974 6.955389
v 12.967753 -3.826833 5.956979
v 13.094885 -4.047031 6.926398
v 12.987671 -3.861332 5.946646
v 13.127492 -4.103508 6.909239
v 13.508510 -4.763450 4.926188
v 13.994039 -5.604412 5.176146
v 13.159855 -4.159563 6.890321
v 13.027045 -3.929530 5.922721
v 13.502393 -4.752856 4.965482
v 13.046472 -3.963177 5.909148
v 13.495740 -4.741332 5.004426
v 13.974247 -5.570132 5.305061
v 13.065704 -3.996488 5.894513
v 13.950995 -5.529858 5.431644
v 13.103531 -4.062006 5.862107
v 13.938092 -5.507509 5.493945
v 13.317181 -4.432060 6.769863
v 13.122097 -4.094163 5.844360
v 13.463865 -4.686124 5.156118
v 13.924351 -5.483708 5.555524
v 13.347588 -4.484725 6.740722
v 13.909781 -5.458471 5.616336
v 13.454611 -4.670096 5.192876
v 13.158463 -4.157152 5.805843
v 13.444857 -4.653200 5.229114
v 13.894392 -5.431818 5.676337
v 13.407161 -4.587908 6.677555
v 13.434608 -4.635450 5.264802
v 13.878197 -5.403767 5.735483
v 13.436284 -4.638351 6.643574
v 13.861206 -5.374339 5.793729
v 13.464936 -4.687979 6.608029
v 13.210896 -4.247970 5.740736
v 13.843433 -5.343556 5.851034
v 13.493097 -4.736755 6.570946
v 13.824892 -5.311440 5.907356
v 13.805594 -5.278016 5.962653
v 13.547861 -4.831609 6.492272
v 13.244287 -4.305805 5.692635
v 13.785555 -5.243307 6.016884
v 13.764789 -5.207339 6.070010
v 13.276310 -4.361268 5.640943
v 13.743311 -5.170138 6.121992
v 13.625815 -4.966629 6.363436
v 13.291777 -4.388058 5.613799
v 13.721137 -5.131732 6.172791
v 13.650605 -5.009567 6.317729
v 13.306866 -4.414193 5.585816
v 13.698283 -5.092148 6.222372
v 13.321565 -4.439653 5.557016
v 13.674767 -5.051417 6.270696
v 14.035312 -5.675899 4.712085
v 14.023018 -5.654605 4.912837
v 14.017114 -5.644378 4.979229
v 14.010312 -5.632597 5.045276
v 14.002619 -5.619272 5.110931
v 13.984580 -5.588028 5.240871
v 13.963050 -5.550737 5.368667
v 13.600415 -4.922636 6.407784
v 13.574424 -4.877618 6.450739
v 13.520745 -4.784644 6.532350
v 13.377587 -4.536687 6.709945
v 13.286391 -4.378731 6.797346
v 13.255241 -4.324777 6.823152
v 13.223753 -4.270237 6.847261
v 13.191950 -4.215152 6.869657
v 13.062057 -3.990172 6.941785
v 12.962494 -3.817724 6.977206
v 12.929028 -3.759758 6.985404
v 12.895462 -3.701620 6.991786
v 12.861822 -3.643355 6.996348
v 12.794419 -3.526609 7.000000
v 12.683376 -3.334278 6.991786
v 12.649811 -3.276141 6.985404
v 12.418983 -2.876336 6.890321
v 12.386889 -2.820746 6.869657
v 12.355085 -2.765661 6.847261
v 12.261657 -2.603839 6.769863
v 12.142554 -2.397547 6.643574
v 12.113902 -2.347919 6.608029
v 12.004415 -2.158281 6.450739
v 11.953023 -2.069269 6.363436
v 11.904071 -1.984482 6.270696
v 11.835527 -1.865760 6.121992
v 11.654488 -1.552190 5.555524
v 11.640746 -1.528389 5.493945
v 11.627843 -1.506041 5.431644
v 11.615788 -1.485161 5.368667
v 11.604591 -1.465767 5.305061
v 11.594258 -1.447871 5.240871
v 11.546718 -1.365527 4.779216
v 12.049560 -2.236474 4.745823
v 12.067473 -2.267502 4.906418
v 12.086625 -2.300674 5.023758
v 12.102046 -2.327385 5.100062
v 12.139045 -2.391467 5.247028
v 12.310400 -2.688264 5.654194
v 12.393824 -2.832757 5.774369
v 12.484680 -2.990125 5.870597
v 12.503595 -3.022888 5.886802
v 12.561574 -3.123310 5.929107
v 12.581263 -3.157412 5.941071
v 12.621096 -3.226404 5.961735
v 12.661435 -3.296275 5.977999
v 12.825417 -3.580299 5.998271
v 12.866451 -3.651372 5.992067
v 12.886889 -3.686771 5.987279
v 12.907253 -3.722044 5.981371
v 12.927528 -3.757162 5.974349
v 12.947701 -3.792100 5.966216
v 13.007441 -3.895573 5.935224
v 13.084728 -4.029440 5.878829
v 13.140412 -4.125886 5.825600
v 13.176236 -4.187937 5.785103
v 13.193719 -4.218216 5.763395
v 13.227757 -4.277173 5.717144
v 13.260476 -4.333844 5.667228
v 13.335864 -4.464419 5.527421
v 13.349751 -4.488473 5.497051
v 13.363217 -4.511796 5.465932
v 13.376250 -4.534371 5.434085
v 13.388843 -4.556181 5.401535
v 13.400984 -4.577209 5.368307
v 13.412663 -4.597441 5.334424
v 13.423875 -4.616859 5.299914
v 13.472611 -4.701272 5.118865
v 13.480844 -4.715530 5.081147
v 13.488554 -4.728887 5.042991
v 13.514085 -4.773107 4.886572
v 13.519114 -4.781819 4.846665
v 13.523596 -4.789580 4.806498
v 13.527523 -4.796383 4.766099
v 13.530895 -4.802224 4.725501
v 13.533710 -4.807098 4.684733
v 13.508510 -4.763450 4.073812
v 13.495740 -4.741332 3.995574
v 13.480844 -4.715530 3.918853
v 13.423875 -4.616859 3.700086
v 13.400984 -4.577209 3.631693
v 13.388843 -4.556181 3.598465
v 13.376250 -4.534371 3.565915
v 13.321565 -4.439653 3.442984
v 13.306866 -4.414193 3.414184
v 13.291777 -4.388058 3.386201
v 13.276310 -4.361268 3.359057
v 13.244287 -4.305805 3.307365
v 13.158463 -4.157152 3.194157
v 13.140412 -4.125886 3.174400
v 13.007441 -3.895573 3.064776
v 12.987671 -3.861332 3.053354
v 12.967753 -3.826833 3.043021
v 12.947701 -3.792100 3.033784
v 12.927528 -3.757162 3.025652
v 12.907253 -3.722044 3.018629
v 12.763701 -3.473405 3.000882
v 12.743148 -3.437805 3.002857
v 12.722629 -3.402265 3.005960
v 12.702160 -3.366812 3.010187
v 12.503595 -3.022888 3.113198
v 12.465994 -2.957761 3.146639
v 12.393824 -2.832757 3.225631
v 12.376492 -2.802738 3.247816
v 12.359471 -2.773257 3.270944
v 12.294748 -2.661155 3.372523
v 12.279469 -2.634690 3.400089
v 12.264574 -2.608890 3.428483
v 12.250073 -2.583775 3.457684
v 12.183868 -2.469104 3.614996
v 12.149536 -2.409639 3.717568
v 12.049560 -2.236474 4.254177
v 12.040548 -2.220866 4.417729
vn 0.500000 0.866025 -0.000000
vn 0.500000 0.866025 -0.000000
vn 0.500000 0.866025 -0.000000
vn 0.500000 0.866025 -0.000000
vn -0.866024 0.500003 0.000002
vn -0.866027 0.499997 -0.000002
vn -0.866027 0.499998 -0.000002
vn -0.866031 0.499991 -0.000007
vn -0.866018 0.500012 0.000008
vn -0.866026 0.499999 -0.000000
vn -0.866032 0.499989 -0.000007
vn -0.866020 0.500009 0.000007
vn -0.866021 0.500008 0.000005
vn -0.866031 0.499990 -0.000008
vn -0.866028 0.499995 -0.000003
vn -0.866018 0.500012 0.000010
vn -0.866029 0.499993 -0.000004
vn -0.866030 0.499991 -0.000007
vn -0.866025 0.500001 0.000000
vn -0.866022 0.500006 0.000006
vn -0.866025 0.500000 0.000000
vn -0.866019 0.500010 0.000005
vn -0.866024 0.500002 0.000001
vn -0.866020 0.500009 -0.000015
vn -0.866026 0.499999 -0.000001
vn -0.866024 0.500003 -0.000005
vn -0.866029 0.499994 -0.000006
vn -0.866027 0.499997 0.000006
vn -0.866027 0.499997 -0.000003
vn -0.866024 0.500002 -0.000003
vn -0.866021 0.500008 0.000008
vn -0.866032 0.499988 0.000025
vn -0.866027 0.499998 -0.000002
vn -0.866021 0.500008 -0.000017
vn -0.866022 0.500005 0.000006
vn -0.866026 0.499998 0.000005
vn -0.866027 0.499997 -0.000003
vn -0.866026 0.500000 0.000000
vn -0.866028 0.499995 -0.000005
vn -0.866026 0.499998 0.000004
vn -0.866028 0.499995 -0.000005
vn -0.866022 0.500005 -0.000014
vn -0.866022 0.500006 0.000007
vn -0.866027 0.499997 0.000009
vn -0.866026 0.499999 -0.000002
vn -0.866027 0.499998 0.000006
vn -0.866027 0.499997 -0.000003
vn -0.866026 0.499999 0.000001
vn -0.866025 0.500001 0.000001
vn -0.866023 0.500004 -0.000015
vn -0.866027 0.499998 -0.000003
vn -0.866026 0.500000 0.000003
vn -0.866025 0.500000 0.000000
vn -0.866025 0.500001 -0.000005
vn -0.866025 0.500000 0.000000
vn -0.866025 0.500000 0.000001
vn -0.866022 0.500005 0.000007
vn -0.866025 0.500000 0.000002
vn -0.866026 0.499999 -0.000001
vn -0.866025 0.500000 0.000004
vn -0.866021 0.500008 0.000011
vn -0.866026 0.500000 0.000002
vn -0.866025 0.500000 -0.000004
vn -0.866025 0.500000 -0.000002
vn -0.866025 0.500000 -0.000001
vn -0.866025 0.500000 -0.000004
vn -0.866025 0.500000 -0.000000
vn -0.866025 0.500000 -0.000002
vn -0.866025 0.500000 0.000002
vn -0.866025 0.500000 -0.000001
vn -0.866025 0.500000 0.000002
vn -0.866026 0.500000 0.000005
vn -0.866025 0.500000 -0.000002
vn -0.866025 0.500000 -0.000003
vn -0.866027 0.499998 0.000014
vn -0.866026 0.499999 0.000008
vn -0.866025 0.500000 0.000000
vn -0.866025 0.500000 -0.000001
vn -0.866025 0.500000 0.000000
vn -0.866025 0.500001 -0.000006
vn -0.866027 0.499998 0.000010
vn -0.866024 0.500002 -0.000009
vn -0.866024 0.500002 -0.000008
vn -0.866025 0.500000 -0.000000
vn -0.866032 0.499989 0.000014
vn -0.866030 0.499993 0.000008
vn -0.866024 0.500002 -0.000003
vn -0.866019 0.500011 -0.000013
vn -0.866030 0.499992 0.000010
vn -0.866022 0.500006 -0.000010
vn -0.866032 0.499989 0.000012
vn -0.866022 0.500007 -0.000010
vn -0.866023 0.500005 -0.000007
vn -0.866032 0.499989 0.000013
vn -0.866020 0.500009 -0.000011
vn -0.866024 0.500003 -0.000010
vn -0.866027 0.499997 0.000011
vn -0.866028 0.499996 0.000004
vn -0.866027 0.499998 0.000005
vn -0.866025 0.500001 -0.000004
vn -0.866024 0.500003 -0.000003
vn -0.866026 0.499999 0.000003
vn -0.866025 0.500000 -0.000000
vn -0.866023 0.500004 -0.000004
vn -0.866024 0.500002 -0.000004
vn -0.866025 0.500001 -0.000003
vn -0.866031 0.499990 0.000011
vn -0.866026 0.499999 0.000002
vn -0.866028 0.499996 0.000011
vn -0.866023 0.500005 -0.000005
vn -0.866026 0.499999 0.000002
vn -0.866022 0.500006 -0.000015
vn -0.866023 0.500004 -0.000004
vn -0.866025 0.500000 0.000000
vn -0.866026 0.500000 0.000002
vn -0.866025 0.500000 -0.000000
vn -0.866024 0.500002 -0.000003
vn -0.866025 0.500001 -0.000001
vn -0.866027 0.499998 0.000002
vn -0.866026 0.499999 0.000003
vn -0.866024 0.500003 -0.000006
vn -0.866032 0.499988 0.000011
vn -0.866028 0.499996 0.000007
vn -0.866028 0.499996 0.000008
vn -0.866019 0.500012 -0.000010
vn -0.866022 0.500006 -0.000009
vn -0.866024 0.500003 -0.000003
vn -0.866029 0.499994 0.000006
vn -0.866025 0.500001 -0.000000
vn -0.866025 0.500000 0.000001
vn -0.866022 0.500005 -0.000004
vn -0.866028 0.499996 0.000007
vn -0.866024 0.500002 -0.000003
vn -0.866030 0.499993 0.000006
vn -0.866027 0.499997 0.000005
vn -0.866025 0.500000 -0.000000
vn -0.866023 0.500005 -0.000004
vn -0.866022 0.500005 -0.000007
vn -0.866026 0.499999 0.000002
vn -0.866022 0.500006 -0.000005
vn -0.866030 0.499993 0.000010
vn -0.866025 0.500000 -0.000000
vn -0.866028 0.499995 0.000004
vn -0.866020 0.500009 -0.000011
vn -0.866024 0.500003 -0.000003
vn -0.866025 0.500000 -0.000000
vn -0.866026 0.499998 0.000002
vn -0.866029 0.499994 0.000007
vn -0.866030 0.499992 0.000006
vn -0.866024 0.500003 -0.000002
vn -0.866018 0.500012 -0.000008
vn -0.866027 0.499997 0.000003
vn -0.866025 0.500001 -0.000001
vn -0.866027 0.499997 0.000002
vn -0.866022 0.500005 -0.000003
vn -0.866030 0.499993 0.000008
vn -0.866026 0.499999 0.000002
vn -0.866035 0.499983 0.000011
vn -0.866026 0.499999 0.000000
vn -0.866024 0.500002 -0.000002
vn -0.866022 0.500005 -0.000003
vn -0.866018 0.500013 -0.000007
vn -0.866021 0.500008 -0.000008
vn -0.866023 0.500004 -0.000004
vn -0.866035 0.499984 0.000009
vn -0.866022 0.500005 -0.000003
vn -0.866031 0.499990 0.000008
vn -0.866027 0.499998 0.000002
vn -0.866019 0.500012 -0.000010
vn -0.866025 0.500000 -0.000001
vn -0.866031 0.499991 0.000008
vn -0.866027 0.499997 0.000003
vn -0.866022 0.500007 -0.000005
vn -0.866024 0.500002 -0.000002
vn -0.866028 0.499996 0.000003
vn -0.866024 0.500002 -0.000001
vn -0.866026 0.499999 0.000001
vn -0.866025 0.500001 0.000000
vn -0.866029 0.499993 0.000004
vn -0.866022 0.500006 -0.000004
vn -0.866027 0.499997 0.000002
vn -0.866029 0.499994 0.000004
vn -0.866020 0.500010 -0.000005
vn -0.866026 0.499998 0.000001
vn -0.866027 0.499997 0.000001
vn -0.866021 0.500008 -0.000004
vn -0.866022 0.500007 -0.000003
vn -0.866029 0.499994 0.000003
vn -0.866027 0.499997 0.000002
vn -0.866025 0.500001 0.000000
vn -0.866029 0.499995 0.000003
vn -0.866026 0.499998 0.000001
vn -0.866028 0.499995 0.000002
vn -0.866024 0.500003 -0.000001
vn -0.866025 0.500001 -0.000001
vn -0.866021 0.500007 -0.000003
vn -0.866025 0.500000 -0.000000
vn -0.866026 0.499998 0.000000
vn -0.866027 0.499998 0.000001
vn -0.866027 0.499997 0.000001
vn -0.866025 0.500001 -0.000000
vn -0.866025 0.500001 -0.000000
vn -0.866027 0.499997 0.000001
vn -0.866027 0.499998 0.000001
vn -0.866021 0.500007 -0.000002
vn -0.866026 0.500000 -0.000001
vn -0.866029 0.499995 0.000001
vn -0.866025 0.500000 -0.000000
vn -0.866026 0.499999 0.000000
vn -0.866022 0.500006 -0.000001
vn -0.866023 0.500004 -0.000000
vn -0.866026 0.499999 0.000000
vn -0.866023 0.500004 -0.000001
vn -0.866021 0.500008 -0.000001
vn -0.866029 0.499994 0.000000
vn -0.866023 0.500004 0.000005
vn -0.866030 0.499993 -0.000013
vn -0.866019 0.500011 0.000021
vn -0.866033 0.499987 -0.000024
vn -0.866026 0.499998 -0.000002
vn -0.866028 0.499995 -0.000009
vn -0.866018 0.500013 0.000030
vn -0.866031 0.499991 -0.000022
vn -0.866023 0.500005 0.000010
vn -0.866026 0.499998 -0.000005
vn -0.866024 0.500002 0.000006
vn -0.866024 0.500003 0.000009
vn -0.866028 0.499995 -0.000018
vn -0.866024 0.500003 0.000011
vn -0.866024 0.500002 0.000005
vn -0.866026 0.500000 -0.000003
vn -0.866026 0.499998 -0.000013
vn -0.866026 0.500000 -0.000002
vn -0.866025 0.500001 0.000012
vn -0.866025 0.500000 -0.000004
vn -0.866025 0.500000 0.000000
vn -0.866025 0.500000 0.000000
vn -0.866019 0.500011 0.000000
vn -0.866031 0.499990 -0.000000
vn -0.866029 0.499994 -0.000000
vn -0.866029 0.499994 -0.000000
vn -0.866025 0.500000 0.000005
vn -0.866025 0.500000 0.000004
vn -0.866022 0.500006 -0.000000
vn -0.866024 0.500002 -0.000000
vn -0.866026 0.499999 -0.000012
vn -0.866025 0.500000 0.000002
vn -0.866024 0.500002 -0.000000
vn -0.866018 0.500012 0.000001
vn -0.866026 0.500000 0.000001
vn -0.866026 0.499999 0.000001
vn -0.866026 0.499999 -0.000000
vn -0.866031 0.499991 -0.000001
vn -0.866026 0.499999 -0.000000
vn -0.866025 0.500001 0.000012
vn -0.866028 0.499995 -0.000001
vn -0.866021 0.500007 0.000001
vn -0.866026 0.500000 -0.000005
vn -0.866025 0.500001 0.000003
vn -0.866021 0.500009 0.000002
vn -0.866032 0.499989 -0.000002
vn -0.866026 0.499999 -0.000006
vn -0.866025 0.500001 0.000004
vn -0.866028 0.499995 -0.000001
vn -0.866021 0.500008 0.000002
vn -0.866026 0.499999 -0.000010
vn -0.866026 0.499999 -0.000010
vn -0.866025 0.500001 0.000000
vn -0.866022 0.500006 0.000001
vn -0.866023 0.500004 0.000015
vn -0.866025 0.500000 -0.000000
vn -0.866027 0.499998 -0.000000
vn -0.866033 0.499987 -0.000004
vn -0.866026 0.499999 -0.000007
vn -0.866025 0.500001 -0.000000
vn -0.866025 0.500000 -0.000000
vn -0.866019 0.500011 0.000003
vn -0.866024 0.500002 0.000009
vn -0.866026 0.499999 -0.000005
vn -0.866025 0.500001 0.000000
vn -0.866028 0.499995 -0.000002
vn -0.866027 0.499998 -0.000007
vn -0.866025 0.500001 0.000004
vn -0.866024 0.500003 0.000001
vn -0.866023 0.500004 0.000001
vn -0.866027 0.499998 -0.000007
vn -0.866024 0.500002 0.000009
vn -0.866026 0.500000 -0.000000
vn -0.866023 0.500005 0.000002
vn -0.866022 0.500005 0.000017
vn -0.866027 0.499998 -0.000006
vn -0.866032 0.499988 -0.000005
vn -0.866026 0.499999 -0.000000
vn -0.866029 0.499993 -0.000020
vn -0.866026 0.500000 -0.000003
vn -0.866022 0.500005 0.000003
vn -0.866029 0.499994 -0.000003
vn -0.866024 0.500002 0.000006
vn -0.866025 0.500001 0.000004
vn -0.866026 0.499998 -0.000000
vn -0.866023 0.500005 0.000003
vn -0.866025 0.500001 0.000001
vn -0.866026 0.499999 -0.000002
vn -0.866025 0.500000 0.000000
vn -0.866020 0.500009 0.000005
vn -0.866022 0.500006 0.000014
vn -0.866026 0.499999 -0.000002
vn -0.866027 0.499997 -0.000001
vn -0.866030 0.499992 -0.000004
vn -0.866025 0.500000 -0.000001
vn -0.866028 0.499995 -0.000011
vn -0.866033 0.499987 -0.000009
vn -0.866021 0.500008 0.000005
vn -0.866023 0.500003 0.000006
vn -0.866025 0.500001 0.000001
vn -0.866018 0.500013 0.000008
vn -0.866026 0.500000 -0.000001
vn -0.866023 0.500004 0.000007
vn -0.866026 0.499998 -0.000003
vn -0.866028 0.499996 -0.000003
vn -0.866030 0.499993 -0.000005
vn -0.866024 0.500003 0.000005
vn -0.866025 0.500001 0.000003
vn -0.866023 0.500004 0.000003
vn -0.866022 0.500006 0.000004
vn -0.866028 0.499995 -0.000009
vn -0.866030 0.499991 -0.000016
vn -0.866029 0.499994 -0.000004
vn -0.866025 0.500000 0.000000
vn -0.866021 0.500007 0.000012
vn -0.866029 0.499993 -0.000006
vn -0.866024 0.500002 0.000002
vn -0.866024 0.500002 0.000003
vn -0.866023 0.500003 0.000004
vn -0.866027 0.499997 -0.000003
vn -0.866023 0.500004 0.000004
vn -0.866025 0.500000 -0.000001
vn -0.866032 0.499989 -0.000017
vn -0.866023 0.500004 0.000004
vn -0.866022 0.500005 0.000006
vn -0.866026 0.500000 0.000000
vn -0.866023 0.500003 0.000005
vn -0.866023 0.500004 0.000005
vn -0.866028 0.499995 -0.000005
vn -0.866026 0.500000 -0.000000
vn -0.866027 0.499997 -0.000003
vn -0.866027 0.499998 -0.000003
vn -0.866025 0.500000 0.000000
vn -0.866025 0.500001 0.000002
vn -0.866020 0.500009 0.000012
vn -0.866025 0.500001 0.000001
vn -0.866028 0.499996 -0.000006
vn -0.866029 0.499994 -0.000008
vn 0.353553 0.612372 -0.707107
vn 0.353553 0.612373 -0.707107
vn 0.006771 0.011727 0.999908
vn 0.006771 0.011727 0.999908
vn 0.020305 0.035169 0.999175
vn 0.020305 0.035169 0.999175
vn 0.033829 0.058593 0.997709
vn 0.033828 0.058593 0.997709
vn 0.047324 0.081967 0.995511
vn 0.047324 0.081967 0.995511
vn 0.060784 0.105281 0.992583
vn 0.060784 0.105281 0.992583
vn 0.074205 0.128526 0.988926
vn 0.074205 0.128527 0.988926
vn 0.087563 0.151663 0.984546
vn 0.100863 0.174701 0.979442
vn 0.087562 0.151662 0.984546
vn 0.100863 0.174700 0.979442
vn 0.114090 0.197609 0.973619
vn 0.114090 0.197610 0.973619
vn 0.127228 0.220366 0.967084
vn 0.127228 0.220366 0.967084
vn 0.140274 0.242962 0.959840
vn 0.153219 0.265383 0.951891
vn 0.140274 0.242962 0.959840
vn 0.153219 0.265383 0.951891
vn 0.166052 0.287611 0.943243
vn 0.178763 0.309626 0.933903
vn 0.166052 0.287611 0.943243
vn 0.178763 0.309626 0.933903
vn 0.191343 0.331416 0.923878
vn 0.203780 0.352957 0.913178
vn 0.191343 0.331416 0.923878
vn 0.203781 0.352959 0.913177
vn 0.216071 0.374245 0.901806
vn 0.216069 0.374243 0.901807
vn 0.228200 0.395254 0.889775
vn 0.240164 0.415976 0.877089
vn 0.228200 0.395254 0.889775
vn 0.240164 0.415976 0.877089
vn 0.251953 0.436396 0.863758
vn 0.251953 0.436396 0.863758
vn 0.263554 0.456489 0.849798
vn 0.263554 0.456489 0.849798
vn 0.274963 0.476250 0.835214
vn 0.274963 0.476250 0.835214
vn 0.286174 0.495669 0.820010
vn 0.286174 0.495669 0.820010
vn 0.297167 0.514708 0.804219
vn 0.297167 0.514708 0.804219
vn 0.307951 0.533387 0.787823
vn 0.307951 0.533387 0.787823
vn 0.318503 0.551663 0.770859
vn 0.318503 0.551663 0.770859
vn 0.328823 0.569538 0.753327
vn 0.328825 0.569541 0.753324
vn 0.338903 0.586996 0.735242
vn 0.338901 0.586993 0.735245
vn 0.348735 0.604026 0.716615
vn 0.348735 0.604026 0.716615
vn 0.358309 0.620610 0.697465
vn 0.367620 0.636736 0.677807
vn 0.358309 0.620610 0.697465
vn 0.367620 0.636736 0.677807
vn 0.376663 0.652400 0.657646
vn 0.376663 0.652399 0.657647
vn 0.385430 0.667584 0.637006
vn 0.385430 0.667584 0.637005
vn 0.393912 0.682275 0.615901
vn 0.393912 0.682276 0.615900
vn 0.402107 0.696469 0.594341
vn 0.410008 0.710154 0.572342
vn 0.402106 0.696468 0.594342
vn 0.417605 0.723313 0.549931
vn 0.410008 0.710155 0.572340
vn 0.417607 0.723317 0.549925
vn 0.424900 0.735948 0.527106
vn 0.424898 0.735944 0.527112
vn 0.431879 0.748036 0.503908
vn 0.431879 0.748036 0.503908
vn 0.438544 0.759581 0.480329
vn 0.438544 0.759581 0.480329
vn 0.444887 0.770567 0.456402
vn 0.444887 0.770567 0.456401
vn 0.450904 0.780988 0.432138
vn 0.450904 0.780988 0.432139
vn 0.456589 0.790836 0.407559
vn 0.456589 0.790836 0.407559
vn 0.461939 0.800103 0.382685
vn 0.466952 0.808785 0.357523
vn 0.461939 0.800103 0.382685
vn 0.466952 0.808785 0.357523
vn 0.471622 0.816873 0.332102
vn 0.471622 0.816873 0.332103
vn 0.475944 0.824359 0.306447
vn 0.475945 0.824361 0.306440
vn 0.479920 0.831245 0.280553
vn 0.479920 0.831247 0.280545
vn 0.483541 0.837518 0.254462
vn 0.483541 0.837518 0.254462
vn 0.486810 0.843180 0.228173
vn 0.486810 0.843180 0.228173
vn 0.489721 0.848221 0.201728
vn 0.489721 0.848221 0.201728
vn 0.492273 0.852642 0.175124
vn 0.492273 0.852642 0.175124
vn 0.494463 0.856435 0.148406
vn 0.494463 0.856435 0.148406
vn 0.496291 0.859602 0.121570
vn 0.496291 0.859602 0.121571
vn 0.497756 0.862138 0.094645
vn 0.497755 0.862138 0.094648
vn 0.498854 0.864041 0.067653
vn 0.498854 0.864041 0.067656
vn 0.499588 0.865311 0.040614
vn 0.499587 0.865311 0.040614
vn 0.499954 0.865946 0.013543
vn 0.499954 0.865946 0.013542
vn -0.500000 0.866025 0.000000
vn -0.500000 0.866025 0.000000
vn 0.866028 -0.499996 0.000006
vn 0.866025 -0.500001 -0.000001
vn 0.866027 -0.499998 0.000003
vn 0.866028 -0.499995 0.000005
vn 0.866025 -0.500002 -0.000002
vn 0.866025 -0.500000 -0.000001
vn 0.866026 -0.499999 0.000000
vn 0.866021 -0.500008 -0.000011
vn 0.866023 -0.500005 -0.000004
vn 0.866025 -0.500001 -0.000000
vn 0.866023 -0.500004 -0.000004
vn 0.866026 -0.500000 0.000000
vn 0.866025 -0.500000 0.000000
vn 0.866032 -0.499989 0.000014
vn 0.866027 -0.499996 0.000003
vn 0.866025 -0.500001 -0.000001
vn 0.866026 -0.499999 0.000000
vn 0.866021 -0.500007 -0.000011
vn 0.866024 -0.500002 -0.000002
vn 0.866027 -0.499998 0.000002
vn 0.866024 -0.500002 -0.000004
vn 0.866024 -0.500002 -0.000003
vn 0.866029 -0.499994 0.000004
vn 0.866029 -0.499994 0.000004
vn 0.866027 -0.499997 0.000006
vn 0.866025 -0.500000 -0.000000
vn 0.866025 -0.500001 -0.000001
vn 0.866023 -0.500004 -0.000003
vn 0.866028 -0.499995 0.000009
vn 0.866025 -0.500001 -0.000001
vn 0.866028 -0.499996 0.000003
vn 0.866018 -0.500013 -0.000009
vn 0.866020 -0.500010 -0.000018
vn 0.866028 -0.499996 0.000007
vn 0.866026 -0.499999 0.000000
vn 0.866032 -0.499988 0.000009
vn 0.866031 -0.499991 0.000017
vn 0.866023 -0.500004 -0.000007
vn 0.866022 -0.500006 -0.000003
vn 0.866021 -0.500008 -0.000005
vn 0.866021 -0.500008 -0.000016
vn 0.866025 -0.500000 -0.000001
vn 0.866030 -0.499993 0.000005
vn 0.866022 -0.500006 -0.000004
vn 0.866025 -0.500000 0.000001
vn 0.866028 -0.499995 0.000012
vn 0.866029 -0.499994 0.000004
vn 0.866025 -0.500000 0.000000
vn 0.866026 -0.500000 0.000002
vn 0.866024 -0.500002 -0.000003
vn 0.866030 -0.499992 0.000004
vn 0.866021 -0.500008 -0.000005
vn 0.866026 -0.499999 0.000003
vn 0.866026 -0.499999 0.000003
vn 0.866029 -0.499994 0.000003
vn 0.866018 -0.500013 -0.000007
vn 0.866025 -0.500001 -0.000004
vn 0.866024 -0.500003 -0.000009
vn 0.866027 -0.499998 0.000001
vn 0.866026 -0.499999 0.000001
vn 0.866026 -0.499999 0.000003
vn 0.866026 -0.499999 0.000004
vn 0.866023 -0.500004 -0.000001
vn 0.866026 -0.500000 0.000001
vn 0.866027 -0.499998 0.000007
vn 0.866025 -0.500001 -0.000003
vn 0.866032 -0.499989 0.000005
vn 0.866024 -0.500003 -0.000001
vn 0.866024 -0.500003 -0.000008
vn 0.866028 -0.499996 0.000014
vn 0.866019 -0.500012 -0.000004
vn 0.866025 -0.500001 0.000000
vn 0.866026 -0.499998 0.000007
vn 0.866023 -0.500003 -0.000012
vn 0.866029 -0.499995 0.000002
vn 0.866025 -0.500000 -0.000000
vn 0.866024 -0.500002 -0.000009
vn 0.866025 -0.500000 -0.000002
vn 0.866023 -0.500004 -0.000001
vn 0.866027 -0.499998 0.000001
vn 0.866025 -0.500000 0.000000
vn 0.866026 -0.499999 0.000007
vn 0.866026 -0.500000 -0.000000
vn 0.866031 -0.499989 0.000003
vn 0.866025 -0.500000 0.000000
vn 0.866025 -0.500001 -0.000005
vn 0.866026 -0.499998 0.000001
vn 0.866021 -0.500007 -0.000001
vn 0.866026 -0.499999 0.000010
vn 0.866026 -0.499999 0.000008
vn 0.866025 -0.500000 0.000000
vn 0.866022 -0.500006 -0.000001
vn 0.866025 -0.500000 -0.000004
vn 0.866025 -0.500000 -0.000003
vn 0.866028 -0.499995 0.000001
vn 0.866027 -0.499996 0.000000
vn 0.866026 -0.499999 0.000004
vn 0.866025 -0.500001 -0.000005
vn 0.866028 -0.499996 0.000001
vn 0.866025 -0.500002 -0.000000
vn 0.866025 -0.500001 -0.000012
vn 0.866026 -0.499999 0.000007
vn 0.866024 -0.500002 -0.000000
vn 0.866023 -0.500005 -0.000001
vn 0.866026 -0.499999 0.000012
vn 0.866025 -0.500001 -0.000003
vn 0.866023 -0.500004 -0.000000
vn 0.866024 -0.500003 -0.000000
vn 0.866025 -0.500000 -0.000002
vn 0.866026 -0.500000 0.000005
vn 0.866028 -0.499995 -0.000000
vn 0.866031 -0.499990 -0.000000
vn 0.866026 -0.500000 -0.000005
vn 0.866025 -0.500000 -0.000010
vn 0.866021 -0.500008 -0.000000
vn 0.866022 -0.500006 -0.000000
vn 0.866028 -0.499995 -0.000000
vn 0.866025 -0.500000 0.000009
vn 0.866022 -0.500006 0.000000
vn 0.866026 -0.499999 0.000000
vn 0.866025 -0.500000 0.000002
vn 0.866020 -0.500010 0.000001
vn 0.866024 -0.500002 0.000000
vn 0.866025 -0.500001 -0.000014
vn 0.866034 -0.499984 -0.000002
vn 0.866026 -0.499999 -0.000001
vn 0.866026 -0.499999 0.000003
vn 0.866024 -0.500002 -0.000000
vn 0.866028 -0.499995 -0.000001
vn 0.866026 -0.499999 0.000008
vn 0.866027 -0.499998 -0.000000
vn 0.866026 -0.499999 -0.000000
vn 0.866026 -0.500000 0.000002
vn 0.866026 -0.499999 0.000000
vn 0.866022 -0.500006 0.000001
vn 0.866023 -0.500004 -0.000019
vn 0.866026 -0.500000 0.000000
vn 0.866020 -0.500010 0.000002
vn 0.866028 -0.499995 0.000022
vn 0.866029 -0.499994 -0.000002
vn 0.866026 -0.499999 -0.000000
vn 0.866023 -0.500005 -0.000017
vn 0.866022 -0.500005 0.000002
vn 0.866025 -0.500000 0.000000
vn 0.866027 -0.499997 0.000011
vn 0.866030 -0.499993 -0.000003
vn 0.866025 -0.500001 0.000000
vn 0.866023 -0.500004 -0.000012
vn 0.866022 -0.500006 0.000002
vn 0.866024 -0.500003 0.000001
vn 0.866028 -0.499996 0.000012
vn 0.866030 -0.499992 -0.000003
vn 0.866026 -0.499998 -0.000001
vn 0.866026 -0.500000 0.000000
vn 0.866022 -0.500005 -0.000013
vn 0.866020 -0.500009 0.000004
vn 0.866025 -0.500001 0.000000
vn 0.866021 -0.500008 0.000010
vn 0.866029 -0.499994 -0.000003
vn 0.866032 -0.499988 -0.000006
vn 0.866031 -0.499991 -0.000013
vn 0.866023 -0.500005 0.000002
vn 0.866026 -0.499999 -0.000001
vn 0.866019 -0.500010 0.000016
vn 0.866026 -0.499999 -0.000001
vn 0.866021 -0.500008 0.000004
vn 0.866025 -0.500000 0.000000
vn 0.866029 -0.499994 -0.000004
vn 0.866022 -0.500006 0.000003
vn 0.866026 -0.500000 -0.000001
vn 0.866023 -0.500004 0.000003
vn 0.866022 -0.500006 0.000004
vn 0.866026 -0.499999 -0.000003
vn 0.866025 -0.500001 -0.000000
vn 0.866031 -0.499990 -0.000007
vn 0.866029 -0.499993 -0.000012
vn 0.866028 -0.499996 -0.000003
vn 0.866019 -0.500011 0.000007
vn 0.866025 -0.500000 0.000001
vn 0.866028 -0.499996 -0.000002
vn 0.866024 -0.500002 0.000002
vn 0.866024 -0.500002 0.000004
vn 0.866029 -0.499993 -0.000006
vn 0.866027 -0.499997 -0.000003
vn 0.866022 -0.500006 0.000012
vn 0.866021 -0.500008 0.000007
vn 0.866025 -0.500001 0.000001
vn 0.866026 -0.499998 -0.000005
vn 0.866028 -0.499995 -0.000005
vn 0.866027 -0.499998 -0.000002
vn 0.866026 -0.499998 -0.000005
vn 0.866027 -0.499997 -0.000003
vn 0.866023 -0.500004 0.000003
vn 0.866026 -0.499999 -0.000003
vn 0.866022 -0.500005 0.000005
vn 0.866029 -0.499994 -0.000006
vn 0.866024 -0.500002 0.000007
vn 0.866022 -0.500006 0.000007
vn 0.866025 -0.500001 0.000002
vn 0.866025 -0.500001 0.000004
vn 0.866025 -0.500001 0.000001
vn 0.866027 -0.499997 -0.000011
vn 0.866025 -0.500001 0.000001
vn 0.866027 -0.499997 -0.000004
vn 0.866023 -0.500004 0.000013
vn 0.866029 -0.499994 -0.000007
vn 0.866029 -0.499994 -0.000007
vn 0.866026 -0.499998 -0.000007
vn 0.866026 -0.499999 -0.000002
vn 0.866021 -0.500007 0.000008
vn 0.866024 -0.500003 0.000003
vn 0.866025 -0.500001 0.000007
vn 0.866026 -0.499999 -0.000007
vn 0.866023 -0.500003 0.000005
vn 0.866026 -0.499999 -0.000000
vn 0.866026 -0.499999 -0.000005
vn 0.866028 -0.499995 -0.000007
vn 0.866026 -0.499999 -0.000001
vn 0.866026 -0.500000 0.000000
vn 0.866025 -0.500001 0.000013
vn 0.866028 -0.499996 -0.000006
vn 0.866025 -0.500000 0.000001
vn 0.866025 -0.500002 0.000013
vn 0.866026 -0.499999 -0.000011
vn 0.866021 -0.500007 0.000011
vn 0.866025 -0.500001 0.000002
vn 0.866025 -0.500000 0.000003
vn 0.866025 -0.500000 0.000000
vn 0.866027 -0.499998 -0.000003
vn 0.866026 -0.499999 -0.000012
vn 0.866024 -0.500002 0.000028
vn 0.866027 -0.499997 -0.000006
vn 0.866025 -0.500001 0.000003
vn 0.866025 -0.500000 0.000003
vn 0.866026 -0.499998 -0.000038
vn 0.866025 -0.500001 0.000002
vn 0.866026 -0.499999 -0.000002
vn 0.866025 -0.500001 0.000018
vn 0.866026 -0.499999 -0.000023
vn 0.866024 -0.500003 0.000006
vn 0.866025 -0.500000 0.000000
vn 0.866025 -0.500001 0.000001
vn 0.866025 -0.500001 0.000001
vn 0.866025 -0.500001 0.000000
vn 0.866028 -0.499996 -0.000010
vn 0.866026 -0.499999 -0.000004
vn 0.866022 -0.500006 0.000015
vn 0.866026 -0.499999 -0.000003
vn 0.866029 -0.499993 -0.000017
vn 0.866024 -0.500002 0.000004
vn 0.866024 -0.500003 0.000007
vn 0.866027 -0.499998 -0.000007
vn 0.866026 -0.499999 -0.000003
vn 0.866026 -0.499999 -0.000005
vn 0.866025 -0.500001 0.000004
vn 0.866026 -0.500000 -0.000001
vn 0.866025 -0.500000 0.000000
vn 0.866025 -0.500000 0.000001
vn 0.866024 -0.500002 0.000009
vn 0.866025 -0.500001 0.000005
vn 0.866025 -0.500000 -0.000000
vn 0.866026 -0.499999 -0.000006
vn 0.866025 -0.500000 0.000000
vn 0.866025 -0.500000 -0.000005
vn 0.866026 -0.499999 -0.000008
vn 0.866025 -0.500001 0.000006
vn 0.866025 -0.500000 0.000002
vn 0.866026 -0.500000 -0.000006
vn 0.866025 -0.500000 -0.000001
vn 0.866025 -0.500001 0.000008
vn 0.866026 -0.500000 -0.000004
vn 0.866026 -0.500000 0.000003
vn 0.866026 -0.500000 0.000002
vn 0.866026 -0.500000 0.000006
vn 0.866026 -0.500000 0.000001
vn 0.866026 -0.500000 -0.000004
vn 0.866028 -0.499996 -0.000013
vn 0.866025 -0.500002 0.000004
vn 0.866022 -0.500006 0.000016
vn 0.866026 -0.500000 0.000003
vn 0.866025 -0.500000 -0.000001
vn 0.866025 -0.500000 0.000008
vn 0.866026 -0.500000 -0.000003
vn 0.866026 -0.500000 -0.000002
vn 0.866026 -0.499999 -0.000004
vn 0.866025 -0.500001 0.000006
vn 0.866026 -0.499999 -0.000006
vn 0.866025 -0.500000 -0.000001
vn 0.866024 -0.500002 0.000008
vn 0.866027 -0.499998 -0.000007
vn 0.866026 -0.499998 0.000002
vn 0.866022 -0.500006 -0.000008
vn 0.866029 -0.499995 0.000007
vn 0.866021 -0.500008 -0.000011
vn 0.866030 -0.499993 0.000011
vn 0.866022 -0.500006 -0.000010
vn 0.866026 -0.499999 0.000001
vn 0.866027 -0.499998 0.000004
vn 0.866022 -0.500005 -0.000010
vn 0.866027 -0.499997 0.000008
vn 0.866024 -0.500002 -0.000005
vn 0.866026 -0.499998 0.000005
vn 0.866027 -0.499997 0.000008
vn 0.866026 -0.500000 0.000000
vn 0.866024 -0.500002 -0.000007
vn 0.866025 -0.500001 -0.000002
vn 0.866024 -0.500002 -0.000008
vn 0.866027 -0.499997 0.000012
vn 0.866026 -0.499999 0.000004
vn 0.866024 -0.500003 -0.000014
vn 0.866025 -0.500001 -0.000004
vn 0.866026 -0.500000 0.000003
vn 0.866026 -0.499999 0.000007
vn 0.866025 -0.500001 -0.000008
vn 0.866026 -0.499999 0.000009
vn 0.866026 -0.500000 0.000002
vn 0.866026 -0.499999 0.000013
vn 0.866024 -0.500002 -0.000024
vn 0.866026 -0.499999 0.000014
vn 0.866025 -0.500001 -0.000012
vn 0.866025 -0.500000 0.000003
vn 0.866025 -0.500001 -0.000015
vn 0.866026 -0.499999 0.000015
vn 0.866026 -0.500000 0.000000
vn 0.866026 -0.500000 0.000011
vn 0.866025 -0.500000 0.000214
vn 0.866025 -0.500000 0.000134
vn 0.866025 -0.500000 -0.000182
vn 0.866025 -0.500000 0.000067
vn 0.866026 -0.500000 0.000042
vn 0.866025 -0.500000 0.000004
vn 0.866025 -0.500000 0.000009
vn 0.866025 -0.500001 -0.000071
vn 0.866026 -0.500000 0.000009
vn 0.866025 -0.500000 -0.000002
vn 0.866026 -0.499999 0.000054
vn 0.866025 -0.500001 -0.000038
vn 0.866025 -0.500000 0.000169
vn 0.866025 -0.500000 -0.000171
vn 0.866025 -0.500000 0.000000
vn 0.866025 -0.500000 0.000025
vn 0.866025 -0.500000 -0.000020
vn 0.866025 -0.500000 0.000049
vn 0.866025 -0.500000 0.000014
vn 0.866026 -0.500000 -0.000036
vn 0.866025 -0.500000 -0.000011
vn 0.866025 -0.500000 0.000010
vn 0.866026 -0.499999 -0.000031
vn 0.866024 -0.500002 0.000058
vn 0.000000 0.000000 1.000000
vn 0.000000 0.000000 1.000000
vn 0.000000 0.000000 1.000000
vn 0.000000 0.000000 1.000000
vn 0.000000 0.000000 1.000000
vn 0.000000 0.000000 1.000000
vn 0.000000 0.000000 1.000000
vn 0.000000 0.000000 1.000000
vn 0.000000 0.000000 1.000000
vn 0.000000 0.000000 1.000000
vn 0.000000 0.000000 1.000000
vn 0.000000 0.000000 1.000000
vn 0.000000 0.000000 1.000000
vn 0.000000 0.000000 1.000000
vn 0.000000 0.000000 1.000000
vn 0.000000 0.000000 1.000000
vn 0.000000 0.000000 1.000000
vn 0.000000 0.000000 1.000000
vn 0.000000 0.000000 1.000000
vn 0.000000 0.000000 1.000000
vn 0.000000 0.000000 1.000000
vn 0.000000 0.000000 1.000000
vn 0.000000 0.000000 1.000000
vn 0.000000 0.000000 1.000000
vn 0.000000 0.000000 1.000000
vn 0.000000 0.000000 1.000000
vn 0.000000 0.000000 1.000000
vn 0.000000 0.000000 1.000000
vn -0.500000 -0.866025 0.000000
vn -0.500001 -0.866025 0.000000
vn -0.500000 -0.866025 0.000000
vn -0.500000 -0.866025 0.000000
vn -0.612373 0.353553 -0.707107
vn -0.612373 0.353553 -0.707107
vn -0.499954 -0.865946 0.013540
vn -0.499954 -0.865946 0.013540
vn -0.499587 -0.865311 0.040614
vn -0.499587 -0.865311 0.040614
vn -0.498855 -0.864041 0.067656
vn -0.498855 -0.864042 0.067649
vn -0.497756 -0.862138 0.094642
vn -0.497756 -0.862137 0.094649
vn -0.496291 -0.859601 0.121576
vn -0.494463 -0.856436 0.148403
vn -0.496291 -0.859601 0.121576
vn -0.494463 -0.856436 0.148403
vn -0.492273 -0.852642 0.175127
vn -0.489721 -0.848221 0.201728
vn -0.492273 -0.852642 0.175127
vn -0.489721 -0.848221 0.201728
vn -0.486810 -0.843180 0.228173
vn -0.486810 -0.843180 0.228173
vn -0.483541 -0.837518 0.254462
vn -0.479921 -0.831248 0.280540
vn -0.483541 -0.837518 0.254462
vn -0.479921 -0.831248 0.280540
vn -0.475943 -0.824358 0.306449
vn -0.475943 -0.824358 0.306449
vn -0.471621 -0.816872 0.332104
vn -0.471621 -0.816872 0.332104
vn -0.466952 -0.808785 0.357523
vn -0.461939 -0.800103 0.382685
vn -0.466952 -0.808785 0.357523
vn -0.461939 -0.800103 0.382685
vn -0.456589 -0.790836 0.407559
vn -0.450904 -0.780989 0.432137
vn -0.456589 -0.790836 0.407559
vn -0.450904 -0.780989 0.432136
vn -0.444886 -0.770566 0.456403
vn -0.444886 -0.770566 0.456403
vn -0.438544 -0.759581 0.480329
vn -0.438544 -0.759581 0.480329
vn -0.431879 -0.748037 0.503906
vn -0.424898 -0.735946 0.527110
vn -0.431879 -0.748037 0.503906
vn -0.424900 -0.735948 0.527105
vn -0.417604 -0.723311 0.549934
vn -0.417606 -0.723314 0.549929
vn -0.410008 -0.710155 0.572340
vn -0.410008 -0.710155 0.572340
vn -0.402107 -0.696469 0.594341
vn -0.402107 -0.696469 0.594341
vn -0.393911 -0.682275 0.615902
vn -0.393911 -0.682275 0.615902
vn -0.385431 -0.667585 0.637003
vn -0.385431 -0.667585 0.637003
vn -0.376663 -0.652399 0.657647
vn -0.376663 -0.652399 0.657647
vn -0.367619 -0.636735 0.677809
vn -0.358310 -0.620611 0.697464
vn -0.367619 -0.636735 0.677809
vn -0.358310 -0.620611 0.697464
vn -0.348735 -0.604026 0.716615
vn -0.348735 -0.604026 0.716615
vn -0.338902 -0.586995 0.735243
vn -0.328824 -0.569541 0.753325
vn -0.338902 -0.586995 0.735243
vn -0.328824 -0.569541 0.753325
vn -0.318503 -0.551663 0.770859
vn -0.318503 -0.551663 0.770859
vn -0.307950 -0.533386 0.787824
vn -0.307950 -0.533386 0.787824
vn -0.297167 -0.514709 0.804218
vn -0.286173 -0.495666 0.820012
vn -0.297167 -0.514709 0.804218
vn -0.286173 -0.495666 0.820012
vn -0.274963 -0.476251 0.835213
vn -0.274964 -0.476251 0.835213
vn -0.263554 -0.456489 0.849798
vn -0.263554 -0.456489 0.849798
vn -0.251953 -0.436395 0.863759
vn -0.240165 -0.415977 0.877088
vn -0.251953 -0.436395 0.863759
vn -0.240165 -0.415977 0.877088
vn -0.228199 -0.395253 0.889776
vn -0.228199 -0.395253 0.889776
vn -0.216070 -0.374244 0.901807
vn -0.216071 -0.374246 0.901805
vn -0.203781 -0.352960 0.913177
vn -0.191343 -0.331416 0.923878
vn -0.203780 -0.352957 0.913178
vn -0.178762 -0.309626 0.933904
vn -0.191343 -0.331416 0.923878
vn -0.178762 -0.309626 0.933904
vn -0.166053 -0.287612 0.943242
vn -0.166053 -0.287612 0.943242
vn -0.153219 -0.265383 0.951891
vn -0.153219 -0.265383 0.951891
vn -0.140274 -0.242962 0.959840
vn -0.140274 -0.242962 0.959840
vn -0.127228 -0.220366 0.967084
vn -0.127228 -0.220366 0.967084
vn -0.114090 -0.197609 0.973619
vn -0.114090 -0.197609 0.973619
vn -0.100863 -0.174701 0.979442
vn -0.100863 -0.174700 0.979442
vn -0.087563 -0.151664 0.984546
vn -0.087563 -0.151663 0.984546
vn -0.074204 -0.128526 0.988926
vn -0.074205 -0.128526 0.988926
vn -0.060784 -0.105281 0.992583
vn -0.060784 -0.105281 0.992583
vn -0.047324 -0.081968 0.995511
vn -0.047324 -0.081967 0.995511
vn -0.033828 -0.058593 0.997709
vn -0.033828 -0.058593 0.997709
vn -0.020305 -0.035169 0.999175
vn -0.020305 -0.035169 0.999175
vn -0.006771 -0.011727 0.999908
vn -0.006771 -0.011727 0.999908
vn 0.000000 0.000000 1.000000
vn -0.000000 0.000000 1.000000
vn -0.499953 -0.865944 -0.013693
vn -0.499953 -0.865944 -0.013715
vn -0.499578 -0.865294 -0.041084
vn -0.499576 -0.865292 -0.041149
vn -0.498828 -0.863994 -0.068449
vn -0.498823 -0.863989 -0.068541
vn -0.497704 -0.862046 -0.095745
vn -0.497695 -0.862036 -0.095886
vn -0.496206 -0.859451 -0.122981
vn -0.496192 -0.859434 -0.123149
vn -0.494336 -0.856211 -0.150112
vn -0.494315 -0.856184 -0.150340
vn -0.492094 -0.852327 -0.177148
vn -0.489484 -0.847805 -0.204040
vn -0.492068 -0.852293 -0.177387
vn -0.486506 -0.842647 -0.230777
vn -0.489448 -0.847755 -0.204336
vn -0.483162 -0.836854 -0.257351
vn -0.486460 -0.842580 -0.231117
vn -0.479457 -0.830436 -0.283720
vn -0.483107 -0.836774 -0.257713
vn -0.479391 -0.830338 -0.284120
vn -0.475390 -0.823390 -0.309893
vn -0.475312 -0.823274 -0.310321
vn -0.470969 -0.815733 -0.335810
vn -0.470876 -0.815591 -0.336286
vn -0.466191 -0.807457 -0.361496
vn -0.466085 -0.807293 -0.361998
vn -0.461069 -0.798583 -0.386887
vn -0.460945 -0.798392 -0.387426
vn -0.455591 -0.789094 -0.412028
vn -0.455454 -0.788883 -0.412584
vn -0.449782 -0.779033 -0.436811
vn -0.449625 -0.778787 -0.437410
vn -0.443628 -0.768373 -0.461299
vn -0.443455 -0.768102 -0.461917
vn -0.437144 -0.757141 -0.485430
vn -0.436951 -0.756837 -0.486078
vn -0.430330 -0.745339 -0.509201
vn -0.430121 -0.745008 -0.509862
vn -0.423195 -0.732980 -0.532584
vn -0.422962 -0.732608 -0.533282
vn -0.415741 -0.720069 -0.555572
vn -0.415489 -0.719666 -0.556281
vn -0.407976 -0.706618 -0.578141
vn -0.407701 -0.706178 -0.578872
vn -0.399905 -0.692637 -0.600275
vn -0.399608 -0.692160 -0.601022
vn -0.391537 -0.678143 -0.621949
vn -0.391213 -0.677621 -0.622722
vn -0.382865 -0.663122 -0.643183
vn -0.382524 -0.662571 -0.643952
vn -0.373914 -0.647618 -0.663912
vn -0.364682 -0.631627 -0.684145
vn -0.373545 -0.647020 -0.664703
vn -0.364286 -0.630983 -0.684950
vn -0.355175 -0.615160 -0.703867
vn -0.345398 -0.598225 -0.723068
vn -0.354754 -0.614475 -0.704678
vn -0.335365 -0.580847 -0.741719
vn -0.344955 -0.597504 -0.723875
vn -0.325081 -0.563033 -0.759813
vn -0.334897 -0.580082 -0.742529
vn -0.314554 -0.544797 -0.777336
vn -0.324583 -0.562219 -0.760628
vn -0.303789 -0.526153 -0.794277
vn -0.314023 -0.543930 -0.778158
vn -0.292791 -0.507102 -0.810630
vn -0.303236 -0.525246 -0.795088
vn -0.292213 -0.506155 -0.811430
vn -0.281584 -0.487690 -0.826359
vn -0.280976 -0.486693 -0.827153
vn -0.270159 -0.467901 -0.841476
vn -0.269516 -0.466845 -0.842269
vn -0.258531 -0.447760 -0.855963
vn -0.257864 -0.446664 -0.856737
vn -0.246710 -0.427285 -0.869805
vn -0.246018 -0.426147 -0.870560
vn -0.234701 -0.406484 -0.882999
vn -0.233980 -0.405297 -0.883735
vn -0.222522 -0.385389 -0.895522
vn -0.221773 -0.384154 -0.896238
vn -0.210172 -0.363997 -0.907378
vn -0.209392 -0.362711 -0.908073
vn -0.197669 -0.342341 -0.918548
vn -0.196860 -0.341005 -0.919218
vn -0.185012 -0.320417 -0.929034
vn -0.184174 -0.319032 -0.929676
vn -0.172213 -0.298248 -0.938824
vn -0.171354 -0.296828 -0.939431
vn -0.159292 -0.275867 -0.947905
vn -0.158401 -0.274394 -0.948482
vn -0.146250 -0.253278 -0.956275
vn -0.145336 -0.251764 -0.956814
vn -0.133100 -0.230500 -0.963927
vn -0.119843 -0.207537 -0.970858
vn -0.132149 -0.228926 -0.964432
vn -0.118872 -0.205931 -0.971320
vn -0.106500 -0.184426 -0.977059
vn -0.093079 -0.161179 -0.982526
vn -0.105506 -0.182780 -0.977476
vn -0.079586 -0.137809 -0.987256
vn -0.092055 -0.159482 -0.982899
vn -0.066034 -0.114335 -0.991245
vn -0.078539 -0.136072 -0.987581
vn -0.052435 -0.090780 -0.994490
vn -0.064965 -0.112563 -0.991519
vn -0.038790 -0.067146 -0.996989
vn -0.051333 -0.088952 -0.994712
vn -0.025122 -0.043470 -0.998739
vn -0.037678 -0.065302 -0.997154
vn -0.011436 -0.019765 -0.999739
vn -0.023977 -0.041572 -0.998848
vn 0.002267 0.003970 -0.999990
vn -0.010270 -0.017831 -0.999788
vn 0.015959 0.027685 -0.999489
vn 0.003448 0.005929 -0.999976
vn 0.029645 0.051390 -0.998239
vn 0.017167 0.029690 -0.999412
vn 0.030862 0.053410 -0.998096
vn 0.043307 0.075055 -0.996239
vn 0.044546 0.077110 -0.996027
vn 0.056935 0.098661 -0.993491
vn 0.058196 0.100751 -0.993208
vn 0.070516 0.122184 -0.989999
vn 0.071792 0.124300 -0.989644
vn 0.084056 0.145637 -0.985761
vn 0.085343 0.147771 -0.985333
vn 0.097522 0.168961 -0.980786
vn 0.098829 0.171129 -0.980279
vn 0.110924 0.192175 -0.975072
vn 0.112235 0.194347 -0.974491
vn 0.124237 0.215235 -0.968628
vn 0.125567 0.217439 -0.967964
vn 0.137454 0.238127 -0.961458
vn 0.150569 0.260844 -0.953567
vn 0.138791 0.240343 -0.960714
vn 0.151920 0.263082 -0.952737
vn 0.163579 0.283378 -0.944954
vn 0.176459 0.305687 -0.935638
vn 0.164925 0.285607 -0.944049
vn 0.189209 0.327771 -0.925617
vn 0.177821 0.307943 -0.934639
vn 0.201814 0.349605 -0.914903
vn 0.190574 0.330031 -0.924533
vn 0.214272 0.371184 -0.903498
vn 0.203179 0.351862 -0.913735
vn 0.226564 0.392475 -0.891421
vn 0.215639 0.373445 -0.902241
vn 0.238689 0.413476 -0.878672
vn 0.227940 0.394748 -0.890066
vn 0.250635 0.434167 -0.865264
vn 0.240059 0.415738 -0.877231
vn 0.262392 0.454532 -0.851206
vn 0.252001 0.436422 -0.863731
vn 0.273950 0.474551 -0.836512
vn 0.263755 0.456780 -0.849580
vn 0.285310 0.494228 -0.821180
vn 0.275311 0.476794 -0.834788
vn 0.296447 0.513520 -0.805243
vn 0.286654 0.496442 -0.819375
vn 0.307366 0.532432 -0.788697
vn 0.297792 0.515732 -0.803331
vn 0.318052 0.550941 -0.771561
vn 0.308695 0.534617 -0.786697
vn 0.328500 0.569038 -0.753846
vn 0.319371 0.553107 -0.769464
vn 0.338708 0.586719 -0.735552
vn 0.329810 0.571187 -0.751645
vn 0.348649 0.603939 -0.716730
vn 0.339989 0.588818 -0.733281
vn 0.358338 0.620722 -0.697351
vn 0.349924 0.606025 -0.714343
vn 0.359592 0.622769 -0.694875
vn 0.367753 0.637029 -0.677460
vn 0.376894 0.652862 -0.657056
vn 0.368988 0.639042 -0.674887
vn 0.378105 0.654834 -0.654392
vn 0.385751 0.668205 -0.636159
vn 0.394321 0.683048 -0.614782
vn 0.386943 0.670141 -0.633393
vn 0.402595 0.697380 -0.592940
vn 0.395482 0.684930 -0.611935
vn 0.410563 0.711182 -0.570665
vn 0.403729 0.699214 -0.590003
vn 0.418225 0.724453 -0.547956
vn 0.411671 0.712970 -0.567628
vn 0.425575 0.737184 -0.524828
vn 0.419304 0.726188 -0.544826
vn 0.432602 0.749356 -0.501319
vn 0.426617 0.738855 -0.521625
vn 0.439306 0.760968 -0.477429
vn 0.433612 0.750970 -0.498020
vn 0.445682 0.772012 -0.453172
vn 0.440281 0.762520 -0.474041
vn 0.451721 0.782473 -0.428585
vn 0.446617 0.773494 -0.449712
vn 0.457420 0.792344 -0.403681
vn 0.452619 0.783889 -0.425034
vn 0.458279 0.793693 -0.400040
vn 0.462778 0.801626 -0.378460
vn 0.463595 0.802899 -0.374745
vn 0.467788 0.810303 -0.352965
vn 0.468558 0.811496 -0.349182
vn 0.472448 0.818376 -0.327192
vn 0.473175 0.819492 -0.323323
vn 0.476750 0.825826 -0.301198
vn 0.477431 0.826862 -0.297253
vn 0.480698 0.832666 -0.274947
vn 0.481329 0.833614 -0.270944
vn 0.484283 0.838876 -0.248507
vn 0.484864 0.839736 -0.244440
vn 0.487504 0.844455 -0.221893
vn 0.488034 0.845226 -0.217750
vn 0.490361 0.849404 -0.195088
vn 0.492848 0.853713 -0.168151
vn 0.490840 0.850085 -0.190868
vn 0.494966 0.857382 -0.141086
vn 0.493272 0.854297 -0.163888
vn 0.496713 0.860408 -0.113909
vn 0.495335 0.857869 -0.136760
vn 0.498086 0.862787 -0.086648
vn 0.497024 0.860795 -0.109539
vn 0.498341 0.863074 -0.082214
vn 0.499086 0.864519 -0.059324
vn 0.499281 0.864703 -0.054847
vn 0.499711 0.865602 -0.031961
vn 0.499846 0.865680 -0.027429
vn 0.499961 0.866036 -0.004564
vn 0.500034 0.866006 -0.000000
vn 0.499836 0.865819 0.022832
vn 0.499846 0.865680 0.027429
vn 0.499335 0.864954 0.050196
vn 0.499282 0.864702 0.054847
vn 0.498460 0.863437 0.077550
vn 0.498342 0.863074 0.082214
vn 0.497210 0.861273 0.104835
vn 0.497026 0.860794 0.109539
vn 0.495587 0.858463 0.132039
vn 0.495337 0.857868 0.136760
vn 0.493593 0.855010 0.159137
vn 0.493275 0.854295 0.163888
vn 0.491228 0.850913 0.186126
vn 0.490843 0.850084 0.190868
vn 0.488493 0.846178 0.212972
vn 0.488038 0.845224 0.217750
vn 0.485393 0.840808 0.239657
vn 0.484868 0.839733 0.244440
vn 0.481930 0.834810 0.266152
vn 0.481334 0.833611 0.270944
vn 0.478100 0.828177 0.292478
vn 0.477436 0.826859 0.297253
vn 0.473916 0.820931 0.318552
vn 0.473181 0.819489 0.323323
vn 0.469373 0.813063 0.344409
vn 0.464482 0.804592 0.369984
vn 0.468565 0.811492 0.349182
vn 0.463602 0.802896 0.374743
vn 0.459236 0.795506 0.395313
vn 0.453651 0.785834 0.420316
vn 0.458285 0.793687 0.400044
vn 0.447725 0.775569 0.445012
vn 0.452627 0.783886 0.425031
vn 0.441460 0.764719 0.469379
vn 0.446625 0.773489 0.449712
vn 0.434864 0.753294 0.493397
vn 0.440289 0.762514 0.474044
vn 0.427943 0.741307 0.517038
vn 0.433623 0.750968 0.498015
vn 0.420701 0.728764 0.540291
vn 0.426626 0.738849 0.521625
vn 0.419313 0.726181 0.544829
vn 0.413140 0.715669 0.563145
vn 0.411682 0.712964 0.567628
vn 0.405275 0.702047 0.585562
vn 0.403741 0.699209 0.590000
vn 0.397101 0.687889 0.607552
vn 0.395493 0.684924 0.611935
vn 0.388628 0.673215 0.629087
vn 0.386954 0.670132 0.633396
vn 0.379866 0.658039 0.650143
vn 0.378119 0.654829 0.654389
vn 0.370821 0.642373 0.670708
vn 0.368999 0.639033 0.674890
vn 0.361491 0.626213 0.690783
vn 0.359604 0.622759 0.694878
vn 0.351895 0.609592 0.710329
vn 0.349938 0.606017 0.714343
vn 0.342032 0.592511 0.729346
vn 0.340007 0.588815 0.733275
vn 0.331916 0.574989 0.747809
vn 0.329823 0.571176 0.751648
vn 0.321548 0.557031 0.765718
vn 0.319386 0.553099 0.769464
vn 0.310939 0.538657 0.783049
vn 0.308711 0.534608 0.786697
vn 0.300097 0.519878 0.799793
vn 0.297806 0.515720 0.803333
vn 0.289027 0.500705 0.815940
vn 0.277742 0.481159 0.831472
vn 0.286673 0.496436 0.819372
vn 0.266251 0.461256 0.846377
vn 0.275325 0.476781 0.834791
vn 0.254559 0.441006 0.860647
vn 0.263774 0.456773 0.849577
vn 0.242671 0.420416 0.874277
vn 0.252021 0.436415 0.863729
vn 0.230607 0.399521 0.887245
vn 0.240077 0.415727 0.877231
vn 0.218367 0.378321 0.899549
vn 0.227954 0.394729 0.890071
vn 0.205964 0.356840 0.911177
vn 0.215659 0.373433 0.902241
vn 0.193408 0.335092 0.922121
vn 0.203201 0.351855 0.913733
vn 0.180701 0.313082 0.932377
vn 0.190594 0.330019 0.924533
vn 0.167865 0.290852 0.941927
vn 0.177840 0.307927 0.934641
vn 0.154899 0.268394 0.950774
vn 0.164952 0.285604 0.944045
vn 0.151942 0.263070 0.952737
vn 0.141817 0.245736 0.958907
vn 0.138813 0.240330 0.960714
vn 0.128631 0.222897 0.966318
vn 0.125584 0.217416 0.967966
vn 0.115344 0.199884 0.973007
vn 0.112261 0.194339 0.974490
vn 0.101978 0.176733 0.978962
vn 0.098850 0.171110 0.980281
vn 0.088526 0.153434 0.984185
vn 0.085367 0.147757 0.985333
vn 0.075013 0.130030 0.988668
vn 0.071819 0.124291 0.989643
vn 0.061444 0.106527 0.992409
vn 0.058218 0.100732 0.993209
vn 0.047827 0.082942 0.995406
vn 0.034176 0.059299 0.997655
vn 0.044571 0.077095 0.996027
vn 0.020498 0.035609 0.999156
vn 0.030894 0.053405 0.998095
vn 0.006803 0.011889 0.999906
vn 0.017191 0.029670 0.999412
vn 0.003475 0.005914 0.999976
vn -0.006815 -0.011700 0.999908
vn -0.010241 -0.017848 0.999788
vn -0.020354 -0.035146 0.999175
vn -0.033874 -0.058561 0.997709
vn -0.023950 -0.041595 0.998847
vn -0.047375 -0.081942 0.995510
vn -0.037640 -0.065311 0.997155
vn -0.060836 -0.105255 0.992583
vn -0.051302 -0.088977 0.994712
vn -0.074252 -0.128489 0.988927
vn -0.064927 -0.112578 0.991519
vn -0.087619 -0.151638 0.984545
vn -0.078505 -0.136098 0.987580
vn -0.100916 -0.174667 0.979442
vn -0.092017 -0.159504 0.982899
vn -0.114142 -0.197573 0.973620
vn -0.105464 -0.182798 0.977477
vn -0.127285 -0.220337 0.967083
vn -0.118835 -0.205959 0.971318
vn -0.140331 -0.242930 0.959840
vn -0.132110 -0.228955 0.964431
vn -0.153277 -0.265353 0.951890
vn -0.145287 -0.251780 0.956817
vn -0.166110 -0.287577 0.943243
vn -0.158360 -0.274424 0.948480
vn -0.178822 -0.309595 0.933902
vn -0.171309 -0.296853 0.939431
vn -0.191400 -0.331380 0.923880
vn -0.184129 -0.319058 0.929676
vn -0.196812 -0.341028 0.919220
vn -0.203838 -0.352922 0.913179
vn -0.209348 -0.362742 0.908070
vn -0.216129 -0.374209 0.901807
vn -0.221724 -0.384177 0.896240
vn -0.228263 -0.395225 0.889771
vn -0.233935 -0.405328 0.883733
vn -0.240220 -0.415937 0.877092
vn -0.245968 -0.426171 0.870562
vn -0.252014 -0.436363 0.863757
vn -0.257816 -0.446692 0.856736
vn -0.263614 -0.456455 0.849798
vn -0.269472 -0.466880 0.842264
vn -0.275025 -0.476220 0.835210
vn -0.280925 -0.486717 0.827156
vn -0.286229 -0.495627 0.820016
vn -0.292164 -0.506183 0.811430
vn -0.297230 -0.514682 0.804212
vn -0.308008 -0.533350 0.787825
vn -0.303187 -0.525274 0.795088
vn -0.318561 -0.551629 0.770860
vn -0.313975 -0.543958 0.778158
vn -0.328879 -0.569503 0.753329
vn -0.324537 -0.562250 0.760625
vn -0.338959 -0.586964 0.735241
vn -0.334848 -0.580110 0.742529
vn -0.348792 -0.603996 0.716612
vn -0.344906 -0.597529 0.723878
vn -0.358363 -0.620575 0.697469
vn -0.354706 -0.614502 0.704678
vn -0.367676 -0.636707 0.677804
vn -0.364240 -0.631013 0.684947
vn -0.376715 -0.652366 0.657651
vn -0.373497 -0.647044 0.664706
vn -0.385481 -0.667552 0.637007
vn -0.382479 -0.662600 0.643949
vn -0.393965 -0.682249 0.615895
vn -0.391166 -0.677643 0.622728
vn -0.402159 -0.696443 0.594336
vn -0.399564 -0.692186 0.601022
vn -0.410055 -0.710124 0.572344
vn -0.407659 -0.706204 0.578869
vn -0.417654 -0.723289 0.549926
vn -0.415446 -0.719689 0.556284
vn -0.424943 -0.735917 0.527114
vn -0.422921 -0.732633 0.533279
vn -0.431924 -0.748012 0.503904
vn -0.430081 -0.745031 0.509862
vn -0.438587 -0.759556 0.480329
vn -0.436912 -0.756859 0.486078
vn -0.443418 -0.768123 0.461917
vn -0.444927 -0.770541 0.456407
vn -0.449588 -0.778807 0.437413
vn -0.450945 -0.780968 0.432131
vn -0.455420 -0.788902 0.412584
vn -0.456625 -0.790810 0.407570
vn -0.460913 -0.798412 0.387424
vn -0.461976 -0.800084 0.382679
vn -0.466985 -0.808765 0.357526
vn -0.466053 -0.807312 0.361998
vn -0.471653 -0.816854 0.332102
vn -0.470846 -0.815608 0.336286
vn -0.475975 -0.824345 0.306435
vn -0.475284 -0.823290 0.310321
vn -0.479948 -0.831231 0.280546
vn -0.479365 -0.830353 0.284120
vn -0.483566 -0.837504 0.254464
vn -0.483083 -0.836788 0.257713
vn -0.486832 -0.843166 0.228182
vn -0.486438 -0.842593 0.231117
vn -0.489741 -0.848211 0.201722
vn -0.489428 -0.847766 0.204336
vn -0.492290 -0.852631 0.175131
vn -0.492051 -0.852303 0.177387
vn -0.494478 -0.856427 0.148407
vn -0.494300 -0.856193 0.150340
vn -0.496303 -0.859595 0.121571
vn -0.496179 -0.859442 0.123149
vn -0.497764 -0.862132 0.094649
vn -0.497684 -0.862042 0.095886
vn -0.498860 -0.864038 0.067656
vn -0.498815 -0.863994 0.068541
vn -0.499591 -0.865309 0.040610
vn -0.499570 -0.865296 0.041149
vn -0.499950 -0.865946 0.013715
vn -0.499954 -0.865946 0.013536
vn -0.000000 0.000000 -1.000000
vn -0.000000 0.000000 -1.000000
vn 0.000000 -0.000000 -1.000000
vn -0.000000 0.000000 -1.000000
vn 0.000000 0.000000 -1.000000
vn 0.000000 0.000000 -1.000000
vn 0.000000 0.000000 -1.000000
vn 0.000000 0.000000 -1.000000
vn 0.000000 0.000000 -1.000000
vn -0.000000 0.000000 -1.000000
vn 0.000000 -0.000000 -1.000000
vn -0.000000 0.000000 -1.000000
vn 0.000000 -0.000000 -1.000000
vn 0.000000 -0.000000 -1.000000
vn 0.000000 -0.000000 -1.000000
vn 0.000000 0.000000 -1.000000
vn 0.000000 -0.000000 -1.000000
vn 0.000000 -0.000000 -1.000000
vn 0.000000 -0.000000 -1.000000
vn 0.000000 -0.000000 -1.000000
vn -0.000000 -0.000000 -1.000000
vn -0.000000 0.000000 -1.000000
vn -0.353553 0.612373 -0.707107
vn -0.353553 0.612372 -0.707107
vn -1.000000 -0.000000 0.000000
vn -1.000000 0.000000 0.000000
vn -0.866025 -0.500001 0.000002
vn -0.866026 -0.500000 -0.000000
vn -0.866027 -0.499997 -0.000003
vn -0.866026 -0.500000 -0.000000
vn -0.866025 -0.500001 0.000001
vn -0.866026 -0.499999 -0.000001
vn -0.866026 -0.500000 -0.000000
vn -0.866023 -0.500004 0.000006
vn -0.866023 -0.500004 0.000004
vn -0.866025 -0.500000 -0.000000
vn -0.866027 -0.499998 -0.000002
vn -0.866026 -0.500000 -0.000000
vn -0.866026 -0.500000 -0.000001
vn -0.866029 -0.499994 -0.000009
vn -0.866024 -0.500002 0.000002
vn -0.866024 -0.500003 0.000003
vn -0.866025 -0.500001 0.000002
vn -0.866024 -0.500002 0.000004
vn -0.866025 -0.500000 0.000000
vn -0.866027 -0.499998 -0.000002
vn -0.866025 -0.500001 0.000001
vn -0.866024 -0.500003 0.000005
vn -0.866027 -0.499998 -0.000002
vn -0.866024 -0.500002 0.000002
vn -0.866027 -0.499998 -0.000004
vn -0.866027 -0.499997 -0.000005
vn -0.866025 -0.500002 0.000001
vn -0.866024 -0.500002 0.000001
vn -0.866025 -0.500001 0.000001
vn -0.866024 -0.500002 0.000003
vn -0.866027 -0.499997 -0.000002
vn -0.866026 -0.500000 -0.000000
vn -0.866026 -0.499998 -0.000004
vn -0.866025 -0.500001 0.000001
vn -0.866024 -0.500002 0.000001
vn -0.866028 -0.499995 -0.000004
vn -0.866026 -0.499999 -0.000002
vn -0.866025 -0.500001 0.000001
vn -0.866024 -0.500002 0.000001
vn -0.866026 -0.499998 -0.000001
vn -0.866024 -0.500002 0.000003
vn -0.866026 -0.499999 -0.000003
vn -0.866025 -0.500001 0.000000
vn -0.866024 -0.500003 0.000002
vn -0.866025 -0.500001 0.000002
vn -0.866026 -0.499998 -0.000004
vn -0.866028 -0.499995 -0.000003
vn -0.866024 -0.500002 0.000001
vn -0.866026 -0.499999 -0.000002
vn -0.866024 -0.500003 0.000008
vn -0.866026 -0.500000 0.000000
vn -0.866027 -0.499997 -0.000001
vn -0.866025 -0.500000 0.000001
vn -0.866025 -0.500001 0.000003
vn -0.866026 -0.499999 -0.000001
vn -0.866023 -0.500004 0.000002
vn -0.866027 -0.499998 -0.000006
vn -0.866026 -0.499998 -0.000005
vn -0.866028 -0.499995 -0.000002
vn -0.866026 -0.499999 -0.000000
vn -0.866025 -0.500001 0.000003
vn -0.866024 -0.500002 0.000005
vn -0.866023 -0.500004 0.000002
vn -0.866023 -0.500004 0.000001
vn -0.866026 -0.499999 -0.000001
vn -0.866026 -0.500000 -0.000001
vn -0.866026 -0.499999 -0.000000
vn -0.866025 -0.500001 0.000001
vn -0.866025 -0.500000 0.000001
vn -0.866027 -0.499998 -0.000007
vn -0.866023 -0.500004 0.000002
vn -0.866026 -0.500000 -0.000000
vn -0.866025 -0.500000 -0.000000
vn -0.866026 -0.500000 -0.000001
vn -0.866026 -0.499999 -0.000000
vn -0.866027 -0.499997 -0.000001
vn -0.866026 -0.500000 -0.000000
vn -0.866024 -0.500002 0.000009
vn -0.866028 -0.499995 -0.000001
vn -0.866026 -0.499999 -0.000000
vn -0.866026 -0.499999 -0.000003
vn -0.866025 -0.500000 0.000001
vn -0.866025 -0.500001 0.000000
vn -0.866025 -0.500000 0.000000
vn -0.866025 -0.500001 0.000007
vn -0.866026 -0.499999 -0.000007
vn -0.866026 -0.499999 -0.000000
vn -0.866025 -0.500000 0.000000
vn -0.866026 -0.499999 -0.000005
vn -0.866025 -0.500001 0.000005
vn -0.866025 -0.500000 0.000000
vn -0.866025 -0.500001 0.000000
vn -0.866025 -0.500001 0.000005
vn -0.866026 -0.500000 0.000000
vn -0.866025 -0.500000 0.000000
vn -0.866026 -0.499999 -0.000000
vn -0.866026 -0.500000 -0.000003
vn -0.866025 -0.500000 -0.000001
vn -0.866023 -0.500004 0.000001
vn -0.866024 -0.500003 0.000000
vn -0.866025 -0.500000 -0.000001
vn -0.866026 -0.500000 -0.000001
vn -0.866026 -0.500000 0.000000
vn -0.866026 -0.499998 0.000000
vn -0.866025 -0.500000 -0.000001
vn -0.866026 -0.500000 -0.000004
vn -0.866022 -0.500005 0.000000
vn -0.866027 -0.499997 -0.000000
vn -0.866025 -0.500000 0.000000
vn -0.866025 -0.500000 0.000000
vn -0.866026 -0.499999 -0.000000
vn -0.866025 -0.500001 -0.000000
vn -0.866026 -0.500000 0.000001
vn -0.866025 -0.500000 0.000007
vn -0.866026 -0.499999 -0.000000
vn -0.866027 -0.499997 -0.000000
vn -0.866023 -0.500004 -0.000000
vn -0.866026 -0.500000 -0.000007
vn -0.866026 -0.499999 0.000000
vn -0.866029 -0.499994 0.000000
vn -0.866025 -0.500000 0.000001
vn -0.866025 -0.500001 0.000000
vn -0.866026 -0.500000 0.000000
vn -0.866025 -0.500000 0.000004
vn -0.866026 -0.500000 0.000000
vn -0.866024 -0.500002 -0.000000
vn -0.866025 -0.500000 -0.000001
vn -0.866022 -0.500006 -0.000001
vn -0.866025 -0.500000 -0.000000
vn -0.866026 -0.500000 -0.000001
vn -0.866025 -0.500001 0.000000
vn -0.866029 -0.499994 0.000001
vn -0.866026 -0.499999 -0.000006
vn -0.866022 -0.500007 -0.000001
vn -0.866026 -0.499999 0.000000
vn -0.866025 -0.500001 0.000003
vn -0.866027 -0.499997 0.000001
vn -0.866031 -0.499990 0.000002
vn -0.866025 -0.500001 0.000004
vn -0.866024 -0.500003 -0.000001
vn -0.866023 -0.500004 -0.000001
vn -0.866025 -0.500001 0.000004
vn -0.866022 -0.500006 -0.000002
vn -0.866026 -0.499999 0.000000
vn -0.866027 -0.499997 -0.000009
vn -0.866025 -0.500001 -0.000000
vn -0.866026 -0.499999 -0.000000
vn -0.866024 -0.500002 0.000005
vn -0.866028 -0.499995 0.000002
vn -0.866025 -0.500001 -0.000000
vn -0.866027 -0.499998 -0.000007
vn -0.866025 -0.500001 -0.000000
vn -0.866027 -0.499997 0.000001
vn -0.866025 -0.500000 0.000000
vn -0.866024 -0.500002 0.000005
vn -0.866025 -0.500000 -0.000000
vn -0.866023 -0.500005 -0.000002
vn -0.866026 -0.499998 0.000003
vn -0.866026 -0.499999 0.000001
vn -0.866025 -0.500000 0.000000
vn -0.866024 -0.500002 -0.000002
vn -0.866028 -0.499996 0.000002
vn -0.866026 -0.499998 0.000001
vn -0.866025 -0.500001 -0.000001
vn -0.866022 -0.500005 -0.000003
vn -0.866026 -0.500000 -0.000000
vn -0.866027 -0.499997 0.000005
vn -0.866027 -0.499997 0.000002
vn -0.866028 -0.499995 0.000003
vn -0.866024 -0.500002 -0.000003
vn -0.866027 -0.499997 0.000002
vn -0.866024 -0.500003 -0.000002
vn -0.866024 -0.500003 -0.000004
vn -0.866027 -0.499997 0.000002
vn -0.866022 -0.500006 -0.000004
vn -0.866027 -0.499998 0.000004
vn -0.866024 -0.500003 -0.000002
vn -0.866026 -0.499999 0.000000
vn -0.866025 -0.500000 0.000000
vn -0.866028 -0.499996 0.000003
vn -0.866024 -0.500002 -0.000001
vn -0.866027 -0.499998 0.000004
vn -0.866024 -0.500003 -0.000002
vn -0.866027 -0.499997 0.000003
vn -0.866024 -0.500002 -0.000005
vn -0.866025 -0.500001 -0.000001
vn -0.866024 -0.500002 -0.000002
vn -0.866025 -0.500001 -0.000002
vn -0.866025 -0.500000 -0.000000
vn -0.866025 -0.500001 -0.000001
vn -0.866025 -0.500000 0.000000
vn -0.866026 -0.499999 0.000001
vn -0.866027 -0.499997 0.000003
vn -0.866025 -0.500001 -0.000002
vn -0.866026 -0.500000 0.000000
vn -0.866025 -0.500000 -0.000000
vn -0.866027 -0.499997 0.000011
vn -0.866024 -0.500002 -0.000002
vn -0.866023 -0.500003 -0.000004
vn -0.866024 -0.500003 -0.000011
vn -0.866027 -0.499997 0.000003
vn -0.866026 -0.499999 0.000006
vn -0.866026 -0.499999 0.000001
vn -0.866025 -0.500000 0.000000
vn -0.866025 -0.500000 -0.000002
vn -0.866025 -0.500001 -0.000001
vn -0.866024 -0.500002 -0.000002
vn -0.866026 -0.500000 0.000001
vn -0.866025 -0.500000 -0.000001
vn -0.866025 -0.500001 -0.000001
vn -0.866027 -0.499998 0.000003
vn -0.866025 -0.500000 -0.000002
vn -0.866025 -0.500000 -0.000002
vn -0.866026 -0.499999 0.000001
vn -0.866023 -0.500003 -0.000005
vn -0.866026 -0.499999 0.000000
vn -0.866028 -0.499996 0.000006
vn -0.866026 -0.500000 0.000000
vn -0.866026 -0.499999 0.000007
vn -0.866026 -0.500000 0.000003
vn -0.866024 -0.500003 -0.000005
vn -0.866027 -0.499996 0.000006
vn -0.866025 -0.500001 -0.000003
vn -0.866025 -0.500000 -0.000003
vn -0.866026 -0.499999 0.000001
vn -0.866025 -0.500000 -0.000001
vn -0.866025 -0.500001 -0.000003
vn -0.866025 -0.500001 -0.000003
vn -0.866025 -0.500000 -0.000001
vn -0.866026 -0.499999 0.000009
vn -0.866025 -0.500001 -0.000012
vn -0.866025 -0.500002 -0.000002
vn -0.866026 -0.499999 0.000002
vn -0.866026 -0.499999 0.000010
vn -0.866026 -0.500000 0.000000
vn -0.866025 -0.500000 -0.000000
vn -0.866023 -0.500004 -0.000007
vn -0.866025 -0.500001 -0.000014
vn -0.866025 -0.500000 -0.000004
vn -0.866027 -0.499998 0.000004
vn -0.866028 -0.499995 0.000009
vn -0.866025 -0.500001 -0.000001
vn -0.866026 -0.499999 0.000002
vn -0.866026 -0.499998 0.000004
vn -0.866024 -0.500003 -0.000007
vn -0.866024 -0.500002 -0.000004
vn -0.866027 -0.499998 0.000006
vn -0.866026 -0.499999 0.000003
vn -0.866024 -0.500002 -0.000004
vn -0.866025 -0.500001 -0.000001
vn -0.866025 -0.500000 -0.000001
vn -0.866025 -0.500001 -0.000003
vn -0.866025 -0.500001 -0.000004
vn -0.866026 -0.499999 0.000004
vn -0.866026 -0.499998 0.000006
vn -0.866025 -0.500001 -0.000003
vn -0.866025 -0.500000 -0.000000
vn -0.866026 -0.500000 0.000001
vn -0.866025 -0.500000 0.000000
vn -0.866024 -0.500002 -0.000009
vn -0.866026 -0.499999 0.000004
vn -0.866026 -0.499998 0.000009
vn -0.866025 -0.500000 0.000000
vn -0.866025 -0.500001 -0.000006
vn -0.866025 -0.500000 -0.000003
vn -0.866026 -0.499999 0.000007
vn -0.866026 -0.500000 0.000003
vn -0.866025 -0.500000 -0.000004
vn -0.866025 -0.500000 -0.000006
vn -0.866025 -0.500001 -0.000006
vn -0.866026 -0.500000 0.000001
vn -0.866026 -0.500000 0.000002
vn -0.866026 -0.500000 0.000003
vn -0.866026 -0.500000 0.000001
vn -0.866025 -0.500000 -0.000001
vn -0.866025 -0.500000 0.000008
vn -0.866025 -0.500001 -0.000002
vn -0.866024 -0.500003 -0.000008
vn -0.866026 -0.499999 0.000003
vn -0.866025 -0.500000 -0.000001
vn -0.866025 -0.500000 -0.000004
vn -0.866025 -0.500000 -0.000004
vn -0.866025 -0.500000 0.000003
vn -0.866025 -0.500001 -0.000006
vn -0.866026 -0.499999 0.000010
vn -0.866024 -0.500002 -0.000009
vn -0.866026 -0.499999 0.000007
vn -0.866025 -0.500001 -0.000006
vn -0.866027 -0.499998 0.000010
vn -0.866025 -0.500001 -0.000001
vn -0.866024 -0.500002 0.000002
vn -0.866027 -0.499998 -0.000003
vn -0.866025 -0.500001 0.000001
vn -0.866023 -0.500004 0.000006
vn -0.866028 -0.499996 -0.000006
vn -0.866024 -0.500002 0.000004
vn -0.866026 -0.499999 -0.000001
vn -0.866026 -0.499999 -0.000002
vn -0.866024 -0.500002 0.000004
vn -0.866026 -0.499998 -0.000004
vn -0.866025 -0.500001 0.000003
vn -0.866026 -0.499999 -0.000003
vn -0.866025 -0.500001 0.000002
vn -0.866026 -0.499999 -0.000003
vn -0.866025 -0.500000 -0.000000
vn -0.866026 -0.500000 -0.000001
vn -0.866025 -0.500001 0.000002
vn -0.866025 -0.500002 0.000005
vn -0.866026 -0.499999 -0.000005
vn -0.866025 -0.500001 0.000006
vn -0.866026 -0.499998 -0.000009
vn -0.866025 -0.500001 0.000008
vn -0.866025 -0.500000 -0.000000
vn -0.866026 -0.499999 -0.000010
vn -0.866025 -0.500001 0.000010
vn -0.866026 -0.499999 -0.000011
vn -0.866025 -0.500001 0.000009
vn -0.866025 -0.500000 0.000003
vn -0.866026 -0.499999 -0.000017
vn -0.866025 -0.500000 0.000002
vn -0.866025 -0.500001 0.000011
vn -0.866025 -0.500000 0.000003
vn -0.866025 -0.500000 0.000004
vn -0.866025 -0.500000 0.000000
vn -0.866026 -0.500000 -0.000013
vn -0.866025 -0.500000 -0.000222
vn -0.866025 -0.500000 0.000257
vn -0.866025 -0.500000 -0.000038
vn -0.866025 -0.500000 -0.000024
vn -0.866025 -0.500000 -0.000042
vn -0.866025 -0.500000 0.000066
vn -0.866026 -0.500000 -0.000054
vn -0.866025 -0.500000 -0.000000
vn -0.866025 -0.500000 0.000001
vn -0.866025 -0.500000 0.000002
vn -0.866025 -0.500000 -0.000005
vn -0.866025 -0.500001 0.000017
vn -0.866025 -0.500000 0.000169
vn -0.866025 -0.500000 0.000057
vn -0.866025 -0.500000 0.000035
vn -0.866025 -0.500000 -0.000100
vn -0.866025 -0.500000 0.000000
vn -0.866026 -0.500000 0.000049
vn -0.866025 -0.500000 0.000000
vn -0.866025 -0.500000 -0.000012
vn -0.866025 -0.500000 0.000011
vn -0.866025 -0.500000 -0.000010
vn -0.866026 -0.500000 0.000009
vn -0.866025 -0.500000 0.000000
vn -0.500000 0.866025 0.000000
vn -0.500000 0.866026 0.000000
vn -0.500000 0.866025 0.000000
vn -0.500000 0.866025 0.000000
vn 0.500000 0.866025 -0.000000
vn 0.500000 0.866026 -0.000000
vn 0.500000 0.866025 0.000000
vn 0.500000 0.866025 0.000000
vn 0.866025 -0.500001 0.000002
vn 0.866026 -0.500000 -0.000000
vn 0.866027 -0.499997 -0.000003
vn 0.866026 -0.500000 -0.000000
vn 0.866025 -0.500001 0.000001
vn 0.866026 -0.499999 -0.000001
vn 0.866023 -0.500004 0.000006
vn 0.866026 -0.500000 -0.000000
vn 0.866023 -0.500004 0.000004
vn 0.866025 -0.500000 -0.000000
vn 0.866026 -0.500000 -0.000000
vn 0.866027 -0.499998 -0.000002
vn 0.866026 -0.499999 -0.000001
vn 0.866029 -0.499994 -0.000009
vn 0.866024 -0.500002 0.000002
vn 0.866024 -0.500003 0.000003
vn 0.866025 -0.500001 0.000002
vn 0.866024 -0.500002 0.000003
vn 0.866027 -0.499998 -0.000002
vn 0.866025 -0.500000 0.000000
vn 0.866025 -0.500001 0.000001
vn 0.866024 -0.500003 0.000005
vn 0.866027 -0.499998 -0.000002
vn 0.866024 -0.500002 0.000002
vn 0.866027 -0.499998 -0.000004
vn 0.866027 -0.499997 -0.000005
vn 0.866025 -0.500002 0.000001
vn 0.866024 -0.500002 0.000001
vn 0.866025 -0.500000 0.000001
vn 0.866025 -0.500001 0.000003
vn 0.866027 -0.499997 -0.000002
vn 0.866026 -0.500000 -0.000000
vn 0.866026 -0.499998 -0.000003
vn 0.866025 -0.500001 0.000001
vn 0.866028 -0.499995 -0.000004
vn 0.866024 -0.500002 0.000001
vn 0.866025 -0.500001 0.000000
vn 0.866026 -0.499999 -0.000002
vn 0.866026 -0.499998 -0.000001
vn 0.866024 -0.500002 0.000001
vn 0.866024 -0.500002 0.000003
vn 0.866026 -0.499999 -0.000003
vn 0.866025 -0.500001 0.000001
vn 0.866024 -0.500003 0.000002
vn 0.866025 -0.500001 0.000002
vn 0.866026 -0.499998 -0.000004
vn 0.866024 -0.500002 0.000001
vn 0.866028 -0.499995 -0.000003
vn 0.866023 -0.500003 0.000008
vn 0.866026 -0.499999 -0.000002
vn 0.866026 -0.500000 0.000000
vn 0.866027 -0.499997 -0.000001
vn 0.866025 -0.500001 0.000003
vn 0.866025 -0.500000 0.000001
vn 0.866026 -0.499999 -0.000000
vn 0.866023 -0.500004 0.000002
vn 0.866027 -0.499998 -0.000006
vn 0.866026 -0.499998 -0.000005
vn 0.866026 -0.499999 -0.000000
vn 0.866028 -0.499995 -0.000002
vn 0.866025 -0.500001 0.000004
vn 0.866025 -0.500001 0.000005
vn 0.866023 -0.500004 0.000001
vn 0.866023 -0.500004 0.000002
vn 0.866026 -0.500000 -0.000001
vn 0.866026 -0.500000 -0.000001
vn 0.866026 -0.499999 -0.000000
vn 0.866025 -0.500001 0.000001
vn 0.866026 -0.499998 -0.000006
vn 0.866025 -0.500000 0.000001
vn 0.866023 -0.500004 0.000002
vn 0.866026 -0.500000 -0.000000
vn 0.866025 -0.500000 -0.000000
vn 0.866025 -0.500000 -0.000001
vn 0.866027 -0.499997 -0.000001
vn 0.866026 -0.499999 -0.000000
vn 0.866026 -0.500000 0.000000
vn 0.866024 -0.500002 0.000009
vn 0.866026 -0.499999 -0.000000
vn 0.866028 -0.499995 -0.000001
vn 0.866026 -0.499999 -0.000003
vn 0.866025 -0.500000 0.000001
vn 0.866025 -0.500001 0.000000
vn 0.866025 -0.500000 0.000000
vn 0.866025 -0.500001 0.000007
vn 0.866026 -0.499998 -0.000007
vn 0.866026 -0.499999 -0.000000
vn 0.866025 -0.500000 0.000000
vn 0.866026 -0.499999 -0.000005
vn 0.866025 -0.500001 0.000005
vn 0.866025 -0.500001 0.000000
vn 0.866025 -0.500000 0.000000
vn 0.866025 -0.500001 0.000005
vn 0.866026 -0.500000 0.000000
vn 0.866025 -0.500000 0.000000
vn 0.866026 -0.499999 -0.000000
vn 0.866026 -0.500000 -0.000004
vn 0.866025 -0.500000 -0.000001
vn 0.866023 -0.500004 0.000001
vn 0.866024 -0.500003 0.000000
vn 0.866025 -0.500000 -0.000001
vn 0.866026 -0.500000 -0.000001
vn 0.866026 -0.499999 0.000000
vn 0.866026 -0.499998 0.000000
vn 0.866025 -0.500000 -0.000001
vn 0.866026 -0.500000 -0.000004
vn 0.866022 -0.500005 0.000000
vn 0.866027 -0.499997 -0.000000
vn 0.866025 -0.500000 0.000000
vn 0.866025 -0.500000 -0.000000
vn 0.866026 -0.499999 -0.000000
vn 0.866025 -0.500001 -0.000000
vn 0.866026 -0.500000 0.000000
vn 0.866025 -0.500000 0.000007
vn 0.866027 -0.499997 -0.000000
vn 0.866023 -0.500004 -0.000000
vn 0.866026 -0.499999 -0.000000
vn 0.866025 -0.500000 -0.000007
vn 0.866026 -0.499999 0.000000
vn 0.866029 -0.499994 0.000000
vn 0.866025 -0.500000 0.000001
vn 0.866025 -0.500001 0.000000
vn 0.866026 -0.500000 0.000000
vn 0.866025 -0.500000 0.000004
vn 0.866026 -0.500000 0.000000
vn 0.866024 -0.500002 -0.000000
vn 0.866026 -0.500000 -0.000000
vn 0.866025 -0.500000 -0.000000
vn 0.866022 -0.500006 -0.000001
vn 0.866026 -0.500000 -0.000001
vn 0.866029 -0.499994 0.000001
vn 0.866025 -0.500001 0.000000
vn 0.866026 -0.499999 -0.000004
vn 0.866022 -0.500007 -0.000001
vn 0.866026 -0.499999 0.000000
vn 0.866025 -0.500001 0.000003
vn 0.866031 -0.499990 0.000002
vn 0.866027 -0.499997 0.000001
vn 0.866025 -0.500000 0.000002
vn 0.866024 -0.500003 -0.000001
vn 0.866023 -0.500004 -0.000001
vn 0.866025 -0.500001 0.000003
vn 0.866022 -0.500006 -0.000002
vn 0.866026 -0.499999 0.000000
vn 0.866027 -0.499998 -0.000007
vn 0.866025 -0.500001 -0.000000
vn 0.866026 -0.500000 -0.000000
vn 0.866025 -0.500001 0.000003
vn 0.866028 -0.499995 0.000002
vn 0.866025 -0.500001 -0.000000
vn 0.866027 -0.499998 -0.000006
vn 0.866025 -0.500001 -0.000000
vn 0.866027 -0.499997 0.000001
vn 0.866025 -0.500000 0.000000
vn 0.866025 -0.500001 0.000003
vn 0.866025 -0.500000 -0.000000
vn 0.866022 -0.500005 -0.000002
vn 0.866027 -0.499997 0.000004
vn 0.866025 -0.500000 0.000000
vn 0.866026 -0.499999 0.000000
vn 0.866024 -0.500003 -0.000003
vn 0.866028 -0.499996 0.000002
vn 0.866026 -0.499998 0.000001
vn 0.866025 -0.500001 -0.000001
vn 0.866022 -0.500005 -0.000003
vn 0.866026 -0.500000 0.000000
vn 0.866027 -0.499997 0.000005
vn 0.866027 -0.499997 0.000002
vn 0.866028 -0.499995 0.000003
vn 0.866025 -0.500001 -0.000002
vn 0.866027 -0.499997 0.000002
vn 0.866024 -0.500003 -0.000002
vn 0.866024 -0.500003 -0.000005
vn 0.866027 -0.499997 0.000002
vn 0.866022 -0.500006 -0.000004
vn 0.866027 -0.499998 0.000004
vn 0.866024 -0.500003 -0.000002
vn 0.866026 -0.499999 0.000000
vn 0.866026 -0.500000 0.000001
vn 0.866028 -0.499996 0.000003
vn 0.866024 -0.500002 -0.000001
vn 0.866026 -0.499998 0.000003
vn 0.866024 -0.500003 -0.000002
vn 0.866027 -0.499996 0.000003
vn 0.866024 -0.500002 -0.000004
vn 0.866025 -0.500001 -0.000001
vn 0.866024 -0.500002 -0.000002
vn 0.866025 -0.500001 -0.000002
vn 0.866025 -0.500000 -0.000000
vn 0.866025 -0.500001 -0.000001
vn 0.866025 -0.500000 0.000000
vn 0.866026 -0.499999 0.000001
vn 0.866027 -0.499997 0.000002
vn 0.866025 -0.500001 -0.000002
vn 0.866025 -0.500000 0.000000
vn 0.866026 -0.500000 0.000000
vn 0.866027 -0.499997 0.000010
vn 0.866023 -0.500003 -0.000004
vn 0.866024 -0.500002 -0.000002
vn 0.866024 -0.500003 -0.000010
vn 0.866027 -0.499997 0.000003
vn 0.866026 -0.499998 0.000006
vn 0.866026 -0.499999 0.000001
vn 0.866025 -0.500000 0.000000
vn 0.866025 -0.500001 -0.000002
vn 0.866025 -0.500001 -0.000001
vn 0.866024 -0.500002 -0.000002
vn 0.866026 -0.500000 0.000002
vn 0.866025 -0.500000 -0.000000
vn 0.866027 -0.499998 0.000003
vn 0.866025 -0.500001 -0.000001
vn 0.866025 -0.500000 -0.000002
vn 0.866025 -0.500000 -0.000001
vn 0.866023 -0.500004 -0.000005
vn 0.866026 -0.500000 0.000001
vn 0.866026 -0.500000 0.000001
vn 0.866028 -0.499996 0.000006
vn 0.866026 -0.500000 0.000000
vn 0.866026 -0.499999 0.000009
vn 0.866026 -0.500000 0.000003
vn 0.866024 -0.500003 -0.000005
vn 0.866028 -0.499996 0.000006
vn 0.866025 -0.500000 -0.000005
vn 0.866025 -0.500000 -0.000001
vn 0.866026 -0.499999 0.000001
vn 0.866025 -0.500000 -0.000001
vn 0.866025 -0.500000 -0.000004
vn 0.866024 -0.500002 -0.000003
vn 0.866025 -0.500000 -0.000001
vn 0.866026 -0.499999 0.000010
vn 0.866025 -0.500001 -0.000012
vn 0.866025 -0.500001 -0.000002
vn 0.866026 -0.499999 0.000002
vn 0.866026 -0.499999 0.000009
vn 0.866026 -0.500000 0.000001
vn 0.866025 -0.500000 -0.000000
vn 0.866023 -0.500004 -0.000007
vn 0.866025 -0.500001 -0.000015
vn 0.866025 -0.500000 -0.000003
vn 0.866027 -0.499998 0.000004
vn 0.866028 -0.499995 0.000009
vn 0.866025 -0.500001 -0.000002
vn 0.866026 -0.500000 0.000001
vn 0.866026 -0.499998 0.000004
vn 0.866024 -0.500003 -0.000007
vn 0.866024 -0.500002 -0.000005
vn 0.866027 -0.499998 0.000007
vn 0.866026 -0.499999 0.000003
vn 0.866025 -0.500001 -0.000004
vn 0.866025 -0.500000 -0.000001
vn 0.866025 -0.500000 -0.000001
vn 0.866025 -0.500001 -0.000002
vn 0.866025 -0.500001 -0.000004
vn 0.866026 -0.499998 0.000006
vn 0.866026 -0.499999 0.000004
vn 0.866025 -0.500001 -0.000003
vn 0.866026 -0.500000 0.000002
vn 0.866025 -0.500000 0.000000
vn 0.866025 -0.500000 0.000000
vn 0.866024 -0.500002 -0.000009
vn 0.866026 -0.499999 0.000004
vn 0.866026 -0.499998 0.000009
vn 0.866025 -0.500000 0.000000
vn 0.866025 -0.500001 -0.000006
vn 0.866025 -0.500000 -0.000003
vn 0.866026 -0.499999 0.000007
vn 0.866026 -0.500000 0.000003
vn 0.866025 -0.500000 -0.000004
vn 0.866025 -0.500001 -0.000006
vn 0.866025 -0.500000 -0.000006
vn 0.866025 -0.500000 0.000001
vn 0.866026 -0.500000 0.000002
vn 0.866026 -0.500000 0.000003
vn 0.866026 -0.500000 0.000001
vn 0.866025 -0.500000 -0.000002
vn 0.866025 -0.500000 0.000008
vn 0.866025 -0.500000 -0.000002
vn 0.866025 -0.500001 -0.000002
vn 0.866024 -0.500003 -0.000007
vn 0.866026 -0.499999 0.000003
vn 0.866025 -0.500000 -0.000004
vn 0.866025 -0.500000 -0.000004
vn 0.866025 -0.500000 0.000002
vn 0.866025 -0.500001 -0.000007
vn 0.866026 -0.499999 0.000010
vn 0.866024 -0.500002 -0.000008
vn 0.866026 -0.499999 0.000007
vn 0.866025 -0.500001 -0.000006
vn 0.866027 -0.499998 0.000009
vn 0.866025 -0.500001 -0.000001
vn 0.866024 -0.500002 0.000002
vn 0.866027 -0.499998 -0.000003
vn 0.866025 -0.500000 0.000000
vn 0.866023 -0.500004 0.000005
vn 0.866028 -0.499996 -0.000006
vn 0.866024 -0.500003 0.000004
vn 0.866026 -0.500000 -0.000002
vn 0.866026 -0.499999 -0.000002
vn 0.866024 -0.500002 0.000005
vn 0.866026 -0.499998 -0.000004
vn 0.866024 -0.500002 0.000002
vn 0.866026 -0.499999 -0.000002
vn 0.866025 -0.500001 0.000001
vn 0.866026 -0.499999 -0.000003
vn 0.866025 -0.500000 0.000000
vn 0.866026 -0.499999 -0.000002
vn 0.866025 -0.500001 0.000002
vn 0.866024 -0.500002 0.000006
vn 0.866026 -0.499998 -0.000005
vn 0.866025 -0.500001 0.000007
vn 0.866026 -0.499998 -0.000009
vn 0.866025 -0.500002 0.000007
vn 0.866026 -0.500000 0.000000
vn 0.866026 -0.499999 -0.000010
vn 0.866025 -0.500001 0.000010
vn 0.866026 -0.499999 -0.000011
vn 0.866025 -0.500001 0.000008
vn 0.866025 -0.500000 0.000003
vn 0.866026 -0.499999 -0.000015
vn 0.866026 -0.500000 0.000000
vn 0.866025 -0.500001 0.000013
vn 0.866025 -0.500000 0.000003
vn 0.866025 -0.500000 0.000004
vn 0.866025 -0.500000 0.000000
vn 0.866026 -0.499999 -0.000012
vn 0.866025 -0.500000 -0.000173
vn 0.866025 -0.500000 0.000234
vn 0.866025 -0.500000 -0.000035
vn 0.866025 -0.500000 -0.000026
vn 0.866025 -0.500000 -0.000040
vn 0.866025 -0.500000 0.000066
vn 0.866026 -0.500000 -0.000057
vn 0.866025 -0.500000 0.000000
vn 0.866025 -0.500000 0.000000
vn 0.866025 -0.500000 0.000000
vn 0.866025 -0.500000 -0.000005
vn 0.866025 -0.500000 0.000017
vn 0.866025 -0.500000 0.000106
vn 0.866025 -0.500000 0.000076
vn 0.866025 -0.500000 0.000059
vn 0.866025 -0.500000 -0.000101
vn 0.866025 -0.500000 0.000006
vn 0.866026 -0.500000 0.000053
vn 0.866025 -0.500000 0.000005
vn 0.866025 -0.500000 -0.000015
vn 0.866026 -0.500000 0.000014
vn 0.866025 -0.500000 -0.000012
vn 0.866025 -0.500000 0.000007
vn 0.866025 -0.500000 -0.000002
vn -0.500000 -0.866025 0.000000
vn -0.500000 -0.866025 0.000000
vn -0.500000 -0.866025 0.000000
vn -0.500000 -0.866025 0.000000
vn -1.000000 0.000000 0.000000
vn -1.000000 -0.000000 -0.000000
vn -1.000000 0.000000 0.000000
vn -1.000000 -0.000000 0.000000
vn 0.000000 1.000000 0.000000
vn 0.000000 1.000000 0.000000
vn 0.000000 1.000000 0.000000
vn 0.000000 1.000000 0.000000
vn 0.000000 1.000000 0.000000
vn 0.000000 1.000000 -0.000000
vn 0.000000 1.000000 -0.000000
vn 0.000000 1.000000 0.000000
vn 0.000000 1.000000 0.000000
vn 0.000000 1.000000 0.000000
vn 0.000000 1.000000 0.000000
vn 0.000000 1.000000 0.000000
vn 0.000000 1.000000 0.000000
vn 0.000000 1.000000 -0.000000
vn 0.000000 1.000000 0.000000
vn 0.000000 1.000000 0.000000
vn 0.000000 1.000000 0.000000
vn 0.000000 1.000000 -0.000000
vn 0.000000 1.000000 0.000000
vn 0.000000 1.000000 0.000000
vn 0.000000 1.000000 0.000000
vn 0.000000 1.000000 -0.000000
vn 0.000000 1.000000 0.000000
vn 0.000000 1.000000 0.000000
vn 0.000000 1.000000 -0.000000
vn 0.000000 1.000000 0.000000
vn 0.000000 1.000000 0.000000
vn 0.000000 1.000000 0.000000
vn 0.000000 1.000000 -0.000000
vn 0.000000 1.000000 0.000000
vn 0.000000 1.000000 0.000000
vn 0.000000 1.000000 0.000000
vn 0.000000 1.000000 -0.000000
vn 0.000000 1.000000 0.000000
vn 0.000000 1.000000 0.000000
vn 0.000000 1.000000 0.000000
vn 0.000000 1.000000 0.000000
vn 0.000000 1.000000 -0.000000
vn 0.000000 1.000000 0.000000
vn 0.000000 1.000000 0.000000
vn 0.000000 1.000000 -0.000000
vn 0.000000 1.000000 0.000000
vn 0.000000 1.000000 0.000000
vn 0.000000 1.000000 0.000000
vn 0.000000 1.000000 0.000000
vn 0.000000 1.000000 -0.000000
vn 0.000000 1.000000 0.000000
vn 0.000000 1.000000 0.000000
vn 0.000000 1.000000 -0.000000
vn 0.000000 1.000000 0.000000
vn 0.000000 1.000000 0.000000
vn 0.000000 1.000000 0.000000
vn 0.000000 1.000000 0.000000
vn 0.000000 1.000000 -0.000000
vn 0.000000 1.000000 0.000000
vn 0.000000 1.000000 0.000000
vn 0.000000 1.000000 0.000000
vn 0.000000 1.000000 -0.000000
vn 0.000000 1.000000 0.000000
vn 0.000000 1.000000 0.000000
vn 0.000000 1.000000 0.000000
vn 0.000000 1.000000 -0.000000
vn 0.000000 1.000000 0.000000
vn 0.000000 1.000000 0.000000
vn 0.000000 1.000000 0.000000
vn 0.000000 1.000000 -0.000000
vn 0.000000 1.000000 0.000000
vn 0.000000 1.000000 0.000000
vn 0.000000 1.000000 -0.000000
vn 0.000000 1.000000 0.000000
vn 0.000000 1.000000 0.000000
vn 0.000000 1.000000 0.000000
vn 0.000000 1.000000 0.000000
vn 0.000000 1.000000 -0.000000
vn 0.000000 1.000000 0.000000
vn 0.000000 1.000000 0.000000
vn 0.000000 1.000000 0.000000
vn 0.000000 1.000000 -0.000000
vn 0.000000 1.000000 0.000000
vn 0.000000 1.000000 0.000000
vn 0.000000 1.000000 0.000000
vn 0.000000 1.000000 -0.000000
vn 0.000000 1.000000 0.000000
vn 0.000000 1.000000 0.000000
vn 0.000000 1.000000 0.000000
vn 0.000000 1.000000 -0.000000
vn 0.000000 1.000000 0.000000
vn 0.000000 1.000000 0.000000
vn 0.000000 1.000000 0.000000
vn 0.000000 1.000000 -0.000000
vn 0.000000 1.000000 0.000000
vn 0.000000 1.000000 0.000000
vn 0.000000 1.000000 0.000000
vn 0.000000 1.000000 -0.000000
vn 0.000000 1.000000 0.000000
vn 0.000000 1.000000 0.000000
vn 0.000000 1.000000 0.000000
vn 0.000000 1.000000 -0.000000
vn 0.000000 1.000000 0.000000
vn 0.000000 1.000000 0.000000
vn 0.000000 1.000000 0.000000
vn 0.000000 1.000000 -0.000000
vn 0.000000 1.000000 0.000000
vn 0.000000 1.000000 0.000000
vn 0.000000 1.000000 0.000000
vn 0.000000 1.000000 -0.000000
vn 0.000000 1.000000 0.000000
vn 0.000000 1.000000 0.000000
vn 0.000000 1.000000 0.000000
vn 0.000000 1.000000 -0.000000
vn 0.000000 1.000000 -0.000000
vn 0.000000 1.000000 0.000000
vn 0.000000 1.000000 0.000000
vn 0.000000 1.000000 -0.000000
vn 0.000000 1.000000 0.000000
vn 0.000000 1.000000 -0.000000
vn 0.000000 1.000000 0.000000
vn 0.000000 1.000000 -0.000000
vn 0.000000 1.000000 0.000000
vn 0.000000 1.000000 -0.000000
vn 0.000000 1.000000 0.000000
vn 0.000000 1.000000 -0.000000
vn 0.000000 1.000000 0.000000
vn 0.000000 1.000000 0.000000
vn 0.000000 1.000000 -0.000000
vn 0.000000 1.000000 0.000000
vn 0.000000 1.000000 0.000000
vn 0.000000 1.000000 0.000000
vn 0.000000 1.000000 -0.000000
vn 0.000000 1.000000 0.000000
vn 0.000000 1.000000 -0.000000
vn 0.000000 1.000000 0.000000
vn 0.000000 1.000000 0.000000
vn 0.000000 1.000000 -0.000000
vn 0.000000 1.000000 0.000000
vn 0.000000 1.000000 0.000000
vn 0.000000 1.000000 -0.000000
vn 0.000000 1.000000 0.000000
vn 0.000000 1.000000 0.000000
vn 0.000000 1.000000 -0.000000
vn 0.000000 1.000000 0.000000
vn 0.000000 1.000000 0.000000
vn 0.000000 1.000000 -0.000000
vn 0.000000 1.000000 0.000000
vn 0.000000 1.000000 0.000000
vn 0.000000 1.000000 -0.000000
vn 0.000000 1.000000 0.000000
vn 0.000000 1.000000 0.000000
vn 0.000000 1.000000 -0.000000
vn 0.000000 1.000000 0.000000
vn 0.000000 1.000000 0.000000
vn 0.000000 1.000000 -0.000000
vn 0.000000 1.000000 0.000000
vn 0.000000 1.000000 0.000000
vn 0.000000 1.000000 0.000000
vn 0.000000 1.000000 -0.000000
vn 0.000000 1.000000 0.000000
vn 0.000000 1.000000 0.000000
vn 0.000000 1.000000 -0.000000
vn 0.000000 1.000000 0.000000
vn 0.000000 1.000000 0.000000
vn 0.000000 1.000000 -0.000000
vn 0.000000 1.000000 0.000000
vn 0.000000 1.000000 0.000000
vn 0.000000 1.000000 -0.000000
vn 0.000000 1.000000 0.000000
vn 0.000000 1.000000 0.000000
vn 0.000000 1.000000 0.000000
vn 0.000000 1.000000 -0.000000
vn 0.000000 1.000000 0.000000
vn 0.000000 1.000000 -0.000000
vn 0.000000 1.000000 0.000000
vn 0.000000 1.000000 0.000000
vn 0.000000 1.000000 0.000000
vn 0.000000 1.000000 -0.000000
vn 0.000000 1.000000 0.000000
vn 0.000000 1.000000 0.000000
vn 0.000000 1.000000 -0.000000
vn 0.000000 1.000000 0.000000
vn 0.000000 1.000000 -0.000000
vn 0.000000 1.000000 0.000000
vn 0.000000 1.000000 0.000000
vn 0.000000 1.000000 -0.000000
vn 0.000000 1.000000 0.000000
vn 0.000000 1.000000 0.000000
vn 0.000000 1.000000 -0.000000
vn 0.000000 1.000000 0.000000
vn 0.000000 1.000000 0.000000
vn 0.000000 1.000000 -0.000000
vn 0.000000 1.000000 0.000000
vn 0.000000 1.000000 0.000000
vn 0.000000 1.000000 -0.000000
vn 0.000000 1.000000 0.000000
vn 0.000000 1.000000 0.000000
vn 0.000000 1.000000 0.000000
vn 0.000000 1.000000 -0.000000
vn 0.000000 1.000000 0.000000
vn 0.000000 1.000000 -0.000000
vn 0.000000 1.000000 0.000000
vn 0.000000 1.000000 0.000000
vn 0.000000 1.000000 -0.000000
vn 0.000000 1.000000 0.000000
vn 0.000000 1.000000 0.000000
vn 0.000000 1.000000 -0.000000
vn 0.000000 1.000000 0.000000
vn 0.000000 1.000000 0.000000
vn 0.000000 1.000000 -0.000000
vn 0.000000 1.000000 0.000000
vn 0.000000 1.000000 0.000000
vn 0.000000 1.000000 0.000000
vn 0.000000 1.000000 0.000000
vn 0.000000 1.000000 0.000000
vn 0.000000 1.000000 0.000000
vn 0.000000 1.000000 0.000000
vn 0.000000 1.000000 0.000000
vn 0.000000 1.000000 0.000000
vn 0.000000 1.000000 0.000000
vn 0.000000 1.000000 0.000000
vn 0.000000 1.000000 0.000000
vn 0.000000 1.000000 0.000000
vn 0.000000 1.000000 0.000000
vn 0.000000 1.000000 0.000000
vn 0.000000 1.000000 0.000000
vn 0.000000 1.000000 0.000000
vn 0.000000 1.000000 0.000000
vn 0.000000 1.000000 0.000000
vn 0.000000 1.000000 0.000000
vn 0.000000 1.000000 0.000000
vn 0.000000 1.000000 0.000000
vn 0.000000 1.000000 0.000000
vn 0.000000 1.000000 0.000000
vn 0.000000 1.000000 0.000000
vn 0.000000 1.000000 0.000000
vn 0.000000 1.000000 0.000000
vn 0.000000 1.000000 0.000000
vn 0.000000 1.000000 0.000000
vn 0.000000 1.000000 0.000000
vn 0.000000 1.000000 0.000000
vn 0.000000 1.000000 0.000000
vn 0.000000 1.000000 0.000000
vn 0.000000 1.000000 0.000000
vn 0.000000 1.000000 0.000000
vn 0.000000 1.000000 0.000000
vn 0.000000 1.000000 0.000000
vn 0.000000 1.000000 0.000000
vn 0.000000 1.000000 0.000000
vn 0.000000 1.000000 0.000000
vn 0.000000 1.000000 0.000000
vn 0.000000 1.000000 0.000000
vn 0.000000 1.000000 0.000000
vn 0.000000 1.000000 0.000000
vn 0.000000 1.000000 0.000000
vn 0.000000 1.000000 0.000000
vn 0.000000 1.000000 0.000000
vn 0.000000 1.000000 0.000000
vn 0.000000 1.000000 0.000000
vn 0.000000 1.000000 0.000000
vn 0.000000 1.000000 0.000000
vn 0.000000 1.000000 0.000000
vn 0.000000 1.000000 0.000000
vn 0.000000 1.000000 0.000000
vn 0.000000 1.000000 0.000000
vn 0.000000 1.000000 0.000000
vn 0.000000 1.000000 0.000000
vn 0.000000 1.000000 0.000000
vn 0.000000 1.000000 0.000000
vn 0.000000 1.000000 0.000000
vn 0.000000 1.000000 0.000000
vn 0.000000 1.000000 0.000000
vn 0.000000 1.000000 0.000000
vn 0.000000 1.000000 0.000000
vn 0.000000 1.000000 0.000000
vn 0.000000 1.000000 0.000000
vn 0.000000 1.000000 0.000000
vn 0.000000 1.000000 0.000000
vn 0.000000 1.000000 0.000000
vn 0.000000 1.000000 0.000000
vn 0.000000 1.000000 0.000000
vn 0.000000 1.000000 0.000000
vn 0.000000 1.000000 0.000000
vn 0.000000 1.000000 0.000000
vn 0.000000 1.000000 0.000000
vn 0.000000 1.000000 0.000000
vn 0.000000 1.000000 0.000000
vn 0.000000 1.000000 0.000000
vn 0.000000 1.000000 0.000000
vn 0.000000 1.000000 0.000000
vn 0.000000 1.000000 0.000000
vn 0.000000 1.000000 0.000000
vn 0.000000 1.000000 0.000000
vn 0.000000 1.000000 0.000000
vn 0.000000 1.000000 0.000000
vn 0.000000 1.000000 0.000000
vn 0.000000 1.000000 0.000000
vn 0.000000 1.000000 0.000000
vn 0.000000 1.000000 0.000000
vn 0.000000 1.000000 0.000000
vn 0.000000 1.000000 0.000000
vn 0.000000 1.000000 0.000000
vn 0.000000 1.000000 0.000000
vn 0.000000 1.000000 0.000000
vn 0.000000 1.000000 0.000000
vn 0.000000 1.000000 0.000000
vn 0.000000 1.000000 0.000000
vn 0.000000 1.000000 0.000000
vn 0.000000 1.000000 0.000000
vn 0.000000 1.000000 0.000000
vn 0.000000 1.000000 0.000000
vn 0.000000 1.000000 0.000000
vn 0.000000 1.000000 0.000000
vn 0.000000 1.000000 0.000000
vn 0.000000 1.000000 0.000000
vn 0.000000 1.000000 0.000000
vn 0.000000 1.000000 0.000000
vn 0.000000 1.000000 0.000000
vn 0.000000 1.000000 0.000000
vn 0.000000 1.000000 0.000000
vn 0.000000 1.000000 0.000000
vn 0.000000 1.000000 0.000000
vn 0.000000 1.000000 0.000000
vn 0.000000 1.000000 0.000000
vn 0.000000 1.000000 0.000000
vn 0.000000 1.000000 0.000000
vn 0.000000 1.000000 -0.000000
vn 0.000000 1.000000 0.000000
vn 0.000000 1.000000 0.000000
vn 0.000000 1.000000 0.000000
vn 0.000000 1.000000 0.000000
vn 0.000000 1.000000 0.000000
vn 0.000000 1.000000 0.000000
vn 0.000000 1.000000 0.000000
vn 0.000000 1.000000 0.000000
vn 0.000000 1.000000 0.000000
vn 0.000000 1.000000 0.000000
vn 0.000000 1.000000 0.000000
vn 0.000000 1.000000 0.000000
vn 0.000000 1.000000 0.000000
vn 0.000000 1.000000 0.000000
vn 0.000000 1.000000 0.000000
vn 0.000000 1.000000 0.000000
vn 0.000000 1.000000 0.000000
vn 0.000000 1.000000 0.000000
vn 0.000000 1.000000 0.000000
vn 0.000000 1.000000 0.000000
vn 0.000000 1.000000 0.000000
vn 0.000000 1.000000 0.000000
vn 0.000000 1.000000 0.000000
vn 0.000000 1.000000 0.000000
vn 0.000000 1.000000 0.000000
vn 1.000000 -0.000000 0.000000
vn 1.000000 0.000000 0.000000
vn 1.000000 -0.000000 0.000000
vn 1.000000 0.000000 0.000000
vn 0.500000 -0.866025 0.000000
vn 0.500000 -0.866025 0.000000
vn -0.500000 -0.866025 0.000000
vn -0.500000 -0.866025 0.000000
vn -1.000000 0.000000 0.000000
vn -1.000000 0.000000 0.000000
vn -1.000000 0.000000 0.000000
vn -1.000000 0.000000 0.000000
vn 0.000000 1.000000 0.000000
vn 0.000000 1.000000 0.000000
vn 0.000000 1.000000 0.000000
vn 0.000000 1.000000 -0.000000
vn 0.000000 1.000000 0.000000
vn 0.000000 1.000000 0.000000
vn 0.000000 1.000000 0.000000
vn 0.000000 1.000000 0.000000
vn 0.000000 1.000000 0.000000
vn 0.000000 1.000000 -0.000000
vn 0.000000 1.000000 0.000000
vn 0.000000 1.000000 -0.000000
vn 0.000000 1.000000 0.000000
vn 0.000000 1.000000 0.000000
vn 0.000000 1.000000 0.000000
vn 0.000000 1.000000 -0.000000
vn 0.000000 1.000000 0.000000
vn 0.000000 1.000000 0.000000
vn 0.000000 1.000000 0.000000
vn 0.000000 1.000000 -0.000000
vn 0.000000 1.000000 0.000000
vn 0.000000 1.000000 0.000000
vn 0.000000 1.000000 0.000000
vn 0.000000 1.000000 -0.000000
vn 0.000000 1.000000 0.000000
vn 0.000000 1.000000 0.000000
vn 0.000000 1.000000 -0.000000
vn 0.000000 1.000000 0.000000
vn 0.000000 1.000000 0.000000
vn 0.000000 1.000000 0.000000
vn 0.000000 1.000000 0.000000
vn 0.000000 1.000000 -0.000000
vn 0.000000 1.000000 0.000000
vn 0.000000 1.000000 0.000000
vn 0.000000 1.000000 0.000000
vn 0.000000 1.000000 -0.000000
vn 0.000000 1.000000 0.000000
vn 0.000000 1.000000 0.000000
vn 0.000000 1.000000 -0.000000
vn 0.000000 1.000000 0.000000
vn 0.000000 1.000000 0.000000
vn 0.000000 1.000000 0.000000
vn 0.000000 1.000000 0.000000
vn 0.000000 1.000000 -0.000000
vn 0.000000 1.000000 0.000000
vn 0.000000 1.000000 0.000000
vn 0.000000 1.000000 -0.000000
vn 0.000000 1.000000 0.000000
vn 0.000000 1.000000 0.000000
vn 0.000000 1.000000 0.000000
vn 0.000000 1.000000 -0.000000
vn 0.000000 1.000000 0.000000
vn 0.000000 1.000000 0.000000
vn 0.000000 1.000000 0.000000
vn 0.000000 1.000000 0.000000
vn 0.000000 1.000000 -0.000000
vn 0.000000 1.000000 0.000000
vn 0.000000 1.000000 0.000000
vn 0.000000 1.000000 -0.000000
vn 0.000000 1.000000 0.000000
vn 0.000000 1.000000 0.000000
vn 0.000000 1.000000 0.000000
vn 0.000000 1.000000 -0.000000
vn 0.000000 1.000000 0.000000
vn 0.000000 1.000000 0.000000
vn 0.000000 1.000000 0.000000
vn 0.000000 1.000000 -0.000000
vn 0.000000 1.000000 0.000000
vn 0.000000 1.000000 0.000000
vn 0.000000 1.000000 0.000000
vn 0.000000 1.000000 -0.000000
vn 0.000000 1.000000 0.000000
vn 0.000000 1.000000 0.000000
vn 0.000000 1.000000 0.000000
vn 0.000000 1.000000 -0.000000
vn 0.000000 1.000000 0.000000
vn 0.000000 1.000000 0.000000
vn 0.000000 1.000000 0.000000
vn 0.000000 1.000000 -0.000000
vn 0.000000 1.000000 0.000000
vn 0.000000 1.000000 0.000000
vn 0.000000 1.000000 0.000000
vn 0.000000 1.000000 0.000000
vn 0.000000 1.000000 -0.000000
vn 0.000000 1.000000 0.000000
vn 0.000000 1.000000 0.000000
vn 0.000000 1.000000 0.000000
vn 0.000000 1.000000 -0.000000
vn 0.000000 1.000000 0.000000
vn 0.000000 1.000000 0.000000
vn 0.000000 1.000000 -0.000000
vn 0.000000 1.000000 0.000000
vn 0.000000 1.000000 0.000000
vn 0.000000 1.000000 0.000000
vn 0.000000 1.000000 0.000000
vn 0.000000 1.000000 -0.000000
vn 0.000000 1.000000 0.000000
vn 0.000000 1.000000 0.000000
vn 0.000000 1.000000 -0.000000
vn 0.000000 1.000000 0.000000
vn 0.000000 1.000000 0.000000
vn 0.000000 1.000000 0.000000
vn 0.000000 1.000000 0.000000
vn 0.000000 1.000000 -0.000000
vn 0.000000 1.000000 0.000000
vn 0.000000 1.000000 0.000000
vn 0.000000 1.000000 -0.000000
vn 0.000000 1.000000 0.000000
vn 0.000000 1.000000 0.000000
vn 0.000000 1.000000 0.000000
vn 0.000000 1.000000 0.000000
vn 0.000000 1.000000 -0.000000
vn 0.000000 1.000000 0.000000
vn 0.000000 1.000000 0.000000
vn 0.000000 1.000000 0.000000
vn 0.000000 1.000000 0.000000
vn 0.000000 1.000000 0.000000
vn 0.000000 1.000000 0.000000
vn 0.000000 1.000000 0.000000
vn 0.000000 1.000000 0.000000
vn 0.000000 1.000000 0.000000
vn 0.000000 1.000000 0.000000
vn 0.000000 1.000000 0.000000
vn 0.000000 1.000000 0.000000
vn 0.000000 1.000000 0.000000
vn 0.000000 1.000000 0.000000
vn 0.000000 1.000000 0.000000
vn 0.000000 1.000000 0.000000
vn 0.000000 1.000000 0.000000
vn 0.000000 1.000000 0.000000
vn 0.000000 1.000000 0.000000
vn 0.000000 1.000000 0.000000
vn 0.000000 1.000000 0.000000
vn 0.000000 1.000000 0.000000
vn 0.000000 1.000000 0.000000
vn 0.000000 1.000000 0.000000
vn 0.000000 1.000000 0.000000
vn 0.000000 1.000000 0.000000
vn 0.000000 1.000000 0.000000
vn 0.000000 1.000000 0.000000
vn 0.000000 1.000000 0.000000
vn 0.000000 1.000000 0.000000
vn 0.000000 1.000000 0.000000
vn 0.000000 1.000000 0.000000
vn 0.000000 1.000000 0.000000
vn 0.000000 1.000000 0.000000
vn 0.000000 1.000000 0.000000
vn 0.000000 1.000000 0.000000
vn 0.000000 1.000000 0.000000
vn 0.000000 1.000000 0.000000
vn 0.000000 1.000000 0.000000
vn 0.000000 1.000000 0.000000
vn 0.000000 1.000000 0.000000
vn 0.000000 1.000000 -0.000000
vn 0.000000 1.000000 0.000000
vn 0.000000 1.000000 0.000000
vn 0.000000 1.000000 0.000000
vn 0.000000 1.000000 0.000000
vn 0.000000 1.000000 0.000000
vn 0.000000 1.000000 0.000000
vn 0.000000 1.000000 0.000000
vn 0.000000 1.000000 0.000000
vn 0.000000 1.000000 0.000000
vn 0.000000 1.000000 0.000000
vn 0.000000 1.000000 0.000000
vn 0.000000 1.000000 0.000000
vn 0.000000 1.000000 0.000000
vn 0.000000 1.000000 0.000000
vn 0.000000 1.000000 0.000000
vn 0.000000 1.000000 0.000000
vn 0.000000 1.000000 0.000000
vn 0.000000 1.000000 0.000000
vn 0.000000 1.000000 0.000000
vn 0.000000 1.000000 0.000000
vn 0.000000 1.000000 0.000000
vn 0.000000 1.000000 0.000000
vn 0.000000 1.000000 0.000000
vn 0.000000 1.000000 0.000000
vn 0.000000 1.000000 0.000000
vn 0.000000 1.000000 0.000000
vn 0.000000 1.000000 0.000000
vn 0.000000 1.000000 0.000000
vn 0.000000 1.000000 0.000000
vn 0.000000 1.000000 0.000000
vn 0.000000 1.000000 0.000000
vn 0.000000 1.000000 0.000000
vn 0.000000 1.000000 0.000000
vn 0.000000 1.000000 0.000000
vn 0.000000 1.000000 0.000000
vn 0.000000 1.000000 0.000000
vn 0.000000 1.000000 0.000000
vn 0.000000 1.000000 0.000000
vn 0.000000 1.000000 0.000000
vn 0.000000 1.000000 0.000000
vn 0.000000 1.000000 0.000000
vn 0.000000 1.000000 0.000000
vn 0.000000 1.000000 0.000000
vn 0.000000 1.000000 0.000000
vn 0.000000 1.000000 0.000000
vn 0.000000 1.000000 0.000000
vn 0.000000 1.000000 0.000000
vn 0.000000 1.000000 0.000000
vn 0.000000 1.000000 0.000000
vn 0.000000 1.000000 0.000000
vn 0.000000 1.000000 0.000000
vn 0.000000 1.000000 0.000000
vn 0.000000 1.000000 0.000000
vn 0.000000 1.000000 0.000000
vn 0.000000 1.000000 0.000000
vn 0.000000 1.000000 -0.000000
vn 0.000000 1.000000 0.000000
vn 0.000000 1.000000 0.000000
vn 0.000000 1.000000 0.000000
vn 0.000000 1.000000 -0.000000
vn 0.000000 1.000000 0.000000
vn 0.000000 1.000000 0.000000
vn 0.000000 1.000000 -0.000000
vn 0.000000 1.000000 0.000000
vn 0.000000 1.000000 0.000000
vn 0.000000 1.000000 0.000000
vn 0.000000 1.000000 -0.000000
vn 0.000000 1.000000 0.000000
vn 0.000000 1.000000 0.000000
vn 0.000000 1.000000 0.000000
vn 0.000000 1.000000 -0.000000
vn 0.000000 1.000000 0.000000
vn 0.000000 1.000000 0.000000
vn 0.000000 1.000000 0.000000
vn 0.000000 1.000000 -0.000000
vn 0.000000 1.000000 0.000000
vn 0.000000 1.000000 0.000000
vn 0.000000 1.000000 0.000000
vn 0.000000 1.000000 -0.000000
vn 0.000000 1.000000 0.000000
vn 0.000000 1.000000 0.000000
vn 0.000000 1.000000 0.000000
vn 0.000000 1.000000 -0.000000
vn 0.000000 1.000000 0.000000
vn 0.000000 1.000000 0.000000
vn 0.000000 1.000000 0.000000
vn 0.000000 1.000000 -0.000000
vn 0.000000 1.000000 0.000000
vn 0.000000 1.000000 -0.000000
vn 0.000000 1.000000 0.000000
vn 0.000000 1.000000 -0.000000
vn 0.000000 1.000000 0.000000
vn 0.000000 1.000000 -0.000000
vn 0.000000 1.000000 0.000000
vn 0.000000 1.000000 -0.000000
vn 0.000000 1.000000 0.000000
vn 0.000000 1.000000 -0.000000
vn 0.000000 1.000000 -0.000000
vn 0.000000 1.000000 0.000000
vn 0.000000 1.000000 0.000000
vn 0.000000 1.000000 -0.000000
vn 0.000000 1.000000 0.000000
vn 0.000000 1.000000 -0.000000
vn 0.000000 1.000000 0.000000
vn 0.000000 1.000000 0.000000
vn 0.000000 1.000000 -0.000000
vn 0.000000 1.000000 0.000000
vn 0.000000 1.000000 -0.000000
vn 0.000000 1.000000 0.000000
vn 0.000000 1.000000 -0.000000
vn 0.000000 1.000000 0.000000
vn 0.000000 1.000000 -0.000000
vn 0.000000 1.000000 0.000000
vn 0.000000 1.000000 -0.000000
vn 0.000000 1.000000 0.000000
vn 0.000000 1.000000 -0.000000
vn 0.000000 1.000000 0.000000
vn 0.000000 1.000000 -0.000000
vn 0.000000 1.000000 0.000000
vn 0.000000 1.000000 -0.000000
vn 0.000000 1.000000 0.000000
vn 0.000000 1.000000 -0.000000
vn 0.000000 1.000000 0.000000
vn 0.000000 1.000000 0.000000
vn 0.000000 1.000000 0.000000
vn 0.000000 1.000000 0.000000
vn 0.000000 1.000000 -0.000000
vn 0.000000 1.000000 0.000000
vn 0.000000 1.000000 0.000000
vn 0.000000 1.000000 0.000000
vn 0.000000 1.000000 0.000000
vn 0.000000 1.000000 0.000000
vn 0.000000 1.000000 0.000000
vn 0.000000 1.000000 0.000000
vn 0.000000 1.000000 0.000000
vn 0.000000 1.000000 0.000000
vn 0.000000 1.000000 0.000000
vn 0.000000 1.000000 0.000000
vn 0.000000 1.000000 0.000000
vn 0.000000 1.000000 0.000000
vn 0.000000 1.000000 0.000000
vn 0.000000 1.000000 0.000000
vn 0.000000 1.000000 0.000000
vn 0.000000 1.000000 0.000000
vn 0.000000 1.000000 0.000000
vn 0.000000 1.000000 0.000000
vn 0.000000 1.000000 0.000000
vn 0.000000 1.000000 0.000000
vn 0.000000 1.000000 0.000000
vn 0.000000 1.000000 0.000000
vn 0.000000 1.000000 0.000000
vn 0.000000 1.000000 0.000000
vn 0.000000 1.000000 0.000000
vn 0.000000 1.000000 0.000000
vn 0.000000 1.000000 0.000000
vn 0.000000 1.000000 0.000000
vn 0.000000 1.000000 0.000000
vn 0.000000 1.000000 0.000000
vn 0.000000 1.000000 0.000000
vn 0.000000 1.000000 0.000000
vn 0.000000 1.000000 0.000000
vn 0.000000 1.000000 0.000000
vn 0.000000 1.000000 0.000000
vn 0.000000 1.000000 0.000000
vn 0.000000 1.000000 0.000000
vn 0.000000 1.000000 0.000000
vn 0.000000 1.000000 0.000000
vn 0.000000 1.000000 0.000000
vn 0.000000 1.000000 0.000000
vn 0.000000 1.000000 0.000000
vn 0.000000 1.000000 0.000000
vn 0.000000 1.000000 0.000000
vn 0.000000 1.000000 0.000000
vn 0.000000 1.000000 0.000000
vn 0.000000 1.000000 0.000000
vn 0.000000 1.000000 0.000000
vn 0.000000 1.000000 0.000000
vn 0.000000 1.000000 0.000000
vn 0.000000 1.000000 0.000000
vn 0.000000 1.000000 0.000000
vn 0.000000 1.000000 0.000000
vn 0.000000 1.000000 0.000000
vn 0.000000 1.000000 0.000000
vn 0.000000 1.000000 0.000000
vn 0.000000 1.000000 0.000000
vn 0.000000 1.000000 0.000000
vn 0.000000 1.000000 0.000000
vn 0.000000 1.000000 0.000000
vn 0.000000 1.000000 0.000000
vn 0.000000 1.000000 0.000000
vn 0.000000 1.000000 0.000000
vn 0.000000 1.000000 0.000000
vn 0.000000 1.000000 0.000000
vn 0.000000 1.000000 0.000000
vn 0.000000 1.000000 0.000000
vn 1.000000 -0.000000 0.000000
vn 1.000000 0.000000 -0.000000
vn 1.000000 0.000000 0.000000
vn 1.000000 0.000000 0.000000
vn 0.500000 -0.866025 0.000000
vn 0.500001 -0.866025 0.000000
vn 0.500000 -0.866025 0.000000
vn 0.500000 -0.866025 0.000000
vn -0.866028 -0.499996 0.000006
vn -0.866025 -0.500001 -0.000001
vn -0.866027 -0.499997 0.000003
vn -0.866028 -0.499995 0.000005
vn -0.866025 -0.500001 -0.000002
vn -0.866025 -0.500000 -0.000001
vn -0.866021 -0.500008 -0.000011
vn -0.866026 -0.500000 0.000000
vn -0.866023 -0.500004 -0.000004
vn -0.866025 -0.500001 -0.000000
vn -0.866026 -0.500000 0.000000
vn -0.866023 -0.500004 -0.000004
vn -0.866025 -0.500000 0.000000
vn -0.866031 -0.499990 0.000014
vn -0.866027 -0.499996 0.000003
vn -0.866025 -0.500001 -0.000001
vn -0.866026 -0.500000 0.000000
vn -0.866021 -0.500008 -0.000011
vn -0.866027 -0.499998 0.000002
vn -0.866024 -0.500002 -0.000002
vn -0.866024 -0.500002 -0.000004
vn -0.866025 -0.500001 -0.000003
vn -0.866029 -0.499994 0.000004
vn -0.866029 -0.499994 0.000004
vn -0.866027 -0.499997 0.000005
vn -0.866025 -0.500000 0.000000
vn -0.866025 -0.500001 -0.000001
vn -0.866023 -0.500004 -0.000003
vn -0.866028 -0.499995 0.000009
vn -0.866025 -0.500001 -0.000001
vn -0.866027 -0.499996 0.000003
vn -0.866018 -0.500013 -0.000009
vn -0.866020 -0.500010 -0.000018
vn -0.866028 -0.499996 0.000007
vn -0.866032 -0.499988 0.000009
vn -0.866026 -0.499999 0.000000
vn -0.866023 -0.500004 -0.000007
vn -0.866031 -0.499991 0.000017
vn -0.866021 -0.500008 -0.000005
vn -0.866022 -0.500006 -0.000003
vn -0.866021 -0.500008 -0.000016
vn -0.866025 -0.500000 -0.000001
vn -0.866030 -0.499993 0.000005
vn -0.866022 -0.500006 -0.000004
vn -0.866025 -0.500000 0.000001
vn -0.866028 -0.499995 0.000012
vn -0.866025 -0.500000 0.000000
vn -0.866029 -0.499994 0.000004
vn -0.866025 -0.500001 -0.000002
vn -0.866025 -0.500000 0.000002
vn -0.866030 -0.499992 0.000004
vn -0.866021 -0.500008 -0.000005
vn -0.866026 -0.499999 0.000002
vn -0.866026 -0.499999 0.000003
vn -0.866029 -0.499994 0.000003
vn -0.866018 -0.500013 -0.000007
vn -0.866025 -0.500001 -0.000004
vn -0.866023 -0.500003 -0.000009
vn -0.866026 -0.499999 0.000001
vn -0.866027 -0.499998 0.000001
vn -0.866026 -0.499999 0.000003
vn -0.866026 -0.499999 0.000004
vn -0.866026 -0.500000 0.000001
vn -0.866023 -0.500004 -0.000001
vn -0.866027 -0.499998 0.000007
vn -0.866025 -0.500001 -0.000003
vn -0.866032 -0.499989 0.000005
vn -0.866024 -0.500003 -0.000001
vn -0.866028 -0.499996 0.000014
vn -0.866024 -0.500003 -0.000009
vn -0.866019 -0.500012 -0.000004
vn -0.866025 -0.500001 0.000000
vn -0.866026 -0.499998 0.000007
vn -0.866024 -0.500003 -0.000011
vn -0.866025 -0.500000 -0.000000
vn -0.866029 -0.499995 0.000002
vn -0.866024 -0.500002 -0.000009
vn -0.866025 -0.500000 -0.000002
vn -0.866027 -0.499998 0.000001
vn -0.866023 -0.500004 -0.000001
vn -0.866025 -0.500000 0.000000
vn -0.866026 -0.499999 0.000007
vn -0.866026 -0.500000 -0.000000
vn -0.866031 -0.499989 0.000003
vn -0.866025 -0.500000 0.000000
vn -0.866025 -0.500001 -0.000005
vn -0.866026 -0.499998 0.000001
vn -0.866021 -0.500007 -0.000001
vn -0.866026 -0.499999 0.000009
vn -0.866026 -0.499999 0.000008
vn -0.866022 -0.500006 -0.000001
vn -0.866025 -0.500000 0.000000
vn -0.866025 -0.500000 -0.000004
vn -0.866025 -0.500000 -0.000003
vn -0.866028 -0.499995 0.000001
vn -0.866027 -0.499996 0.000000
vn -0.866026 -0.499999 0.000004
vn -0.866025 -0.500001 -0.000005
vn -0.866028 -0.499995 0.000001
vn -0.866024 -0.500002 -0.000000
vn -0.866025 -0.500001 -0.000011
vn -0.866026 -0.499999 0.000006
vn -0.866024 -0.500002 -0.000000
vn -0.866023 -0.500005 -0.000001
vn -0.866026 -0.499999 0.000012
vn -0.866025 -0.500001 -0.000003
vn -0.866023 -0.500004 -0.000000
vn -0.866024 -0.500003 -0.000000
vn -0.866025 -0.500000 -0.000001
vn -0.866026 -0.500000 0.000005
vn -0.866028 -0.499995 -0.000000
vn -0.866031 -0.499990 -0.000000
vn -0.866025 -0.500000 -0.000004
vn -0.866025 -0.500000 -0.000010
vn -0.866022 -0.500006 -0.000000
vn -0.866028 -0.499995 -0.000000
vn -0.866021 -0.500008 -0.000000
vn -0.866025 -0.500000 0.000009
vn -0.866022 -0.500006 0.000000
vn -0.866026 -0.499999 0.000000
vn -0.866025 -0.500000 0.000002
vn -0.866020 -0.500010 0.000001
vn -0.866024 -0.500002 0.000000
vn -0.866025 -0.500001 -0.000013
vn -0.866034 -0.499985 -0.000002
vn -0.866026 -0.499999 -0.000001
vn -0.866026 -0.500000 0.000003
vn -0.866028 -0.499995 -0.000001
vn -0.866025 -0.500002 -0.000000
vn -0.866026 -0.499999 0.000008
vn -0.866026 -0.499999 -0.000000
vn -0.866027 -0.499998 -0.000000
vn -0.866026 -0.500000 0.000002
vn -0.866026 -0.500000 0.000000
vn -0.866022 -0.500006 0.000001
vn -0.866023 -0.500004 -0.000019
vn -0.866020 -0.500010 0.000002
vn -0.866026 -0.500000 0.000000
vn -0.866028 -0.499995 0.000022
vn -0.866029 -0.499994 -0.000002
vn -0.866026 -0.499999 -0.000000
vn -0.866023 -0.500005 -0.000017
vn -0.866022 -0.500005 0.000002
vn -0.866025 -0.500000 0.000000
vn -0.866027 -0.499997 0.000011
vn -0.866030 -0.499993 -0.000003
vn -0.866025 -0.500001 0.000000
vn -0.866023 -0.500004 -0.000012
vn -0.866022 -0.500006 0.000002
vn -0.866024 -0.500003 0.000001
vn -0.866028 -0.499995 0.000012
vn -0.866030 -0.499992 -0.000003
vn -0.866026 -0.499998 -0.000001
vn -0.866026 -0.500000 0.000000
vn -0.866022 -0.500005 -0.000013
vn -0.866020 -0.500009 0.000004
vn -0.866025 -0.500001 0.000000
vn -0.866021 -0.500008 0.000010
vn -0.866032 -0.499988 -0.000006
vn -0.866029 -0.499994 -0.000003
vn -0.866031 -0.499991 -0.000012
vn -0.866023 -0.500005 0.000002
vn -0.866026 -0.499999 -0.000001
vn -0.866019 -0.500011 0.000015
vn -0.866026 -0.499999 -0.000001
vn -0.866021 -0.500008 0.000004
vn -0.866025 -0.500000 -0.000001
vn -0.866029 -0.499994 -0.000004
vn -0.866022 -0.500006 0.000003
vn -0.866026 -0.500000 -0.000001
vn -0.866023 -0.500004 0.000003
vn -0.866022 -0.500006 0.000004
vn -0.866026 -0.499999 -0.000003
vn -0.866025 -0.500001 0.000000
vn -0.866031 -0.499990 -0.000007
vn -0.866030 -0.499993 -0.000013
vn -0.866028 -0.499996 -0.000003
vn -0.866019 -0.500011 0.000007
vn -0.866025 -0.500000 0.000001
vn -0.866028 -0.499996 -0.000002
vn -0.866024 -0.500003 0.000002
vn -0.866025 -0.500001 0.000003
vn -0.866029 -0.499993 -0.000006
vn -0.866027 -0.499997 -0.000003
vn -0.866022 -0.500006 0.000012
vn -0.866021 -0.500008 0.000007
vn -0.866025 -0.500001 0.000001
vn -0.866026 -0.499998 -0.000005
vn -0.866029 -0.499995 -0.000005
vn -0.866027 -0.499998 -0.000002
vn -0.866026 -0.499998 -0.000005
vn -0.866027 -0.499997 -0.000003
vn -0.866023 -0.500004 0.000004
vn -0.866026 -0.499999 -0.000003
vn -0.866029 -0.499994 -0.000006
vn -0.866022 -0.500005 0.000005
vn -0.866024 -0.500002 0.000007
vn -0.866025 -0.500001 0.000002
vn -0.866022 -0.500006 0.000007
vn -0.866025 -0.500001 0.000004
vn -0.866025 -0.500001 0.000001
vn -0.866027 -0.499997 -0.000011
vn -0.866025 -0.500001 0.000001
vn -0.866027 -0.499997 -0.000004
vn -0.866023 -0.500003 0.000013
vn -0.866029 -0.499994 -0.000007
vn -0.866029 -0.499994 -0.000007
vn -0.866026 -0.499998 -0.000007
vn -0.866026 -0.499999 -0.000003
vn -0.866024 -0.500003 0.000003
vn -0.866022 -0.500007 0.000008
vn -0.866025 -0.500001 0.000005
vn -0.866026 -0.499998 -0.000008
vn -0.866026 -0.500000 -0.000000
vn -0.866023 -0.500003 0.000005
vn -0.866026 -0.499999 -0.000004
vn -0.866028 -0.499995 -0.000006
vn -0.866026 -0.499999 -0.000001
vn -0.866026 -0.500000 -0.000001
vn -0.866025 -0.500001 0.000012
vn -0.866028 -0.499996 -0.000006
vn -0.866025 -0.500001 0.000001
vn -0.866025 -0.500002 0.000012
vn -0.866026 -0.499999 -0.000011
vn -0.866021 -0.500007 0.000011
vn -0.866025 -0.500001 0.000002
vn -0.866025 -0.500000 0.000003
vn -0.866025 -0.500000 0.000000
vn -0.866027 -0.499998 -0.000003
vn -0.866026 -0.499999 -0.000013
vn -0.866024 -0.500002 0.000025
vn -0.866027 -0.499997 -0.000006
vn -0.866025 -0.500001 0.000003
vn -0.866025 -0.500000 0.000003
vn -0.866026 -0.499998 -0.000035
vn -0.866025 -0.500000 0.000002
vn -0.866026 -0.499999 -0.000001
vn -0.866025 -0.500001 0.000019
vn -0.866026 -0.499999 -0.000023
vn -0.866024 -0.500003 0.000006
vn -0.866025 -0.500000 0.000000
vn -0.866025 -0.500001 0.000001
vn -0.866025 -0.500001 0.000001
vn -0.866025 -0.500001 0.000001
vn -0.866028 -0.499996 -0.000009
vn -0.866026 -0.499999 -0.000003
vn -0.866022 -0.500006 0.000014
vn -0.866026 -0.499999 -0.000002
vn -0.866029 -0.499993 -0.000017
vn -0.866024 -0.500002 0.000004
vn -0.866023 -0.500003 0.000007
vn -0.866026 -0.499998 -0.000007
vn -0.866026 -0.499999 -0.000003
vn -0.866025 -0.500001 0.000004
vn -0.866026 -0.499999 -0.000005
vn -0.866026 -0.499999 -0.000001
vn -0.866025 -0.500000 0.000001
vn -0.866025 -0.500000 0.000000
vn -0.866024 -0.500002 0.000009
vn -0.866025 -0.500001 0.000005
vn -0.866025 -0.500000 -0.000000
vn -0.866026 -0.499999 -0.000006
vn -0.866025 -0.500000 -0.000000
vn -0.866026 -0.500000 -0.000005
vn -0.866026 -0.499999 -0.000008
vn -0.866025 -0.500001 0.000006
vn -0.866025 -0.500000 0.000002
vn -0.866026 -0.500000 -0.000007
vn -0.866025 -0.500001 0.000008
vn -0.866025 -0.500000 -0.000001
vn -0.866026 -0.500000 -0.000004
vn -0.866026 -0.500000 0.000002
vn -0.866026 -0.500000 0.000002
vn -0.866026 -0.500000 0.000007
vn -0.866026 -0.500000 0.000002
vn -0.866026 -0.500000 -0.000004
vn -0.866026 -0.500000 0.000003
vn -0.866028 -0.499996 -0.000014
vn -0.866024 -0.500002 0.000003
vn -0.866022 -0.500006 0.000016
vn -0.866025 -0.500000 -0.000001
vn -0.866025 -0.500000 0.000008
vn -0.866026 -0.500000 -0.000002
vn -0.866026 -0.500000 -0.000001
vn -0.866026 -0.499999 -0.000004
vn -0.866025 -0.500001 0.000005
vn -0.866026 -0.499999 -0.000006
vn -0.866026 -0.500000 0.000000
vn -0.866024 -0.500002 0.000008
vn -0.866027 -0.499998 -0.000007
vn -0.866026 -0.499998 0.000001
vn -0.866022 -0.500006 -0.000009
vn -0.866029 -0.499994 0.000007
vn -0.866021 -0.500007 -0.000011
vn -0.866029 -0.499993 0.000012
vn -0.866022 -0.500006 -0.000010
vn -0.866026 -0.500000 0.000001
vn -0.866027 -0.499998 0.000003
vn -0.866022 -0.500005 -0.000010
vn -0.866027 -0.499997 0.000007
vn -0.866024 -0.500002 -0.000004
vn -0.866027 -0.499998 0.000004
vn -0.866027 -0.499997 0.000007
vn -0.866026 -0.500000 0.000000
vn -0.866024 -0.500002 -0.000007
vn -0.866025 -0.500000 -0.000001
vn -0.866024 -0.500003 -0.000008
vn -0.866027 -0.499997 0.000012
vn -0.866026 -0.499999 0.000003
vn -0.866024 -0.500003 -0.000014
vn -0.866025 -0.500001 -0.000005
vn -0.866026 -0.500000 0.000002
vn -0.866026 -0.499999 0.000007
vn -0.866025 -0.500001 -0.000010
vn -0.866026 -0.499999 0.000008
vn -0.866026 -0.500000 0.000003
vn -0.866026 -0.499999 0.000014
vn -0.866024 -0.500002 -0.000026
vn -0.866026 -0.499999 0.000012
vn -0.866025 -0.500001 -0.000013
vn -0.866025 -0.500000 0.000003
vn -0.866025 -0.500001 -0.000014
vn -0.866026 -0.499999 0.000015
vn -0.866026 -0.500000 0.000000
vn -0.866026 -0.500000 0.000012
vn -0.866025 -0.500000 0.000173
vn -0.866025 -0.500000 0.000117
vn -0.866025 -0.500000 -0.000177
vn -0.866025 -0.500000 0.000051
vn -0.866025 -0.500000 0.000040
vn -0.866025 -0.500000 0.000000
vn -0.866025 -0.500000 0.000014
vn -0.866025 -0.500001 -0.000074
vn -0.866026 -0.500000 0.000011
vn -0.866025 -0.500000 -0.000005
vn -0.866026 -0.499999 0.000050
vn -0.866025 -0.500001 -0.000038
vn -0.866025 -0.500000 0.000254
vn -0.866025 -0.500000 -0.000180
vn -0.866025 -0.500000 -0.000012
vn -0.866025 -0.500000 0.000034
vn -0.866025 -0.500000 -0.000027
vn -0.866025 -0.500000 0.000047
vn -0.866025 -0.500000 0.000009
vn -0.866026 -0.500000 -0.000031
vn -0.866025 -0.500000 -0.000014
vn -0.866025 -0.500000 0.000012
vn -0.866026 -0.499999 -0.000031
vn -0.866024 -0.500002 0.000060
vn -0.500000 0.866025 0.000000
vn -0.500000 0.866025 0.000000
vn -0.500000 0.866025 0.000000
vn -0.500000 0.866025 -0.000000
vn 0.500000 0.866025 0.000000
vn 0.500000 0.866025 -0.000000
vn 1.000000 0.000000 0.000000
vn 1.000000 -0.000000 0.000000
vn 0.500000 -0.866025 0.000000
vn 0.500000 -0.866025 0.000000
vn 0.500000 -0.866025 0.000000
vn 0.500000 -0.866025 0.000000
vn -0.353554 -0.612373 -0.707107
vn -0.353553 -0.612373 -0.707107
vn -0.353553 0.612373 -0.707107
vn -0.353553 0.612372 -0.707107
vn 0.612373 0.353553 -0.707107
vn 0.612372 0.353553 -0.707107
vn 0.353553 0.612373 -0.707107
vn 0.353553 0.612372 -0.707107
vn 0.353553 -0.612373 -0.707107
vn 0.353554 -0.612373 -0.707107
vn -0.612373 0.353553 -0.707107
vn -0.612372 0.353553 -0.707107
vn 0.707107 0.000000 -0.707107
vn 0.707107 0.000000 -0.707107
vn -0.353553 -0.612373 -0.707107
vn -0.353554 -0.612373 -0.707107
vn 0.353553 0.612372 -0.707107
vn 0.353553 0.612373 -0.707107
vn -0.707107 -0.000000 -0.707107
vn -0.707107 -0.000000 -0.707107
vn -0.353553 0.612372 -0.707107
vn -0.353553 0.612373 -0.707107
vn 0.612373 0.353553 -0.707107
vn 0.612373 0.353553 -0.707107
vn 0.353554 -0.612373 -0.707107
vn 0.353553 -0.612373 -0.707107
vn 0.707107 0.000000 -0.707107
vn 0.707107 0.000000 -0.707107
vn -0.000000 -0.707107 -0.707107
vn 0.000000 -0.707107 -0.707107
vn -0.707107 -0.000000 -0.707107
vn -0.707107 0.000000 -0.707107
vn -0.707107 -0.000000 -0.707107
vn -0.707107 -0.000000 -0.707107
vn -0.000000 -0.707107 -0.707107
vn 0.000000 -0.707107 -0.707107
vn -0.353553 -0.612372 -0.707107
vn -0.353553 -0.612372 -0.707107
vn 0.707107 0.000000 -0.707107
vn 0.707107 0.000000 -0.707107
vn 0.353553 -0.612373 -0.707107
vn 0.353553 -0.612372 -0.707107
vn 0.006771 -0.011727 0.999908
vn 0.006771 -0.011727 0.999908
vn 0.020305 -0.035169 0.999175
vn 0.020305 -0.035169 0.999175
vn 0.033829 -0.058593 0.997709
vn 0.033829 -0.058593 0.997709
vn 0.047324 -0.081968 0.995511
vn 0.047324 -0.081968 0.995511
vn 0.060784 -0.105281 0.992583
vn 0.060784 -0.105281 0.992583
vn 0.074205 -0.128527 0.988926
vn 0.074205 -0.128527 0.988926
vn 0.087562 -0.151663 0.984546
vn 0.100863 -0.174699 0.979442
vn 0.087562 -0.151663 0.984546
vn 0.100863 -0.174699 0.979442
vn 0.114091 -0.197612 0.973619
vn 0.114091 -0.197612 0.973618
vn 0.127228 -0.220365 0.967085
vn 0.127228 -0.220365 0.967085
vn 0.140274 -0.242962 0.959840
vn 0.153219 -0.265383 0.951891
vn 0.140275 -0.242963 0.959840
vn 0.153219 -0.265383 0.951891
vn 0.166052 -0.287610 0.943243
vn 0.178764 -0.309629 0.933902
vn 0.166052 -0.287611 0.943243
vn 0.178764 -0.309629 0.933902
vn 0.191342 -0.331415 0.923879
vn 0.203780 -0.352958 0.913178
vn 0.191342 -0.331415 0.923879
vn 0.203780 -0.352957 0.913179
vn 0.216071 -0.374246 0.901806
vn 0.216071 -0.374246 0.901805
vn 0.228197 -0.395249 0.889778
vn 0.240167 -0.415981 0.877086
vn 0.228197 -0.395249 0.889778
vn 0.240167 -0.415981 0.877086
vn 0.251951 -0.436393 0.863760
vn 0.251951 -0.436393 0.863760
vn 0.263555 -0.456490 0.849797
vn 0.263555 -0.456490 0.849797
vn 0.274964 -0.476252 0.835212
vn 0.274964 -0.476252 0.835212
vn 0.286172 -0.495665 0.820013
vn 0.286172 -0.495665 0.820013
vn 0.297167 -0.514709 0.804218
vn 0.297167 -0.514709 0.804218
vn 0.307951 -0.533387 0.787822
vn 0.307952 -0.533388 0.787822
vn 0.318502 -0.551662 0.770860
vn 0.318502 -0.551662 0.770860
vn 0.328823 -0.569538 0.753327
vn 0.328823 -0.569539 0.753327
vn 0.338903 -0.586998 0.735240
vn 0.338903 -0.586997 0.735241
vn 0.348735 -0.604026 0.716615
vn 0.348735 -0.604027 0.716614
vn 0.358309 -0.620610 0.697465
vn 0.367618 -0.636732 0.677812
vn 0.358309 -0.620609 0.697466
vn 0.367618 -0.636733 0.677811
vn 0.376666 -0.652405 0.657640
vn 0.376666 -0.652405 0.657640
vn 0.385429 -0.667583 0.637007
vn 0.385429 -0.667582 0.637008
vn 0.393910 -0.682272 0.615906
vn 0.393910 -0.682273 0.615905
vn 0.402108 -0.696471 0.594338
vn 0.410007 -0.710153 0.572343
vn 0.402107 -0.696470 0.594339
vn 0.417608 -0.723318 0.549923
vn 0.410008 -0.710154 0.572342
vn 0.417608 -0.723318 0.549923
vn 0.424899 -0.735947 0.527108
vn 0.424899 -0.735946 0.527109
vn 0.431877 -0.748034 0.503912
vn 0.431877 -0.748034 0.503912
vn 0.438545 -0.759583 0.480324
vn 0.438546 -0.759584 0.480323
vn 0.444885 -0.770564 0.456408
vn 0.444885 -0.770564 0.456408
vn 0.450905 -0.780991 0.432131
vn 0.450905 -0.780990 0.432133
vn 0.456588 -0.790833 0.407567
vn 0.456588 -0.790834 0.407566
vn 0.461940 -0.800104 0.382682
vn 0.466953 -0.808786 0.357521
vn 0.461940 -0.800103 0.382683
vn 0.466953 -0.808786 0.357519
vn 0.471621 -0.816872 0.332106
vn 0.471621 -0.816871 0.332108
vn 0.475945 -0.824362 0.306437
vn 0.475945 -0.824361 0.306439
vn 0.479920 -0.831245 0.280551
vn 0.479920 -0.831245 0.280549
vn 0.483542 -0.837519 0.254457
vn 0.483542 -0.837519 0.254459
vn 0.486810 -0.843179 0.228179
vn 0.486810 -0.843179 0.228179
vn 0.489721 -0.848221 0.201728
vn 0.489721 -0.848221 0.201728
vn 0.492273 -0.852642 0.175125
vn 0.492273 -0.852642 0.175126
vn 0.494463 -0.856435 0.148409
vn 0.494463 -0.856435 0.148407
vn 0.496292 -0.859603 0.121565
vn 0.496292 -0.859603 0.121564
vn 0.497755 -0.862137 0.094651
vn 0.497755 -0.862138 0.094649
vn 0.498854 -0.864041 0.067655
vn 0.498854 -0.864041 0.067656
vn 0.499587 -0.865311 0.040611
vn 0.499588 -0.865311 0.040614
vn 0.499954 -0.865946 0.013539
vn 0.499954 -0.865946 0.013540
vn 0.000000 0.000000 1.000000
vn 0.000000 0.000000 1.000000
vn -0.499954 0.865946 0.013539
vn -0.499954 0.865946 0.013538
vn -0.499587 0.865311 0.040614
vn -0.499588 0.865311 0.040613
vn -0.498854 0.864041 0.067656
vn -0.498854 0.864041 0.067656
vn -0.497755 0.862138 0.094648
vn -0.497755 0.862138 0.094649
vn -0.496291 0.859601 0.121577
vn -0.494464 0.856437 0.148395
vn -0.496291 0.859601 0.121576
vn -0.494464 0.856437 0.148396
vn -0.492272 0.852640 0.175138
vn -0.489722 0.848223 0.201716
vn -0.492272 0.852640 0.175137
vn -0.489722 0.848223 0.201716
vn -0.486810 0.843179 0.228178
vn -0.486810 0.843179 0.228179
vn -0.483542 0.837519 0.254457
vn -0.479920 0.831245 0.280551
vn -0.483542 0.837519 0.254457
vn -0.479920 0.831245 0.280552
vn -0.475945 0.824361 0.306439
vn -0.475945 0.824361 0.306438
vn -0.471621 0.816871 0.332108
vn -0.471621 0.816871 0.332107
vn -0.466953 0.808786 0.357519
vn -0.461938 0.800100 0.382692
vn -0.466953 0.808786 0.357519
vn -0.461938 0.800100 0.382693
vn -0.456590 0.790837 0.407555
vn -0.450903 0.780986 0.432143
vn -0.456590 0.790838 0.407555
vn -0.450903 0.780986 0.432143
vn -0.444888 0.770568 0.456399
vn -0.444888 0.770568 0.456398
vn -0.438543 0.759579 0.480334
vn -0.438543 0.759579 0.480333
vn -0.431881 0.748039 0.503902
vn -0.424899 0.735946 0.527109
vn -0.431880 0.748039 0.503902
vn -0.424899 0.735946 0.527109
vn -0.417608 0.723318 0.549923
vn -0.417607 0.723317 0.549924
vn -0.410005 0.710150 0.572349
vn -0.410005 0.710150 0.572349
vn -0.402107 0.696470 0.594339
vn -0.402107 0.696470 0.594339
vn -0.393913 0.682277 0.615898
vn -0.393913 0.682277 0.615898
vn -0.385429 0.667583 0.637007
vn -0.385429 0.667582 0.637007
vn -0.376663 0.652399 0.657647
vn -0.376663 0.652399 0.657647
vn -0.367621 0.636738 0.677805
vn -0.358309 0.620609 0.697466
vn -0.367621 0.636739 0.677804
vn -0.358309 0.620609 0.697467
vn -0.348735 0.604027 0.716614
vn -0.348735 0.604027 0.716614
vn -0.338900 0.586992 0.735247
vn -0.328826 0.569544 0.753321
vn -0.338900 0.586992 0.735247
vn -0.328827 0.569544 0.753321
vn -0.318502 0.551662 0.770860
vn -0.318502 0.551661 0.770861
vn -0.307951 0.533387 0.787823
vn -0.307951 0.533387 0.787823
vn -0.297168 0.514710 0.804217
vn -0.286172 0.495665 0.820013
vn -0.297168 0.514710 0.804217
vn -0.286172 0.495665 0.820013
vn -0.274964 0.476251 0.835212
vn -0.274964 0.476251 0.835212
vn -0.263552 0.456486 0.849801
vn -0.263552 0.456486 0.849800
vn -0.251954 0.436397 0.863757
vn -0.240164 0.415977 0.877088
vn -0.251954 0.436397 0.863757
vn -0.240164 0.415977 0.877089
vn -0.228199 0.395253 0.889775
vn -0.228200 0.395253 0.889775
vn -0.216071 0.374246 0.901805
vn -0.216071 0.374246 0.901806
vn -0.203780 0.352957 0.913179
vn -0.191342 0.331415 0.923879
vn -0.203780 0.352957 0.913178
vn -0.178762 0.309626 0.933904
vn -0.191342 0.331415 0.923879
vn -0.178762 0.309626 0.933904
vn -0.166054 0.287613 0.943242
vn -0.166054 0.287614 0.943242
vn -0.153219 0.265383 0.951891
vn -0.153219 0.265383 0.951891
vn -0.140275 0.242963 0.959840
vn -0.140275 0.242963 0.959840
vn -0.127228 0.220365 0.967085
vn -0.127227 0.220364 0.967085
vn -0.114090 0.197609 0.973619
vn -0.114090 0.197609 0.973619
vn -0.100864 0.174701 0.979442
vn -0.100864 0.174701 0.979442
vn -0.087562 0.151663 0.984546
vn -0.087562 0.151663 0.984546
vn -0.074205 0.128527 0.988926
vn -0.074205 0.128527 0.988926
vn -0.060784 0.105281 0.992583
vn -0.060784 0.105281 0.992583
vn -0.047324 0.081968 0.995511
vn -0.047324 0.081968 0.995511
vn -0.033829 0.058593 0.997709
vn -0.033829 0.058593 0.997709
vn -0.020305 0.035169 0.999175
vn -0.020305 0.035169 0.999175
vn -0.006771 0.011727 0.999908
vn -0.006771 0.011727 0.999908
vn -0.499953 0.865944 -0.013696
vn -0.499953 0.865944 -0.013725
vn -0.499577 0.865294 -0.041102
vn -0.499577 0.865291 -0.041154
vn -0.498827 0.863995 -0.068438
vn -0.498825 0.863989 -0.068531
vn -0.497702 0.862048 -0.095743
vn -0.497698 0.862036 -0.095870
vn -0.496203 0.859453 -0.122972
vn -0.496195 0.859431 -0.123165
vn -0.494332 0.856213 -0.150117
vn -0.494320 0.856183 -0.150330
vn -0.492090 0.852330 -0.177148
vn -0.489479 0.847809 -0.204035
vn -0.492072 0.852288 -0.177398
vn -0.486499 0.842647 -0.230793
vn -0.489452 0.847750 -0.204345
vn -0.483158 0.836862 -0.257334
vn -0.486467 0.842579 -0.231107
vn -0.479450 0.830440 -0.283720
vn -0.483115 0.836771 -0.257709
vn -0.479396 0.830329 -0.284134
vn -0.475381 0.823393 -0.309898
vn -0.475322 0.823273 -0.310307
vn -0.470959 0.815736 -0.335815
vn -0.470884 0.815584 -0.336290
vn -0.466184 0.807465 -0.361486
vn -0.466094 0.807286 -0.362002
vn -0.461058 0.798586 -0.386893
vn -0.460956 0.798386 -0.387427
vn -0.455582 0.789103 -0.412022
vn -0.455466 0.788878 -0.412579
vn -0.449770 0.779038 -0.436814
vn -0.449638 0.778782 -0.437406
vn -0.443616 0.768378 -0.461302
vn -0.443469 0.768096 -0.461913
vn -0.437130 0.757146 -0.485436
vn -0.436964 0.756828 -0.486080
vn -0.430319 0.745350 -0.509195
vn -0.430133 0.744997 -0.509867
vn -0.423182 0.732989 -0.532582
vn -0.422976 0.732600 -0.533281
vn -0.415726 0.720075 -0.555574
vn -0.415503 0.719656 -0.556285
vn -0.407963 0.706630 -0.578135
vn -0.407717 0.706167 -0.578874
vn -0.399889 0.692645 -0.600277
vn -0.399627 0.692156 -0.601014
vn -0.391515 0.678143 -0.621962
vn -0.391230 0.677611 -0.622721
vn -0.382850 0.663136 -0.643176
vn -0.382541 0.662560 -0.643954
vn -0.373898 0.647631 -0.663908
vn -0.364664 0.631637 -0.684145
vn -0.373563 0.647008 -0.664704
vn -0.364306 0.630974 -0.684947
vn -0.355156 0.615170 -0.703869
vn -0.345376 0.598232 -0.723073
vn -0.354771 0.614459 -0.704683
vn -0.335349 0.580866 -0.741711
vn -0.344977 0.597494 -0.723872
vn -0.325060 0.563044 -0.759814
vn -0.334917 0.580068 -0.742531
vn -0.314530 0.544806 -0.777340
vn -0.324602 0.562201 -0.760633
vn -0.303767 0.526166 -0.794276
vn -0.314052 0.543928 -0.778147
vn -0.292769 0.507118 -0.810628
vn -0.303254 0.525225 -0.795095
vn -0.292238 0.506145 -0.811427
vn -0.281560 0.487704 -0.826359
vn -0.280998 0.486675 -0.827156
vn -0.270132 0.467910 -0.841480
vn -0.269540 0.466828 -0.842270
vn -0.258508 0.447777 -0.855961
vn -0.257893 0.446654 -0.856733
vn -0.246687 0.427303 -0.869803
vn -0.246044 0.426131 -0.870560
vn -0.234674 0.406498 -0.882999
vn -0.234009 0.405284 -0.883734
vn -0.222493 0.385400 -0.895524
vn -0.221799 0.384135 -0.896240
vn -0.210147 0.364018 -0.907375
vn -0.209421 0.362695 -0.908073
vn -0.197640 0.342355 -0.918549
vn -0.196888 0.340987 -0.919219
vn -0.184982 0.320431 -0.929035
vn -0.184205 0.319018 -0.929675
vn -0.172185 0.298266 -0.938824
vn -0.171383 0.296810 -0.939431
vn -0.159263 0.275886 -0.947904
vn -0.158431 0.274375 -0.948482
vn -0.146219 0.253294 -0.956275
vn -0.145365 0.251744 -0.956814
vn -0.133068 0.230516 -0.963927
vn -0.119813 0.207558 -0.970858
vn -0.132183 0.228910 -0.964431
vn -0.118903 0.205909 -0.971320
vn -0.106467 0.184443 -0.977060
vn -0.093046 0.161198 -0.982526
vn -0.105541 0.182765 -0.977475
vn -0.079554 0.137830 -0.987256
vn -0.092087 0.159460 -0.982900
vn -0.065999 0.114353 -0.991245
vn -0.078574 0.136054 -0.987581
vn -0.052401 0.090801 -0.994489
vn -0.064999 0.112542 -0.991519
vn -0.038755 0.067165 -0.996989
vn -0.051369 0.088932 -0.994712
vn -0.025086 0.043491 -0.998739
vn -0.037714 0.065282 -0.997154
vn -0.011399 0.019786 -0.999739
vn -0.024014 0.041551 -0.998848
vn 0.002304 -0.003948 -0.999990
vn -0.010307 0.017810 -0.999788
vn 0.015997 -0.027663 -0.999489
vn 0.003411 -0.005951 -0.999976
vn 0.029683 -0.051369 -0.998239
vn 0.017129 -0.029712 -0.999412
vn 0.030823 -0.053432 -0.998096
vn 0.043346 -0.075032 -0.996239
vn 0.044507 -0.077133 -0.996027
vn 0.056975 -0.098637 -0.993491
vn 0.058156 -0.100775 -0.993208
vn 0.070556 -0.122161 -0.989999
vn 0.071751 -0.124323 -0.989644
vn 0.084097 -0.145613 -0.985761
vn 0.085302 -0.147795 -0.985332
vn 0.097564 -0.168938 -0.980786
vn 0.098787 -0.171152 -0.980280
vn 0.110965 -0.192149 -0.975072
vn 0.112193 -0.194373 -0.974490
vn 0.124279 -0.215209 -0.968628
vn 0.125524 -0.217463 -0.967964
vn 0.137497 -0.238102 -0.961458
vn 0.150616 -0.260824 -0.953565
vn 0.138746 -0.240366 -0.960715
vn 0.151876 -0.263108 -0.952737
vn 0.163622 -0.283352 -0.944955
vn 0.176503 -0.305661 -0.935638
vn 0.164883 -0.285636 -0.944047
vn 0.189252 -0.327741 -0.925618
vn 0.177776 -0.307969 -0.934640
vn 0.201863 -0.349585 -0.914900
vn 0.190527 -0.330056 -0.924534
vn 0.214318 -0.371156 -0.903500
vn 0.203132 -0.351887 -0.913736
vn 0.226609 -0.392443 -0.891424
vn 0.215594 -0.373473 -0.902240
vn 0.238739 -0.413454 -0.878669
vn 0.227892 -0.394776 -0.890066
vn 0.250683 -0.434141 -0.865263
vn 0.240013 -0.415769 -0.877228
vn 0.262436 -0.454497 -0.851211
vn 0.251950 -0.436447 -0.863733
vn 0.274001 -0.474527 -0.836509
vn 0.263705 -0.456806 -0.849581
vn 0.285359 -0.494200 -0.821180
vn 0.275262 -0.476826 -0.834786
vn 0.296496 -0.513489 -0.805245
vn 0.286606 -0.496473 -0.819373
vn 0.307417 -0.532403 -0.788697
vn 0.297737 -0.515754 -0.803337
vn 0.318106 -0.550916 -0.771557
vn 0.308646 -0.534649 -0.786694
vn 0.328551 -0.569008 -0.753846
vn 0.319323 -0.553143 -0.769458
vn 0.338757 -0.586684 -0.735558
vn 0.329756 -0.571215 -0.751648
vn 0.348701 -0.603906 -0.716732
vn 0.339935 -0.588845 -0.733284
vn 0.358392 -0.620691 -0.697351
vn 0.349870 -0.606054 -0.714346
vn 0.359540 -0.622803 -0.694873
vn 0.367811 -0.637005 -0.677451
vn 0.376944 -0.652823 -0.657066
vn 0.368936 -0.639078 -0.674882
vn 0.378051 -0.654867 -0.654390
vn 0.385808 -0.668176 -0.636155
vn 0.394379 -0.683021 -0.614774
vn 0.386885 -0.670169 -0.633398
vn 0.402648 -0.697342 -0.592950
vn 0.395424 -0.684960 -0.611939
vn 0.410621 -0.711151 -0.570661
vn 0.403676 -0.699253 -0.589993
vn 0.418282 -0.724420 -0.547955
vn 0.411612 -0.712999 -0.567634
vn 0.425630 -0.737147 -0.524837
vn 0.419243 -0.726218 -0.544833
vn 0.432662 -0.749326 -0.501313
vn 0.426561 -0.738892 -0.521617
vn 0.439363 -0.760932 -0.477432
vn 0.433554 -0.751005 -0.498018
vn 0.445743 -0.771981 -0.453165
vn 0.440218 -0.762549 -0.474054
vn 0.451780 -0.782438 -0.428586
vn 0.446561 -0.773535 -0.449697
vn 0.457479 -0.792308 -0.403684
vn 0.452557 -0.783921 -0.425042
vn 0.458221 -0.793732 -0.400029
vn 0.462840 -0.801593 -0.378454
vn 0.463530 -0.802927 -0.374763
vn 0.467849 -0.810268 -0.352963
vn 0.468500 -0.811537 -0.349163
vn 0.472507 -0.818335 -0.327207
vn 0.473111 -0.819524 -0.323337
vn 0.476813 -0.825793 -0.301191
vn 0.477368 -0.826899 -0.297250
vn 0.480762 -0.832632 -0.274939
vn 0.481266 -0.833649 -0.270947
vn 0.484346 -0.838839 -0.248511
vn 0.484801 -0.839774 -0.244433
vn 0.487567 -0.844417 -0.221900
vn 0.487970 -0.845263 -0.217751
vn 0.490426 -0.849368 -0.195081
vn 0.492913 -0.853676 -0.168151
vn 0.490776 -0.850123 -0.190867
vn 0.495032 -0.857345 -0.141082
vn 0.493207 -0.854335 -0.163888
vn 0.496778 -0.860369 -0.113912
vn 0.495269 -0.857908 -0.136758
vn 0.498152 -0.862748 -0.086657
vn 0.496958 -0.860833 -0.109543
vn 0.498274 -0.863114 -0.082204
vn 0.499152 -0.864481 -0.059327
vn 0.499214 -0.864741 -0.054852
vn 0.499778 -0.865564 -0.031947
vn 0.499778 -0.865719 -0.027429
vn 0.500028 -0.865997 -0.004579
vn 0.499966 -0.866045 0.000000
vn 0.499904 -0.865780 0.022829
vn 0.499777 -0.865719 0.027429
vn 0.499403 -0.864913 0.050215
vn 0.499213 -0.864742 0.054852
vn 0.498529 -0.863398 0.077548
vn 0.498273 -0.863114 0.082204
vn 0.497280 -0.861234 0.104829
vn 0.496956 -0.860834 0.109543
vn 0.495658 -0.858424 0.132029
vn 0.495267 -0.857909 0.136758
vn 0.493663 -0.854968 0.159144
vn 0.493204 -0.854336 0.163888
vn 0.491298 -0.850872 0.186126
vn 0.490772 -0.850125 0.190867
vn 0.488564 -0.846135 0.212979
vn 0.487966 -0.845265 0.217751
vn 0.485466 -0.840770 0.239643
vn 0.484797 -0.839777 0.244433
vn 0.481999 -0.834764 0.266169
vn 0.481261 -0.833652 0.270947
vn 0.478175 -0.828139 0.292462
vn 0.477363 -0.826902 0.297250
vn 0.473989 -0.820888 0.318554
vn 0.473105 -0.819527 0.323337
vn 0.469446 -0.813020 0.344412
vn 0.464556 -0.804549 0.369984
vn 0.468494 -0.811541 0.349162
vn 0.463523 -0.802932 0.374761
vn 0.459312 -0.795466 0.395305
vn 0.453724 -0.785787 0.420325
vn 0.458213 -0.793735 0.400033
vn 0.447800 -0.775525 0.445012
vn 0.452550 -0.783926 0.425039
vn 0.441538 -0.764678 0.469374
vn 0.446553 -0.773539 0.449697
vn 0.434939 -0.753249 0.493402
vn 0.440209 -0.762553 0.474056
vn 0.428019 -0.741263 0.517039
vn 0.433546 -0.751013 0.498013
vn 0.420776 -0.728716 0.540297
vn 0.426551 -0.738898 0.521617
vn 0.419233 -0.726222 0.544836
vn 0.413222 -0.715632 0.563132
vn 0.411602 -0.713005 0.567634
vn 0.405352 -0.702001 0.585564
vn 0.403666 -0.699261 0.589990
vn 0.397178 -0.687843 0.607554
vn 0.395413 -0.684966 0.611940
vn 0.388709 -0.673174 0.629080
vn 0.386872 -0.670174 0.633401
vn 0.379941 -0.657986 0.650153
vn 0.378040 -0.654876 0.654387
vn 0.370903 -0.642331 0.670702
vn 0.368921 -0.639083 0.674885
vn 0.361570 -0.626166 0.690785
vn 0.359525 -0.622808 0.694875
vn 0.351977 -0.609549 0.710326
vn 0.349856 -0.606062 0.714346
vn 0.342112 -0.592463 0.729347
vn 0.339923 -0.588859 0.733279
vn 0.331997 -0.574942 0.747810
vn 0.329740 -0.571221 0.751651
vn 0.321629 -0.556984 0.765717
vn 0.319307 -0.553152 0.769458
vn 0.311020 -0.538608 0.783051
vn 0.308630 -0.534658 0.786694
vn 0.300179 -0.519830 0.799794
vn 0.297719 -0.515760 0.803340
vn 0.289107 -0.500653 0.815943
vn 0.277827 -0.481114 0.831470
vn 0.286591 -0.496486 0.819370
vn 0.266335 -0.461209 0.846376
vn 0.275243 -0.476832 0.834789
vn 0.254642 -0.440956 0.860648
vn 0.263689 -0.456820 0.849578
vn 0.242758 -0.420372 0.874275
vn 0.251934 -0.436461 0.863731
vn 0.230689 -0.399467 0.887248
vn 0.239994 -0.415780 0.877228
vn 0.218456 -0.378278 0.899546
vn 0.227869 -0.394779 0.890071
vn 0.206048 -0.356787 0.911179
vn 0.215574 -0.373484 0.902240
vn 0.193492 -0.335039 0.922122
vn 0.203114 -0.351903 0.913733
vn 0.180789 -0.313037 0.932375
vn 0.190507 -0.330068 0.924534
vn 0.167951 -0.290800 0.941928
vn 0.177752 -0.307976 0.934641
vn 0.154988 -0.268347 0.950773
vn 0.164866 -0.285658 0.944044
vn 0.151854 -0.263121 0.952737
vn 0.141904 -0.245684 0.958907
vn 0.138724 -0.240379 0.960715
vn 0.128719 -0.222846 0.966318
vn 0.125495 -0.217467 0.967966
vn 0.115432 -0.199833 0.973007
vn 0.112173 -0.194391 0.974489
vn 0.102066 -0.176681 0.978962
vn 0.098760 -0.171161 0.980281
vn 0.088615 -0.153383 0.984185
vn 0.085278 -0.147809 0.985332
vn 0.075102 -0.129978 0.988669
vn 0.071729 -0.124342 0.989643
vn 0.061533 -0.106475 0.992409
vn 0.058128 -0.100785 0.993209
vn 0.047918 -0.082892 0.995406
vn 0.034266 -0.059246 0.997655
vn 0.044481 -0.077148 0.996027
vn 0.020589 -0.035556 0.999156
vn 0.030803 -0.053457 0.998095
vn 0.006894 -0.011836 0.999906
vn 0.017099 -0.029723 0.999412
vn 0.003384 -0.005967 0.999976
vn -0.006725 0.011752 0.999908
vn -0.010336 0.017793 0.999788
vn -0.020261 0.035200 0.999175
vn -0.033778 0.058617 0.997709
vn -0.024047 0.041538 0.998847
vn -0.047276 0.081998 0.995511
vn -0.037741 0.065253 0.997155
vn -0.060735 0.105313 0.992583
vn -0.051405 0.088917 0.994712
vn -0.074149 0.128550 0.988927
vn -0.065032 0.112516 0.991520
vn -0.087512 0.151698 0.984545
vn -0.078613 0.136037 0.987580
vn -0.100809 0.174731 0.979442
vn -0.092125 0.159438 0.982900
vn -0.114032 0.197636 0.973621
vn -0.105578 0.182737 0.977477
vn -0.127174 0.220401 0.967083
vn -0.118947 0.205891 0.971319
vn -0.140217 0.242993 0.959840
vn -0.132227 0.228891 0.964430
vn -0.153166 0.265423 0.951888
vn -0.145403 0.251711 0.956818
vn -0.165992 0.287640 0.943244
vn -0.158477 0.274354 0.948480
vn -0.178705 0.309661 0.933903
vn -0.171428 0.296785 0.939431
vn -0.191284 0.331448 0.923879
vn -0.184250 0.318992 0.929675
vn -0.196932 0.340957 0.919221
vn -0.203723 0.352995 0.913176
vn -0.209469 0.362672 0.908070
vn -0.216011 0.374279 0.901806
vn -0.221844 0.384104 0.896242
vn -0.228138 0.395285 0.889777
vn -0.234058 0.405260 0.883731
vn -0.240105 0.416011 0.877089
vn -0.246090 0.426099 0.870563
vn -0.251896 0.436435 0.863755
vn -0.257941 0.446626 0.856733
vn -0.263492 0.456520 0.849801
vn -0.269593 0.466808 0.842265
vn -0.274906 0.476288 0.835211
vn -0.281045 0.486644 0.827159
vn -0.286111 0.495696 0.820016
vn -0.292287 0.506116 0.811427
vn -0.297112 0.514749 0.804213
vn -0.307891 0.533418 0.787825
vn -0.303303 0.525197 0.795095
vn -0.318442 0.551692 0.770863
vn -0.314101 0.543900 0.778147
vn -0.328770 0.569580 0.753319
vn -0.324652 0.562176 0.760631
vn -0.338842 0.587024 0.735248
vn -0.334965 0.580041 0.742531
vn -0.348681 0.604062 0.716611
vn -0.345024 0.597464 0.723875
vn -0.358252 0.620640 0.697468
vn -0.354818 0.614432 0.704683
vn -0.367565 0.636767 0.677808
vn -0.364354 0.630950 0.684944
vn -0.376610 0.652433 0.657645
vn -0.373608 0.646979 0.664707
vn -0.385375 0.667610 0.637011
vn -0.382588 0.662535 0.643951
vn -0.393861 0.682307 0.615898
vn -0.391273 0.677581 0.622727
vn -0.402056 0.696498 0.594341
vn -0.399671 0.692131 0.601014
vn -0.409959 0.710183 0.572341
vn -0.407761 0.706144 0.578871
vn -0.417556 0.723337 0.549937
vn -0.415545 0.719630 0.556287
vn -0.424857 0.735980 0.527096
vn -0.423018 0.732577 0.533278
vn -0.431834 0.748061 0.503909
vn -0.430173 0.744974 0.509867
vn -0.438501 0.759606 0.480328
vn -0.437002 0.756806 0.486080
vn -0.443506 0.768075 0.461913
vn -0.444846 0.770592 0.456399
vn -0.449673 0.778760 0.437409
vn -0.450861 0.781006 0.432151
vn -0.455501 0.788858 0.412580
vn -0.456554 0.790861 0.407550
vn -0.460989 0.798368 0.387425
vn -0.461904 0.800123 0.382685
vn -0.466918 0.808803 0.357526
vn -0.466125 0.807268 0.362002
vn -0.471589 0.816890 0.332105
vn -0.470913 0.815567 0.336290
vn -0.475917 0.824380 0.306432
vn -0.475350 0.823257 0.310307
vn -0.479890 0.831258 0.280564
vn -0.479422 0.830315 0.284135
vn -0.483517 0.837532 0.254462
vn -0.483139 0.836758 0.257709
vn -0.486788 0.843193 0.228172
vn -0.486490 0.842566 0.231107
vn -0.489702 0.848235 0.201716
vn -0.489472 0.847738 0.204345
vn -0.492254 0.852649 0.175142
vn -0.492090 0.852278 0.177398
vn -0.494450 0.856446 0.148394
vn -0.494335 0.856174 0.150330
vn -0.496279 0.859608 0.121575
vn -0.496208 0.859423 0.123165
vn -0.497747 0.862144 0.094640
vn -0.497709 0.862030 0.095870
vn -0.498848 0.864044 0.067659
vn -0.498834 0.863984 0.068531
vn -0.499584 0.865313 0.040610
vn -0.499583 0.865288 0.041154
vn -0.499956 0.865942 0.013725
vn -0.499954 0.865946 0.013552
vn 0.866026 0.499999 0.000001
vn 0.866026 0.499999 0.000001
vn 0.866025 0.500000 0.000000
vn 0.866023 0.500004 -0.000003
vn 0.866028 0.499996 0.000003
vn 0.866026 0.499999 0.000001
vn 0.866023 0.500004 -0.000002
vn 0.866025 0.500001 -0.000001
vn 0.866027 0.499997 0.000002
vn 0.866027 0.499997 0.000003
vn 0.866022 0.500007 -0.000004
vn 0.866024 0.500001 -0.000001
vn 0.866027 0.499997 0.000001
vn 0.866024 0.500002 -0.000001
vn 0.866027 0.499998 0.000001
vn 0.866028 0.499995 0.000004
vn 0.866025 0.500000 0.000000
vn 0.866026 0.499998 0.000001
vn 0.866024 0.500002 -0.000002
vn 0.866026 0.499999 -0.000003
vn 0.866024 0.500002 -0.000002
vn 0.866026 0.499998 -0.000003
vn 0.866025 0.500001 -0.000001
vn 0.866022 0.500005 0.000010
vn 0.866026 0.499999 0.000001
vn 0.866026 0.500000 -0.000001
vn 0.866026 0.500000 0.000001
vn 0.866028 0.499996 -0.000010
vn 0.866028 0.499996 0.000004
vn 0.866026 0.500000 -0.000001
vn 0.866023 0.500004 -0.000004
vn 0.866026 0.500000 -0.000001
vn 0.866027 0.499997 0.000003
vn 0.866024 0.500002 0.000004
vn 0.866024 0.500002 -0.000002
vn 0.866025 0.500001 0.000001
vn 0.866027 0.499997 0.000004
vn 0.866023 0.500004 0.000009
vn 0.866025 0.500001 -0.000001
vn 0.866028 0.499996 -0.000012
vn 0.866027 0.499998 0.000002
vn 0.866025 0.500001 0.000002
vn 0.866022 0.500006 -0.000007
vn 0.866024 0.500002 0.000005
vn 0.866027 0.499998 0.000003
vn 0.866024 0.500002 0.000007
vn 0.866024 0.500002 -0.000003
vn 0.866026 0.499999 -0.000009
vn 0.866028 0.499996 0.000006
vn 0.866025 0.500000 0.000001
vn 0.866025 0.500000 0.000000
vn 0.866025 0.500001 0.000003
vn 0.866026 0.499999 0.000001
vn 0.866026 0.499999 -0.000008
vn 0.866022 0.500006 -0.000008
vn 0.866025 0.500000 -0.000001
vn 0.866027 0.499997 0.000005
vn 0.866025 0.500000 0.000004
vn 0.866025 0.500000 0.000004
vn 0.866025 0.500000 -0.000004
vn 0.866026 0.500000 -0.000005
vn 0.866026 0.500000 0.000001
vn 0.866025 0.500000 0.000000
vn 0.866025 0.500001 0.000008
vn 0.866025 0.500000 0.000002
vn 0.866025 0.500000 -0.000003
vn 0.866025 0.500000 -0.000001
vn 0.866025 0.500000 0.000002
vn 0.866025 0.500000 0.000000
vn 0.866025 0.500001 0.000009
vn 0.866025 0.500000 0.000000
vn 0.866026 0.499999 -0.000007
vn 0.866026 0.500000 0.000000
vn 0.866026 0.499999 -0.000004
vn 0.866026 0.499999 -0.000001
vn 0.866026 0.499999 -0.000004
vn 0.866026 0.499999 -0.000005
vn 0.866025 0.500001 0.000003
vn 0.866024 0.500002 0.000011
vn 0.866025 0.500000 0.000000
vn 0.866028 0.499995 -0.000006
vn 0.866022 0.500006 0.000011
vn 0.866031 0.499991 -0.000013
vn 0.866024 0.500003 0.000003
vn 0.866022 0.500006 0.000008
vn 0.866029 0.499994 -0.000007
vn 0.866025 0.500001 0.000002
vn 0.866028 0.499995 -0.000005
vn 0.866024 0.500003 0.000005
vn 0.866025 0.500001 0.000001
vn 0.866028 0.499996 -0.000004
vn 0.866025 0.500000 0.000000
vn 0.866026 0.499998 -0.000007
vn 0.866024 0.500002 0.000002
vn 0.866025 0.500000 -0.000001
vn 0.866025 0.500000 -0.000001
vn 0.866023 0.500004 0.000004
vn 0.866024 0.500002 0.000007
vn 0.866026 0.499999 -0.000003
vn 0.866026 0.499999 -0.000001
vn 0.866026 0.499999 -0.000001
vn 0.866025 0.500000 0.000001
vn 0.866024 0.500002 0.000002
vn 0.866026 0.500000 0.000000
vn 0.866025 0.500000 0.000001
vn 0.866029 0.499994 -0.000006
vn 0.866025 0.500001 0.000002
vn 0.866024 0.500003 0.000006
vn 0.866025 0.500001 0.000001
vn 0.866026 0.499998 -0.000004
vn 0.866025 0.500000 0.000001
vn 0.866025 0.500000 0.000000
vn 0.866027 0.499998 -0.000005
vn 0.866024 0.500002 0.000004
vn 0.866024 0.500002 0.000002
vn 0.866025 0.500001 0.000002
vn 0.866027 0.499998 -0.000004
vn 0.866026 0.499998 -0.000001
vn 0.866025 0.500001 0.000001
vn 0.866026 0.499999 -0.000002
vn 0.866025 0.500001 0.000001
vn 0.866026 0.499999 -0.000002
vn 0.866025 0.500002 0.000002
vn 0.866025 0.500001 0.000001
vn 0.866026 0.499999 -0.000002
vn 0.866023 0.500003 0.000005
vn 0.866026 0.499998 -0.000001
vn 0.866026 0.499998 -0.000002
vn 0.866026 0.499999 -0.000001
vn 0.866026 0.499999 -0.000000
vn 0.866023 0.500004 0.000006
vn 0.866027 0.499998 -0.000003
vn 0.866027 0.499997 -0.000002
vn 0.866026 0.499998 -0.000003
vn 0.866027 0.499998 -0.000003
vn 0.866021 0.500007 0.000005
vn 0.866023 0.500004 0.000005
vn 0.866024 0.500003 0.000003
vn 0.866024 0.500002 0.000002
vn 0.866027 0.499997 -0.000004
vn 0.866026 0.499999 -0.000001
vn 0.866030 0.499992 -0.000006
vn 0.866026 0.500000 -0.000000
vn 0.866026 0.499999 -0.000001
vn 0.866026 0.500000 -0.000000
vn 0.866026 0.499999 -0.000001
vn 0.866023 0.500005 0.000003
vn 0.866026 0.500000 -0.000001
vn 0.866025 0.500001 0.000001
vn 0.866025 0.500001 0.000001
vn 0.866025 0.500001 0.000001
vn 0.866023 0.500004 0.000004
vn 0.866026 0.500000 -0.000000
vn 0.866028 0.499995 -0.000003
vn 0.866026 0.499999 -0.000001
vn 0.866024 0.500002 0.000002
vn 0.866028 0.499996 -0.000003
vn 0.866020 0.500009 0.000005
vn 0.866025 0.500001 0.000001
vn 0.866027 0.499997 -0.000002
vn 0.866027 0.499997 -0.000002
vn 0.866025 0.500000 -0.000000
vn 0.866027 0.499997 -0.000003
vn 0.866026 0.499999 -0.000001
vn 0.866024 0.500002 0.000001
vn 0.866024 0.500002 0.000002
vn 0.866024 0.500002 0.000001
vn 0.866026 0.499999 -0.000001
vn 0.866028 0.499995 -0.000004
vn 0.866026 0.499999 -0.000001
vn 0.866024 0.500003 0.000002
vn 0.866024 0.500002 0.000002
vn 0.866024 0.500002 0.000001
vn 0.866027 0.499997 -0.000002
vn 0.866024 0.500002 0.000001
vn 0.866024 0.500003 0.000002
vn 0.866026 0.499999 -0.000001
vn 0.866027 0.499997 -0.000002
vn 0.866026 0.499999 -0.000000
vn 0.866024 0.500002 0.000001
vn 0.866028 0.499995 -0.000003
vn 0.866028 0.499996 -0.000002
vn 0.866023 0.500005 0.000002
vn 0.866026 0.499999 -0.000001
vn 0.866027 0.499997 -0.000001
vn 0.866023 0.500005 0.000002
vn 0.866024 0.500003 0.000001
vn 0.866026 0.499999 -0.000000
vn 0.866028 0.499996 -0.000001
vn 0.866025 0.500000 -0.000000
vn 0.866025 0.500001 0.000000
vn 0.866025 0.500001 0.000001
vn 0.866027 0.499997 -0.000001
vn 0.866027 0.499998 -0.000001
vn 0.866023 0.500004 0.000001
vn 0.866022 0.500007 0.000002
vn 0.866027 0.499997 -0.000001
vn 0.866027 0.499998 -0.000001
vn 0.866027 0.499998 -0.000001
vn 0.866024 0.500003 0.000000
vn 0.866025 0.500001 -0.000000
vn 0.866028 0.499995 -0.000001
vn 0.866025 0.500000 -0.000000
vn 0.866025 0.500000 -0.000000
vn 0.866023 0.500004 0.000001
vn 0.866026 0.499999 0.000000
vn 0.866026 0.499999 0.000000
vn 0.866022 0.500006 0.000001
vn 0.866027 0.499997 -0.000000
vn 0.866027 0.499997 -0.000000
vn 0.866023 0.500004 0.000000
vn 0.866028 0.499996 0.000005
vn 0.866027 0.499998 0.000004
vn 0.866021 0.500007 -0.000015
vn 0.866028 0.499995 0.000010
vn 0.866024 0.500003 -0.000006
vn 0.866028 0.499996 0.000011
vn 0.866023 0.500004 -0.000011
vn 0.866027 0.499998 0.000003
vn 0.866024 0.500002 -0.000005
vn 0.866025 0.500000 -0.000001
vn 0.866025 0.500000 0.000000
vn 0.866026 0.499999 0.000004
vn 0.866024 0.500001 -0.000005
vn 0.866027 0.499997 0.000011
vn 0.866025 0.500001 -0.000005
vn 0.866025 0.500000 -0.000001
vn 0.866025 0.500001 -0.000004
vn 0.866026 0.499999 0.000008
vn 0.866025 0.500000 -0.000001
vn 0.866026 0.500000 0.000004
vn 0.866026 0.500000 0.000000
vn 0.866025 0.500000 0.000000
vn 0.866027 0.499997 0.000000
vn 0.866028 0.499996 0.000000
vn 0.866027 0.499998 0.000000
vn 0.866021 0.500008 -0.000000
vn 0.866025 0.500000 -0.000004
vn 0.866026 0.500000 -0.000002
vn 0.866025 0.500000 -0.000000
vn 0.866031 0.499990 0.000001
vn 0.866026 0.500000 0.000001
vn 0.866025 0.500000 -0.000002
vn 0.866026 0.500000 0.000000
vn 0.866023 0.500004 -0.000000
vn 0.866025 0.500000 -0.000008
vn 0.866026 0.500000 -0.000000
vn 0.866024 0.500002 -0.000000
vn 0.866021 0.500007 -0.000001
vn 0.866026 0.500000 0.000004
vn 0.866026 0.500000 0.000004
vn 0.866025 0.500000 -0.000000
vn 0.866029 0.499994 0.000001
vn 0.866025 0.500000 0.000002
vn 0.866025 0.500000 0.000002
vn 0.866025 0.500001 -0.000000
vn 0.866024 0.500003 -0.000000
vn 0.866026 0.499999 0.000006
vn 0.866025 0.500001 -0.000004
vn 0.866027 0.499998 0.000000
vn 0.866028 0.499995 0.000001
vn 0.866024 0.500002 -0.000010
vn 0.866026 0.499999 0.000004
vn 0.866024 0.500003 -0.000000
vn 0.866023 0.500004 -0.000001
vn 0.866026 0.499999 0.000004
vn 0.866025 0.500001 -0.000007
vn 0.866027 0.499998 0.000001
vn 0.866024 0.500002 -0.000001
vn 0.866026 0.499999 0.000004
vn 0.866025 0.500000 -0.000003
vn 0.866025 0.500000 -0.000000
vn 0.866028 0.499996 0.000001
vn 0.866025 0.500000 0.000000
vn 0.866025 0.500000 0.000000
vn 0.866026 0.499998 0.000001
vn 0.866024 0.500002 -0.000001
vn 0.866025 0.500000 0.000001
vn 0.866026 0.500000 0.000002
vn 0.866025 0.500000 -0.000000
vn 0.866023 0.500004 -0.000002
vn 0.866026 0.499999 0.000004
vn 0.866025 0.500001 -0.000003
vn 0.866023 0.500005 -0.000002
vn 0.866026 0.499998 0.000001
vn 0.866025 0.500001 -0.000003
vn 0.866026 0.500000 0.000001
vn 0.866024 0.500002 -0.000001
vn 0.866026 0.499999 0.000000
vn 0.866027 0.499997 0.000006
vn 0.866025 0.500001 -0.000004
vn 0.866029 0.499993 0.000003
vn 0.866026 0.499999 0.000000
vn 0.866024 0.500002 -0.000006
vn 0.866027 0.499997 0.000008
vn 0.866025 0.500002 -0.000001
vn 0.866026 0.499998 0.000001
vn 0.866026 0.499998 0.000004
vn 0.866025 0.500001 -0.000004
vn 0.866025 0.500000 -0.000000
vn 0.866026 0.500000 0.000000
vn 0.866026 0.499999 0.000002
vn 0.866024 0.500003 -0.000005
vn 0.866024 0.500002 -0.000001
vn 0.866024 0.500002 -0.000001
vn 0.866027 0.499996 0.000008
vn 0.866025 0.500001 -0.000002
vn 0.866027 0.499998 0.000001
vn 0.866027 0.499998 0.000001
vn 0.866025 0.500001 -0.000002
vn 0.866026 0.499999 0.000002
vn 0.866024 0.500002 -0.000001
vn 0.866025 0.500001 -0.000000
vn 0.866025 0.500001 -0.000002
vn 0.866026 0.500000 0.000000
vn 0.866027 0.499998 0.000001
vn 0.866025 0.500001 -0.000001
vn 0.866025 0.500000 -0.000000
vn 0.866025 0.500000 0.000000
vn 0.866025 0.500001 -0.000001
vn 0.866026 0.499998 0.000001
vn 0.866024 0.500003 -0.000005
vn 0.866027 0.499998 0.000002
vn 0.866027 0.499996 0.000003
vn 0.866027 0.499997 0.000005
vn 0.866022 0.500005 -0.000008
vn 0.866026 0.500000 -0.000000
vn 0.866026 0.500000 0.000000
vn 0.866025 0.500001 -0.000001
vn 0.866027 0.499998 0.000004
vn 0.866024 0.500003 -0.000003
vn 0.866027 0.499998 0.000003
vn 0.866025 0.500002 -0.000002
vn 0.866027 0.499997 0.000004
vn 0.866027 0.499997 0.000003
vn 0.866022 0.500006 -0.000006
vn 0.866027 0.499998 0.000003
vn 0.866025 0.500001 -0.000001
vn 0.866023 0.500004 -0.000005
vn 0.866024 0.500002 -0.000002
vn 0.866026 0.500000 0.000000
vn 0.866025 0.500001 -0.000001
vn 0.866027 0.499997 0.000003
vn 0.866029 0.499994 0.000007
vn 0.866024 0.500002 -0.000002
vn 0.866023 0.500004 -0.000004
vn 0.866025 0.500001 -0.000001
vn 0.866026 0.499999 0.000001
vn 0.866026 0.500000 0.000000
vn -0.866026 0.499999 0.000001
vn -0.866026 0.499999 0.000001
vn -0.866025 0.500001 0.000000
vn -0.866023 0.500004 -0.000003
vn -0.866028 0.499995 0.000003
vn -0.866026 0.499999 0.000001
vn -0.866023 0.500004 -0.000002
vn -0.866025 0.500001 -0.000001
vn -0.866027 0.499997 0.000002
vn -0.866027 0.499997 0.000003
vn -0.866021 0.500007 -0.000004
vn -0.866024 0.500001 -0.000001
vn -0.866027 0.499997 0.000002
vn -0.866024 0.500002 -0.000001
vn -0.866027 0.499998 0.000001
vn -0.866028 0.499995 0.000004
vn -0.866025 0.500000 0.000000
vn -0.866026 0.499998 0.000001
vn -0.866024 0.500002 -0.000002
vn -0.866026 0.499999 -0.000004
vn -0.866024 0.500002 -0.000002
vn -0.866027 0.499998 -0.000004
vn -0.866025 0.500001 -0.000001
vn -0.866022 0.500006 0.000010
vn -0.866026 0.499999 0.000001
vn -0.866025 0.500001 -0.000002
vn -0.866026 0.500000 0.000001
vn -0.866027 0.499997 -0.000009
vn -0.866028 0.499996 0.000004
vn -0.866026 0.499999 -0.000002
vn -0.866023 0.500004 -0.000004
vn -0.866026 0.500000 0.000000
vn -0.866027 0.499997 0.000003
vn -0.866025 0.500001 0.000003
vn -0.866024 0.500002 -0.000002
vn -0.866025 0.500001 0.000001
vn -0.866027 0.499997 0.000004
vn -0.866023 0.500003 0.000009
vn -0.866025 0.500001 -0.000001
vn -0.866027 0.499997 -0.000013
vn -0.866027 0.499998 0.000003
vn -0.866025 0.500000 0.000002
vn -0.866022 0.500006 -0.000007
vn -0.866024 0.500001 0.000005
vn -0.866027 0.499998 0.000003
vn -0.866024 0.500002 0.000007
vn -0.866024 0.500002 -0.000003
vn -0.866026 0.499999 -0.000009
vn -0.866028 0.499996 0.000006
vn -0.866025 0.500001 0.000001
vn -0.866025 0.500000 -0.000000
vn -0.866025 0.500001 0.000003
vn -0.866026 0.499999 0.000001
vn -0.866026 0.499999 -0.000008
vn -0.866022 0.500006 -0.000008
vn -0.866025 0.500000 0.000000
vn -0.866027 0.499997 0.000005
vn -0.866025 0.500000 0.000004
vn -0.866025 0.500000 0.000005
vn -0.866025 0.500000 -0.000004
vn -0.866025 0.500000 -0.000005
vn -0.866026 0.500000 0.000001
vn -0.866025 0.500000 0.000000
vn -0.866025 0.500000 0.000008
vn -0.866025 0.500000 0.000002
vn -0.866025 0.500000 -0.000003
vn -0.866025 0.500000 0.000002
vn -0.866025 0.500000 -0.000001
vn -0.866025 0.500001 0.000009
vn -0.866025 0.500000 0.000000
vn -0.866025 0.500000 -0.000000
vn -0.866026 0.499999 -0.000007
vn -0.866026 0.499999 -0.000004
vn -0.866025 0.500000 -0.000000
vn -0.866026 0.499999 -0.000004
vn -0.866026 0.500000 -0.000001
vn -0.866026 0.499999 -0.000005
vn -0.866025 0.500001 0.000003
vn -0.866024 0.500002 0.000010
vn -0.866028 0.499996 -0.000006
vn -0.866021 0.500008 0.000011
vn -0.866031 0.499991 -0.000013
vn -0.866024 0.500003 0.000004
vn -0.866025 0.500000 0.000000
vn -0.866022 0.500006 0.000008
vn -0.866029 0.499994 -0.000007
vn -0.866024 0.500002 0.000003
vn -0.866028 0.499996 -0.000006
vn -0.866023 0.500003 0.000004
vn -0.866025 0.500001 0.000002
vn -0.866028 0.499996 -0.000004
vn -0.866025 0.500000 0.000000
vn -0.866026 0.499998 -0.000007
vn -0.866024 0.500002 0.000002
vn -0.866026 0.500000 -0.000001
vn -0.866025 0.500000 -0.000001
vn -0.866023 0.500004 0.000004
vn -0.866024 0.500002 0.000007
vn -0.866026 0.499999 -0.000002
vn -0.866026 0.499999 -0.000001
vn -0.866026 0.499999 -0.000001
vn -0.866026 0.500000 0.000001
vn -0.866024 0.500002 0.000002
vn -0.866026 0.500000 -0.000000
vn -0.866025 0.500000 0.000001
vn -0.866029 0.499994 -0.000006
vn -0.866025 0.500001 0.000002
vn -0.866024 0.500002 0.000006
vn -0.866025 0.500001 0.000001
vn -0.866026 0.499998 -0.000004
vn -0.866025 0.500000 0.000001
vn -0.866025 0.500000 0.000000
vn -0.866027 0.499997 -0.000005
vn -0.866024 0.500002 0.000004
vn -0.866024 0.500002 0.000002
vn -0.866025 0.500001 0.000002
vn -0.866027 0.499998 -0.000004
vn -0.866026 0.499998 -0.000001
vn -0.866025 0.500001 0.000001
vn -0.866026 0.499999 -0.000002
vn -0.866025 0.500001 0.000001
vn -0.866026 0.500000 -0.000002
vn -0.866024 0.500002 0.000002
vn -0.866025 0.500001 0.000001
vn -0.866026 0.499999 -0.000002
vn -0.866024 0.500003 0.000005
vn -0.866026 0.499998 -0.000001
vn -0.866026 0.499998 -0.000002
vn -0.866026 0.499999 -0.000001
vn -0.866026 0.500000 -0.000000
vn -0.866023 0.500004 0.000006
vn -0.866027 0.499998 -0.000003
vn -0.866027 0.499997 -0.000002
vn -0.866026 0.499998 -0.000003
vn -0.866026 0.499998 -0.000003
vn -0.866021 0.500007 0.000005
vn -0.866023 0.500003 0.000003
vn -0.866023 0.500004 0.000005
vn -0.866024 0.500002 0.000002
vn -0.866027 0.499997 -0.000004
vn -0.866026 0.499999 -0.000001
vn -0.866030 0.499992 -0.000006
vn -0.866026 0.499999 0.000000
vn -0.866026 0.499999 -0.000001
vn -0.866026 0.500000 -0.000000
vn -0.866026 0.499999 -0.000001
vn -0.866023 0.500005 0.000003
vn -0.866026 0.499999 -0.000001
vn -0.866025 0.500001 0.000001
vn -0.866025 0.500001 0.000001
vn -0.866025 0.500001 0.000001
vn -0.866023 0.500004 0.000004
vn -0.866026 0.500000 -0.000000
vn -0.866028 0.499995 -0.000003
vn -0.866026 0.499999 -0.000001
vn -0.866024 0.500002 0.000002
vn -0.866028 0.499996 -0.000003
vn -0.866020 0.500009 0.000005
vn -0.866025 0.500001 0.000001
vn -0.866027 0.499997 -0.000002
vn -0.866027 0.499997 -0.000002
vn -0.866025 0.500000 -0.000000
vn -0.866027 0.499997 -0.000003
vn -0.866026 0.499999 -0.000001
vn -0.866025 0.500001 0.000001
vn -0.866024 0.500002 0.000002
vn -0.866024 0.500002 0.000001
vn -0.866026 0.499999 -0.000001
vn -0.866028 0.499995 -0.000004
vn -0.866026 0.499999 -0.000001
vn -0.866024 0.500003 0.000002
vn -0.866024 0.500002 0.000002
vn -0.866024 0.500002 0.000001
vn -0.866027 0.499997 -0.000002
vn -0.866025 0.500002 0.000001
vn -0.866024 0.500003 0.000002
vn -0.866026 0.499999 -0.000001
vn -0.866027 0.499997 -0.000002
vn -0.866026 0.499999 -0.000000
vn -0.866024 0.500002 0.000001
vn -0.866028 0.499995 -0.000003
vn -0.866028 0.499996 -0.000002
vn -0.866023 0.500005 0.000002
vn -0.866026 0.499999 -0.000001
vn -0.866027 0.499997 -0.000001
vn -0.866023 0.500005 0.000002
vn -0.866024 0.500003 0.000001
vn -0.866026 0.499999 -0.000000
vn -0.866027 0.499996 -0.000001
vn -0.866025 0.500000 0.000000
vn -0.866025 0.500001 0.000000
vn -0.866025 0.500001 0.000001
vn -0.866027 0.499997 -0.000001
vn -0.866027 0.499998 -0.000001
vn -0.866023 0.500004 0.000001
vn -0.866022 0.500007 0.000002
vn -0.866027 0.499997 -0.000001
vn -0.866027 0.499998 -0.000001
vn -0.866027 0.499998 -0.000001
vn -0.866024 0.500003 0.000000
vn -0.866025 0.500001 -0.000000
vn -0.866028 0.499995 -0.000001
vn -0.866025 0.500000 -0.000000
vn -0.866025 0.500000 -0.000000
vn -0.866023 0.500004 0.000001
vn -0.866026 0.499999 0.000000
vn -0.866026 0.500000 0.000000
vn -0.866022 0.500006 0.000001
vn -0.866027 0.499997 -0.000000
vn -0.866027 0.499997 -0.000000
vn -0.866023 0.500004 0.000000
vn -0.866027 0.499997 0.000005
vn -0.866027 0.499998 0.000004
vn -0.866021 0.500008 -0.000014
vn -0.866028 0.499995 0.000010
vn -0.866024 0.500003 -0.000006
vn -0.866028 0.499995 0.000010
vn -0.866023 0.500004 -0.000010
vn -0.866026 0.499998 0.000004
vn -0.866024 0.500002 -0.000005
vn -0.866025 0.500000 -0.000001
vn -0.866025 0.500000 -0.000000
vn -0.866026 0.499999 0.000004
vn -0.866024 0.500002 -0.000005
vn -0.866027 0.499997 0.000011
vn -0.866025 0.500001 -0.000006
vn -0.866025 0.500000 -0.000002
vn -0.866025 0.500001 -0.000004
vn -0.866026 0.499999 0.000008
vn -0.866025 0.500000 -0.000001
vn -0.866026 0.500000 0.000004
vn -0.866026 0.500000 0.000000
vn -0.866025 0.500000 0.000000
vn -0.866027 0.499997 0.000000
vn -0.866028 0.499996 0.000000
vn -0.866027 0.499998 0.000000
vn -0.866021 0.500008 -0.000000
vn -0.866026 0.500000 -0.000001
vn -0.866025 0.500000 -0.000004
vn -0.866025 0.500000 -0.000000
vn -0.866031 0.499990 0.000001
vn -0.866026 0.500000 0.000001
vn -0.866025 0.500000 -0.000002
vn -0.866026 0.500000 0.000000
vn -0.866023 0.500004 -0.000000
vn -0.866026 0.500000 -0.000000
vn -0.866025 0.500000 -0.000008
vn -0.866024 0.500002 -0.000000
vn -0.866021 0.500007 -0.000001
vn -0.866026 0.500000 0.000004
vn -0.866026 0.500000 0.000003
vn -0.866025 0.500000 -0.000000
vn -0.866029 0.499994 0.000001
vn -0.866025 0.500000 0.000002
vn -0.866025 0.500000 0.000001
vn -0.866025 0.500001 -0.000000
vn -0.866024 0.500003 -0.000000
vn -0.866026 0.499999 0.000005
vn -0.866025 0.500001 -0.000004
vn -0.866027 0.499998 0.000000
vn -0.866028 0.499995 0.000001
vn -0.866024 0.500002 -0.000010
vn -0.866026 0.499999 0.000004
vn -0.866024 0.500003 -0.000000
vn -0.866023 0.500004 -0.000001
vn -0.866025 0.500001 -0.000007
vn -0.866026 0.499999 0.000004
vn -0.866027 0.499998 0.000001
vn -0.866024 0.500002 -0.000001
vn -0.866026 0.499999 0.000004
vn -0.866025 0.500001 -0.000003
vn -0.866025 0.500000 -0.000000
vn -0.866028 0.499996 0.000001
vn -0.866025 0.500000 0.000000
vn -0.866025 0.500000 0.000000
vn -0.866026 0.499998 0.000001
vn -0.866024 0.500002 -0.000001
vn -0.866026 0.500000 0.000001
vn -0.866025 0.500000 0.000001
vn -0.866025 0.500000 -0.000000
vn -0.866023 0.500004 -0.000002
vn -0.866025 0.500001 -0.000003
vn -0.866026 0.499999 0.000004
vn -0.866022 0.500005 -0.000002
vn -0.866026 0.499998 0.000001
vn -0.866025 0.500001 -0.000003
vn -0.866026 0.499999 0.000001
vn -0.866024 0.500002 -0.000001
vn -0.866026 0.499999 0.000000
vn -0.866027 0.499997 0.000007
vn -0.866025 0.500001 -0.000004
vn -0.866029 0.499993 0.000003
vn -0.866026 0.499999 0.000000
vn -0.866024 0.500003 -0.000007
vn -0.866027 0.499997 0.000007
vn -0.866025 0.500001 -0.000001
vn -0.866026 0.499998 0.000001
vn -0.866026 0.499998 0.000004
vn -0.866025 0.500001 -0.000004
vn -0.866025 0.500000 -0.000000
vn -0.866026 0.500000 0.000000
vn -0.866026 0.499999 0.000002
vn -0.866024 0.500002 -0.000005
vn -0.866024 0.500002 -0.000001
vn -0.866024 0.500002 -0.000001
vn -0.866025 0.500001 -0.000002
vn -0.866027 0.499997 0.000007
vn -0.866026 0.499998 0.000001
vn -0.866027 0.499998 0.000001
vn -0.866025 0.500001 -0.000002
vn -0.866026 0.499999 0.000002
vn -0.866024 0.500002 -0.000001
vn -0.866025 0.500001 -0.000000
vn -0.866025 0.500001 -0.000002
vn -0.866026 0.500000 0.000000
vn -0.866027 0.499998 0.000001
vn -0.866025 0.500001 -0.000001
vn -0.866025 0.500000 -0.000000
vn -0.866025 0.500000 0.000000
vn -0.866025 0.500001 -0.000001
vn -0.866026 0.499998 0.000001
vn -0.866024 0.500003 -0.000005
vn -0.866026 0.499998 0.000002
vn -0.866027 0.499996 0.000003
vn -0.866022 0.500005 -0.000008
vn -0.866027 0.499996 0.000005
vn -0.866026 0.500000 -0.000000
vn -0.866026 0.499999 0.000000
vn -0.866025 0.500001 -0.000000
vn -0.866027 0.499998 0.000004
vn -0.866024 0.500003 -0.000003
vn -0.866027 0.499998 0.000002
vn -0.866025 0.500001 -0.000002
vn -0.866027 0.499997 0.000004
vn -0.866027 0.499997 0.000003
vn -0.866022 0.500006 -0.000006
vn -0.866027 0.499998 0.000003
vn -0.866025 0.500001 -0.000001
vn -0.866023 0.500004 -0.000005
vn -0.866024 0.500002 -0.000002
vn -0.866026 0.500000 0.000000
vn -0.866025 0.500001 -0.000001
vn -0.866027 0.499997 0.000003
vn -0.866029 0.499993 0.000007
vn -0.866024 0.500002 -0.000002
vn -0.866023 0.500003 -0.000004
vn -0.866026 0.499999 0.000001
vn -0.866025 0.500001 -0.000001
vn -0.866026 0.500000 0.000000
vn 0.499954 0.865946 0.013539
vn 0.499954 0.865946 0.013538
vn 0.499587 0.865311 0.040614
vn 0.499588 0.865311 0.040613
vn 0.498854 0.864041 0.067656
vn 0.498854 0.864041 0.067656
vn 0.497755 0.862138 0.094648
vn 0.497755 0.862137 0.094649
vn 0.496291 0.859601 0.121577
vn 0.494464 0.856437 0.148395
vn 0.496291 0.859601 0.121576
vn 0.494464 0.856437 0.148396
vn 0.492272 0.852640 0.175138
vn 0.489722 0.848224 0.201716
vn 0.492272 0.852640 0.175137
vn 0.489722 0.848223 0.201716
vn 0.486810 0.843179 0.228179
vn 0.486810 0.843179 0.228179
vn 0.483542 0.837519 0.254458
vn 0.479920 0.831245 0.280551
vn 0.483542 0.837519 0.254457
vn 0.479920 0.831245 0.280552
vn 0.475945 0.824361 0.306439
vn 0.475945 0.824361 0.306438
vn 0.471621 0.816871 0.332108
vn 0.471621 0.816871 0.332107
vn 0.466953 0.808786 0.357519
vn 0.461938 0.800100 0.382692
vn 0.466953 0.808786 0.357519
vn 0.461938 0.800100 0.382693
vn 0.456590 0.790838 0.407555
vn 0.450903 0.780986 0.432143
vn 0.456590 0.790838 0.407555
vn 0.450903 0.780986 0.432143
vn 0.444888 0.770568 0.456399
vn 0.444888 0.770568 0.456398
vn 0.438543 0.759579 0.480334
vn 0.438543 0.759579 0.480333
vn 0.431881 0.748039 0.503902
vn 0.424899 0.735946 0.527109
vn 0.431880 0.748039 0.503902
vn 0.424899 0.735946 0.527109
vn 0.417608 0.723318 0.549923
vn 0.417607 0.723317 0.549924
vn 0.410005 0.710150 0.572349
vn 0.410005 0.710150 0.572349
vn 0.402107 0.696470 0.594339
vn 0.402107 0.696470 0.594339
vn 0.393913 0.682277 0.615898
vn 0.393913 0.682277 0.615898
vn 0.385429 0.667583 0.637007
vn 0.385429 0.667582 0.637007
vn 0.376663 0.652400 0.657647
vn 0.376663 0.652399 0.657647
vn 0.367621 0.636738 0.677805
vn 0.358309 0.620609 0.697466
vn 0.367621 0.636739 0.677804
vn 0.358309 0.620609 0.697467
vn 0.348735 0.604027 0.716614
vn 0.348735 0.604027 0.716614
vn 0.338900 0.586992 0.735247
vn 0.328826 0.569544 0.753321
vn 0.338900 0.586992 0.735247
vn 0.328827 0.569544 0.753321
vn 0.318502 0.551662 0.770861
vn 0.318502 0.551661 0.770861
vn 0.307951 0.533387 0.787823
vn 0.307951 0.533387 0.787823
vn 0.297168 0.514710 0.804217
vn 0.286173 0.495665 0.820013
vn 0.297168 0.514710 0.804217
vn 0.286172 0.495665 0.820013
vn 0.274964 0.476251 0.835212
vn 0.274964 0.476251 0.835212
vn 0.263552 0.456485 0.849801
vn 0.263552 0.456486 0.849800
vn 0.251954 0.436397 0.863757
vn 0.240164 0.415977 0.877089
vn 0.251954 0.436397 0.863757
vn 0.240164 0.415977 0.877089
vn 0.228199 0.395253 0.889775
vn 0.228200 0.395253 0.889775
vn 0.216071 0.374247 0.901805
vn 0.216071 0.374246 0.901806
vn 0.203780 0.352957 0.913179
vn 0.191342 0.331415 0.923879
vn 0.203780 0.352957 0.913178
vn 0.178762 0.309626 0.933904
vn 0.191342 0.331415 0.923879
vn 0.178762 0.309626 0.933904
vn 0.166054 0.287613 0.943242
vn 0.166054 0.287614 0.943242
vn 0.153219 0.265383 0.951891
vn 0.153219 0.265383 0.951891
vn 0.140275 0.242963 0.959840
vn 0.140275 0.242963 0.959840
vn 0.127228 0.220365 0.967085
vn 0.127228 0.220365 0.967085
vn 0.114090 0.197609 0.973619
vn 0.114090 0.197609 0.973619
vn 0.100864 0.174701 0.979442
vn 0.100864 0.174701 0.979442
vn 0.087562 0.151663 0.984546
vn 0.087562 0.151663 0.984546
vn 0.074205 0.128527 0.988926
vn 0.074205 0.128527 0.988926
vn 0.060784 0.105281 0.992583
vn 0.060784 0.105281 0.992583
vn 0.047324 0.081968 0.995511
vn 0.047324 0.081968 0.995511
vn 0.033829 0.058593 0.997709
vn 0.033829 0.058593 0.997709
vn 0.020305 0.035169 0.999175
vn 0.020305 0.035169 0.999175
vn 0.006771 0.011727 0.999908
vn 0.006771 0.011727 0.999908
vn -0.006771 -0.011727 0.999908
vn -0.006771 -0.011727 0.999908
vn -0.020305 -0.035169 0.999175
vn -0.020305 -0.035169 0.999175
vn -0.033829 -0.058593 0.997709
vn -0.033829 -0.058593 0.997709
vn -0.047324 -0.081968 0.995511
vn -0.047324 -0.081968 0.995511
vn -0.060784 -0.105281 0.992583
vn -0.060784 -0.105281 0.992583
vn -0.074205 -0.128527 0.988926
vn -0.074205 -0.128527 0.988926
vn -0.087562 -0.151663 0.984546
vn -0.100862 -0.174699 0.979442
vn -0.087562 -0.151663 0.984546
vn -0.100863 -0.174699 0.979442
vn -0.114091 -0.197612 0.973618
vn -0.114091 -0.197612 0.973619
vn -0.127228 -0.220365 0.967085
vn -0.127228 -0.220365 0.967085
vn -0.140274 -0.242962 0.959840
vn -0.153219 -0.265383 0.951891
vn -0.140275 -0.242963 0.959840
vn -0.153219 -0.265383 0.951891
vn -0.166052 -0.287610 0.943243
vn -0.178764 -0.309629 0.933902
vn -0.166052 -0.287610 0.943243
vn -0.178764 -0.309629 0.933902
vn -0.191342 -0.331415 0.923879
vn -0.203780 -0.352958 0.913178
vn -0.191342 -0.331415 0.923879
vn -0.203780 -0.352957 0.913179
vn -0.216071 -0.374246 0.901806
vn -0.216071 -0.374246 0.901805
vn -0.228197 -0.395249 0.889778
vn -0.240167 -0.415981 0.877086
vn -0.228197 -0.395249 0.889778
vn -0.240167 -0.415981 0.877086
vn -0.251951 -0.436393 0.863760
vn -0.251951 -0.436393 0.863760
vn -0.263555 -0.456490 0.849797
vn -0.263555 -0.456490 0.849797
vn -0.274964 -0.476252 0.835212
vn -0.274964 -0.476252 0.835212
vn -0.286172 -0.495665 0.820013
vn -0.286172 -0.495665 0.820013
vn -0.297167 -0.514709 0.804218
vn -0.297168 -0.514709 0.804217
vn -0.307951 -0.533387 0.787822
vn -0.307952 -0.533388 0.787822
vn -0.318502 -0.551661 0.770861
vn -0.318502 -0.551662 0.770860
vn -0.328823 -0.569538 0.753327
vn -0.328823 -0.569539 0.753327
vn -0.338903 -0.586998 0.735240
vn -0.338903 -0.586997 0.735241
vn -0.348734 -0.604026 0.716615
vn -0.348735 -0.604027 0.716614
vn -0.358309 -0.620610 0.697465
vn -0.367618 -0.636732 0.677812
vn -0.358309 -0.620609 0.697466
vn -0.367618 -0.636733 0.677811
vn -0.376666 -0.652405 0.657640
vn -0.376666 -0.652405 0.657640
vn -0.385429 -0.667583 0.637007
vn -0.385429 -0.667582 0.637008
vn -0.393910 -0.682272 0.615906
vn -0.393910 -0.682273 0.615905
vn -0.402108 -0.696471 0.594338
vn -0.410007 -0.710153 0.572343
vn -0.402107 -0.696470 0.594339
vn -0.417608 -0.723318 0.549923
vn -0.410008 -0.710154 0.572342
vn -0.417608 -0.723318 0.549923
vn -0.424899 -0.735947 0.527108
vn -0.424899 -0.735946 0.527109
vn -0.431877 -0.748034 0.503912
vn -0.431877 -0.748034 0.503912
vn -0.438545 -0.759583 0.480325
vn -0.438546 -0.759584 0.480323
vn -0.444885 -0.770564 0.456409
vn -0.444885 -0.770564 0.456408
vn -0.450905 -0.780991 0.432131
vn -0.450905 -0.780990 0.432133
vn -0.456588 -0.790833 0.407567
vn -0.456588 -0.790834 0.407566
vn -0.461940 -0.800104 0.382682
vn -0.466953 -0.808786 0.357521
vn -0.461940 -0.800103 0.382683
vn -0.466953 -0.808786 0.357519
vn -0.471621 -0.816872 0.332106
vn -0.471621 -0.816871 0.332108
vn -0.475945 -0.824362 0.306438
vn -0.475945 -0.824361 0.306439
vn -0.479920 -0.831245 0.280551
vn -0.479920 -0.831245 0.280549
vn -0.483542 -0.837519 0.254457
vn -0.483542 -0.837519 0.254459
vn -0.486810 -0.843179 0.228179
vn -0.486810 -0.843179 0.228179
vn -0.489721 -0.848221 0.201728
vn -0.489721 -0.848221 0.201728
vn -0.492273 -0.852642 0.175124
vn -0.492273 -0.852642 0.175126
vn -0.494463 -0.856435 0.148409
vn -0.494463 -0.856435 0.148407
vn -0.496292 -0.859603 0.121565
vn -0.496292 -0.859603 0.121564
vn -0.497755 -0.862137 0.094651
vn -0.497755 -0.862138 0.094649
vn -0.498854 -0.864041 0.067655
vn -0.498854 -0.864041 0.067656
vn -0.499587 -0.865311 0.040611
vn -0.499588 -0.865311 0.040614
vn -0.499954 -0.865946 0.013539
vn -0.499954 -0.865946 0.013540
vn 0.000000 0.000000 1.000000
vn 0.000000 0.000000 1.000000
vn 0.499953 0.865944 -0.013696
vn 0.499953 0.865944 -0.013725
vn 0.499577 0.865294 -0.041101
vn 0.499577 0.865291 -0.041154
vn 0.498827 0.863995 -0.068438
vn 0.498825 0.863989 -0.068531
vn 0.497702 0.862048 -0.095743
vn 0.497698 0.862036 -0.095870
vn 0.496203 0.859453 -0.122972
vn 0.496195 0.859431 -0.123165
vn 0.494332 0.856213 -0.150117
vn 0.494320 0.856183 -0.150330
vn 0.492090 0.852330 -0.177147
vn 0.489479 0.847809 -0.204034
vn 0.492072 0.852288 -0.177398
vn 0.486499 0.842647 -0.230794
vn 0.489452 0.847750 -0.204345
vn 0.483158 0.836862 -0.257334
vn 0.486467 0.842579 -0.231107
vn 0.479450 0.830440 -0.283720
vn 0.483115 0.836771 -0.257709
vn 0.479396 0.830329 -0.284134
vn 0.475381 0.823393 -0.309898
vn 0.475322 0.823273 -0.310307
vn 0.470959 0.815736 -0.335816
vn 0.470884 0.815584 -0.336290
vn 0.466184 0.807465 -0.361486
vn 0.466094 0.807286 -0.362002
vn 0.461058 0.798586 -0.386892
vn 0.460956 0.798386 -0.387427
vn 0.455582 0.789103 -0.412022
vn 0.455466 0.788878 -0.412579
vn 0.449770 0.779038 -0.436814
vn 0.449638 0.778782 -0.437406
vn 0.443616 0.768378 -0.461302
vn 0.443469 0.768096 -0.461913
vn 0.437130 0.757146 -0.485435
vn 0.436964 0.756828 -0.486080
vn 0.430319 0.745350 -0.509195
vn 0.430133 0.744997 -0.509867
vn 0.423182 0.732989 -0.532582
vn 0.422976 0.732600 -0.533281
vn 0.415726 0.720076 -0.555574
vn 0.415503 0.719656 -0.556285
vn 0.407963 0.706630 -0.578135
vn 0.407717 0.706167 -0.578874
vn 0.399889 0.692645 -0.600276
vn 0.399627 0.692156 -0.601014
vn 0.391515 0.678143 -0.621963
vn 0.391230 0.677611 -0.622721
vn 0.382850 0.663136 -0.643177
vn 0.382541 0.662560 -0.643954
vn 0.373898 0.647631 -0.663909
vn 0.364664 0.631637 -0.684145
vn 0.373563 0.647008 -0.664704
vn 0.364306 0.630974 -0.684947
vn 0.355156 0.615170 -0.703868
vn 0.345377 0.598232 -0.723072
vn 0.354771 0.614459 -0.704683
vn 0.335349 0.580866 -0.741711
vn 0.344977 0.597494 -0.723872
vn 0.325060 0.563044 -0.759814
vn 0.334917 0.580068 -0.742531
vn 0.314530 0.544807 -0.777340
vn 0.324602 0.562201 -0.760633
vn 0.303767 0.526166 -0.794276
vn 0.314052 0.543928 -0.778147
vn 0.292769 0.507118 -0.810628
vn 0.303254 0.525225 -0.795095
vn 0.292238 0.506145 -0.811427
vn 0.281560 0.487704 -0.826359
vn 0.280998 0.486675 -0.827156
vn 0.270132 0.467910 -0.841480
vn 0.269540 0.466828 -0.842270
vn 0.258508 0.447777 -0.855961
vn 0.257893 0.446654 -0.856733
vn 0.246687 0.427303 -0.869803
vn 0.246044 0.426131 -0.870560
vn 0.234675 0.406498 -0.882999
vn 0.234009 0.405284 -0.883734
vn 0.222493 0.385400 -0.895524
vn 0.221799 0.384135 -0.896240
vn 0.210147 0.364018 -0.907375
vn 0.209421 0.362695 -0.908073
vn 0.197640 0.342355 -0.918549
vn 0.196888 0.340987 -0.919219
vn 0.184982 0.320431 -0.929035
vn 0.184205 0.319018 -0.929675
vn 0.172185 0.298266 -0.938824
vn 0.171383 0.296810 -0.939431
vn 0.159263 0.275886 -0.947904
vn 0.158431 0.274375 -0.948482
vn 0.146219 0.253294 -0.956275
vn 0.145365 0.251744 -0.956814
vn 0.133068 0.230516 -0.963927
vn 0.119813 0.207558 -0.970858
vn 0.132183 0.228910 -0.964431
vn 0.118903 0.205909 -0.971320
vn 0.106467 0.184444 -0.977060
vn 0.093046 0.161198 -0.982526
vn 0.105541 0.182765 -0.977475
vn 0.079554 0.137829 -0.987256
vn 0.092087 0.159460 -0.982900
vn 0.065999 0.114353 -0.991245
vn 0.078574 0.136054 -0.987581
vn 0.052401 0.090801 -0.994489
vn 0.064999 0.112542 -0.991519
vn 0.038755 0.067165 -0.996989
vn 0.051369 0.088932 -0.994712
vn 0.025086 0.043491 -0.998739
vn 0.037714 0.065282 -0.997154
vn 0.011399 0.019786 -0.999739
vn 0.024014 0.041551 -0.998848
vn -0.002304 -0.003948 -0.999990
vn 0.010307 0.017810 -0.999788
vn -0.015997 -0.027663 -0.999489
vn -0.003411 -0.005951 -0.999976
vn -0.029683 -0.051369 -0.998239
vn -0.017129 -0.029712 -0.999412
vn -0.030823 -0.053432 -0.998096
vn -0.043346 -0.075032 -0.996239
vn -0.044507 -0.077133 -0.996027
vn -0.056975 -0.098637 -0.993491
vn -0.058156 -0.100775 -0.993208
vn -0.070556 -0.122161 -0.989999
vn -0.071751 -0.124323 -0.989644
vn -0.084097 -0.145614 -0.985761
vn -0.085302 -0.147795 -0.985332
vn -0.097564 -0.168938 -0.980786
vn -0.098787 -0.171152 -0.980280
vn -0.110965 -0.192149 -0.975072
vn -0.112193 -0.194373 -0.974490
vn -0.124279 -0.215209 -0.968628
vn -0.125524 -0.217463 -0.967964
vn -0.137497 -0.238102 -0.961459
vn -0.150616 -0.260824 -0.953565
vn -0.138746 -0.240366 -0.960715
vn -0.151876 -0.263108 -0.952737
vn -0.163622 -0.283351 -0.944955
vn -0.176503 -0.305661 -0.935638
vn -0.164883 -0.285636 -0.944047
vn -0.189252 -0.327742 -0.925618
vn -0.177776 -0.307969 -0.934640
vn -0.201863 -0.349585 -0.914900
vn -0.190527 -0.330056 -0.924534
vn -0.214318 -0.371156 -0.903499
vn -0.203132 -0.351887 -0.913736
vn -0.226609 -0.392443 -0.891424
vn -0.215593 -0.373473 -0.902240
vn -0.238739 -0.413454 -0.878669
vn -0.227892 -0.394776 -0.890066
vn -0.250683 -0.434141 -0.865263
vn -0.240013 -0.415769 -0.877228
vn -0.262436 -0.454497 -0.851211
vn -0.251950 -0.436447 -0.863733
vn -0.274001 -0.474527 -0.836509
vn -0.263704 -0.456806 -0.849581
vn -0.285360 -0.494200 -0.821180
vn -0.275262 -0.476826 -0.834786
vn -0.296496 -0.513489 -0.805245
vn -0.286606 -0.496473 -0.819373
vn -0.307417 -0.532403 -0.788697
vn -0.297737 -0.515754 -0.803337
vn -0.318106 -0.550916 -0.771557
vn -0.308646 -0.534649 -0.786694
vn -0.328551 -0.569008 -0.753846
vn -0.319323 -0.553143 -0.769458
vn -0.338757 -0.586684 -0.735559
vn -0.329756 -0.571215 -0.751648
vn -0.348701 -0.603906 -0.716732
vn -0.339935 -0.588845 -0.733284
vn -0.358392 -0.620691 -0.697350
vn -0.349870 -0.606054 -0.714346
vn -0.359539 -0.622803 -0.694872
vn -0.367811 -0.637005 -0.677451
vn -0.376944 -0.652823 -0.657066
vn -0.368936 -0.639078 -0.674882
vn -0.378051 -0.654867 -0.654390
vn -0.385808 -0.668176 -0.636155
vn -0.394379 -0.683020 -0.614775
vn -0.386885 -0.670169 -0.633398
vn -0.402648 -0.697342 -0.592950
vn -0.395424 -0.684960 -0.611939
vn -0.410621 -0.711152 -0.570661
vn -0.403676 -0.699253 -0.589993
vn -0.418282 -0.724420 -0.547957
vn -0.411612 -0.712999 -0.567634
vn -0.425630 -0.737147 -0.524836
vn -0.419243 -0.726218 -0.544833
vn -0.432662 -0.749326 -0.501312
vn -0.426561 -0.738892 -0.521617
vn -0.439363 -0.760932 -0.477432
vn -0.433554 -0.751005 -0.498018
vn -0.445743 -0.771981 -0.453165
vn -0.440218 -0.762549 -0.474054
vn -0.451780 -0.782438 -0.428586
vn -0.446561 -0.773535 -0.449697
vn -0.457479 -0.792308 -0.403684
vn -0.452557 -0.783921 -0.425042
vn -0.458221 -0.793732 -0.400029
vn -0.462840 -0.801593 -0.378453
vn -0.463530 -0.802927 -0.374763
vn -0.467849 -0.810268 -0.352963
vn -0.468500 -0.811537 -0.349163
vn -0.472507 -0.818335 -0.327207
vn -0.473111 -0.819524 -0.323337
vn -0.476813 -0.825792 -0.301192
vn -0.477368 -0.826899 -0.297250
vn -0.480762 -0.832632 -0.274939
vn -0.481266 -0.833649 -0.270947
vn -0.484346 -0.838839 -0.248512
vn -0.484801 -0.839774 -0.244433
vn -0.487567 -0.844417 -0.221899
vn -0.487970 -0.845263 -0.217751
vn -0.490426 -0.849368 -0.195082
vn -0.492913 -0.853676 -0.168150
vn -0.490776 -0.850123 -0.190867
vn -0.495031 -0.857344 -0.141083
vn -0.493207 -0.854335 -0.163888
vn -0.496778 -0.860370 -0.113911
vn -0.495269 -0.857908 -0.136758
vn -0.498152 -0.862748 -0.086657
vn -0.496958 -0.860833 -0.109543
vn -0.498274 -0.863114 -0.082204
vn -0.499152 -0.864481 -0.059328
vn -0.499214 -0.864741 -0.054852
vn -0.499778 -0.865564 -0.031946
vn -0.499778 -0.865719 -0.027429
vn -0.500028 -0.865997 -0.004578
vn -0.499966 -0.866045 -0.000000
vn -0.499903 -0.865780 0.022830
vn -0.499777 -0.865719 0.027429
vn -0.499403 -0.864913 0.050214
vn -0.499213 -0.864742 0.054852
vn -0.498529 -0.863398 0.077549
vn -0.498273 -0.863114 0.082204
vn -0.497280 -0.861234 0.104830
vn -0.496956 -0.860834 0.109543
vn -0.495658 -0.858424 0.132028
vn -0.495267 -0.857909 0.136758
vn -0.493663 -0.854968 0.159144
vn -0.493204 -0.854336 0.163888
vn -0.491298 -0.850872 0.186127
vn -0.490772 -0.850125 0.190867
vn -0.488564 -0.846135 0.212978
vn -0.487966 -0.845265 0.217751
vn -0.485466 -0.840770 0.239644
vn -0.484797 -0.839776 0.244433
vn -0.481999 -0.834764 0.266168
vn -0.481261 -0.833652 0.270947
vn -0.478175 -0.828139 0.292462
vn -0.477363 -0.826902 0.297250
vn -0.473988 -0.820888 0.318556
vn -0.473105 -0.819527 0.323337
vn -0.469446 -0.813019 0.344413
vn -0.464556 -0.804550 0.369983
vn -0.468494 -0.811541 0.349162
vn -0.463523 -0.802932 0.374761
vn -0.459312 -0.795466 0.395304
vn -0.453724 -0.785787 0.420324
vn -0.458213 -0.793735 0.400033
vn -0.447800 -0.775525 0.445013
vn -0.452550 -0.783926 0.425040
vn -0.441538 -0.764678 0.469374
vn -0.446553 -0.773539 0.449697
vn -0.434939 -0.753249 0.493401
vn -0.440209 -0.762553 0.474056
vn -0.428020 -0.741264 0.517037
vn -0.433546 -0.751013 0.498013
vn -0.420776 -0.728716 0.540297
vn -0.426551 -0.738897 0.521617
vn -0.419233 -0.726222 0.544836
vn -0.413222 -0.715632 0.563133
vn -0.411602 -0.713005 0.567634
vn -0.405352 -0.702001 0.585564
vn -0.403666 -0.699261 0.589990
vn -0.397178 -0.687842 0.607554
vn -0.395413 -0.684966 0.611940
vn -0.388709 -0.673174 0.629080
vn -0.386872 -0.670174 0.633401
vn -0.379941 -0.657986 0.650153
vn -0.378040 -0.654876 0.654388
vn -0.370903 -0.642331 0.670702
vn -0.368921 -0.639083 0.674885
vn -0.361570 -0.626166 0.690784
vn -0.359525 -0.622808 0.694875
vn -0.351976 -0.609548 0.710326
vn -0.349856 -0.606062 0.714346
vn -0.342112 -0.592463 0.729347
vn -0.339923 -0.588859 0.733279
vn -0.331997 -0.574942 0.747810
vn -0.329740 -0.571221 0.751651
vn -0.321629 -0.556985 0.765717
vn -0.319307 -0.553152 0.769458
vn -0.311020 -0.538608 0.783051
vn -0.308630 -0.534658 0.786694
vn -0.300179 -0.519830 0.799794
vn -0.297719 -0.515760 0.803340
vn -0.289107 -0.500653 0.815943
vn -0.277827 -0.481114 0.831470
vn -0.286591 -0.496486 0.819370
vn -0.266335 -0.461209 0.846376
vn -0.275243 -0.476832 0.834789
vn -0.254642 -0.440956 0.860648
vn -0.263689 -0.456820 0.849578
vn -0.242758 -0.420372 0.874274
vn -0.251934 -0.436461 0.863731
vn -0.230689 -0.399467 0.887248
vn -0.239994 -0.415780 0.877228
vn -0.218456 -0.378278 0.899546
vn -0.227869 -0.394779 0.890071
vn -0.206048 -0.356787 0.911179
vn -0.215574 -0.373484 0.902240
vn -0.193492 -0.335039 0.922122
vn -0.203114 -0.351903 0.913734
vn -0.180789 -0.313037 0.932375
vn -0.190507 -0.330068 0.924534
vn -0.167951 -0.290800 0.941928
vn -0.177752 -0.307976 0.934641
vn -0.154988 -0.268347 0.950773
vn -0.164866 -0.285658 0.944044
vn -0.151854 -0.263121 0.952737
vn -0.141904 -0.245684 0.958907
vn -0.138724 -0.240379 0.960715
vn -0.128719 -0.222846 0.966318
vn -0.125495 -0.217467 0.967966
vn -0.115432 -0.199833 0.973007
vn -0.112173 -0.194391 0.974489
vn -0.102066 -0.176681 0.978962
vn -0.098760 -0.171161 0.980281
vn -0.088615 -0.153383 0.984185
vn -0.085278 -0.147809 0.985332
vn -0.075102 -0.129978 0.988669
vn -0.071729 -0.124342 0.989643
vn -0.061533 -0.106475 0.992409
vn -0.058128 -0.100785 0.993209
vn -0.047918 -0.082892 0.995406
vn -0.034266 -0.059246 0.997655
vn -0.044481 -0.077148 0.996027
vn -0.020589 -0.035556 0.999156
vn -0.030803 -0.053457 0.998095
vn -0.006894 -0.011836 0.999906
vn -0.017099 -0.029723 0.999412
vn -0.003384 -0.005967 0.999976
vn 0.006725 0.011752 0.999908
vn 0.010336 0.017793 0.999788
vn 0.020261 0.035200 0.999175
vn 0.033778 0.058617 0.997709
vn 0.024047 0.041538 0.998847
vn 0.047276 0.081998 0.995511
vn 0.037741 0.065253 0.997155
vn 0.060735 0.105313 0.992583
vn 0.051405 0.088917 0.994712
vn 0.074149 0.128550 0.988927
vn 0.065032 0.112516 0.991520
vn 0.087513 0.151698 0.984545
vn 0.078613 0.136037 0.987580
vn 0.100809 0.174731 0.979442
vn 0.092125 0.159438 0.982900
vn 0.114032 0.197636 0.973621
vn 0.105578 0.182737 0.977477
vn 0.127174 0.220401 0.967083
vn 0.118947 0.205891 0.971319
vn 0.140217 0.242993 0.959840
vn 0.132227 0.228891 0.964430
vn 0.153166 0.265423 0.951888
vn 0.145403 0.251711 0.956818
vn 0.165992 0.287640 0.943244
vn 0.158477 0.274354 0.948480
vn 0.178705 0.309661 0.933903
vn 0.171428 0.296785 0.939431
vn 0.191284 0.331448 0.923879
vn 0.184250 0.318992 0.929675
vn 0.196932 0.340957 0.919221
vn 0.203723 0.352996 0.913176
vn 0.209469 0.362672 0.908070
vn 0.216011 0.374279 0.901806
vn 0.221844 0.384104 0.896242
vn 0.228138 0.395285 0.889777
vn 0.234058 0.405260 0.883731
vn 0.240105 0.416011 0.877089
vn 0.246090 0.426099 0.870563
vn 0.251896 0.436434 0.863755
vn 0.257941 0.446626 0.856733
vn 0.263492 0.456519 0.849801
vn 0.269593 0.466808 0.842265
vn 0.274906 0.476288 0.835211
vn 0.281045 0.486644 0.827159
vn 0.286111 0.495696 0.820016
vn 0.292287 0.506116 0.811427
vn 0.297112 0.514749 0.804213
vn 0.307891 0.533418 0.787825
vn 0.303303 0.525197 0.795095
vn 0.318443 0.551693 0.770863
vn 0.314101 0.543900 0.778148
vn 0.328770 0.569579 0.753319
vn 0.324652 0.562176 0.760631
vn 0.338843 0.587024 0.735247
vn 0.334965 0.580041 0.742531
vn 0.348681 0.604062 0.716610
vn 0.345024 0.597464 0.723875
vn 0.358253 0.620640 0.697468
vn 0.354818 0.614432 0.704683
vn 0.367565 0.636768 0.677807
vn 0.364354 0.630950 0.684944
vn 0.376610 0.652432 0.657645
vn 0.373608 0.646979 0.664707
vn 0.385375 0.667610 0.637011
vn 0.382588 0.662536 0.643951
vn 0.393861 0.682307 0.615899
vn 0.391273 0.677581 0.622727
vn 0.402056 0.696498 0.594341
vn 0.399671 0.692131 0.601014
vn 0.409959 0.710183 0.572340
vn 0.407761 0.706144 0.578871
vn 0.417556 0.723337 0.549937
vn 0.415545 0.719630 0.556287
vn 0.424857 0.735980 0.527096
vn 0.423018 0.732577 0.533278
vn 0.431833 0.748060 0.503910
vn 0.430173 0.744974 0.509867
vn 0.438501 0.759606 0.480329
vn 0.437002 0.756806 0.486080
vn 0.443506 0.768075 0.461913
vn 0.444847 0.770592 0.456398
vn 0.449673 0.778760 0.437409
vn 0.450861 0.781006 0.432150
vn 0.455501 0.788858 0.412579
vn 0.456554 0.790861 0.407551
vn 0.460989 0.798368 0.387425
vn 0.461904 0.800123 0.382685
vn 0.466918 0.808803 0.357526
vn 0.466125 0.807268 0.362002
vn 0.471590 0.816890 0.332105
vn 0.470913 0.815567 0.336290
vn 0.475917 0.824380 0.306431
vn 0.475350 0.823257 0.310307
vn 0.479891 0.831258 0.280564
vn 0.479422 0.830315 0.284134
vn 0.483517 0.837532 0.254463
vn 0.483139 0.836758 0.257709
vn 0.486788 0.843193 0.228171
vn 0.486490 0.842566 0.231107
vn 0.489702 0.848235 0.201717
vn 0.489472 0.847738 0.204345
vn 0.492254 0.852649 0.175141
vn 0.492090 0.852278 0.177398
vn 0.494449 0.856446 0.148394
vn 0.494335 0.856174 0.150330
vn 0.496279 0.859608 0.121575
vn 0.496208 0.859423 0.123165
vn 0.497747 0.862144 0.094640
vn 0.497709 0.862030 0.095870
vn 0.498848 0.864044 0.067658
vn 0.498834 0.863984 0.068531
vn 0.499584 0.865313 0.040609
vn 0.499583 0.865288 0.041154
vn 0.499956 0.865942 0.013725
vn 0.499954 0.865946 0.013552
vn 0.000000 -1.000000 0.000000
vn 0.000000 -1.000000 -0.000000
vn 0.000000 -1.000000 0.000000
vn 0.000000 -1.000000 -0.000000
vn 0.000000 -1.000000 0.000000
vn 0.000000 -1.000000 -0.000000
vn 0.000000 -1.000000 0.000000
vn 0.000000 -1.000000 -0.000000
vn 0.000000 -1.000000 0.000000
vn 0.000000 -1.000000 -0.000000
vn 0.000000 -1.000000 0.000000
vn 0.000000 -1.000000 -0.000000
vn 0.000000 -1.000000 0.000000
vn 0.000000 -1.000000 -0.000000
vn 0.000000 -1.000000 0.000000
vn 0.000000 -1.000000 -0.000000
vn 0.000000 -1.000000 -0.000000
vn 0.000000 -1.000000 0.000000
vn 0.000000 -1.000000 -0.000000
vn 0.000000 -1.000000 0.000000
vn 0.000000 -1.000000 -0.000000
vn 0.000000 -1.000000 0.000000
vn 0.000000 -1.000000 -0.000000
vn 0.000000 -1.000000 0.000000
vn 0.000000 -1.000000 -0.000000
vn 0.000000 -1.000000 0.000000
vn 0.000000 -1.000000 -0.000000
vn 0.000000 -1.000000 0.000000
vn 0.000000 -1.000000 -0.000000
vn 0.000000 -1.000000 0.000000
vn 0.000000 -1.000000 -0.000000
vn 0.000000 -1.000000 0.000000
vn 0.000000 -1.000000 -0.000000
vn 0.000000 -1.000000 0.000000
vn 0.000000 -1.000000 -0.000000
vn 0.000000 -1.000000 0.000000
vn 0.000000 -1.000000 -0.000000
vn 0.000000 -1.000000 0.000000
vn 0.000000 -1.000000 -0.000000
vn 0.000000 -1.000000 0.000000
vn 0.000000 -1.000000 -0.000000
vn 0.000000 -1.000000 0.000000
vn 0.000000 -1.000000 -0.000000
vn 0.000000 -1.000000 0.000000
vn 0.000000 -1.000000 -0.000000
vn 0.000000 -1.000000 0.000000
vn 0.000000 -1.000000 -0.000000
vn 0.000000 -1.000000 0.000000
vn 0.000000 -1.000000 -0.000000
vn 0.000000 -1.000000 0.000000
vn 0.000000 -1.000000 -0.000000
vn 0.000000 -1.000000 0.000000
vn 0.000000 -1.000000 -0.000000
vn 0.000000 -1.000000 0.000000
vn 0.000000 -1.000000 -0.000000
vn 0.000000 -1.000000 0.000000
vn 0.000000 -1.000000 -0.000000
vn 0.000000 -1.000000 0.000000
vn 0.000000 -1.000000 -0.000000
vn -0.000000 -1.000000 0.000000
vn 0.000000 -1.000000 -0.000000
vn -0.000000 -1.000000 0.000000
vn 0.000000 -1.000000 -0.000000
vn 0.000000 -1.000000 0.000000
vn 0.000000 -1.000000 -0.000000
vn 0.000000 -1.000000 0.000000
vn 0.000000 -1.000000 -0.000000
vn 0.000000 -1.000000 0.000000
vn 0.000000 -1.000000 -0.000000
vn 0.000000 -1.000000 0.000000
vn 0.000000 -1.000000 0.000000
vn 0.000000 -1.000000 -0.000000
vn 0.000000 -1.000000 0.000000
vn 0.000000 -1.000000 -0.000000
vn 0.000000 -1.000000 -0.000000
vn 0.000000 -1.000000 0.000000
vn 0.000000 -1.000000 0.000000
vn 0.000000 -1.000000 -0.000000
vn 0.000000 -1.000000 -0.000000
vn 0.000000 -1.000000 -0.000000
vn 0.000000 -1.000000 -0.000000
vn 0.000000 -1.000000 -0.000000
vn 0.000000 -1.000000 -0.000000
vn 0.000000 -1.000000 -0.000000
vn 0.000000 -1.000000 -0.000000
vn 0.000000 -1.000000 -0.000000
vn 0.000000 -1.000000 -0.000000
vn 0.000000 -1.000000 -0.000000
vn 0.000000 -1.000000 -0.000000
vn 0.000000 -1.000000 -0.000000
vn -0.000000 -1.000000 0.000000
vn 0.000000 -1.000000 -0.000000
vn 0.000000 -1.000000 0.000000
vn -0.000000 -1.000000 0.000000
vn 0.000000 -1.000000 -0.000000
vn 0.000000 -1.000000 0.000000
vn -0.000000 -1.000000 0.000000
vn 0.000000 -1.000000 -0.000000
vn 0.000000 -1.000000 0.000000
vn -0.000000 -1.000000 0.000000
vn 0.000000 -1.000000 -0.000000
vn 0.000000 -1.000000 0.000000
vn -0.000000 -1.000000 0.000000
vn 0.000000 -1.000000 -0.000000
vn 0.000000 -1.000000 0.000000
vn -0.000000 -1.000000 0.000000
vn 0.000000 -1.000000 -0.000000
vn 0.000000 -1.000000 0.000000
vn -0.000000 -1.000000 0.000000
vn 0.000000 -1.000000 -0.000000
vn 0.000000 -1.000000 0.000000
vn -0.000000 -1.000000 0.000000
vn 0.000000 -1.000000 0.000000
vn 0.000000 -1.000000 -0.000000
vn -0.000000 -1.000000 0.000000
vn 0.000000 -1.000000 0.000000
vn 0.000000 -1.000000 -0.000000
vn -0.000000 -1.000000 0.000000
vn 0.000000 -1.000000 0.000000
vn 0.000000 -1.000000 -0.000000
vn -0.000000 -1.000000 0.000000
vn 0.000000 -1.000000 0.000000
vn 0.000000 -1.000000 -0.000000
vn -0.000000 -1.000000 0.000000
vn 0.000000 -1.000000 0.000000
vn 0.000000 -1.000000 -0.000000
vn -0.000000 -1.000000 0.000000
vn 0.000000 -1.000000 0.000000
vn 0.000000 -1.000000 -0.000000
vn -0.000000 -1.000000 0.000000
vn 0.000000 -1.000000 0.000000
vn 0.000000 -1.000000 -0.000000
vn -0.000000 -1.000000 0.000000
vn 0.000000 -1.000000 0.000000
vn 0.000000 -1.000000 -0.000000
vn -0.000000 -1.000000 0.000000
vn 0.000000 -1.000000 0.000000
vn 0.000000 -1.000000 -0.000000
vn -0.000000 -1.000000 0.000000
vn 0.000000 -1.000000 0.000000
vn 0.000000 -1.000000 -0.000000
vn -0.000000 -1.000000 0.000000
vn 0.000000 -1.000000 0.000000
vn -0.000000 -1.000000 0.000000
vn -0.000000 -1.000000 0.000000
vn 0.000000 -1.000000 0.000000
vn -0.000000 -1.000000 0.000000
vn 0.000000 -1.000000 0.000000
vn -0.000000 -1.000000 0.000000
vn -0.000000 -1.000000 0.000000
vn -0.000000 -1.000000 0.000000
vn 0.000000 -1.000000 0.000000
vn -0.000000 -1.000000 0.000000
vn -0.000000 -1.000000 0.000000
vn 0.000000 -1.000000 0.000000
vn -0.000000 -1.000000 0.000000
vn -0.000000 -1.000000 0.000000
vn -0.000000 -1.000000 0.000000
vn 0.000000 -1.000000 0.000000
vn -0.000000 -1.000000 0.000000
vn -0.000000 -1.000000 0.000000
vn -0.000000 -1.000000 0.000000
vn 0.000000 -1.000000 0.000000
vn -0.000000 -1.000000 0.000000
vn 0.000000 -1.000000 0.000000
vn -0.000000 -1.000000 0.000000
vn 0.000000 -1.000000 0.000000
vn -0.000000 -1.000000 0.000000
vn 0.000000 -1.000000 0.000000
vn -0.000000 -1.000000 0.000000
vn -0.000000 -1.000000 0.000000
vn 0.000000 -1.000000 0.000000
vn 0.000000 -1.000000 0.000000
vn -0.000000 -1.000000 0.000000
vn 0.000000 -1.000000 0.000000
vn -0.000000 -1.000000 0.000000
vn 0.000000 -1.000000 0.000000
vn -0.000000 -1.000000 0.000000
vn 0.000000 -1.000000 0.000000
vn -0.000000 -1.000000 0.000000
vn 0.000000 -1.000000 0.000000
vn -0.000000 -1.000000 0.000000
vn 0.000000 -1.000000 0.000000
vn -0.000000 -1.000000 0.000000
vn 0.000000 -1.000000 0.000000
vn -0.000000 -1.000000 0.000000
vn 0.000000 -1.000000 0.000000
vn -0.000000 -1.000000 0.000000
vn 0.000000 -1.000000 0.000000
vn -0.000000 -1.000000 0.000000
vn -0.000000 -1.000000 0.000000
vn 0.000000 -1.000000 0.000000
vn -0.000000 -1.000000 0.000000
vn 0.000000 -1.000000 0.000000
vn -0.000000 -1.000000 0.000000
vn 0.000000 -1.000000 0.000000
vn -0.000000 -1.000000 0.000000
vn 0.000000 -1.000000 0.000000
vn -0.000000 -1.000000 0.000000
vn 0.000000 -1.000000 0.000000
vn -0.000000 -1.000000 0.000000
vn 0.000000 -1.000000 0.000000
vn -0.000000 -1.000000 0.000000
vn 0.000000 -1.000000 0.000000
vn -0.000000 -1.000000 0.000000
vn 0.000000 -1.000000 0.000000
vn -0.000000 -1.000000 0.000000
vn 0.000000 -1.000000 0.000000
vn -0.000000 -1.000000 0.000000
vn 0.000000 -1.000000 0.000000
vn -0.000000 -1.000000 0.000000
vn -0.000000 -1.000000 -0.000000
vn -0.000000 -1.000000 0.000000
vn -0.000000 -1.000000 -0.000000
vn -0.000000 -1.000000 -0.000000
vn -0.000000 -1.000000 -0.000000
vn -0.000000 -1.000000 -0.000000
vn -0.000000 -1.000000 -0.000000
vn -0.000000 -1.000000 -0.000000
vn -0.000000 -1.000000 -0.000000
vn -0.000000 -1.000000 -0.000000
vn -0.000000 -1.000000 -0.000000
vn -0.000000 -1.000000 -0.000000
vn -0.000000 -1.000000 -0.000000
vn -0.000000 -1.000000 -0.000000
vn -0.000000 -1.000000 -0.000000
vn -0.000000 -1.000000 -0.000000
vn -0.000000 -1.000000 -0.000000
vn -0.000000 -1.000000 -0.000000
vn -0.000000 -1.000000 -0.000000
vn -0.000000 -1.000000 -0.000000
vn -0.000000 -1.000000 -0.000000
vn -0.000000 -1.000000 -0.000000
vn 0.000000 -1.000000 -0.000000
vn -0.000000 -1.000000 0.000000
vn 0.000000 -1.000000 0.000000
vn -0.000000 -1.000000 0.000000
vn -0.000000 -1.000000 0.000000
vn -0.000000 -1.000000 0.000000
vn 0.000000 -1.000000 -0.000000
vn -0.000000 -1.000000 0.000000
vn -0.000000 -1.000000 0.000000
vn 0.000000 -1.000000 0.000000
vn 0.000000 -1.000000 -0.000000
vn -0.000000 -1.000000 0.000000
vn -0.000000 -1.000000 0.000000
vn 0.000000 -1.000000 0.000000
vn 0.000000 -1.000000 -0.000000
vn -0.000000 -1.000000 0.000000
vn -0.000000 -1.000000 0.000000
vn 0.000000 -1.000000 0.000000
vn 0.000000 -1.000000 -0.000000
vn -0.000000 -1.000000 0.000000
vn -0.000000 -1.000000 0.000000
vn 0.000000 -1.000000 0.000000
vn 0.000000 -1.000000 -0.000000
vn -0.000000 -1.000000 0.000000
vn 0.000000 -1.000000 0.000000
vn -0.000000 -1.000000 0.000000
vn 0.000000 -1.000000 -0.000000
vn -0.000000 -1.000000 0.000000
vn -0.000000 -1.000000 0.000000
vn 0.000000 -1.000000 0.000000
vn 0.000000 -1.000000 -0.000000
vn -0.000000 -1.000000 0.000000
vn -0.000000 -1.000000 0.000000
vn 0.000000 -1.000000 0.000000
vn 0.000000 -1.000000 -0.000000
vn -0.000000 -1.000000 0.000000
vn 0.000000 -1.000000 0.000000
vn -0.000000 -1.000000 0.000000
vn 0.000000 -1.000000 -0.000000
vn -0.000000 -1.000000 0.000000
vn -0.000000 -1.000000 0.000000
vn 0.000000 -1.000000 0.000000
vn 0.000000 -1.000000 -0.000000
vn -0.000000 -1.000000 0.000000
vn -0.000000 -1.000000 0.000000
vn 0.000000 -1.000000 0.000000
vn 0.000000 -1.000000 -0.000000
vn -0.000000 -1.000000 0.000000
vn -0.000000 -1.000000 0.000000
vn 0.000000 -1.000000 0.000000
vn 0.000000 -1.000000 -0.000000
vn -0.000000 -1.000000 0.000000
vn -0.000000 -1.000000 0.000000
vn 0.000000 -1.000000 0.000000
vn -0.000000 -1.000000 0.000000
vn 0.000000 -1.000000 -0.000000
vn 0.000000 -1.000000 0.000000
vn -0.000000 -1.000000 0.000000
vn 0.000000 -1.000000 -0.000000
vn -0.000000 -1.000000 0.000000
vn -0.000000 -1.000000 0.000000
vn 0.000000 -1.000000 0.000000
vn 0.000000 -1.000000 -0.000000
vn -0.000000 -1.000000 0.000000
vn -0.000000 -1.000000 0.000000
vn 0.000000 -1.000000 0.000000
vn -0.000000 -1.000000 0.000000
vn 0.000000 -1.000000 -0.000000
vn 0.000000 -1.000000 0.000000
vn -0.000000 -1.000000 0.000000
vn 0.000000 -1.000000 -0.000000
vn -0.000000 -1.000000 0.000000
vn 0.000000 -1.000000 0.000000
vn -0.000000 -1.000000 0.000000
vn 0.000000 -1.000000 -0.000000
vn -0.000000 -1.000000 0.000000
vn -0.000000 -1.000000 0.000000
vn 0.000000 -1.000000 0.000000
vn 0.000000 -1.000000 -0.000000
vn -0.000000 -1.000000 0.000000
vn -0.000000 -1.000000 0.000000
vn 0.000000 -1.000000 0.000000
vn 0.000000 -1.000000 -0.000000
vn -0.000000 -1.000000 0.000000
vn 0.000000 -1.000000 0.000000
vn -0.000000 -1.000000 0.000000
vn 0.000000 -1.000000 -0.000000
vn -0.000000 -1.000000 0.000000
vn 0.000000 -1.000000 0.000000
vn -0.000000 -1.000000 0.000000
vn 0.000000 -1.000000 -0.000000
vn -0.000000 -1.000000 0.000000
vn 0.000000 -1.000000 0.000000
vn 0.000000 -1.000000 -0.000000
vn -0.000000 -1.000000 0.000000
vn 0.000000 -1.000000 0.000000
vn -0.000000 -1.000000 0.000000
vn 0.000000 -1.000000 -0.000000
vn -0.000000 -1.000000 0.000000
vn 0.000000 -1.000000 0.000000
vn -0.000000 -1.000000 0.000000
vn 0.000000 -1.000000 -0.000000
vn -0.000000 -1.000000 0.000000
vn 0.000000 -1.000000 0.000000
vn -0.000000 -1.000000 0.000000
vn 0.000000 -1.000000 -0.000000
vn -0.000000 -1.000000 0.000000
vn 0.000000 -1.000000 0.000000
vn -0.000000 -1.000000 0.000000
vn 0.000000 -1.000000 -0.000000
vn -0.000000 -1.000000 0.000000
vn 0.000000 -1.000000 0.000000
vn -0.000000 -1.000000 0.000000
vn 0.000000 -1.000000 -0.000000
vn 0.000000 -1.000000 0.000000
vn -0.000000 -1.000000 0.000000
vn -0.999908 0.000000 0.013548
vn -0.999908 0.000000 0.013548
vn -0.999175 0.000000 0.040617
vn -0.999175 0.000000 0.040617
vn -0.997710 0.000000 0.067643
vn -0.997710 0.000000 0.067643
vn -0.995510 0.000000 0.094655
vn -0.995510 0.000000 0.094655
vn -0.992583 0.000000 0.121568
vn -0.988926 0.000000 0.148410
vn -0.992583 0.000000 0.121568
vn -0.988926 0.000000 0.148410
vn -0.984546 0.000000 0.175124
vn -0.979442 0.000000 0.201728
vn -0.984546 0.000000 0.175124
vn -0.979442 0.000000 0.201728
vn -0.973621 0.000000 0.228172
vn -0.973621 0.000000 0.228172
vn -0.967082 0.000000 0.254463
vn -0.959842 0.000000 0.280542
vn -0.967082 0.000000 0.254463
vn -0.959842 0.000000 0.280542
vn -0.951886 0.000000 0.306451
vn -0.951886 0.000000 0.306451
vn -0.943246 0.000000 0.332094
vn -0.943246 0.000000 0.332094
vn -0.933901 0.000000 0.357532
vn -0.923881 0.000000 0.382679
vn -0.933901 0.000000 0.357532
vn -0.923881 0.000000 0.382679
vn -0.913175 0.000000 0.407567
vn -0.901809 0.000000 0.432134
vn -0.913175 0.000000 0.407567
vn -0.901809 0.000000 0.432134
vn -0.889774 0.000000 0.456402
vn -0.889774 0.000000 0.456402
vn -0.877087 0.000000 0.480331
vn -0.877087 0.000000 0.480331
vn -0.863758 0.000000 0.503906
vn -0.849801 0.000000 0.527104
vn -0.863758 0.000000 0.503906
vn -0.849801 0.000000 0.527104
vn -0.835207 0.000000 0.549936
vn -0.835207 0.000000 0.549936
vn -0.820016 0.000000 0.572341
vn -0.820016 0.000000 0.572341
vn -0.804217 0.000000 0.594336
vn -0.804217 0.000000 0.594336
vn -0.787823 0.000000 0.615901
vn -0.787823 0.000000 0.615901
vn -0.770861 0.000000 0.637003
vn -0.770861 0.000000 0.637003
vn -0.753327 0.000000 0.657647
vn -0.753327 0.000000 0.657647
vn -0.735236 0.000000 0.677811
vn -0.716620 0.000000 0.697464
vn -0.735236 0.000000 0.677811
vn -0.716620 0.000000 0.697464
vn -0.697468 0.000000 0.716616
vn -0.697468 0.000000 0.716616
vn -0.677807 0.000000 0.735240
vn -0.657643 0.000000 0.753330
vn -0.677807 0.000000 0.735240
vn -0.657643 0.000000 0.753330
vn -0.637007 0.000000 0.770858
vn -0.637007 0.000000 0.770858
vn -0.615905 0.000000 0.787821
vn -0.615905 0.000000 0.787821
vn -0.594333 0.000000 0.804219
vn -0.572346 0.000000 0.820012
vn -0.594333 0.000000 0.804219
vn -0.572346 0.000000 0.820012
vn -0.549929 0.000000 0.835211
vn -0.549929 0.000000 0.835211
vn -0.527106 0.000000 0.849799
vn -0.527106 0.000000 0.849799
vn -0.503906 0.000000 0.863758
vn -0.480328 0.000000 0.877089
vn -0.503906 0.000000 0.863758
vn -0.480328 0.000000 0.877089
vn -0.456399 0.000000 0.889775
vn -0.456399 0.000000 0.889775
vn -0.432143 0.000000 0.901805
vn -0.432143 0.000000 0.901805
vn -0.407558 0.000000 0.913179
vn -0.382685 0.000000 0.923879
vn -0.407558 0.000000 0.913179
vn -0.357525 0.000000 0.933903
vn -0.382685 0.000000 0.923879
vn -0.357525 0.000000 0.933903
vn -0.332106 0.000000 0.943242
vn -0.332106 0.000000 0.943242
vn -0.306436 0.000000 0.951891
vn -0.306436 0.000000 0.951891
vn -0.280552 0.000000 0.959839
vn -0.280552 0.000000 0.959839
vn -0.254457 0.000000 0.967084
vn -0.254457 0.000000 0.967084
vn -0.228177 0.000000 0.973620
vn -0.228177 0.000000 0.973620
vn -0.201729 0.000000 0.979441
vn -0.201729 0.000000 0.979441
vn -0.175124 0.000000 0.984546
vn -0.175124 0.000000 0.984546
vn -0.148409 0.000000 0.988926
vn -0.148409 0.000000 0.988926
vn -0.121568 0.000000 0.992583
vn -0.121568 0.000000 0.992583
vn -0.094648 0.000000 0.995511
vn -0.094648 0.000000 0.995511
vn -0.067658 0.000000 0.997709
vn -0.067658 0.000000 0.997709
vn -0.040609 0.000000 0.999175
vn -0.040609 0.000000 0.999175
vn -0.013541 0.000000 0.999908
vn -0.013541 0.000000 0.999908
vn 0.013541 0.000000 0.999908
vn 0.013541 0.000000 0.999908
vn 0.040610 0.000000 0.999175
vn 0.040610 0.000000 0.999175
vn 0.067657 0.000000 0.997709
vn 0.067657 0.000000 0.997709
vn 0.094648 0.000000 0.995511
vn 0.094648 0.000000 0.995511
vn 0.121568 0.000000 0.992583
vn 0.121568 0.000000 0.992583
vn 0.148409 0.000000 0.988926
vn 0.148409 0.000000 0.988926
vn 0.175127 0.000000 0.984546
vn 0.201726 0.000000 0.979442
vn 0.175127 0.000000 0.984546
vn 0.201726 0.000000 0.979442
vn 0.228180 0.000000 0.973619
vn 0.228180 0.000000 0.973619
vn 0.254457 0.000000 0.967084
vn 0.254457 0.000000 0.967084
vn 0.280548 0.000000 0.959840
vn 0.306436 0.000000 0.951891
vn 0.280548 0.000000 0.959840
vn 0.306436 0.000000 0.951891
vn 0.332106 0.000000 0.943242
vn 0.357525 0.000000 0.933903
vn 0.332106 0.000000 0.943242
vn 0.357525 0.000000 0.933903
vn 0.382685 0.000000 0.923879
vn 0.407564 0.000000 0.913177
vn 0.382685 0.000000 0.923879
vn 0.407564 0.000000 0.913177
vn 0.432137 0.000000 0.901808
vn 0.432137 0.000000 0.901808
vn 0.456399 0.000000 0.889775
vn 0.480328 0.000000 0.877089
vn 0.456399 0.000000 0.889775
vn 0.480328 0.000000 0.877089
vn 0.503906 0.000000 0.863758
vn 0.503906 0.000000 0.863758
vn 0.527113 0.000000 0.849795
vn 0.527113 0.000000 0.849795
vn 0.549923 0.000000 0.835215
vn 0.549923 0.000000 0.835215
vn 0.572349 0.000000 0.820010
vn 0.572349 0.000000 0.820010
vn 0.594333 0.000000 0.804219
vn 0.594333 0.000000 0.804219
vn 0.615901 0.000000 0.787823
vn 0.615901 0.000000 0.787823
vn 0.637007 0.000000 0.770858
vn 0.637007 0.000000 0.770858
vn 0.657647 0.000000 0.753327
vn 0.657647 0.000000 0.753327
vn 0.677804 0.000000 0.735243
vn 0.677804 0.000000 0.735243
vn 0.697471 0.000000 0.716613
vn 0.697471 0.000000 0.716613
vn 0.716616 0.000000 0.697468
vn 0.735240 0.000000 0.677807
vn 0.716616 0.000000 0.697468
vn 0.735240 0.000000 0.677807
vn 0.753327 0.000000 0.657647
vn 0.753327 0.000000 0.657647
vn 0.770858 0.000000 0.637007
vn 0.770858 0.000000 0.637007
vn 0.787827 0.000000 0.615897
vn 0.787827 0.000000 0.615897
vn 0.804213 0.000000 0.594341
vn 0.820016 0.000000 0.572341
vn 0.804213 0.000000 0.594341
vn 0.835210 0.000000 0.549931
vn 0.820016 0.000000 0.572341
vn 0.835210 0.000000 0.549931
vn 0.849797 0.000000 0.527110
vn 0.849797 0.000000 0.527110
vn 0.863758 0.000000 0.503906
vn 0.863758 0.000000 0.503906
vn 0.877090 0.000000 0.480325
vn 0.877090 0.000000 0.480325
vn 0.889774 0.000000 0.456402
vn 0.889774 0.000000 0.456402
vn 0.901807 0.000000 0.432140
vn 0.901807 0.000000 0.432140
vn 0.913178 0.000000 0.407561
vn 0.913178 0.000000 0.407561
vn 0.923879 0.000000 0.382685
vn 0.933903 0.000000 0.357525
vn 0.923879 0.000000 0.382685
vn 0.933903 0.000000 0.357525
vn 0.943244 0.000000 0.332100
vn 0.943244 0.000000 0.332100
vn 0.951889 0.000000 0.306444
vn 0.951889 0.000000 0.306444
vn 0.959840 0.000000 0.280548
vn 0.959840 0.000000 0.280548
vn 0.967084 0.000000 0.254457
vn 0.967084 0.000000 0.254457
vn 0.973621 0.000000 0.228172
vn 0.973621 0.000000 0.228172
vn 0.979442 0.000000 0.201728
vn 0.979442 0.000000 0.201728
vn 0.984545 0.000000 0.175131
vn 0.984545 0.000000 0.175131
vn 0.988927 0.000000 0.148403
vn 0.988927 0.000000 0.148403
vn 0.992582 0.000000 0.121575
vn 0.992582 0.000000 0.121575
vn 0.995511 0.000000 0.094648
vn 0.995511 0.000000 0.094648
vn 0.997709 0.000000 0.067650
vn 0.997709 0.000000 0.067650
vn 0.999175 0.000000 0.040617
vn 0.999175 0.000000 0.040617
vn 0.999908 0.000000 0.013541
vn 0.999908 0.000000 0.013541
vn -0.000000 0.000000 1.000000
vn 0.000000 0.000000 1.000000
vn -0.999906 -0.000000 -0.013703
vn -0.999906 0.000000 -0.013718
vn -0.999156 -0.000001 -0.041087
vn -0.999153 0.000001 -0.041143
vn -0.997656 -0.000001 -0.068437
vn -0.997648 0.000001 -0.068545
vn -0.995405 -0.000001 -0.095750
vn -0.995393 0.000001 -0.095877
vn -0.992410 -0.000002 -0.122971
vn -0.992386 0.000002 -0.123163
vn -0.988667 -0.000002 -0.150123
vn -0.988635 0.000002 -0.150334
vn -0.984187 -0.000002 -0.177135
vn -0.978962 -0.000003 -0.204045
vn -0.984139 0.000003 -0.177398
vn -0.973006 -0.000003 -0.230778
vn -0.978903 0.000003 -0.204327
vn -0.966319 -0.000004 -0.257348
vn -0.972926 0.000004 -0.231115
vn -0.958907 -0.000004 -0.283720
vn -0.966221 0.000004 -0.257715
vn -0.958788 0.000005 -0.284122
vn -0.950769 -0.000004 -0.309899
vn -0.950630 0.000005 -0.310327
vn -0.941933 -0.000005 -0.335800
vn -0.941760 0.000005 -0.336286
vn -0.932377 -0.000005 -0.361487
vn -0.932185 0.000006 -0.361983
vn -0.922122 -0.000006 -0.386899
vn -0.921892 0.000006 -0.387448
vn -0.911169 -0.000006 -0.412032
vn -0.910926 0.000006 -0.412570
vn -0.899551 -0.000007 -0.436815
vn -0.899263 0.000007 -0.437408
vn -0.887244 -0.000007 -0.461300
vn -0.886920 0.000007 -0.461923
vn -0.874276 -0.000007 -0.485430
vn -0.873918 0.000008 -0.486074
vn -0.860649 -0.000008 -0.509198
vn -0.860252 0.000008 -0.509869
vn -0.846374 -0.000008 -0.532588
vn -0.845940 0.000008 -0.533279
vn -0.831471 -0.000008 -0.555567
vn -0.830994 0.000009 -0.556282
vn -0.815937 -0.000009 -0.578141
vn -0.815425 0.000009 -0.578863
vn -0.799799 -0.000009 -0.600267
vn -0.799226 0.000010 -0.601030
vn -0.783053 -0.000009 -0.621955
vn -0.782447 0.000010 -0.622718
vn -0.765707 -0.000010 -0.643189
vn -0.765066 0.000010 -0.643952
vn -0.747812 -0.000011 -0.663910
vn -0.729354 -0.000011 -0.684136
vn -0.747106 0.000010 -0.664705
vn -0.728593 0.000011 -0.684947
vn -0.710325 -0.000011 -0.703874
vn -0.690776 -0.000011 -0.723068
vn -0.709524 0.000012 -0.704681
vn -0.670709 -0.000012 -0.741720
vn -0.689935 0.000012 -0.723871
vn -0.650146 -0.000012 -0.759809
vn -0.669813 0.000012 -0.742530
vn -0.629089 -0.000012 -0.777333
vn -0.649177 0.000013 -0.760637
vn -0.607551 -0.000013 -0.794280
vn -0.628080 0.000013 -0.778148
vn -0.585560 -0.000013 -0.810629
vn -0.606495 0.000013 -0.795088
vn -0.584446 0.000014 -0.811433
vn -0.563141 -0.000014 -0.826361
vn -0.561976 0.000014 -0.827154
vn -0.540298 -0.000014 -0.841474
vn -0.539061 0.000014 -0.842267
vn -0.517036 -0.000014 -0.855964
vn -0.515753 0.000015 -0.856737
vn -0.493395 -0.000015 -0.869805
vn -0.492065 0.000015 -0.870559
vn -0.469371 -0.000015 -0.883001
vn -0.467984 0.000015 -0.883737
vn -0.445022 -0.000016 -0.895520
vn -0.443576 0.000016 -0.896237
vn -0.420318 -0.000016 -0.907377
vn -0.418813 0.000016 -0.908072
vn -0.395307 -0.000016 -0.918549
vn -0.393751 0.000016 -0.919217
vn -0.369996 -0.000017 -0.929033
vn -0.368372 0.000017 -0.929678
vn -0.344398 -0.000017 -0.938824
vn -0.342739 0.000017 -0.939431
vn -0.318552 -0.000017 -0.947905
vn -0.316829 0.000018 -0.948483
vn -0.292473 -0.000018 -0.956274
vn -0.290705 0.000018 -0.956813
vn -0.266167 -0.000018 -0.963927
vn -0.239657 -0.000018 -0.970858
vn -0.264333 0.000018 -0.964432
vn -0.237773 0.000019 -0.971321
vn -0.212965 -0.000018 -0.977060
vn -0.186125 -0.000019 -0.982526
vn -0.211047 0.000019 -0.977476
vn -0.159139 -0.000019 -0.987256
vn -0.184143 0.000019 -0.982899
vn -0.132034 -0.000020 -0.991245
vn -0.157112 0.000020 -0.987581
vn -0.104835 -0.000020 -0.994490
vn -0.129965 0.000020 -0.991519
vn -0.077546 -0.000020 -0.996989
vn -0.102702 0.000021 -0.994712
vn -0.050207 -0.000021 -0.998739
vn -0.075391 0.000021 -0.997154
vn -0.022835 -0.000021 -0.999739
vn -0.047991 0.000021 -0.998848
vn 0.004572 -0.000021 -0.999990
vn -0.020577 0.000021 -0.999788
vn 0.031956 -0.000022 -0.999489
vn 0.006859 0.000022 -0.999976
vn 0.059328 -0.000022 -0.998239
vn 0.034295 0.000022 -0.999412
vn 0.061686 0.000022 -0.998096
vn 0.086652 -0.000023 -0.996239
vn 0.089054 0.000023 -0.996027
vn 0.113909 -0.000023 -0.993491
vn 0.116351 0.000023 -0.993208
vn 0.141074 -0.000023 -0.989999
vn 0.143544 0.000024 -0.989644
vn 0.168153 -0.000023 -0.985761
vn 0.170645 0.000024 -0.985333
vn 0.195087 -0.000024 -0.980786
vn 0.197613 0.000024 -0.980280
vn 0.221890 -0.000024 -0.975072
vn 0.224430 0.000024 -0.974490
vn 0.248516 -0.000025 -0.968628
vn 0.251092 0.000025 -0.967963
vn 0.274954 -0.000025 -0.961457
vn 0.301182 -0.000025 -0.953567
vn 0.277539 0.000025 -0.960714
vn 0.303792 0.000026 -0.952738
vn 0.327203 -0.000025 -0.944954
vn 0.352959 -0.000026 -0.935639
vn 0.329811 0.000026 -0.944047
vn 0.378464 -0.000026 -0.925616
vn 0.355594 0.000026 -0.934641
vn 0.403672 -0.000026 -0.914904
vn 0.381103 0.000027 -0.924533
vn 0.428590 -0.000027 -0.903499
vn 0.406315 0.000027 -0.913733
vn 0.453182 -0.000027 -0.891418
vn 0.431228 0.000027 -0.902243
vn 0.477429 -0.000027 -0.878670
vn 0.455832 0.000027 -0.890066
vn 0.501312 -0.000028 -0.865267
vn 0.480071 0.000028 -0.877230
vn 0.524835 -0.000028 -0.851204
vn 0.503956 0.000028 -0.863729
vn 0.547945 -0.000028 -0.836514
vn 0.527457 0.000028 -0.849581
vn 0.570668 -0.000029 -0.821181
vn 0.550568 0.000029 -0.834790
vn 0.592941 -0.000029 -0.805246
vn 0.573263 0.000029 -0.819371
vn 0.614785 -0.000029 -0.788695
vn 0.595530 0.000030 -0.803333
vn 0.636165 -0.000029 -0.771553
vn 0.617346 0.000030 -0.786692
vn 0.657051 -0.000030 -0.753846
vn 0.638683 0.000030 -0.769470
vn 0.677456 -0.000030 -0.735564
vn 0.659562 0.000030 -0.751650
vn 0.697357 -0.000030 -0.716724
vn 0.679937 0.000031 -0.733270
vn 0.716729 -0.000031 -0.697352
vn 0.699793 0.000031 -0.714346
vn 0.719128 0.000031 -0.694878
vn 0.735558 -0.000031 -0.677461
vn 0.753846 -0.000031 -0.657051
vn 0.737925 0.000032 -0.674883
vn 0.756150 0.000032 -0.654398
vn 0.771558 -0.000032 -0.636159
vn 0.788695 -0.000032 -0.614785
vn 0.773825 0.000032 -0.633399
vn 0.805241 -0.000032 -0.592948
vn 0.790914 0.000032 -0.611927
vn 0.821192 -0.000033 -0.570652
vn 0.807400 0.000033 -0.590004
vn 0.836500 -0.000033 -0.547967
vn 0.823278 0.000033 -0.567638
vn 0.851213 -0.000033 -0.524821
vn 0.838555 0.000034 -0.544816
vn 0.865259 -0.000034 -0.501326
vn 0.853178 0.000034 -0.521621
vn 0.878670 -0.000034 -0.477429
vn 0.867160 0.000034 -0.498029
vn 0.891421 -0.000034 -0.453177
vn 0.880502 0.000034 -0.474042
vn 0.903504 -0.000034 -0.428580
vn 0.893182 0.000035 -0.449696
vn 0.914902 -0.000035 -0.403676
vn 0.905177 0.000035 -0.425036
vn 0.916494 0.000035 -0.400049
vn 0.925620 -0.000035 -0.378454
vn 0.927125 0.000035 -0.374752
vn 0.935635 -0.000036 -0.352969
vn 0.937060 0.000036 -0.349167
vn 0.944959 -0.000036 -0.327189
vn 0.946286 0.000036 -0.323331
vn 0.953562 -0.000036 -0.301196
vn 0.954797 0.000036 -0.297260
vn 0.961458 -0.000036 -0.274951
vn 0.962597 0.000036 -0.270936
vn 0.968627 -0.000037 -0.248518
vn 0.969668 0.000037 -0.244427
vn 0.975074 -0.000037 -0.221879
vn 0.976003 0.000037 -0.217755
vn 0.980784 -0.000037 -0.195096
vn 0.985761 -0.000037 -0.168155
vn 0.981615 0.000037 -0.190873
vn 0.989999 -0.000037 -0.141072
vn 0.986481 0.000038 -0.163879
vn 0.993490 -0.000038 -0.113920
vn 0.990603 0.000038 -0.136766
vn 0.996239 -0.000038 -0.086653
vn 0.993983 0.000038 -0.109537
vn 0.996614 0.000039 -0.082217
vn 0.998239 -0.000038 -0.059316
vn 0.998495 0.000039 -0.054850
vn 0.999489 -0.000039 -0.031956
vn 0.999624 0.000039 -0.027436
vn 0.999990 -0.000039 -0.004572
vn 1.000000 0.000039 0.000000
vn 0.999739 -0.000039 0.022835
vn 0.999624 0.000039 0.027436
vn 0.998739 -0.000040 0.050196
vn 0.998495 0.000040 0.054850
vn 0.996988 -0.000040 0.077555
vn 0.996614 0.000040 0.082217
vn 0.994491 -0.000040 0.104825
vn 0.993983 0.000040 0.109537
vn 0.991244 -0.000040 0.132044
vn 0.990603 0.000041 0.136766
vn 0.987258 -0.000040 0.159128
vn 0.986481 0.000041 0.163879
vn 0.982524 -0.000041 0.186138
vn 0.981615 0.000041 0.190873
vn 0.977059 -0.000041 0.212968
vn 0.976003 0.000042 0.217755
vn 0.970859 -0.000041 0.239652
vn 0.969668 0.000042 0.244427
vn 0.963930 -0.000042 0.266156
vn 0.962597 0.000042 0.270936
vn 0.956274 -0.000042 0.292473
vn 0.954797 0.000042 0.297260
vn 0.947904 -0.000042 0.318556
vn 0.946286 0.000043 0.323331
vn 0.938820 -0.000042 0.344408
vn 0.929031 -0.000043 0.370002
vn 0.937060 0.000043 0.349167
vn 0.927126 0.000043 0.374750
vn 0.918552 -0.000043 0.395301
vn 0.907378 -0.000043 0.420315
vn 0.916492 0.000043 0.400053
vn 0.895526 -0.000043 0.445010
vn 0.905178 0.000044 0.425034
vn 0.882998 -0.000044 0.469376
vn 0.893182 0.000044 0.449696
vn 0.869805 -0.000044 0.493395
vn 0.880501 0.000044 0.474045
vn 0.855962 -0.000044 0.517038
vn 0.867163 0.000045 0.498024
vn 0.841476 -0.000044 0.540295
vn 0.853178 0.000045 0.521621
vn 0.838554 0.000045 0.544819
vn 0.826357 -0.000045 0.563146
vn 0.823278 0.000045 0.567638
vn 0.810622 -0.000045 0.585570
vn 0.807402 0.000045 0.590001
vn 0.794284 -0.000045 0.607547
vn 0.790914 0.000045 0.611927
vn 0.777338 -0.000046 0.629083
vn 0.773823 0.000046 0.633402
vn 0.759817 -0.000046 0.650137
vn 0.756152 0.000046 0.654396
vn 0.741718 -0.000046 0.670712
vn 0.737922 0.000046 0.674886
vn 0.723060 -0.000046 0.690785
vn 0.719125 0.000047 0.694881
vn 0.703871 -0.000046 0.710328
vn 0.699793 0.000047 0.714346
vn 0.684151 -0.000046 0.729340
vn 0.679943 0.000047 0.733265
vn 0.663904 -0.000047 0.747818
vn 0.659559 0.000047 0.751653
vn 0.643173 -0.000047 0.765721
vn 0.638683 0.000047 0.769470
vn 0.621966 -0.000047 0.783044
vn 0.617346 0.000048 0.786692
vn 0.600278 -0.000047 0.799791
vn 0.595527 0.000048 0.803336
vn 0.578137 -0.000048 0.815940
vn 0.555561 -0.000048 0.831476
vn 0.573267 0.000048 0.819369
vn 0.532589 -0.000048 0.846374
vn 0.550564 0.000048 0.834793
vn 0.509197 -0.000048 0.860650
vn 0.527462 0.000049 0.849579
vn 0.485436 -0.000049 0.874272
vn 0.503960 0.000049 0.863727
vn 0.461295 -0.000049 0.887247
vn 0.480071 0.000049 0.877230
vn 0.436820 -0.000049 0.899549
vn 0.455822 0.000049 0.890071
vn 0.412013 -0.000049 0.911178
vn 0.431228 0.000050 0.902243
vn 0.386903 -0.000050 0.922120
vn 0.406320 0.000050 0.913731
vn 0.361491 -0.000050 0.932376
vn 0.381103 0.000050 0.924533
vn 0.335815 -0.000050 0.941928
vn 0.355589 0.000050 0.934642
vn 0.309882 -0.000050 0.950775
vn 0.329821 0.000050 0.944044
vn 0.303792 0.000051 0.952738
vn 0.283726 -0.000051 0.958905
vn 0.277539 0.000051 0.960714
vn 0.257348 -0.000051 0.966319
vn 0.251081 0.000051 0.967966
vn 0.230778 -0.000051 0.973006
vn 0.224435 0.000051 0.974489
vn 0.204042 -0.000051 0.978962
vn 0.197608 0.000052 0.980281
vn 0.177141 -0.000051 0.984186
vn 0.170645 0.000052 0.985333
vn 0.150117 -0.000052 0.988668
vn 0.143550 0.000052 0.989643
vn 0.122978 -0.000052 0.992409
vn 0.116345 0.000052 0.993209
vn 0.095743 -0.000052 0.995406
vn 0.068442 -0.000052 0.997655
vn 0.089054 0.000052 0.996027
vn 0.041087 -0.000052 0.999156
vn 0.061697 0.000052 0.998095
vn 0.013698 -0.000053 0.999906
vn 0.034290 0.000053 0.999412
vn 0.006859 0.000053 0.999976
vn -0.013540 -0.000052 0.999908
vn -0.020577 0.000055 0.999788
vn -0.040614 -0.000054 0.999175
vn -0.067654 -0.000055 0.997709
vn -0.047997 0.000056 0.998847
vn -0.094650 -0.000057 0.995511
vn -0.075380 0.000058 0.997155
vn -0.121573 -0.000058 0.992583
vn -0.102707 0.000059 0.994712
vn -0.148401 -0.000060 0.988927
vn -0.129959 0.000061 0.991519
vn -0.175132 -0.000061 0.984545
vn -0.157118 0.000062 0.987580
vn -0.201723 -0.000062 0.979443
vn -0.184143 0.000063 0.982899
vn -0.228175 -0.000063 0.973620
vn -0.211041 0.000064 0.977477
vn -0.254460 -0.000064 0.967083
vn -0.237778 0.000066 0.971319
vn -0.280551 -0.000065 0.959839
vn -0.264338 0.000066 0.964430
vn -0.306441 -0.000066 0.951890
vn -0.290695 0.000067 0.956816
vn -0.332098 -0.000067 0.943245
vn -0.316834 0.000068 0.948481
vn -0.357532 -0.000067 0.933901
vn -0.342739 0.000069 0.939431
vn -0.382679 -0.000068 0.923881
vn -0.368372 0.000069 0.929678
vn -0.393747 0.000070 0.919219
vn -0.407559 -0.000068 0.913179
vn -0.418818 0.000070 0.908070
vn -0.432144 -0.000068 0.901804
vn -0.443572 0.000070 0.896239
vn -0.456402 -0.000069 0.889774
vn -0.467989 0.000070 0.883734
vn -0.480322 -0.000069 0.877092
vn -0.492060 0.000071 0.870561
vn -0.503915 -0.000069 0.863753
vn -0.515753 0.000070 0.856737
vn -0.527099 -0.000069 0.849804
vn -0.539069 0.000070 0.842262
vn -0.549936 -0.000069 0.835207
vn -0.561972 0.000070 0.827156
vn -0.572335 -0.000068 0.820020
vn -0.584446 0.000070 0.811433
vn -0.594347 -0.000068 0.804209
vn -0.615900 -0.000068 0.787824
vn -0.606495 0.000069 0.795088
vn -0.637002 -0.000067 0.770862
vn -0.628080 0.000069 0.778148
vn -0.657645 -0.000066 0.753328
vn -0.649181 0.000068 0.760634
vn -0.677809 -0.000066 0.735238
vn -0.669813 0.000068 0.742530
vn -0.697469 -0.000065 0.716614
vn -0.689932 0.000067 0.723874
vn -0.716609 -0.000064 0.697476
vn -0.709524 0.000066 0.704681
vn -0.735252 -0.000063 0.677793
vn -0.728596 0.000065 0.684944
vn -0.753317 -0.000062 0.657658
vn -0.747104 0.000064 0.664707
vn -0.770858 -0.000060 0.637007
vn -0.765068 0.000063 0.643950
vn -0.787835 -0.000059 0.615886
vn -0.782442 0.000062 0.622723
vn -0.804210 -0.000058 0.594345
vn -0.799226 0.000060 0.601030
vn -0.820008 -0.000056 0.572351
vn -0.815427 0.000059 0.578860
vn -0.835220 -0.000055 0.549915
vn -0.830992 0.000058 0.556285
vn -0.849797 -0.000053 0.527111
vn -0.845941 0.000056 0.533276
vn -0.863753 -0.000051 0.503916
vn -0.860252 0.000054 0.509869
vn -0.877090 -0.000049 0.480327
vn -0.873918 0.000053 0.486074
vn -0.886920 0.000051 0.461923
vn -0.889772 -0.000047 0.456404
vn -0.899262 0.000049 0.437410
vn -0.901811 -0.000046 0.432130
vn -0.910926 0.000046 0.412570
vn -0.913173 -0.000043 0.407571
vn -0.921893 0.000044 0.387446
vn -0.923887 -0.000041 0.382666
vn -0.933897 -0.000039 0.357541
vn -0.932185 0.000042 0.361983
vn -0.943245 -0.000036 0.332099
vn -0.941760 0.000040 0.336286
vn -0.951891 -0.000034 0.306435
vn -0.950630 0.000037 0.310327
vn -0.959839 -0.000031 0.280553
vn -0.958788 0.000034 0.284122
vn -0.967083 -0.000029 0.254460
vn -0.966221 0.000032 0.257715
vn -0.973622 -0.000026 0.228169
vn -0.972926 0.000029 0.231115
vn -0.979441 -0.000023 0.201731
vn -0.978903 0.000026 0.204327
vn -0.984545 -0.000020 0.175132
vn -0.984139 0.000023 0.177398
vn -0.988928 -0.000017 0.148394
vn -0.988635 0.000020 0.150334
vn -0.992583 -0.000014 0.121573
vn -0.992386 0.000017 0.123163
vn -0.995510 -0.000010 0.094656
vn -0.995393 0.000014 0.095877
vn -0.997709 -0.000007 0.067647
vn -0.997648 0.000011 0.068545
vn -0.999175 -0.000004 0.040614
vn -0.999153 0.000007 0.041143
vn -0.999906 0.000004 0.013718
vn -0.999908 0.000000 0.013546
vn 0.000000 -1.000000 -0.000000
vn -0.000000 -1.000000 0.000000
vn 0.000000 -1.000000 -0.000000
vn -0.000000 -1.000000 0.000000
vn 0.000000 -1.000000 -0.000000
vn -0.000000 -1.000000 0.000000
vn 0.000000 -1.000000 -0.000000
vn -0.000000 -1.000000 0.000000
vn 0.000000 -1.000000 -0.000000
vn -0.000000 -1.000000 0.000000
vn 0.000000 -1.000000 -0.000000
vn -0.000000 -1.000000 0.000000
vn 0.000000 -1.000000 -0.000000
vn -0.000000 -1.000000 0.000000
vn 0.000000 -1.000000 -0.000000
vn -0.000000 -1.000000 0.000000
vn -0.000000 -1.000000 0.000000
vn 0.000000 -1.000000 -0.000000
vn -0.000000 -1.000000 0.000000
vn -0.000000 -1.000000 -0.000000
vn -0.000000 -1.000000 0.000000
vn -0.000000 -1.000000 -0.000000
vn -0.000000 -1.000000 0.000000
vn -0.000000 -1.000000 -0.000000
vn -0.000000 -1.000000 0.000000
vn -0.000000 -1.000000 -0.000000
vn -0.000000 -1.000000 0.000000
vn -0.000000 -1.000000 -0.000000
vn -0.000000 -1.000000 0.000000
vn -0.000000 -1.000000 -0.000000
vn -0.000000 -1.000000 0.000000
vn -0.000000 -1.000000 -0.000000
vn -0.000000 -1.000000 0.000000
vn -0.000000 -1.000000 -0.000000
vn -0.000000 -1.000000 0.000000
vn -0.000000 -1.000000 -0.000000
vn -0.000000 -1.000000 0.000000
vn -0.000000 -1.000000 -0.000000
vn -0.000000 -1.000000 0.000000
vn -0.000000 -1.000000 -0.000000
vn -0.000000 -1.000000 0.000000
vn -0.000000 -1.000000 -0.000000
vn -0.000000 -1.000000 0.000000
vn -0.000000 -1.000000 -0.000000
vn -0.000000 -1.000000 0.000000
vn -0.000000 -1.000000 -0.000000
vn -0.000000 -1.000000 0.000000
vn -0.000000 -1.000000 -0.000000
vn -0.000000 -1.000000 0.000000
vn -0.000000 -1.000000 -0.000000
vn -0.000000 -1.000000 0.000000
vn -0.000000 -1.000000 -0.000000
vn -0.000000 -1.000000 0.000000
vn -0.000000 -1.000000 -0.000000
vn -0.000000 -1.000000 0.000000
vn -0.000000 -1.000000 -0.000000
vn -0.000000 -1.000000 0.000000
vn -0.000000 -1.000000 -0.000000
vn -0.000000 -1.000000 0.000000
vn 0.000000 -1.000000 0.000000
vn -0.000000 -1.000000 0.000000
vn 0.000000 -1.000000 0.000000
vn 0.000000 -1.000000 0.000000
vn -0.000000 -1.000000 0.000000
vn 0.000000 -1.000000 0.000000
vn -0.000000 -1.000000 0.000000
vn -0.000000 -1.000000 0.000000
vn 0.000000 -1.000000 0.000000
vn 0.000000 -1.000000 0.000000
vn -0.000000 -1.000000 0.000000
vn 0.000000 -1.000000 0.000000
vn -0.000000 -1.000000 0.000000
vn 0.000000 -1.000000 0.000000
vn -0.000000 -1.000000 0.000000
vn 0.000000 -1.000000 0.000000
vn -0.000000 -1.000000 0.000000
vn 0.000000 -1.000000 0.000000
vn 0.000000 -1.000000 0.000000
vn -0.000000 -1.000000 0.000000
vn 0.000000 -1.000000 0.000000
vn 0.000000 -1.000000 0.000000
vn 0.000000 -1.000000 0.000000
vn 0.000000 -1.000000 0.000000
vn 0.000000 -1.000000 0.000000
vn 0.000000 -1.000000 0.000000
vn 0.000000 -1.000000 0.000000
vn 0.000000 -1.000000 0.000000
vn 0.000000 -1.000000 0.000000
vn 0.000000 -1.000000 0.000000
vn 0.000000 -1.000000 0.000000
vn 0.000000 -1.000000 -0.000000
vn 0.000000 -1.000000 0.000000
vn -0.000000 -1.000000 0.000000
vn 0.000000 -1.000000 -0.000000
vn 0.000000 -1.000000 0.000000
vn -0.000000 -1.000000 0.000000
vn 0.000000 -1.000000 -0.000000
vn 0.000000 -1.000000 0.000000
vn -0.000000 -1.000000 0.000000
vn 0.000000 -1.000000 -0.000000
vn 0.000000 -1.000000 0.000000
vn -0.000000 -1.000000 0.000000
vn 0.000000 -1.000000 -0.000000
vn 0.000000 -1.000000 0.000000
vn -0.000000 -1.000000 0.000000
vn 0.000000 -1.000000 -0.000000
vn 0.000000 -1.000000 0.000000
vn -0.000000 -1.000000 0.000000
vn 0.000000 -1.000000 -0.000000
vn 0.000000 -1.000000 0.000000
vn -0.000000 -1.000000 0.000000
vn 0.000000 -1.000000 -0.000000
vn -0.000000 -1.000000 0.000000
vn 0.000000 -1.000000 0.000000
vn 0.000000 -1.000000 -0.000000
vn -0.000000 -1.000000 0.000000
vn 0.000000 -1.000000 0.000000
vn 0.000000 -1.000000 -0.000000
vn -0.000000 -1.000000 0.000000
vn 0.000000 -1.000000 0.000000
vn 0.000000 -1.000000 -0.000000
vn -0.000000 -1.000000 0.000000
vn 0.000000 -1.000000 0.000000
vn 0.000000 -1.000000 -0.000000
vn -0.000000 -1.000000 0.000000
vn 0.000000 -1.000000 0.000000
vn 0.000000 -1.000000 -0.000000
vn -0.000000 -1.000000 0.000000
vn 0.000000 -1.000000 0.000000
vn 0.000000 -1.000000 -0.000000
vn -0.000000 -1.000000 0.000000
vn 0.000000 -1.000000 0.000000
vn 0.000000 -1.000000 -0.000000
vn -0.000000 -1.000000 0.000000
vn 0.000000 -1.000000 0.000000
vn 0.000000 -1.000000 -0.000000
vn -0.000000 -1.000000 0.000000
vn 0.000000 -1.000000 0.000000
vn 0.000000 -1.000000 -0.000000
vn -0.000000 -1.000000 0.000000
vn 0.000000 -1.000000 0.000000
vn 0.000000 -1.000000 -0.000000
vn -0.000000 -1.000000 0.000000
vn 0.000000 -1.000000 -0.000000
vn 0.000000 -1.000000 -0.000000
vn -0.000000 -1.000000 0.000000
vn 0.000000 -1.000000 -0.000000
vn 0.000000 -1.000000 0.000000
vn 0.000000 -1.000000 -0.000000
vn 0.000000 -1.000000 -0.000000
vn 0.000000 -1.000000 -0.000000
vn 0.000000 -1.000000 0.000000
vn 0.000000 -1.000000 -0.000000
vn 0.000000 -1.000000 -0.000000
vn 0.000000 -1.000000 0.000000
vn 0.000000 -1.000000 -0.000000
vn 0.000000 -1.000000 -0.000000
vn 0.000000 -1.000000 -0.000000
vn 0.000000 -1.000000 0.000000
vn 0.000000 -1.000000 -0.000000
vn 0.000000 -1.000000 -0.000000
vn 0.000000 -1.000000 -0.000000
vn 0.000000 -1.000000 0.000000
vn 0.000000 -1.000000 -0.000000
vn 0.000000 -1.000000 0.000000
vn 0.000000 -1.000000 -0.000000
vn 0.000000 -1.000000 0.000000
vn 0.000000 -1.000000 -0.000000
vn 0.000000 -1.000000 0.000000
vn 0.000000 -1.000000 -0.000000
vn 0.000000 -1.000000 -0.000000
vn 0.000000 -1.000000 0.000000
vn 0.000000 -1.000000 0.000000
vn 0.000000 -1.000000 -0.000000
vn 0.000000 -1.000000 0.000000
vn 0.000000 -1.000000 -0.000000
vn 0.000000 -1.000000 0.000000
vn 0.000000 -1.000000 -0.000000
vn 0.000000 -1.000000 0.000000
vn 0.000000 -1.000000 -0.000000
vn 0.000000 -1.000000 0.000000
vn 0.000000 -1.000000 -0.000000
vn 0.000000 -1.000000 0.000000
vn 0.000000 -1.000000 -0.000000
vn 0.000000 -1.000000 0.000000
vn 0.000000 -1.000000 -0.000000
vn 0.000000 -1.000000 0.000000
vn 0.000000 -1.000000 -0.000000
vn 0.000000 -1.000000 0.000000
vn 0.000000 -1.000000 -0.000000
vn 0.000000 -1.000000 -0.000000
vn 0.000000 -1.000000 0.000000
vn 0.000000 -1.000000 -0.000000
vn 0.000000 -1.000000 0.000000
vn 0.000000 -1.000000 -0.000000
vn 0.000000 -1.000000 0.000000
vn 0.000000 -1.000000 -0.000000
vn 0.000000 -1.000000 0.000000
vn 0.000000 -1.000000 -0.000000
vn 0.000000 -1.000000 0.000000
vn 0.000000 -1.000000 -0.000000
vn 0.000000 -1.000000 0.000000
vn 0.000000 -1.000000 -0.000000
vn 0.000000 -1.000000 0.000000
vn 0.000000 -1.000000 -0.000000
vn 0.000000 -1.000000 0.000000
vn 0.000000 -1.000000 -0.000000
vn 0.000000 -1.000000 0.000000
vn 0.000000 -1.000000 -0.000000
vn 0.000000 -1.000000 0.000000
vn 0.000000 -1.000000 0.000000
vn 0.000000 -1.000000 -0.000000
vn -0.000000 -1.000000 0.000000
vn 0.000000 -1.000000 0.000000
vn 0.000000 -1.000000 0.000000
vn 0.000000 -1.000000 0.000000
vn 0.000000 -1.000000 0.000000
vn 0.000000 -1.000000 0.000000
vn 0.000000 -1.000000 0.000000
vn 0.000000 -1.000000 0.000000
vn 0.000000 -1.000000 0.000000
vn 0.000000 -1.000000 0.000000
vn 0.000000 -1.000000 0.000000
vn 0.000000 -1.000000 0.000000
vn 0.000000 -1.000000 0.000000
vn 0.000000 -1.000000 0.000000
vn 0.000000 -1.000000 0.000000
vn 0.000000 -1.000000 0.000000
vn 0.000000 -1.000000 0.000000
vn 0.000000 -1.000000 0.000000
vn 0.000000 -1.000000 0.000000
vn 0.000000 -1.000000 0.000000
vn 0.000000 -1.000000 0.000000
vn -0.000000 -1.000000 0.000000
vn 0.000000 -1.000000 -0.000000
vn -0.000000 -1.000000 0.000000
vn 0.000000 -1.000000 0.000000
vn 0.000000 -1.000000 -0.000000
vn 0.000000 -1.000000 0.000000
vn -0.000000 -1.000000 0.000000
vn 0.000000 -1.000000 0.000000
vn 0.000000 -1.000000 -0.000000
vn 0.000000 -1.000000 0.000000
vn -0.000000 -1.000000 0.000000
vn 0.000000 -1.000000 0.000000
vn 0.000000 -1.000000 -0.000000
vn 0.000000 -1.000000 0.000000
vn -0.000000 -1.000000 0.000000
vn 0.000000 -1.000000 0.000000
vn 0.000000 -1.000000 -0.000000
vn 0.000000 -1.000000 0.000000
vn -0.000000 -1.000000 0.000000
vn 0.000000 -1.000000 0.000000
vn 0.000000 -1.000000 0.000000
vn 0.000000 -1.000000 -0.000000
vn -0.000000 -1.000000 0.000000
vn 0.000000 -1.000000 0.000000
vn 0.000000 -1.000000 -0.000000
vn 0.000000 -1.000000 0.000000
vn -0.000000 -1.000000 0.000000
vn 0.000000 -1.000000 0.000000
vn 0.000000 -1.000000 0.000000
vn 0.000000 -1.000000 -0.000000
vn -0.000000 -1.000000 0.000000
vn 0.000000 -1.000000 0.000000
vn 0.000000 -1.000000 0.000000
vn 0.000000 -1.000000 -0.000000
vn -0.000000 -1.000000 0.000000
vn 0.000000 -1.000000 0.000000
vn 0.000000 -1.000000 0.000000
vn 0.000000 -1.000000 -0.000000
vn -0.000000 -1.000000 0.000000
vn 0.000000 -1.000000 0.000000
vn 0.000000 -1.000000 -0.000000
vn 0.000000 -1.000000 0.000000
vn -0.000000 -1.000000 0.000000
vn 0.000000 -1.000000 0.000000
vn 0.000000 -1.000000 0.000000
vn 0.000000 -1.000000 -0.000000
vn -0.000000 -1.000000 0.000000
vn 0.000000 -1.000000 0.000000
vn 0.000000 -1.000000 0.000000
vn 0.000000 -1.000000 -0.000000
vn -0.000000 -1.000000 0.000000
vn 0.000000 -1.000000 0.000000
vn 0.000000 -1.000000 0.000000
vn 0.000000 -1.000000 -0.000000
vn 0.000000 -1.000000 0.000000
vn -0.000000 -1.000000 0.000000
vn 0.000000 -1.000000 0.000000
vn 0.000000 -1.000000 -0.000000
vn 0.000000 -1.000000 0.000000
vn -0.000000 -1.000000 0.000000
vn 0.000000 -1.000000 -0.000000
vn 0.000000 -1.000000 0.000000
vn 0.000000 -1.000000 0.000000
vn -0.000000 -1.000000 0.000000
vn 0.000000 -1.000000 0.000000
vn 0.000000 -1.000000 -0.000000
vn 0.000000 -1.000000 0.000000
vn -0.000000 -1.000000 0.000000
vn 0.000000 -1.000000 0.000000
vn 0.000000 -1.000000 -0.000000
vn 0.000000 -1.000000 0.000000
vn -0.000000 -1.000000 0.000000
vn 0.000000 -1.000000 0.000000
vn 0.000000 -1.000000 -0.000000
vn -0.000000 -1.000000 0.000000
vn 0.000000 -1.000000 0.000000
vn 0.000000 -1.000000 0.000000
vn 0.000000 -1.000000 -0.000000
vn -0.000000 -1.000000 0.000000
vn 0.000000 -1.000000 0.000000
vn 0.000000 -1.000000 0.000000
vn 0.000000 -1.000000 -0.000000
vn -0.000000 -1.000000 0.000000
vn 0.000000 -1.000000 0.000000
vn 0.000000 -1.000000 -0.000000
vn 0.000000 -1.000000 0.000000
vn -0.000000 -1.000000 0.000000
vn 0.000000 -1.000000 0.000000
vn 0.000000 -1.000000 -0.000000
vn 0.000000 -1.000000 0.000000
vn -0.000000 -1.000000 0.000000
vn 0.000000 -1.000000 -0.000000
vn 0.000000 -1.000000 0.000000
vn -0.000000 -1.000000 0.000000
vn 0.000000 -1.000000 0.000000
vn 0.000000 -1.000000 0.000000
vn 0.000000 -1.000000 -0.000000
vn -0.000000 -1.000000 0.000000
vn 0.000000 -1.000000 0.000000
vn 0.000000 -1.000000 -0.000000
vn 0.000000 -1.000000 0.000000
vn -0.000000 -1.000000 0.000000
vn 0.000000 -1.000000 0.000000
vn 0.000000 -1.000000 0.000000
vn 0.000000 -1.000000 -0.000000
vn -0.000000 -1.000000 0.000000
vn 0.000000 -1.000000 0.000000
vn 0.000000 -1.000000 -0.000000
vn 0.000000 -1.000000 0.000000
vn -0.000000 -1.000000 0.000000
vn 0.000000 -1.000000 0.000000
vn 0.000000 -1.000000 -0.000000
vn 0.000000 -1.000000 0.000000
vn -0.000000 -1.000000 0.000000
vn 0.000000 -1.000000 -0.000000
vn 0.000000 -1.000000 0.000000
vn -0.013541 0.000000 0.999908
vn -0.013541 0.000000 0.999908
vn -0.040610 0.000000 0.999175
vn -0.040610 0.000000 0.999175
vn -0.067657 0.000000 0.997709
vn -0.067657 0.000000 0.997709
vn -0.094648 0.000000 0.995511
vn -0.094648 0.000000 0.995511
vn -0.121568 0.000000 0.992583
vn -0.121568 0.000000 0.992583
vn -0.148409 0.000000 0.988926
vn -0.148409 0.000000 0.988926
vn -0.175127 0.000000 0.984546
vn -0.201726 0.000000 0.979442
vn -0.175127 0.000000 0.984546
vn -0.201726 0.000000 0.979442
vn -0.228180 0.000000 0.973619
vn -0.228180 0.000000 0.973619
vn -0.254457 0.000000 0.967084
vn -0.254457 0.000000 0.967084
vn -0.280548 0.000000 0.959840
vn -0.306436 0.000000 0.951891
vn -0.280548 0.000000 0.959840
vn -0.306436 0.000000 0.951891
vn -0.332106 0.000000 0.943242
vn -0.357525 0.000000 0.933903
vn -0.332106 0.000000 0.943242
vn -0.357525 0.000000 0.933903
vn -0.382685 0.000000 0.923879
vn -0.407564 0.000000 0.913177
vn -0.382685 0.000000 0.923879
vn -0.407564 0.000000 0.913177
vn -0.432137 0.000000 0.901808
vn -0.432137 0.000000 0.901808
vn -0.456399 0.000000 0.889775
vn -0.480328 0.000000 0.877089
vn -0.456399 0.000000 0.889775
vn -0.480328 0.000000 0.877089
vn -0.503906 0.000000 0.863758
vn -0.503906 0.000000 0.863758
vn -0.527113 0.000000 0.849795
vn -0.527113 0.000000 0.849795
vn -0.549923 0.000000 0.835215
vn -0.549923 0.000000 0.835215
vn -0.572349 0.000000 0.820010
vn -0.572349 0.000000 0.820010
vn -0.594333 0.000000 0.804219
vn -0.594333 0.000000 0.804219
vn -0.615901 0.000000 0.787823
vn -0.615901 0.000000 0.787823
vn -0.637007 0.000000 0.770858
vn -0.637007 0.000000 0.770858
vn -0.657647 0.000000 0.753327
vn -0.657647 0.000000 0.753327
vn -0.677804 0.000000 0.735243
vn -0.677804 0.000000 0.735243
vn -0.697471 0.000000 0.716613
vn -0.697471 0.000000 0.716613
vn -0.716616 0.000000 0.697468
vn -0.735240 0.000000 0.677807
vn -0.716616 0.000000 0.697468
vn -0.735240 0.000000 0.677807
vn -0.753327 0.000000 0.657647
vn -0.753327 0.000000 0.657647
vn -0.770858 0.000000 0.637007
vn -0.770858 0.000000 0.637007
vn -0.787827 0.000000 0.615897
vn -0.787827 0.000000 0.615897
vn -0.804213 0.000000 0.594341
vn -0.820016 0.000000 0.572341
vn -0.804213 0.000000 0.594341
vn -0.835210 0.000000 0.549931
vn -0.820016 0.000000 0.572341
vn -0.835210 0.000000 0.549931
vn -0.849797 0.000000 0.527110
vn -0.849797 0.000000 0.527110
vn -0.863758 0.000000 0.503906
vn -0.863758 0.000000 0.503906
vn -0.877090 0.000000 0.480325
vn -0.877090 0.000000 0.480325
vn -0.889774 0.000000 0.456402
vn -0.889774 0.000000 0.456402
vn -0.901807 0.000000 0.432140
vn -0.901807 0.000000 0.432140
vn -0.913178 0.000000 0.407561
vn -0.913178 0.000000 0.407561
vn -0.923879 0.000000 0.382685
vn -0.933903 0.000000 0.357525
vn -0.923879 0.000000 0.382685
vn -0.933903 0.000000 0.357525
vn -0.943244 0.000000 0.332100
vn -0.943244 0.000000 0.332100
vn -0.951889 0.000000 0.306444
vn -0.951889 0.000000 0.306444
vn -0.959840 0.000000 0.280548
vn -0.959840 0.000000 0.280548
vn -0.967084 0.000000 0.254457
vn -0.967084 0.000000 0.254457
vn -0.973621 0.000000 0.228172
vn -0.973621 0.000000 0.228172
vn -0.979442 0.000000 0.201728
vn -0.979442 0.000000 0.201728
vn -0.984545 0.000000 0.175131
vn -0.984545 0.000000 0.175131
vn -0.988927 0.000000 0.148403
vn -0.988927 0.000000 0.148403
vn -0.992582 0.000000 0.121575
vn -0.992582 0.000000 0.121575
vn -0.995511 0.000000 0.094648
vn -0.995511 0.000000 0.094648
vn -0.997709 0.000000 0.067650
vn -0.997709 0.000000 0.067650
vn -0.999175 0.000000 0.040617
vn -0.999175 0.000000 0.040617
vn -0.999908 0.000000 0.013541
vn -0.999908 0.000000 0.013541
vn 0.000000 -0.000000 1.000000
vn 0.000000 0.000000 1.000000
vn 0.999908 0.000000 0.013548
vn 0.999908 0.000000 0.013548
vn 0.999175 0.000000 0.040617
vn 0.999175 0.000000 0.040617
vn 0.997710 0.000000 0.067643
vn 0.997710 0.000000 0.067643
vn 0.995510 0.000000 0.094655
vn 0.995510 0.000000 0.094655
vn 0.992583 0.000000 0.121568
vn 0.988926 -0.000000 0.148410
vn 0.992583 0.000000 0.121568
vn 0.988926 0.000000 0.148410
vn 0.984546 0.000000 0.175124
vn 0.979442 -0.000000 0.201728
vn 0.984546 0.000000 0.175124
vn 0.979442 0.000000 0.201728
vn 0.973621 0.000000 0.228172
vn 0.973621 0.000000 0.228172
vn 0.967082 0.000000 0.254463
vn 0.959842 -0.000000 0.280542
vn 0.967082 0.000000 0.254463
vn 0.959842 0.000000 0.280542
vn 0.951886 0.000000 0.306451
vn 0.951886 0.000000 0.306451
vn 0.943246 0.000000 0.332094
vn 0.943246 0.000000 0.332094
vn 0.933901 0.000000 0.357532
vn 0.923881 -0.000000 0.382679
vn 0.933901 0.000000 0.357532
vn 0.923881 0.000000 0.382679
vn 0.913175 0.000000 0.407567
vn 0.901809 -0.000000 0.432134
vn 0.913175 0.000000 0.407567
vn 0.901809 0.000000 0.432134
vn 0.889774 0.000000 0.456402
vn 0.889774 0.000000 0.456402
vn 0.877087 0.000000 0.480331
vn 0.877087 0.000000 0.480331
vn 0.863758 0.000000 0.503906
vn 0.849801 -0.000000 0.527104
vn 0.863758 0.000000 0.503906
vn 0.849801 0.000000 0.527104
vn 0.835207 0.000000 0.549936
vn 0.835207 0.000000 0.549936
vn 0.820016 -0.000000 0.572341
vn 0.820016 0.000000 0.572341
vn 0.804217 0.000000 0.594336
vn 0.804217 0.000000 0.594336
vn 0.787823 0.000000 0.615901
vn 0.787823 0.000000 0.615901
vn 0.770861 0.000000 0.637003
vn 0.770861 0.000000 0.637003
vn 0.753327 0.000000 0.657647
vn 0.753327 0.000000 0.657647
vn 0.735236 0.000000 0.677811
vn 0.716620 -0.000000 0.697464
vn 0.735236 0.000000 0.677811
vn 0.716620 0.000000 0.697464
vn 0.697468 0.000000 0.716616
vn 0.697468 0.000000 0.716616
vn 0.677807 0.000000 0.735240
vn 0.657643 -0.000000 0.753330
vn 0.677807 0.000000 0.735240
vn 0.657643 0.000000 0.753330
vn 0.637007 0.000000 0.770858
vn 0.637007 0.000000 0.770858
vn 0.615905 0.000000 0.787821
vn 0.615905 0.000000 0.787821
vn 0.594333 0.000000 0.804219
vn 0.572346 -0.000000 0.820012
vn 0.594333 0.000000 0.804219
vn 0.572346 0.000000 0.820012
vn 0.549929 0.000000 0.835211
vn 0.549929 0.000000 0.835211
vn 0.527106 0.000000 0.849799
vn 0.527106 0.000000 0.849799
vn 0.503906 0.000000 0.863758
vn 0.480328 -0.000000 0.877089
vn 0.503906 0.000000 0.863758
vn 0.480328 0.000000 0.877089
vn 0.456399 0.000000 0.889775
vn 0.456399 0.000000 0.889775
vn 0.432143 0.000000 0.901805
vn 0.432143 0.000000 0.901805
vn 0.407558 0.000000 0.913179
vn 0.382685 -0.000000 0.923879
vn 0.407558 0.000000 0.913179
vn 0.357525 -0.000000 0.933903
vn 0.382685 0.000000 0.923879
vn 0.357525 0.000000 0.933903
vn 0.332106 -0.000000 0.943242
vn 0.332106 0.000000 0.943242
vn 0.306436 0.000000 0.951891
vn 0.306436 0.000000 0.951891
vn 0.280552 -0.000000 0.959839
vn 0.280552 0.000000 0.959839
vn 0.254457 0.000000 0.967084
vn 0.254457 0.000000 0.967084
vn 0.228177 -0.000000 0.973620
vn 0.228177 0.000000 0.973620
vn 0.201729 -0.000000 0.979441
vn 0.201729 0.000000 0.979441
vn 0.175124 0.000000 0.984546
vn 0.175124 0.000000 0.984546
vn 0.148409 0.000000 0.988926
vn 0.148409 0.000000 0.988926
vn 0.121568 0.000000 0.992583
vn 0.121568 0.000000 0.992583
vn 0.094648 0.000000 0.995511
vn 0.094648 0.000000 0.995511
vn 0.067658 -0.000000 0.997709
vn 0.067658 0.000000 0.997709
vn 0.040609 0.000000 0.999175
vn 0.040609 0.000000 0.999175
vn 0.013541 0.000000 0.999908
vn 0.013541 0.000000 0.999908
vn 0.999906 0.000000 -0.013703
vn 0.999906 0.000000 -0.013718
vn 0.999156 -0.000001 -0.041087
vn 0.999153 0.000001 -0.041143
vn 0.997656 -0.000001 -0.068437
vn 0.997648 0.000001 -0.068545
vn 0.995405 -0.000001 -0.095750
vn 0.995393 0.000001 -0.095877
vn 0.992410 -0.000002 -0.122971
vn 0.992386 0.000002 -0.123163
vn 0.988667 -0.000002 -0.150123
vn 0.988635 0.000002 -0.150334
vn 0.984187 -0.000002 -0.177135
vn 0.978962 -0.000003 -0.204045
vn 0.984139 0.000003 -0.177398
vn 0.973006 -0.000003 -0.230778
vn 0.978903 0.000003 -0.204327
vn 0.966319 -0.000004 -0.257348
vn 0.972926 0.000004 -0.231115
vn 0.958907 -0.000004 -0.283720
vn 0.966221 0.000004 -0.257715
vn 0.958788 0.000005 -0.284122
vn 0.950769 -0.000004 -0.309899
vn 0.950630 0.000005 -0.310327
vn 0.941933 -0.000005 -0.335800
vn 0.941760 0.000005 -0.336286
vn 0.932377 -0.000005 -0.361487
vn 0.932185 0.000006 -0.361983
vn 0.922122 -0.000006 -0.386899
vn 0.921892 0.000006 -0.387448
vn 0.911169 -0.000006 -0.412032
vn 0.910926 0.000006 -0.412570
vn 0.899551 -0.000007 -0.436815
vn 0.899263 0.000007 -0.437408
vn 0.887244 -0.000007 -0.461300
vn 0.886920 0.000007 -0.461923
vn 0.874276 -0.000007 -0.485430
vn 0.873918 0.000008 -0.486074
vn 0.860649 -0.000008 -0.509198
vn 0.860252 0.000008 -0.509869
vn 0.846374 -0.000008 -0.532588
vn 0.845940 0.000008 -0.533279
vn 0.831471 -0.000008 -0.555567
vn 0.830994 0.000009 -0.556282
vn 0.815937 -0.000009 -0.578141
vn 0.815425 0.000009 -0.578863
vn 0.799799 -0.000009 -0.600267
vn 0.799226 0.000010 -0.601030
vn 0.783053 -0.000009 -0.621955
vn 0.782447 0.000010 -0.622718
vn 0.765707 -0.000010 -0.643189
vn 0.765066 0.000010 -0.643952
vn 0.747812 -0.000011 -0.663910
vn 0.729354 -0.000011 -0.684136
vn 0.747106 0.000010 -0.664705
vn 0.728593 0.000011 -0.684947
vn 0.710325 -0.000011 -0.703874
vn 0.690777 -0.000011 -0.723068
vn 0.709524 0.000012 -0.704681
vn 0.670709 -0.000012 -0.741720
vn 0.689935 0.000012 -0.723871
vn 0.650146 -0.000012 -0.759809
vn 0.669813 0.000012 -0.742530
vn 0.629089 -0.000012 -0.777333
vn 0.649177 0.000013 -0.760637
vn 0.607551 -0.000013 -0.794280
vn 0.628080 0.000013 -0.778148
vn 0.585560 -0.000013 -0.810629
vn 0.606495 0.000013 -0.795088
vn 0.584446 0.000014 -0.811433
vn 0.563141 -0.000014 -0.826361
vn 0.561976 0.000014 -0.827154
vn 0.540298 -0.000014 -0.841474
vn 0.539061 0.000014 -0.842267
vn 0.517036 -0.000014 -0.855964
vn 0.515753 0.000015 -0.856737
vn 0.493395 -0.000015 -0.869805
vn 0.492065 0.000015 -0.870559
vn 0.469371 -0.000015 -0.883001
vn 0.467984 0.000015 -0.883737
vn 0.445022 -0.000016 -0.895520
vn 0.443576 0.000016 -0.896237
vn 0.420318 -0.000016 -0.907377
vn 0.418813 0.000016 -0.908072
vn 0.395307 -0.000016 -0.918549
vn 0.393751 0.000016 -0.919217
vn 0.369996 -0.000017 -0.929033
vn 0.368372 0.000017 -0.929678
vn 0.344398 -0.000017 -0.938824
vn 0.342739 0.000017 -0.939431
vn 0.318552 -0.000017 -0.947905
vn 0.316829 0.000018 -0.948483
vn 0.292473 -0.000018 -0.956274
vn 0.290705 0.000018 -0.956813
vn 0.266167 -0.000018 -0.963927
vn 0.239657 -0.000018 -0.970858
vn 0.264333 0.000018 -0.964432
vn 0.237773 0.000019 -0.971321
vn 0.212965 -0.000018 -0.977060
vn 0.186125 -0.000019 -0.982526
vn 0.211047 0.000019 -0.977476
vn 0.159139 -0.000019 -0.987256
vn 0.184143 0.000019 -0.982899
vn 0.132034 -0.000020 -0.991245
vn 0.157112 0.000020 -0.987581
vn 0.104835 -0.000020 -0.994490
vn 0.129965 0.000020 -0.991519
vn 0.077546 -0.000020 -0.996989
vn 0.102702 0.000021 -0.994712
vn 0.050207 -0.000021 -0.998739
vn 0.075391 0.000021 -0.997154
vn 0.022835 -0.000021 -0.999739
vn 0.047991 0.000021 -0.998848
vn -0.004572 -0.000021 -0.999990
vn 0.020577 0.000021 -0.999788
vn -0.031956 -0.000022 -0.999489
vn -0.006859 0.000022 -0.999976
vn -0.059328 -0.000022 -0.998239
vn -0.034295 0.000022 -0.999412
vn -0.061686 0.000022 -0.998096
vn -0.086652 -0.000023 -0.996239
vn -0.089054 0.000023 -0.996027
vn -0.113909 -0.000023 -0.993491
vn -0.116351 0.000023 -0.993208
vn -0.141074 -0.000023 -0.989999
vn -0.143544 0.000024 -0.989644
vn -0.168153 -0.000023 -0.985761
vn -0.170645 0.000024 -0.985333
vn -0.195087 -0.000024 -0.980786
vn -0.197613 0.000024 -0.980280
vn -0.221890 -0.000024 -0.975072
vn -0.224430 0.000024 -0.974490
vn -0.248515 -0.000025 -0.968628
vn -0.251092 0.000025 -0.967963
vn -0.274954 -0.000025 -0.961457
vn -0.301182 -0.000025 -0.953567
vn -0.277539 0.000025 -0.960714
vn -0.303792 0.000026 -0.952738
vn -0.327203 -0.000025 -0.944954
vn -0.352959 -0.000026 -0.935639
vn -0.329811 0.000026 -0.944047
vn -0.378464 -0.000026 -0.925616
vn -0.355594 0.000026 -0.934641
vn -0.403672 -0.000026 -0.914904
vn -0.381103 0.000027 -0.924533
vn -0.428590 -0.000027 -0.903499
vn -0.406315 0.000027 -0.913733
vn -0.453182 -0.000027 -0.891418
vn -0.431228 0.000027 -0.902243
vn -0.477429 -0.000027 -0.878670
vn -0.455832 0.000027 -0.890066
vn -0.501312 -0.000028 -0.865267
vn -0.480071 0.000028 -0.877230
vn -0.524835 -0.000028 -0.851204
vn -0.503956 0.000028 -0.863729
vn -0.547945 -0.000028 -0.836514
vn -0.527457 0.000028 -0.849581
vn -0.570668 -0.000029 -0.821181
vn -0.550568 0.000029 -0.834790
vn -0.592941 -0.000029 -0.805246
vn -0.573263 0.000029 -0.819371
vn -0.614785 -0.000029 -0.788695
vn -0.595530 0.000030 -0.803333
vn -0.636165 -0.000029 -0.771553
vn -0.617346 0.000030 -0.786692
vn -0.657051 -0.000030 -0.753846
vn -0.638683 0.000030 -0.769470
vn -0.677456 -0.000030 -0.735564
vn -0.659562 0.000030 -0.751650
vn -0.697357 -0.000030 -0.716724
vn -0.679937 0.000031 -0.733270
vn -0.716729 -0.000031 -0.697352
vn -0.699793 0.000031 -0.714346
vn -0.719128 0.000031 -0.694878
vn -0.735558 -0.000031 -0.677461
vn -0.753846 -0.000031 -0.657051
vn -0.737925 0.000032 -0.674883
vn -0.756150 0.000032 -0.654398
vn -0.771558 -0.000032 -0.636159
vn -0.788695 -0.000032 -0.614785
vn -0.773825 0.000032 -0.633399
vn -0.805241 -0.000032 -0.592948
vn -0.790914 0.000032 -0.611927
vn -0.821192 -0.000033 -0.570652
vn -0.807400 0.000033 -0.590004
vn -0.836500 -0.000033 -0.547967
vn -0.823278 0.000033 -0.567638
vn -0.851213 -0.000033 -0.524821
vn -0.838555 0.000034 -0.544816
vn -0.865259 -0.000034 -0.501326
vn -0.853178 0.000034 -0.521621
vn -0.878670 -0.000034 -0.477429
vn -0.867160 0.000034 -0.498029
vn -0.891421 -0.000034 -0.453177
vn -0.880502 0.000034 -0.474042
vn -0.903504 -0.000034 -0.428580
vn -0.893182 0.000035 -0.449696
vn -0.914902 -0.000035 -0.403676
vn -0.905177 0.000035 -0.425036
vn -0.916494 0.000035 -0.400049
vn -0.925620 -0.000035 -0.378454
vn -0.927125 0.000035 -0.374752
vn -0.935635 -0.000036 -0.352969
vn -0.937060 0.000036 -0.349167
vn -0.944959 -0.000036 -0.327189
vn -0.946286 0.000036 -0.323331
vn -0.953562 -0.000036 -0.301196
vn -0.954797 0.000036 -0.297260
vn -0.961458 -0.000036 -0.274951
vn -0.962597 0.000036 -0.270936
vn -0.968627 -0.000037 -0.248518
vn -0.969668 0.000037 -0.244427
vn -0.975074 -0.000037 -0.221879
vn -0.976003 0.000037 -0.217755
vn -0.980784 -0.000037 -0.195096
vn -0.985761 -0.000037 -0.168155
vn -0.981615 0.000037 -0.190873
vn -0.989999 -0.000037 -0.141072
vn -0.986481 0.000038 -0.163879
vn -0.993490 -0.000038 -0.113920
vn -0.990603 0.000038 -0.136766
vn -0.996239 -0.000038 -0.086653
vn -0.993983 0.000038 -0.109537
vn -0.996614 0.000039 -0.082217
vn -0.998239 -0.000038 -0.059316
vn -0.998495 0.000039 -0.054850
vn -0.999489 -0.000039 -0.031956
vn -0.999624 0.000039 -0.027436
vn -0.999990 -0.000039 -0.004572
vn -1.000000 0.000039 0.000000
vn -0.999739 -0.000039 0.022835
vn -0.999624 0.000039 0.027436
vn -0.998739 -0.000040 0.050196
vn -0.998495 0.000040 0.054850
vn -0.996988 -0.000040 0.077555
vn -0.996614 0.000040 0.082217
vn -0.994491 -0.000040 0.104825
vn -0.993983 0.000040 0.109537
vn -0.991244 -0.000040 0.132044
vn -0.990603 0.000041 0.136766
vn -0.987258 -0.000040 0.159128
vn -0.986481 0.000041 0.163879
vn -0.982524 -0.000041 0.186138
vn -0.981615 0.000041 0.190873
vn -0.977059 -0.000041 0.212968
vn -0.976003 0.000042 0.217755
vn -0.970859 -0.000041 0.239652
vn -0.969668 0.000042 0.244427
vn -0.963930 -0.000042 0.266156
vn -0.962597 0.000042 0.270936
vn -0.956274 -0.000042 0.292473
vn -0.954797 0.000042 0.297260
vn -0.947904 -0.000042 0.318556
vn -0.946286 0.000043 0.323331
vn -0.938820 -0.000042 0.344408
vn -0.929031 -0.000043 0.370002
vn -0.937060 0.000043 0.349167
vn -0.927126 0.000043 0.374750
vn -0.918552 -0.000043 0.395301
vn -0.907378 -0.000043 0.420315
vn -0.916492 0.000043 0.400053
vn -0.895526 -0.000043 0.445010
vn -0.905178 0.000044 0.425034
vn -0.882998 -0.000044 0.469376
vn -0.893182 0.000044 0.449696
vn -0.869805 -0.000044 0.493395
vn -0.880501 0.000044 0.474045
vn -0.855962 -0.000044 0.517039
vn -0.867163 0.000045 0.498024
vn -0.841476 -0.000044 0.540295
vn -0.853178 0.000045 0.521621
vn -0.838554 0.000045 0.544819
vn -0.826357 -0.000045 0.563146
vn -0.823278 0.000045 0.567638
vn -0.810622 -0.000045 0.585570
vn -0.807402 0.000045 0.590001
vn -0.794284 -0.000045 0.607547
vn -0.790914 0.000045 0.611927
vn -0.777338 -0.000046 0.629083
vn -0.773823 0.000046 0.633402
vn -0.759817 -0.000046 0.650137
vn -0.756152 0.000046 0.654396
vn -0.741718 -0.000046 0.670712
vn -0.737922 0.000046 0.674886
vn -0.723060 -0.000046 0.690785
vn -0.719125 0.000047 0.694881
vn -0.703871 -0.000046 0.710328
vn -0.699793 0.000047 0.714346
vn -0.684151 -0.000046 0.729340
vn -0.679943 0.000047 0.733265
vn -0.663904 -0.000047 0.747818
vn -0.659559 0.000047 0.751653
vn -0.643173 -0.000047 0.765721
vn -0.638683 0.000047 0.769470
vn -0.621966 -0.000047 0.783044
vn -0.617346 0.000048 0.786692
vn -0.600278 -0.000047 0.799791
vn -0.595527 0.000048 0.803336
vn -0.578137 -0.000048 0.815940
vn -0.555561 -0.000048 0.831476
vn -0.573267 0.000048 0.819369
vn -0.532589 -0.000048 0.846374
vn -0.550564 0.000048 0.834793
vn -0.509197 -0.000048 0.860650
vn -0.527462 0.000049 0.849579
vn -0.485436 -0.000049 0.874272
vn -0.503960 0.000049 0.863727
vn -0.461295 -0.000049 0.887247
vn -0.480071 0.000049 0.877230
vn -0.436820 -0.000049 0.899549
vn -0.455822 0.000049 0.890071
vn -0.412013 -0.000049 0.911178
vn -0.431228 0.000050 0.902243
vn -0.386903 -0.000050 0.922120
vn -0.406320 0.000050 0.913731
vn -0.361491 -0.000050 0.932376
vn -0.381103 0.000050 0.924533
vn -0.335815 -0.000050 0.941928
vn -0.355589 0.000050 0.934642
vn -0.309882 -0.000050 0.950775
vn -0.329821 0.000050 0.944044
vn -0.303792 0.000051 0.952738
vn -0.283726 -0.000051 0.958905
vn -0.277539 0.000051 0.960714
vn -0.257348 -0.000051 0.966319
vn -0.251081 0.000051 0.967966
vn -0.230778 -0.000051 0.973006
vn -0.224435 0.000051 0.974489
vn -0.204042 -0.000051 0.978962
vn -0.197608 0.000052 0.980281
vn -0.177141 -0.000051 0.984186
vn -0.170645 0.000052 0.985333
vn -0.150117 -0.000052 0.988668
vn -0.143550 0.000052 0.989643
vn -0.122978 -0.000052 0.992409
vn -0.116345 0.000052 0.993209
vn -0.095743 -0.000052 0.995406
vn -0.068442 -0.000052 0.997655
vn -0.089054 0.000052 0.996027
vn -0.041087 -0.000052 0.999156
vn -0.061697 0.000052 0.998095
vn -0.013698 -0.000053 0.999906
vn -0.034290 0.000053 0.999412
vn -0.006859 0.000053 0.999976
vn 0.013540 -0.000052 0.999908
vn 0.020577 0.000055 0.999788
vn 0.040614 -0.000054 0.999175
vn 0.067654 -0.000055 0.997709
vn 0.047997 0.000056 0.998847
vn 0.094650 -0.000057 0.995511
vn 0.075380 0.000058 0.997155
vn 0.121573 -0.000058 0.992583
vn 0.102707 0.000059 0.994712
vn 0.148401 -0.000060 0.988927
vn 0.129959 0.000061 0.991519
vn 0.175132 -0.000061 0.984545
vn 0.157118 0.000062 0.987580
vn 0.201723 -0.000062 0.979443
vn 0.184143 0.000063 0.982899
vn 0.228175 -0.000063 0.973620
vn 0.211041 0.000064 0.977477
vn 0.254460 -0.000064 0.967083
vn 0.237778 0.000066 0.971319
vn 0.280551 -0.000065 0.959839
vn 0.264338 0.000066 0.964430
vn 0.306441 -0.000066 0.951890
vn 0.290695 0.000067 0.956816
vn 0.332098 -0.000067 0.943245
vn 0.316834 0.000068 0.948481
vn 0.357532 -0.000067 0.933901
vn 0.342739 0.000069 0.939431
vn 0.382679 -0.000068 0.923881
vn 0.368372 0.000069 0.929678
vn 0.393747 0.000070 0.919219
vn 0.407559 -0.000068 0.913179
vn 0.418818 0.000070 0.908070
vn 0.432144 -0.000068 0.901804
vn 0.443572 0.000070 0.896239
vn 0.456402 -0.000069 0.889774
vn 0.467989 0.000070 0.883734
vn 0.480322 -0.000069 0.877092
vn 0.492060 0.000071 0.870561
vn 0.503915 -0.000069 0.863753
vn 0.515753 0.000070 0.856737
vn 0.527099 -0.000069 0.849804
vn 0.539069 0.000070 0.842262
vn 0.549936 -0.000069 0.835207
vn 0.561972 0.000070 0.827156
vn 0.572335 -0.000068 0.820020
vn 0.584446 0.000070 0.811433
vn 0.594347 -0.000068 0.804209
vn 0.615900 -0.000068 0.787824
vn 0.606495 0.000069 0.795088
vn 0.637002 -0.000067 0.770863
vn 0.628080 0.000069 0.778148
vn 0.657645 -0.000066 0.753328
vn 0.649181 0.000068 0.760634
vn 0.677809 -0.000066 0.735238
vn 0.669813 0.000068 0.742530
vn 0.697469 -0.000065 0.716614
vn 0.689932 0.000067 0.723874
vn 0.716609 -0.000064 0.697476
vn 0.709524 0.000066 0.704681
vn 0.735252 -0.000063 0.677793
vn 0.728596 0.000065 0.684944
vn 0.753317 -0.000062 0.657658
vn 0.747104 0.000064 0.664707
vn 0.770858 -0.000060 0.637007
vn 0.765068 0.000063 0.643950
vn 0.787835 -0.000059 0.615886
vn 0.782442 0.000062 0.622723
vn 0.804210 -0.000058 0.594345
vn 0.799226 0.000060 0.601030
vn 0.820008 -0.000056 0.572351
vn 0.815427 0.000059 0.578860
vn 0.835220 -0.000055 0.549915
vn 0.830992 0.000058 0.556285
vn 0.849797 -0.000053 0.527111
vn 0.845941 0.000056 0.533276
vn 0.863753 -0.000051 0.503916
vn 0.860252 0.000054 0.509869
vn 0.877090 -0.000049 0.480327
vn 0.873918 0.000053 0.486074
vn 0.886920 0.000051 0.461923
vn 0.889772 -0.000047 0.456404
vn 0.899262 0.000049 0.437410
vn 0.901811 -0.000046 0.432130
vn 0.910926 0.000046 0.412570
vn 0.913173 -0.000043 0.407571
vn 0.921893 0.000044 0.387446
vn 0.923887 -0.000041 0.382666
vn 0.933897 -0.000039 0.357541
vn 0.932185 0.000042 0.361983
vn 0.943245 -0.000036 0.332099
vn 0.941760 0.000040 0.336286
vn 0.951891 -0.000034 0.306435
vn 0.950630 0.000037 0.310327
vn 0.959839 -0.000031 0.280553
vn 0.958788 0.000034 0.284122
vn 0.967083 -0.000029 0.254460
vn 0.966221 0.000032 0.257715
vn 0.973622 -0.000026 0.228169
vn 0.972926 0.000029 0.231115
vn 0.979441 -0.000023 0.201731
vn 0.978903 0.000026 0.204327
vn 0.984545 -0.000020 0.175132
vn 0.984139 0.000023 0.177398
vn 0.988928 -0.000017 0.148394
vn 0.988635 0.000020 0.150334
vn 0.992583 -0.000014 0.121573
vn 0.992386 0.000017 0.123163
vn 0.995510 -0.000010 0.094656
vn 0.995393 0.000014 0.095877
vn 0.997709 -0.000007 0.067647
vn 0.997648 0.000011 0.068545
vn 0.999175 -0.000004 0.040614
vn 0.999153 0.000007 0.041143
vn 0.999906 0.000004 0.013718
vn 0.999908 -0.000000 0.013546
vn 0.866024 0.500003 0.000002
vn 0.866027 0.499997 -0.000002
vn 0.866027 0.499998 -0.000002
vn 0.866031 0.499991 -0.000007
vn 0.866018 0.500013 0.000008
vn 0.866026 0.499999 -0.000000
vn 0.866031 0.499990 -0.000007
vn 0.866020 0.500009 0.000007
vn 0.866021 0.500008 0.000005
vn 0.866031 0.499990 -0.000008
vn 0.866028 0.499995 -0.000003
vn 0.866018 0.500012 0.000010
vn 0.866030 0.499992 -0.000004
vn 0.866030 0.499991 -0.000007
vn 0.866025 0.500000 0.000000
vn 0.866022 0.500006 0.000006
vn 0.866025 0.500000 0.000000
vn 0.866020 0.500010 0.000006
vn 0.866024 0.500002 0.000001
vn 0.866020 0.500009 -0.000016
vn 0.866026 0.499999 -0.000001
vn 0.866023 0.500004 -0.000004
vn 0.866029 0.499994 -0.000006
vn 0.866027 0.499996 0.000006
vn 0.866027 0.499997 -0.000003
vn 0.866024 0.500002 -0.000004
vn 0.866021 0.500008 0.000008
vn 0.866032 0.499988 0.000024
vn 0.866027 0.499998 -0.000002
vn 0.866021 0.500008 -0.000018
vn 0.866022 0.500005 0.000006
vn 0.866027 0.499997 0.000004
vn 0.866027 0.499997 -0.000003
vn 0.866026 0.499999 0.000000
vn 0.866028 0.499995 -0.000005
vn 0.866026 0.499998 0.000004
vn 0.866028 0.499995 -0.000005
vn 0.866022 0.500005 -0.000015
vn 0.866022 0.500006 0.000007
vn 0.866027 0.499997 0.000009
vn 0.866026 0.499999 -0.000002
vn 0.866027 0.499998 0.000006
vn 0.866027 0.499997 -0.000003
vn 0.866026 0.500000 0.000001
vn 0.866025 0.500001 0.000001
vn 0.866023 0.500004 -0.000015
vn 0.866027 0.499998 -0.000002
vn 0.866026 0.500000 0.000003
vn 0.866026 0.500000 0.000000
vn 0.866025 0.500001 -0.000005
vn 0.866025 0.500000 0.000000
vn 0.866025 0.500000 0.000001
vn 0.866022 0.500005 0.000007
vn 0.866025 0.500000 0.000002
vn 0.866026 0.499999 -0.000001
vn 0.866025 0.500000 0.000003
vn 0.866021 0.500008 0.000011
vn 0.866026 0.500000 0.000002
vn 0.866025 0.500000 -0.000004
vn 0.866025 0.500000 -0.000002
vn 0.866026 0.500000 -0.000004
vn 0.866025 0.500000 -0.000002
vn 0.866025 0.500000 -0.000000
vn 0.866025 0.500000 -0.000002
vn 0.866026 0.500000 0.000002
vn 0.866025 0.500000 -0.000001
vn 0.866026 0.500000 0.000002
vn 0.866026 0.500000 0.000005
vn 0.866025 0.500000 -0.000002
vn 0.866025 0.500000 -0.000003
vn 0.866026 0.499999 0.000008
vn 0.866027 0.499998 0.000014
vn 0.866025 0.500000 0.000000
vn 0.866025 0.500000 -0.000001
vn 0.866025 0.500000 0.000000
vn 0.866025 0.500001 -0.000006
vn 0.866027 0.499998 0.000010
vn 0.866024 0.500002 -0.000009
vn 0.866024 0.500002 -0.000007
vn 0.866025 0.500000 -0.000000
vn 0.866031 0.499990 0.000015
vn 0.866029 0.499995 0.000008
vn 0.866024 0.500002 -0.000002
vn 0.866019 0.500011 -0.000015
vn 0.866030 0.499992 0.000011
vn 0.866022 0.500006 -0.000008
vn 0.866031 0.499991 0.000012
vn 0.866021 0.500007 -0.000009
vn 0.866023 0.500005 -0.000006
vn 0.866032 0.499989 0.000013
vn 0.866020 0.500009 -0.000011
vn 0.866024 0.500003 -0.000010
vn 0.866027 0.499997 0.000012
vn 0.866028 0.499996 0.000004
vn 0.866027 0.499998 0.000006
vn 0.866025 0.500001 -0.000004
vn 0.866024 0.500003 -0.000003
vn 0.866026 0.499999 0.000003
vn 0.866025 0.500000 0.000000
vn 0.866023 0.500004 -0.000005
vn 0.866024 0.500002 -0.000004
vn 0.866025 0.500001 -0.000003
vn 0.866031 0.499990 0.000011
vn 0.866026 0.499999 0.000002
vn 0.866028 0.499995 0.000011
vn 0.866023 0.500005 -0.000005
vn 0.866026 0.499999 0.000002
vn 0.866022 0.500006 -0.000014
vn 0.866023 0.500004 -0.000004
vn 0.866025 0.500000 0.000000
vn 0.866026 0.499999 0.000001
vn 0.866025 0.500000 -0.000000
vn 0.866024 0.500002 -0.000004
vn 0.866025 0.500001 -0.000001
vn 0.866027 0.499998 0.000002
vn 0.866026 0.499999 0.000003
vn 0.866024 0.500003 -0.000006
vn 0.866032 0.499988 0.000011
vn 0.866028 0.499996 0.000007
vn 0.866028 0.499996 0.000008
vn 0.866019 0.500012 -0.000010
vn 0.866022 0.500005 -0.000009
vn 0.866024 0.500003 -0.000003
vn 0.866029 0.499994 0.000006
vn 0.866025 0.500001 0.000000
vn 0.866025 0.500000 0.000001
vn 0.866022 0.500005 -0.000004
vn 0.866028 0.499996 0.000007
vn 0.866024 0.500002 -0.000003
vn 0.866030 0.499993 0.000006
vn 0.866027 0.499997 0.000004
vn 0.866026 0.500000 -0.000000
vn 0.866023 0.500005 -0.000004
vn 0.866022 0.500005 -0.000007
vn 0.866026 0.499999 0.000002
vn 0.866022 0.500006 -0.000005
vn 0.866025 0.500000 -0.000000
vn 0.866030 0.499993 0.000009
vn 0.866028 0.499995 0.000004
vn 0.866020 0.500009 -0.000011
vn 0.866024 0.500003 -0.000003
vn 0.866025 0.500000 -0.000000
vn 0.866026 0.499998 0.000003
vn 0.866029 0.499994 0.000007
vn 0.866030 0.499992 0.000006
vn 0.866024 0.500003 -0.000002
vn 0.866018 0.500012 -0.000008
vn 0.866027 0.499998 0.000003
vn 0.866025 0.500001 -0.000001
vn 0.866027 0.499997 0.000002
vn 0.866022 0.500005 -0.000003
vn 0.866030 0.499992 0.000008
vn 0.866026 0.499999 0.000002
vn 0.866035 0.499983 0.000011
vn 0.866026 0.499999 0.000000
vn 0.866024 0.500002 -0.000002
vn 0.866023 0.500005 -0.000003
vn 0.866018 0.500013 -0.000007
vn 0.866021 0.500009 -0.000008
vn 0.866023 0.500004 -0.000004
vn 0.866035 0.499984 0.000009
vn 0.866022 0.500005 -0.000003
vn 0.866031 0.499991 0.000008
vn 0.866027 0.499998 0.000002
vn 0.866018 0.500012 -0.000010
vn 0.866025 0.500000 -0.000001
vn 0.866031 0.499991 0.000007
vn 0.866027 0.499997 0.000003
vn 0.866022 0.500007 -0.000005
vn 0.866024 0.500002 -0.000002
vn 0.866028 0.499996 0.000003
vn 0.866024 0.500002 -0.000001
vn 0.866026 0.499999 0.000001
vn 0.866025 0.500001 0.000000
vn 0.866029 0.499993 0.000004
vn 0.866022 0.500006 -0.000004
vn 0.866027 0.499997 0.000002
vn 0.866029 0.499994 0.000004
vn 0.866020 0.500010 -0.000005
vn 0.866026 0.499998 0.000001
vn 0.866027 0.499998 0.000001
vn 0.866021 0.500008 -0.000004
vn 0.866022 0.500006 -0.000003
vn 0.866029 0.499994 0.000003
vn 0.866027 0.499997 0.000002
vn 0.866025 0.500001 0.000000
vn 0.866029 0.499995 0.000003
vn 0.866026 0.499998 0.000001
vn 0.866029 0.499995 0.000002
vn 0.866024 0.500003 -0.000001
vn 0.866025 0.500001 -0.000001
vn 0.866021 0.500007 -0.000002
vn 0.866025 0.500000 -0.000000
vn 0.866026 0.499998 0.000000
vn 0.866027 0.499998 0.000001
vn 0.866027 0.499997 0.000001
vn 0.866025 0.500001 -0.000000
vn 0.866025 0.500001 -0.000000
vn 0.866027 0.499997 0.000001
vn 0.866027 0.499998 0.000001
vn 0.866021 0.500007 -0.000002
vn 0.866026 0.500000 -0.000001
vn 0.866029 0.499995 0.000001
vn 0.866025 0.500000 -0.000000
vn 0.866026 0.499999 0.000000
vn 0.866022 0.500006 -0.000001
vn 0.866023 0.500004 -0.000000
vn 0.866026 0.499999 0.000000
vn 0.866023 0.500004 -0.000001
vn 0.866021 0.500008 -0.000001
vn 0.866029 0.499994 0.000000
vn 0.866023 0.500004 0.000006
vn 0.866029 0.499993 -0.000013
vn 0.866019 0.500012 0.000022
vn 0.866032 0.499988 -0.000024
vn 0.866026 0.499999 -0.000002
vn 0.866028 0.499995 -0.000009
vn 0.866018 0.500013 0.000030
vn 0.866031 0.499991 -0.000023
vn 0.866023 0.500004 0.000010
vn 0.866026 0.499998 -0.000005
vn 0.866024 0.500002 0.000006
vn 0.866024 0.500003 0.000009
vn 0.866028 0.499995 -0.000018
vn 0.866024 0.500003 0.000011
vn 0.866024 0.500002 0.000006
vn 0.866026 0.500000 -0.000003
vn 0.866026 0.499998 -0.000013
vn 0.866026 0.500000 -0.000002
vn 0.866025 0.500001 0.000011
vn 0.866025 0.500000 -0.000004
vn 0.866025 0.500000 0.000000
vn 0.866025 0.500000 0.000000
vn 0.866031 0.499990 -0.000000
vn 0.866019 0.500011 0.000000
vn 0.866029 0.499994 -0.000000
vn 0.866029 0.499994 -0.000000
vn 0.866025 0.500000 0.000004
vn 0.866025 0.500000 0.000004
vn 0.866022 0.500006 -0.000000
vn 0.866024 0.500002 -0.000000
vn 0.866026 0.499999 -0.000011
vn 0.866025 0.500000 0.000002
vn 0.866024 0.500002 -0.000000
vn 0.866018 0.500012 0.000001
vn 0.866026 0.500000 0.000002
vn 0.866026 0.499999 0.000001
vn 0.866026 0.499999 -0.000000
vn 0.866031 0.499991 -0.000001
vn 0.866026 0.499999 -0.000000
vn 0.866025 0.500001 0.000012
vn 0.866028 0.499995 -0.000001
vn 0.866021 0.500007 0.000001
vn 0.866026 0.500000 -0.000004
vn 0.866025 0.500001 0.000003
vn 0.866020 0.500009 0.000002
vn 0.866032 0.499989 -0.000002
vn 0.866026 0.499999 -0.000005
vn 0.866025 0.500001 0.000004
vn 0.866028 0.499995 -0.000001
vn 0.866021 0.500008 0.000002
vn 0.866026 0.499999 -0.000010
vn 0.866026 0.499999 -0.000010
vn 0.866025 0.500001 0.000000
vn 0.866022 0.500006 0.000001
vn 0.866023 0.500003 0.000016
vn 0.866025 0.500000 -0.000000
vn 0.866027 0.499998 -0.000000
vn 0.866033 0.499987 -0.000004
vn 0.866026 0.499999 -0.000008
vn 0.866025 0.500001 -0.000000
vn 0.866025 0.500000 -0.000000
vn 0.866019 0.500011 0.000003
vn 0.866026 0.499999 -0.000005
vn 0.866024 0.500002 0.000008
vn 0.866025 0.500001 0.000000
vn 0.866028 0.499995 -0.000002
vn 0.866025 0.500001 0.000004
vn 0.866027 0.499998 -0.000007
vn 0.866024 0.500003 0.000001
vn 0.866023 0.500004 0.000001
vn 0.866027 0.499997 -0.000008
vn 0.866024 0.500002 0.000008
vn 0.866026 0.500000 -0.000000
vn 0.866023 0.500005 0.000002
vn 0.866022 0.500005 0.000016
vn 0.866027 0.499998 -0.000007
vn 0.866032 0.499988 -0.000005
vn 0.866026 0.499999 -0.000000
vn 0.866029 0.499993 -0.000020
vn 0.866026 0.500000 -0.000003
vn 0.866022 0.500006 0.000003
vn 0.866029 0.499994 -0.000003
vn 0.866024 0.500002 0.000006
vn 0.866025 0.500001 0.000004
vn 0.866023 0.500005 0.000003
vn 0.866026 0.499998 -0.000000
vn 0.866025 0.500001 0.000001
vn 0.866026 0.499999 -0.000002
vn 0.866025 0.500000 0.000000
vn 0.866020 0.500009 0.000005
vn 0.866026 0.499999 -0.000001
vn 0.866022 0.500006 0.000014
vn 0.866027 0.499998 -0.000001
vn 0.866030 0.499992 -0.000004
vn 0.866028 0.499995 -0.000011
vn 0.866025 0.500000 -0.000001
vn 0.866033 0.499987 -0.000009
vn 0.866021 0.500008 0.000005
vn 0.866023 0.500003 0.000006
vn 0.866025 0.500001 0.000001
vn 0.866026 0.500000 -0.000001
vn 0.866018 0.500013 0.000008
vn 0.866026 0.499999 -0.000003
vn 0.866023 0.500004 0.000007
vn 0.866028 0.499996 -0.000003
vn 0.866029 0.499993 -0.000005
vn 0.866025 0.500001 0.000003
vn 0.866024 0.500002 0.000005
vn 0.866023 0.500004 0.000003
vn 0.866022 0.500006 0.000004
vn 0.866028 0.499995 -0.000009
vn 0.866030 0.499991 -0.000015
vn 0.866029 0.499994 -0.000004
vn 0.866021 0.500007 0.000012
vn 0.866026 0.500000 0.000000
vn 0.866024 0.500002 0.000002
vn 0.866029 0.499993 -0.000006
vn 0.866024 0.500002 0.000004
vn 0.866024 0.500003 0.000005
vn 0.866027 0.499997 -0.000003
vn 0.866023 0.500004 0.000004
vn 0.866025 0.500000 -0.000001
vn 0.866032 0.499989 -0.000016
vn 0.866023 0.500004 0.000004
vn 0.866022 0.500005 0.000006
vn 0.866026 0.500000 0.000000
vn 0.866023 0.500003 0.000005
vn 0.866023 0.500004 0.000005
vn 0.866028 0.499996 -0.000005
vn 0.866026 0.500000 -0.000000
vn 0.866027 0.499997 -0.000003
vn 0.866027 0.499998 -0.000003
vn 0.866025 0.500000 0.000000
vn 0.866025 0.500001 0.000002
vn 0.866020 0.500009 0.000012
vn 0.866025 0.500001 0.000001
vn 0.866028 0.499996 -0.000006
vn 0.866029 0.499994 -0.000008
vn 0.499954 -0.865946 0.013540
vn 0.499954 -0.865946 0.013540
vn 0.499587 -0.865311 0.040614
vn 0.499587 -0.865311 0.040614
vn 0.498855 -0.864041 0.067656
vn 0.498855 -0.864042 0.067649
vn 0.497756 -0.862138 0.094642
vn 0.497756 -0.862137 0.094649
vn 0.496291 -0.859601 0.121576
vn 0.494463 -0.856436 0.148403
vn 0.496291 -0.859601 0.121576
vn 0.494463 -0.856436 0.148403
vn 0.492273 -0.852642 0.175127
vn 0.489721 -0.848221 0.201728
vn 0.492273 -0.852642 0.175127
vn 0.489721 -0.848221 0.201728
vn 0.486810 -0.843180 0.228173
vn 0.486810 -0.843180 0.228173
vn 0.483541 -0.837518 0.254463
vn 0.479921 -0.831248 0.280540
vn 0.483541 -0.837518 0.254462
vn 0.479921 -0.831248 0.280540
vn 0.475944 -0.824358 0.306449
vn 0.475943 -0.824358 0.306449
vn 0.471621 -0.816872 0.332105
vn 0.471621 -0.816872 0.332104
vn 0.466952 -0.808785 0.357523
vn 0.461939 -0.800103 0.382685
vn 0.466952 -0.808785 0.357523
vn 0.461939 -0.800103 0.382685
vn 0.456589 -0.790836 0.407559
vn 0.450904 -0.780989 0.432136
vn 0.456589 -0.790836 0.407559
vn 0.450904 -0.780989 0.432137
vn 0.444886 -0.770566 0.456404
vn 0.444886 -0.770566 0.456403
vn 0.438544 -0.759581 0.480329
vn 0.438544 -0.759581 0.480329
vn 0.431879 -0.748037 0.503905
vn 0.424898 -0.735946 0.527110
vn 0.431879 -0.748037 0.503906
vn 0.424900 -0.735948 0.527105
vn 0.417604 -0.723311 0.549934
vn 0.417606 -0.723315 0.549929
vn 0.410008 -0.710155 0.572340
vn 0.410008 -0.710155 0.572340
vn 0.402107 -0.696469 0.594341
vn 0.402107 -0.696469 0.594341
vn 0.393911 -0.682275 0.615902
vn 0.393911 -0.682275 0.615902
vn 0.385431 -0.667585 0.637003
vn 0.385431 -0.667585 0.637003
vn 0.376663 -0.652400 0.657647
vn 0.376663 -0.652399 0.657647
vn 0.367619 -0.636735 0.677809
vn 0.358310 -0.620611 0.697463
vn 0.367619 -0.636735 0.677809
vn 0.358310 -0.620611 0.697464
vn 0.348734 -0.604026 0.716615
vn 0.348735 -0.604026 0.716615
vn 0.338902 -0.586995 0.735243
vn 0.328824 -0.569541 0.753325
vn 0.338902 -0.586995 0.735243
vn 0.328824 -0.569541 0.753325
vn 0.318503 -0.551663 0.770859
vn 0.318503 -0.551663 0.770859
vn 0.307950 -0.533385 0.787824
vn 0.307950 -0.533386 0.787824
vn 0.297168 -0.514709 0.804217
vn 0.286173 -0.495666 0.820012
vn 0.297167 -0.514709 0.804218
vn 0.286173 -0.495666 0.820012
vn 0.274963 -0.476251 0.835213
vn 0.274963 -0.476251 0.835213
vn 0.263554 -0.456489 0.849798
vn 0.263554 -0.456489 0.849798
vn 0.251953 -0.436395 0.863759
vn 0.240164 -0.415977 0.877088
vn 0.251953 -0.436395 0.863759
vn 0.240165 -0.415977 0.877088
vn 0.228199 -0.395253 0.889776
vn 0.228199 -0.395253 0.889776
vn 0.216070 -0.374244 0.901807
vn 0.216071 -0.374246 0.901805
vn 0.203781 -0.352960 0.913177
vn 0.191343 -0.331416 0.923878
vn 0.203780 -0.352957 0.913178
vn 0.178762 -0.309626 0.933904
vn 0.191343 -0.331416 0.923878
vn 0.178762 -0.309626 0.933904
vn 0.166053 -0.287612 0.943242
vn 0.166053 -0.287612 0.943242
vn 0.153219 -0.265383 0.951891
vn 0.153219 -0.265383 0.951891
vn 0.140274 -0.242962 0.959840
vn 0.140274 -0.242962 0.959840
vn 0.127228 -0.220366 0.967084
vn 0.127228 -0.220366 0.967084
vn 0.114090 -0.197609 0.973619
vn 0.114090 -0.197609 0.973619
vn 0.100863 -0.174701 0.979442
vn 0.100863 -0.174700 0.979442
vn 0.087563 -0.151664 0.984546
vn 0.087563 -0.151663 0.984546
vn 0.074204 -0.128526 0.988926
vn 0.074205 -0.128526 0.988926
vn 0.060784 -0.105281 0.992583
vn 0.060784 -0.105281 0.992583
vn 0.047324 -0.081968 0.995511
vn 0.047324 -0.081967 0.995511
vn 0.033828 -0.058593 0.997709
vn 0.033828 -0.058593 0.997709
vn 0.020305 -0.035169 0.999175
vn 0.020305 -0.035169 0.999175
vn 0.006771 -0.011727 0.999908
vn 0.006771 -0.011727 0.999908
vn -0.006771 0.011727 0.999908
vn -0.006771 0.011727 0.999908
vn -0.020305 0.035169 0.999175
vn -0.020305 0.035169 0.999175
vn -0.033829 0.058593 0.997709
vn -0.033828 0.058593 0.997709
vn -0.047324 0.081967 0.995511
vn -0.047324 0.081967 0.995511
vn -0.060784 0.105281 0.992583
vn -0.060784 0.105281 0.992583
vn -0.074204 0.128526 0.988926
vn -0.074205 0.128527 0.988926
vn -0.087563 0.151663 0.984546
vn -0.100863 0.174701 0.979442
vn -0.087562 0.151662 0.984546
vn -0.100863 0.174700 0.979442
vn -0.114090 0.197609 0.973619
vn -0.114090 0.197610 0.973619
vn -0.127228 0.220366 0.967084
vn -0.127228 0.220366 0.967084
vn -0.140274 0.242962 0.959840
vn -0.153219 0.265383 0.951891
vn -0.140274 0.242962 0.959840
vn -0.153219 0.265383 0.951891
vn -0.166053 0.287611 0.943242
vn -0.178763 0.309626 0.933903
vn -0.166052 0.287611 0.943243
vn -0.178763 0.309626 0.933903
vn -0.191343 0.331416 0.923878
vn -0.203780 0.352957 0.913178
vn -0.191343 0.331416 0.923878
vn -0.203781 0.352959 0.913177
vn -0.216071 0.374245 0.901806
vn -0.216069 0.374243 0.901807
vn -0.228200 0.395254 0.889775
vn -0.240164 0.415976 0.877089
vn -0.228200 0.395254 0.889775
vn -0.240164 0.415976 0.877089
vn -0.251954 0.436396 0.863758
vn -0.251953 0.436396 0.863758
vn -0.263554 0.456489 0.849798
vn -0.263554 0.456489 0.849798
vn -0.274963 0.476250 0.835214
vn -0.274963 0.476250 0.835214
vn -0.286174 0.495668 0.820010
vn -0.286174 0.495669 0.820010
vn -0.297167 0.514708 0.804219
vn -0.297167 0.514708 0.804219
vn -0.307951 0.533387 0.787823
vn -0.307951 0.533387 0.787823
vn -0.318503 0.551663 0.770859
vn -0.318503 0.551663 0.770859
vn -0.328823 0.569538 0.753327
vn -0.328825 0.569541 0.753324
vn -0.338903 0.586997 0.735241
vn -0.338901 0.586993 0.735245
vn -0.348734 0.604026 0.716615
vn -0.348735 0.604026 0.716615
vn -0.358309 0.620610 0.697465
vn -0.367620 0.636737 0.677807
vn -0.358309 0.620610 0.697465
vn -0.367620 0.636736 0.677807
vn -0.376663 0.652400 0.657646
vn -0.376663 0.652399 0.657647
vn -0.385430 0.667584 0.637006
vn -0.385430 0.667584 0.637005
vn -0.393912 0.682275 0.615901
vn -0.393912 0.682276 0.615900
vn -0.402107 0.696469 0.594341
vn -0.410008 0.710154 0.572341
vn -0.402106 0.696468 0.594342
vn -0.417605 0.723313 0.549931
vn -0.410008 0.710155 0.572340
vn -0.417607 0.723317 0.549925
vn -0.424900 0.735948 0.527106
vn -0.424898 0.735944 0.527112
vn -0.431879 0.748036 0.503908
vn -0.431879 0.748036 0.503908
vn -0.438544 0.759581 0.480329
vn -0.438544 0.759581 0.480329
vn -0.444887 0.770567 0.456402
vn -0.444887 0.770567 0.456401
vn -0.450904 0.780988 0.432138
vn -0.450904 0.780988 0.432139
vn -0.456589 0.790836 0.407559
vn -0.456589 0.790836 0.407559
vn -0.461939 0.800103 0.382685
vn -0.466952 0.808785 0.357523
vn -0.461939 0.800103 0.382685
vn -0.466952 0.808785 0.357523
vn -0.471622 0.816873 0.332102
vn -0.471622 0.816872 0.332103
vn -0.475944 0.824359 0.306447
vn -0.475945 0.824361 0.306440
vn -0.479920 0.831245 0.280553
vn -0.479921 0.831247 0.280544
vn -0.483541 0.837518 0.254462
vn -0.483541 0.837518 0.254463
vn -0.486810 0.843180 0.228173
vn -0.486810 0.843180 0.228173
vn -0.489721 0.848221 0.201728
vn -0.489721 0.848221 0.201728
vn -0.492273 0.852642 0.175124
vn -0.492273 0.852642 0.175124
vn -0.494463 0.856435 0.148406
vn -0.494463 0.856435 0.148406
vn -0.496291 0.859602 0.121570
vn -0.496291 0.859602 0.121571
vn -0.497756 0.862138 0.094644
vn -0.497755 0.862138 0.094648
vn -0.498854 0.864041 0.067653
vn -0.498854 0.864041 0.067656
vn -0.499588 0.865311 0.040614
vn -0.499588 0.865311 0.040614
vn -0.499954 0.865946 0.013543
vn -0.499954 0.865946 0.013542
vn 0.000000 -0.000000 1.000000
vn 0.000000 0.000000 1.000000
vn 0.499953 -0.865944 -0.013693
vn 0.499953 -0.865944 -0.013715
vn 0.499578 -0.865294 -0.041083
vn 0.499576 -0.865292 -0.041149
vn 0.498828 -0.863994 -0.068449
vn 0.498823 -0.863989 -0.068541
vn 0.497704 -0.862046 -0.095745
vn 0.497695 -0.862036 -0.095886
vn 0.496206 -0.859451 -0.122980
vn 0.496192 -0.859434 -0.123149
vn 0.494336 -0.856211 -0.150111
vn 0.494315 -0.856184 -0.150340
vn 0.492094 -0.852327 -0.177148
vn 0.489484 -0.847805 -0.204041
vn 0.492068 -0.852293 -0.177387
vn 0.486506 -0.842647 -0.230776
vn 0.489448 -0.847755 -0.204336
vn 0.483162 -0.836854 -0.257350
vn 0.486460 -0.842580 -0.231117
vn 0.479457 -0.830436 -0.283720
vn 0.483107 -0.836774 -0.257713
vn 0.479391 -0.830338 -0.284120
vn 0.475390 -0.823390 -0.309892
vn 0.475312 -0.823274 -0.310321
vn 0.470969 -0.815732 -0.335811
vn 0.470876 -0.815591 -0.336286
vn 0.466192 -0.807457 -0.361495
vn 0.466085 -0.807293 -0.361998
vn 0.461068 -0.798583 -0.386887
vn 0.460945 -0.798392 -0.387426
vn 0.455591 -0.789095 -0.412028
vn 0.455454 -0.788883 -0.412584
vn 0.449782 -0.779033 -0.436811
vn 0.449625 -0.778787 -0.437410
vn 0.443628 -0.768374 -0.461298
vn 0.443455 -0.768102 -0.461917
vn 0.437144 -0.757141 -0.485430
vn 0.436951 -0.756837 -0.486078
vn 0.430330 -0.745339 -0.509200
vn 0.430121 -0.745008 -0.509862
vn 0.423195 -0.732980 -0.532584
vn 0.422962 -0.732608 -0.533282
vn 0.415741 -0.720069 -0.555572
vn 0.415489 -0.719666 -0.556281
vn 0.407976 -0.706618 -0.578141
vn 0.407701 -0.706178 -0.578872
vn 0.399904 -0.692637 -0.600276
vn 0.399608 -0.692160 -0.601022
vn 0.391537 -0.678143 -0.621950
vn 0.391213 -0.677621 -0.622722
vn 0.382865 -0.663122 -0.643183
vn 0.382524 -0.662571 -0.643952
vn 0.373914 -0.647618 -0.663912
vn 0.364682 -0.631627 -0.684145
vn 0.373545 -0.647020 -0.664703
vn 0.364286 -0.630983 -0.684950
vn 0.355176 -0.615160 -0.703867
vn 0.345399 -0.598225 -0.723067
vn 0.354754 -0.614475 -0.704678
vn 0.335365 -0.580847 -0.741719
vn 0.344955 -0.597504 -0.723875
vn 0.325081 -0.563033 -0.759813
vn 0.334897 -0.580082 -0.742529
vn 0.314554 -0.544797 -0.777336
vn 0.324583 -0.562220 -0.760628
vn 0.303789 -0.526153 -0.794277
vn 0.314023 -0.543930 -0.778158
vn 0.292791 -0.507102 -0.810630
vn 0.303236 -0.525246 -0.795088
vn 0.292213 -0.506155 -0.811430
vn 0.281584 -0.487690 -0.826359
vn 0.280976 -0.486693 -0.827153
vn 0.270159 -0.467901 -0.841476
vn 0.269516 -0.466845 -0.842269
vn 0.258531 -0.447760 -0.855963
vn 0.257864 -0.446664 -0.856737
vn 0.246710 -0.427286 -0.869805
vn 0.246018 -0.426147 -0.870560
vn 0.234701 -0.406484 -0.882999
vn 0.233980 -0.405297 -0.883735
vn 0.222522 -0.385389 -0.895522
vn 0.221773 -0.384154 -0.896238
vn 0.210172 -0.363997 -0.907378
vn 0.209392 -0.362711 -0.908073
vn 0.197669 -0.342341 -0.918548
vn 0.196860 -0.341005 -0.919218
vn 0.185012 -0.320417 -0.929034
vn 0.184174 -0.319032 -0.929676
vn 0.172213 -0.298248 -0.938824
vn 0.171354 -0.296828 -0.939431
vn 0.159292 -0.275867 -0.947905
vn 0.158401 -0.274394 -0.948482
vn 0.146250 -0.253278 -0.956275
vn 0.145336 -0.251764 -0.956814
vn 0.133100 -0.230500 -0.963926
vn 0.119843 -0.207537 -0.970858
vn 0.132149 -0.228926 -0.964432
vn 0.118872 -0.205931 -0.971320
vn 0.106500 -0.184426 -0.977059
vn 0.093079 -0.161179 -0.982526
vn 0.105506 -0.182780 -0.977476
vn 0.079586 -0.137809 -0.987256
vn 0.092055 -0.159482 -0.982899
vn 0.066034 -0.114335 -0.991245
vn 0.078539 -0.136072 -0.987581
vn 0.052435 -0.090780 -0.994490
vn 0.064965 -0.112563 -0.991519
vn 0.038790 -0.067146 -0.996989
vn 0.051333 -0.088952 -0.994712
vn 0.025122 -0.043470 -0.998739
vn 0.037678 -0.065302 -0.997154
vn 0.011436 -0.019765 -0.999739
vn 0.023977 -0.041572 -0.998848
vn -0.002267 0.003970 -0.999990
vn 0.010270 -0.017831 -0.999788
vn -0.015959 0.027685 -0.999489
vn -0.003448 0.005929 -0.999976
vn -0.029645 0.051390 -0.998239
vn -0.017167 0.029690 -0.999412
vn -0.030862 0.053410 -0.998096
vn -0.043307 0.075054 -0.996239
vn -0.044546 0.077110 -0.996027
vn -0.056935 0.098661 -0.993491
vn -0.058196 0.100751 -0.993208
vn -0.070516 0.122184 -0.989999
vn -0.071792 0.124300 -0.989644
vn -0.084056 0.145637 -0.985761
vn -0.085343 0.147771 -0.985333
vn -0.097522 0.168961 -0.980786
vn -0.098829 0.171129 -0.980279
vn -0.110924 0.192175 -0.975072
vn -0.112235 0.194347 -0.974491
vn -0.124237 0.215235 -0.968627
vn -0.125567 0.217439 -0.967964
vn -0.137454 0.238127 -0.961458
vn -0.150569 0.260844 -0.953567
vn -0.138791 0.240343 -0.960714
vn -0.151920 0.263082 -0.952737
vn -0.163580 0.283379 -0.944954
vn -0.176458 0.305687 -0.935638
vn -0.164925 0.285607 -0.944049
vn -0.189209 0.327771 -0.925617
vn -0.177821 0.307943 -0.934639
vn -0.201814 0.349605 -0.914903
vn -0.190574 0.330031 -0.924533
vn -0.214273 0.371185 -0.903498
vn -0.203179 0.351862 -0.913735
vn -0.226564 0.392475 -0.891421
vn -0.215639 0.373445 -0.902241
vn -0.238689 0.413476 -0.878673
vn -0.227940 0.394748 -0.890066
vn -0.250635 0.434168 -0.865263
vn -0.240059 0.415738 -0.877231
vn -0.262392 0.454532 -0.851206
vn -0.252001 0.436422 -0.863731
vn -0.273949 0.474551 -0.836512
vn -0.263755 0.456780 -0.849580
vn -0.285310 0.494229 -0.821180
vn -0.275310 0.476794 -0.834788
vn -0.296447 0.513520 -0.805243
vn -0.286654 0.496442 -0.819375
vn -0.307366 0.532432 -0.788696
vn -0.297792 0.515732 -0.803331
vn -0.318052 0.550941 -0.771561
vn -0.308695 0.534617 -0.786697
vn -0.328499 0.569038 -0.753846
vn -0.319371 0.553107 -0.769464
vn -0.338708 0.586719 -0.735553
vn -0.329810 0.571187 -0.751645
vn -0.348649 0.603939 -0.716730
vn -0.339989 0.588818 -0.733281
vn -0.358338 0.620722 -0.697351
vn -0.349924 0.606025 -0.714343
vn -0.359592 0.622769 -0.694875
vn -0.367753 0.637029 -0.677460
vn -0.376894 0.652862 -0.657056
vn -0.368988 0.639042 -0.674887
vn -0.378105 0.654834 -0.654392
vn -0.385752 0.668205 -0.636159
vn -0.394321 0.683047 -0.614782
vn -0.386943 0.670141 -0.633393
vn -0.402595 0.697380 -0.592940
vn -0.395482 0.684930 -0.611935
vn -0.410563 0.711182 -0.570665
vn -0.403729 0.699214 -0.590003
vn -0.418225 0.724452 -0.547957
vn -0.411671 0.712970 -0.567628
vn -0.425575 0.737184 -0.524829
vn -0.419304 0.726188 -0.544826
vn -0.432602 0.749356 -0.501319
vn -0.426617 0.738855 -0.521625
vn -0.439306 0.760968 -0.477428
vn -0.433612 0.750970 -0.498020
vn -0.445682 0.772012 -0.453173
vn -0.440281 0.762520 -0.474041
vn -0.451721 0.782473 -0.428584
vn -0.446617 0.773494 -0.449712
vn -0.457420 0.792344 -0.403681
vn -0.452619 0.783889 -0.425034
vn -0.458279 0.793693 -0.400040
vn -0.462779 0.801626 -0.378460
vn -0.463595 0.802899 -0.374745
vn -0.467788 0.810303 -0.352965
vn -0.468558 0.811496 -0.349182
vn -0.472448 0.818376 -0.327191
vn -0.473175 0.819492 -0.323323
vn -0.476750 0.825826 -0.301198
vn -0.477431 0.826862 -0.297253
vn -0.480698 0.832666 -0.274948
vn -0.481329 0.833614 -0.270944
vn -0.484283 0.838876 -0.248508
vn -0.484864 0.839736 -0.244440
vn -0.487504 0.844455 -0.221893
vn -0.488034 0.845226 -0.217750
vn -0.490361 0.849404 -0.195087
vn -0.492848 0.853713 -0.168151
vn -0.490840 0.850085 -0.190868
vn -0.494966 0.857382 -0.141086
vn -0.493272 0.854297 -0.163888
vn -0.496713 0.860408 -0.113908
vn -0.495335 0.857869 -0.136760
vn -0.498086 0.862787 -0.086648
vn -0.497024 0.860795 -0.109539
vn -0.498341 0.863074 -0.082214
vn -0.499086 0.864519 -0.059325
vn -0.499281 0.864703 -0.054847
vn -0.499711 0.865602 -0.031961
vn -0.499846 0.865680 -0.027429
vn -0.499961 0.866036 -0.004564
vn -0.500034 0.866006 0.000000
vn -0.499836 0.865819 0.022832
vn -0.499846 0.865680 0.027429
vn -0.499335 0.864954 0.050196
vn -0.499282 0.864702 0.054847
vn -0.498460 0.863437 0.077550
vn -0.498342 0.863074 0.082214
vn -0.497210 0.861274 0.104834
vn -0.497026 0.860794 0.109539
vn -0.495587 0.858463 0.132040
vn -0.495337 0.857868 0.136760
vn -0.493593 0.855010 0.159135
vn -0.493275 0.854295 0.163888
vn -0.491228 0.850913 0.186127
vn -0.490843 0.850084 0.190868
vn -0.488493 0.846178 0.212971
vn -0.488038 0.845224 0.217750
vn -0.485393 0.840808 0.239658
vn -0.484868 0.839733 0.244440
vn -0.481930 0.834810 0.266151
vn -0.481334 0.833611 0.270944
vn -0.478100 0.828177 0.292478
vn -0.477436 0.826859 0.297253
vn -0.473916 0.820931 0.318552
vn -0.473181 0.819489 0.323323
vn -0.469373 0.813063 0.344410
vn -0.464482 0.804592 0.369985
vn -0.468565 0.811492 0.349182
vn -0.463602 0.802896 0.374743
vn -0.459236 0.795506 0.395313
vn -0.453651 0.785834 0.420316
vn -0.458285 0.793687 0.400044
vn -0.447725 0.775569 0.445011
vn -0.452627 0.783886 0.425031
vn -0.441460 0.764719 0.469380
vn -0.446625 0.773489 0.449712
vn -0.434864 0.753294 0.493397
vn -0.440289 0.762514 0.474044
vn -0.427943 0.741307 0.517038
vn -0.433623 0.750968 0.498015
vn -0.420701 0.728764 0.540291
vn -0.426626 0.738849 0.521625
vn -0.419313 0.726181 0.544829
vn -0.413140 0.715669 0.563145
vn -0.411682 0.712964 0.567628
vn -0.405275 0.702047 0.585561
vn -0.403741 0.699209 0.590000
vn -0.397101 0.687889 0.607553
vn -0.395493 0.684924 0.611935
vn -0.388628 0.673215 0.629087
vn -0.386954 0.670132 0.633396
vn -0.379866 0.658039 0.650143
vn -0.378119 0.654829 0.654389
vn -0.370821 0.642373 0.670708
vn -0.368999 0.639033 0.674890
vn -0.361491 0.626214 0.690783
vn -0.359604 0.622759 0.694878
vn -0.351895 0.609592 0.710329
vn -0.349938 0.606017 0.714343
vn -0.342032 0.592511 0.729346
vn -0.340007 0.588815 0.733275
vn -0.331916 0.574990 0.747809
vn -0.329823 0.571176 0.751648
vn -0.321548 0.557031 0.765718
vn -0.319386 0.553099 0.769464
vn -0.310939 0.538657 0.783049
vn -0.308711 0.534608 0.786697
vn -0.300097 0.519878 0.799793
vn -0.297806 0.515720 0.803333
vn -0.289027 0.500705 0.815940
vn -0.277742 0.481159 0.831472
vn -0.286673 0.496436 0.819372
vn -0.266251 0.461256 0.846376
vn -0.275325 0.476781 0.834791
vn -0.254559 0.441006 0.860647
vn -0.263774 0.456773 0.849577
vn -0.242671 0.420416 0.874277
vn -0.252021 0.436415 0.863729
vn -0.230607 0.399522 0.887244
vn -0.240077 0.415727 0.877231
vn -0.218367 0.378321 0.899549
vn -0.227954 0.394729 0.890071
vn -0.205964 0.356839 0.911178
vn -0.215659 0.373433 0.902241
vn -0.193408 0.335091 0.922121
vn -0.203201 0.351855 0.913733
vn -0.180701 0.313082 0.932377
vn -0.190594 0.330019 0.924533
vn -0.167865 0.290852 0.941927
vn -0.177840 0.307927 0.934641
vn -0.154899 0.268394 0.950774
vn -0.164952 0.285604 0.944045
vn -0.151942 0.263070 0.952737
vn -0.141817 0.245736 0.958907
vn -0.138813 0.240330 0.960714
vn -0.128631 0.222897 0.966318
vn -0.125584 0.217416 0.967966
vn -0.115344 0.199884 0.973007
vn -0.112261 0.194339 0.974490
vn -0.101978 0.176733 0.978962
vn -0.098850 0.171110 0.980281
vn -0.088526 0.153434 0.984185
vn -0.085367 0.147757 0.985333
vn -0.075013 0.130030 0.988668
vn -0.071819 0.124291 0.989643
vn -0.061444 0.106527 0.992409
vn -0.058218 0.100732 0.993209
vn -0.047827 0.082942 0.995406
vn -0.034176 0.059299 0.997655
vn -0.044571 0.077095 0.996027
vn -0.020498 0.035609 0.999156
vn -0.030894 0.053405 0.998095
vn -0.006803 0.011889 0.999906
vn -0.017191 0.029670 0.999412
vn -0.003475 0.005914 0.999976
vn 0.006815 -0.011700 0.999908
vn 0.010241 -0.017848 0.999788
vn 0.020354 -0.035146 0.999175
vn 0.033874 -0.058561 0.997709
vn 0.023950 -0.041595 0.998847
vn 0.047375 -0.081942 0.995510
vn 0.037640 -0.065311 0.997155
vn 0.060836 -0.105255 0.992583
vn 0.051302 -0.088977 0.994712
vn 0.074252 -0.128489 0.988927
vn 0.064927 -0.112578 0.991519
vn 0.087619 -0.151638 0.984545
vn 0.078505 -0.136098 0.987580
vn 0.100916 -0.174667 0.979442
vn 0.092017 -0.159504 0.982899
vn 0.114142 -0.197573 0.973620
vn 0.105464 -0.182798 0.977477
vn 0.127286 -0.220337 0.967083
vn 0.118835 -0.205959 0.971318
vn 0.140331 -0.242930 0.959840
vn 0.132110 -0.228955 0.964431
vn 0.153277 -0.265352 0.951890
vn 0.145287 -0.251780 0.956817
vn 0.166109 -0.287577 0.943243
vn 0.158360 -0.274424 0.948480
vn 0.178822 -0.309595 0.933902
vn 0.171309 -0.296853 0.939431
vn 0.191400 -0.331380 0.923880
vn 0.184129 -0.319058 0.929676
vn 0.196812 -0.341028 0.919220
vn 0.203838 -0.352922 0.913179
vn 0.209348 -0.362742 0.908070
vn 0.216129 -0.374209 0.901807
vn 0.221724 -0.384177 0.896240
vn 0.228263 -0.395225 0.889772
vn 0.233935 -0.405328 0.883733
vn 0.240221 -0.415937 0.877092
vn 0.245968 -0.426171 0.870562
vn 0.252014 -0.436363 0.863757
vn 0.257816 -0.446692 0.856736
vn 0.263614 -0.456455 0.849798
vn 0.269472 -0.466880 0.842264
vn 0.275025 -0.476220 0.835210
vn 0.280925 -0.486717 0.827156
vn 0.286229 -0.495627 0.820016
vn 0.292164 -0.506183 0.811430
vn 0.297230 -0.514682 0.804212
vn 0.308008 -0.533350 0.787826
vn 0.303187 -0.525274 0.795088
vn 0.318560 -0.551629 0.770860
vn 0.313975 -0.543958 0.778158
vn 0.328879 -0.569503 0.753329
vn 0.324536 -0.562250 0.760625
vn 0.338959 -0.586964 0.735241
vn 0.334848 -0.580110 0.742529
vn 0.348792 -0.603996 0.716612
vn 0.344906 -0.597529 0.723878
vn 0.358363 -0.620575 0.697469
vn 0.354706 -0.614502 0.704678
vn 0.367675 -0.636707 0.677805
vn 0.364240 -0.631013 0.684947
vn 0.376715 -0.652366 0.657651
vn 0.373497 -0.647044 0.664706
vn 0.385481 -0.667552 0.637008
vn 0.382479 -0.662600 0.643949
vn 0.393965 -0.682250 0.615895
vn 0.391166 -0.677643 0.622728
vn 0.402159 -0.696443 0.594336
vn 0.399564 -0.692186 0.601022
vn 0.410055 -0.710124 0.572345
vn 0.407659 -0.706204 0.578869
vn 0.417654 -0.723289 0.549926
vn 0.415446 -0.719689 0.556284
vn 0.424944 -0.735918 0.527113
vn 0.422921 -0.732633 0.533279
vn 0.431924 -0.748012 0.503904
vn 0.430081 -0.745031 0.509862
vn 0.438587 -0.759556 0.480329
vn 0.436912 -0.756859 0.486078
vn 0.443418 -0.768123 0.461917
vn 0.444927 -0.770541 0.456407
vn 0.449588 -0.778807 0.437413
vn 0.450945 -0.780968 0.432131
vn 0.455420 -0.788902 0.412584
vn 0.456624 -0.790810 0.407571
vn 0.460913 -0.798412 0.387424
vn 0.461976 -0.800084 0.382680
vn 0.466985 -0.808764 0.357527
vn 0.466053 -0.807312 0.361998
vn 0.471653 -0.816854 0.332102
vn 0.470846 -0.815608 0.336286
vn 0.475975 -0.824345 0.306435
vn 0.475284 -0.823290 0.310321
vn 0.479947 -0.831230 0.280547
vn 0.479365 -0.830353 0.284120
vn 0.483566 -0.837504 0.254463
vn 0.483083 -0.836788 0.257713
vn 0.486832 -0.843166 0.228181
vn 0.486438 -0.842593 0.231117
vn 0.489742 -0.848211 0.201721
vn 0.489428 -0.847766 0.204336
vn 0.492290 -0.852631 0.175131
vn 0.492051 -0.852303 0.177387
vn 0.494478 -0.856427 0.148407
vn 0.494300 -0.856193 0.150340
vn 0.496303 -0.859595 0.121570
vn 0.496179 -0.859442 0.123149
vn 0.497764 -0.862132 0.094650
vn 0.497684 -0.862042 0.095886
vn 0.498860 -0.864038 0.067656
vn 0.498815 -0.863994 0.068541
vn 0.499591 -0.865309 0.040609
vn 0.499570 -0.865296 0.041149
vn 0.499950 -0.865946 0.013715
vn 0.499954 -0.865946 0.013536
f 1//1 2//1 3//1
f 4//2 2//2 1//2
f 352//3 1//3 414//3
f 352//4 4//4 1//4
f 5//5 4//5 6//5
f 7//6 6//6 4//6
f 8//7 4//7 5//7
f 9//8 7//8 4//8
f 10//9 4//9 8//9
f 11//10 9//10 4//10
f 12//11 4//11 10//11
f 13//12 11//12 4//12
f 14//13 4//13 12//13
f 15//14 13//14 4//14
f 16//15 4//15 14//15
f 17//16 15//16 4//16
f 18//17 4//17 16//17
f 19//18 17//18 4//18
f 20//19 4//19 18//19
f 21//20 19//20 4//20
f 22//21 2//21 4//21
f 22//22 4//22 20//22
f 23//23 21//23 4//23
f 24//24 2//24 22//24
f 25//25 23//25 4//25
f 26//26 2//26 24//26
f 27//27 25//27 4//27
f 28//28 2//28 26//28
f 29//29 27//29 4//29
f 30//30 2//30 28//30
f 31//31 29//31 4//31
f 32//32 2//32 30//32
f 33//33 31//33 4//33
f 34//34 2//34 32//34
f 35//35 33//35 4//35
f 36//36 2//36 34//36
f 37//37 35//37 4//37
f 38//38 2//38 36//38
f 39//39 37//39 4//39
f 40//40 2//40 38//40
f 41//41 39//41 4//41
f 42//42 2//42 40//42
f 43//43 41//43 4//43
f 44//44 2//44 42//44
f 45//45 43//45 4//45
f 46//46 2//46 44//46
f 47//47 45//47 4//47
f 48//48 2//48 46//48
f 49//49 47//49 4//49
f 50//50 2//50 48//50
f 51//51 49//51 4//51
f 52//52 2//52 50//52
f 53//53 51//53 4//53
f 54//54 2//54 52//54
f 55//55 53//55 4//55
f 56//56 2//56 54//56
f 57//57 55//57 4//57
f 58//58 2//58 56//58
f 59//59 57//59 4//59
f 60//60 2//60 58//60
f 61//61 59//61 4//61
f 62//62 2//62 60//62
f 63//63 64//63 2//63
f 63//64 2//64 62//64
f 65//65 66//65 64//65
f 65//66 64//66 63//66
f 67//67 68//67 66//67
f 67//68 66//68 65//68
f 69//69 70//69 68//69
f 69//70 68//70 67//70
f 71//71 72//71 70//71
f 71//72 70//72 69//72
f 73//73 74//73 72//73
f 73//74 72//74 71//74
f 75//75 74//75 73//75
f 75//76 76//76 74//76
f 77//77 78//77 76//77
f 77//78 76//78 75//78
f 79//79 80//79 78//79
f 79//80 78//80 77//80
f 81//81 82//81 83//81
f 81//82 83//82 80//82
f 81//83 80//83 79//83
f 84//84 61//84 4//84
f 84//85 85//85 61//85
f 84//86 86//86 85//86
f 84//87 87//87 86//87
f 84//88 88//88 87//88
f 84//89 89//89 88//89
f 84//90 90//90 89//90
f 84//91 91//91 90//91
f 84//92 92//92 91//92
f 84//93 93//93 92//93
f 84//94 94//94 93//94
f 95//95 94//95 84//95
f 96//96 97//96 82//96
f 96//97 82//97 81//97
f 98//98 95//98 84//98
f 99//99 100//99 97//99
f 99//100 97//100 96//100
f 101//101 98//101 84//101
f 102//102 103//102 100//102
f 102//103 100//103 99//103
f 104//104 101//104 84//104
f 105//105 106//105 103//105
f 105//106 103//106 102//106
f 107//107 104//107 84//107
f 108//108 109//108 106//108
f 108//109 106//109 105//109
f 110//110 107//110 84//110
f 111//111 112//111 109//111
f 111//112 109//112 108//112
f 113//113 110//113 84//113
f 114//114 115//114 112//114
f 114//115 112//115 111//115
f 116//116 113//116 84//116
f 117//117 115//117 114//117
f 117//118 118//118 115//118
f 119//119 116//119 84//119
f 120//120 118//120 117//120
f 120//121 121//121 118//121
f 122//122 119//122 84//122
f 123//123 121//123 120//123
f 123//124 124//124 121//124
f 125//125 122//125 84//125
f 126//126 124//126 123//126
f 126//127 127//127 124//127
f 128//128 125//128 84//128
f 129//129 127//129 126//129
f 129//130 130//130 127//130
f 131//131 128//131 84//131
f 132//132 130//132 129//132
f 132//133 133//133 130//133
f 134//134 131//134 84//134
f 135//135 133//135 132//135
f 135//136 136//136 133//136
f 137//137 134//137 84//137
f 138//138 136//138 135//138
f 138//139 139//139 136//139
f 140//140 137//140 84//140
f 141//141 139//141 138//141
f 141//142 142//142 139//142
f 143//143 140//143 84//143
f 144//144 142//144 141//144
f 144//145 145//145 142//145
f 146//146 143//146 84//146
f 147//147 145//147 144//147
f 148//148 145//148 147//148
f 149//149 146//149 84//149
f 150//150 148//150 147//150
f 151//151 149//151 84//151
f 152//152 150//152 153//152
f 152//153 148//153 150//153
f 154//154 151//154 84//154
f 155//155 154//155 84//155
f 156//156 153//156 157//156
f 156//157 152//157 153//157
f 158//158 155//158 84//158
f 159//159 157//159 160//159
f 159//160 156//160 157//160
f 161//161 158//161 84//161
f 162//162 161//162 84//162
f 163//163 160//163 164//163
f 163//164 159//164 160//164
f 165//165 162//165 84//165
f 166//166 165//166 84//166
f 167//167 164//167 168//167
f 167//168 163//168 164//168
f 169//169 168//169 170//169
f 169//170 167//170 168//170
f 171//171 170//171 172//171
f 171//172 169//172 170//172
f 173//173 172//173 174//173
f 173//174 171//174 172//174
f 175//175 173//175 174//175
f 175//176 174//176 176//176
f 177//177 176//177 178//177
f 177//178 175//178 176//178
f 179//179 178//179 180//179
f 179//180 177//180 178//180
f 181//181 180//181 182//181
f 181//182 179//182 180//182
f 183//183 182//183 184//183
f 183//184 181//184 182//184
f 185//185 184//185 186//185
f 185//186 183//186 184//186
f 187//187 186//187 188//187
f 187//188 185//188 186//188
f 189//189 188//189 190//189
f 189//190 187//190 188//190
f 191//191 190//191 192//191
f 191//192 189//192 190//192
f 193//193 192//193 194//193
f 193//194 191//194 192//194
f 195//195 193//195 194//195
f 195//196 194//196 196//196
f 197//197 195//197 196//197
f 197//198 196//198 198//198
f 199//199 197//199 198//199
f 199//200 198//200 200//200
f 201//201 199//201 200//201
f 201//202 200//202 202//202
f 203//203 201//203 202//203
f 203//204 202//204 204//204
f 205//205 203//205 204//205
f 205//206 204//206 206//206
f 207//207 205//207 206//207
f 207//208 206//208 208//208
f 209//209 207//209 208//209
f 209//210 208//210 210//210
f 211//211 209//211 210//211
f 211//212 210//212 212//212
f 213//213 211//213 212//213
f 213//214 212//214 214//214
f 215//215 213//215 214//215
f 216//216 217//216 166//216
f 216//217 218//217 217//217
f 216//218 219//218 218//218
f 216//219 220//219 219//219
f 216//220 221//220 220//220
f 216//221 222//221 221//221
f 216//222 223//222 222//222
f 216//223 224//223 223//223
f 216//224 225//224 224//224
f 216//225 226//225 225//225
f 216//226 227//226 226//226
f 216//227 228//227 227//227
f 216//228 229//228 228//228
f 216//229 230//229 229//229
f 216//230 231//230 230//230
f 216//231 232//231 231//231
f 216//232 233//232 232//232
f 216//233 234//233 233//233
f 216//234 235//234 234//234
f 216//235 236//235 235//235
f 216//236 237//236 236//236
f 216//237 166//237 84//237
f 238//238 215//238 214//238
f 238//239 214//239 239//239
f 240//240 238//240 239//240
f 240//241 239//241 241//241
f 242//242 237//242 216//242
f 242//243 243//243 237//243
f 244//244 240//244 241//244
f 244//245 241//245 245//245
f 246//246 247//246 243//246
f 246//247 243//247 242//247
f 248//248 244//248 245//248
f 248//249 245//249 249//249
f 250//250 251//250 247//250
f 250//251 247//251 246//251
f 252//252 248//252 249//252
f 252//253 249//253 253//253
f 254//254 251//254 250//254
f 254//255 255//255 251//255
f 256//256 252//256 253//256
f 256//257 253//257 257//257
f 258//258 255//258 254//258
f 258//259 259//259 255//259
f 260//260 256//260 257//260
f 260//261 257//261 261//261
f 262//262 263//262 259//262
f 262//263 259//263 258//263
f 264//264 260//264 261//264
f 264//265 261//265 265//265
f 266//266 263//266 262//266
f 266//267 267//267 263//267
f 268//268 264//268 265//268
f 268//269 265//269 269//269
f 270//270 271//270 267//270
f 270//271 267//271 266//271
f 272//272 268//272 269//272
f 272//273 269//273 273//273
f 274//274 275//274 271//274
f 274//275 271//275 270//275
f 276//276 272//276 273//276
f 276//277 273//277 277//277
f 278//278 275//278 274//278
f 278//279 279//279 275//279
f 280//280 276//280 277//280
f 280//281 277//281 281//281
f 282//282 279//282 278//282
f 282//283 283//283 279//283
f 284//284 280//284 281//284
f 284//285 281//285 285//285
f 286//286 287//286 283//286
f 286//287 283//287 282//287
f 288//288 284//288 285//288
f 288//289 285//289 289//289
f 290//290 291//290 287//290
f 290//291 287//291 286//291
f 292//292 289//292 293//292
f 292//293 288//293 289//293
f 294//294 295//294 291//294
f 294//295 291//295 290//295
f 296//296 293//296 297//296
f 296//297 292//297 293//297
f 298//298 299//298 295//298
f 298//299 295//299 294//299
f 300//300 296//300 297//300
f 300//301 297//301 301//301
f 302//302 303//302 299//302
f 302//303 299//303 298//303
f 304//304 301//304 305//304
f 304//305 300//305 301//305
f 306//306 307//306 303//306
f 306//307 303//307 302//307
f 308//308 305//308 309//308
f 308//309 304//309 305//309
f 310//310 307//310 306//310
f 310//311 311//311 307//311
f 312//312 309//312 313//312
f 312//313 308//313 309//313
f 314//314 315//314 311//314
f 314//315 311//315 310//315
f 316//316 313//316 317//316
f 316//317 312//317 313//317
f 318//318 315//318 314//318
f 318//319 319//319 315//319
f 320//320 316//320 317//320
f 320//321 317//321 321//321
f 322//322 323//322 319//322
f 322//323 319//323 318//323
f 324//324 320//324 321//324
f 324//325 321//325 325//325
f 326//326 323//326 322//326
f 326//327 327//327 323//327
f 328//328 324//328 325//328
f 329//329 327//329 326//329
f 329//330 330//330 327//330
f 331//331 325//331 332//331
f 331//332 328//332 325//332
f 333//333 330//333 329//333
f 333//334 334//334 330//334
f 335//335 331//335 332//335
f 335//336 332//336 336//336
f 337//337 334//337 333//337
f 337//338 338//338 334//338
f 339//339 335//339 336//339
f 339//340 336//340 340//340
f 341//341 338//341 337//341
f 341//342 342//342 338//342
f 343//343 339//343 340//343
f 343//344 340//344 344//344
f 345//345 342//345 341//345
f 345//346 346//346 342//346
f 347//347 343//347 344//347
f 347//348 344//348 348//348
f 349//349 346//349 345//349
f 349//350 350//350 346//350
f 351//351 347//351 348//351
f 351//352 350//352 349//352
f 351//353 348//353 350//353
f 352//354 353//354 4//354
f 354//355 353//355 352//355
f 215//356 725//356 213//356
f 725//357 355//357 213//357
f 213//358 356//358 211//358
f 355//359 356//359 213//359
f 211//360 357//360 209//360
f 356//361 357//361 211//361
f 209//362 358//362 207//362
f 357//363 358//363 209//363
f 207//364 359//364 205//364
f 358//365 359//365 207//365
f 205//366 360//366 203//366
f 359//367 360//367 205//367
f 203//368 361//368 201//368
f 201//369 361//369 199//369
f 360//370 361//370 203//370
f 361//371 362//371 199//371
f 199//372 363//372 197//372
f 362//373 363//373 199//373
f 197//374 364//374 195//374
f 363//375 364//375 197//375
f 195//376 365//376 193//376
f 193//377 365//377 191//377
f 364//378 365//378 195//378
f 365//379 366//379 191//379
f 191//380 367//380 189//380
f 189//381 367//381 187//381
f 366//382 367//382 191//382
f 367//383 368//383 187//383
f 187//384 369//384 185//384
f 185//385 369//385 183//385
f 368//386 369//386 187//386
f 369//387 370//387 183//387
f 183//388 371//388 181//388
f 370//389 371//389 183//389
f 181//390 372//390 179//390
f 179//391 372//391 177//391
f 371//392 372//392 181//392
f 372//393 373//393 177//393
f 177//394 374//394 175//394
f 373//395 374//395 177//395
f 374//396 375//396 175//396
f 175//397 375//397 173//397
f 375//398 376//398 173//398
f 173//399 376//399 171//399
f 171//400 376//400 169//400
f 376//401 377//401 169//401
f 377//402 378//402 169//402
f 169//403 378//403 167//403
f 378//404 379//404 167//404
f 167//405 379//405 163//405
f 163//406 380//406 159//406
f 379//407 380//407 163//407
f 159//408 381//408 156//408
f 380//409 381//409 159//409
f 156//410 382//410 152//410
f 381//411 382//411 156//411
f 152//412 383//412 148//412
f 382//413 383//413 152//413
f 148//414 384//414 145//414
f 145//415 384//415 142//415
f 383//416 384//416 148//416
f 384//417 385//417 142//417
f 142//418 386//418 139//418
f 385//419 386//419 142//419
f 139//420 387//420 136//420
f 386//421 387//421 139//421
f 136//422 388//422 133//422
f 387//423 388//423 136//423
f 133//424 389//424 130//424
f 130//425 389//425 127//425
f 388//426 389//426 133//426
f 127//427 390//427 124//427
f 389//428 390//428 127//428
f 390//429 391//429 124//429
f 124//430 392//430 121//430
f 391//431 392//431 124//431
f 121//432 393//432 118//432
f 392//433 393//433 121//433
f 118//434 394//434 115//434
f 393//435 394//435 118//435
f 115//436 395//436 112//436
f 394//437 395//437 115//437
f 112//438 396//438 109//438
f 395//439 396//439 112//439
f 109//440 397//440 106//440
f 396//441 397//441 109//441
f 106//442 398//442 103//442
f 103//443 398//443 100//443
f 397//444 398//444 106//444
f 398//445 399//445 100//445
f 399//446 400//446 100//446
f 100//447 400//447 97//447
f 97//448 400//448 82//448
f 400//449 401//449 82//449
f 401//450 402//450 82//450
f 82//451 402//451 83//451
f 402//452 403//452 83//452
f 83//453 403//453 80//453
f 403//454 404//454 80//454
f 80//455 404//455 78//455
f 404//456 405//456 78//456
f 78//457 405//457 76//457
f 76//458 405//458 74//458
f 405//459 406//459 74//459
f 74//460 406//460 72//460
f 406//461 407//461 72//461
f 407//462 408//462 72//462
f 72//463 408//463 70//463
f 70//464 408//464 68//464
f 408//465 409//465 68//465
f 409//466 410//466 68//466
f 68//467 410//467 66//467
f 66//468 410//468 64//468
f 410//469 411//469 64//469
f 411//470 3//470 64//470
f 64//471 3//471 2//471
f 412//472 352//472 413//472
f 413//473 352//473 414//473
f 415//474 416//474 417//474
f 417//475 416//475 418//475
f 418//476 419//476 420//476
f 416//477 419//477 418//477
f 421//478 422//478 415//478
f 415//479 422//479 416//479
f 423//480 424//480 421//480
f 421//481 424//481 422//481
f 420//482 425//482 426//482
f 419//483 425//483 420//483
f 426//484 427//484 428//484
f 425//485 427//485 426//485
f 429//486 430//486 423//486
f 423//487 430//487 424//487
f 428//488 431//488 432//488
f 427//489 431//489 428//489
f 433//490 434//490 429//490
f 429//491 434//491 430//491
f 432//492 435//492 436//492
f 431//493 435//493 432//493
f 437//494 438//494 433//494
f 433//495 438//495 434//495
f 436//496 439//496 440//496
f 435//497 439//497 436//497
f 437//498 441//498 438//498
f 442//499 441//499 437//499
f 439//500 443//500 440//500
f 440//501 443//501 444//501
f 442//502 445//502 441//502
f 446//503 445//503 442//503
f 444//504 447//504 448//504
f 443//505 447//505 444//505
f 446//506 449//506 445//506
f 450//507 449//507 446//507
f 448//508 451//508 452//508
f 447//509 451//509 448//509
f 450//510 453//510 449//510
f 454//511 453//511 450//511
f 451//512 455//512 452//512
f 452//513 455//513 456//513
f 454//514 457//514 453//514
f 458//515 457//515 454//515
f 456//516 459//516 460//516
f 455//517 459//517 456//517
f 461//518 462//518 458//518
f 458//519 462//519 457//519
f 459//520 463//520 460//520
f 460//521 463//521 464//521
f 465//522 466//522 461//522
f 461//523 466//523 462//523
f 463//524 467//524 464//524
f 464//525 467//525 468//525
f 465//526 469//526 466//526
f 470//527 469//527 465//527
f 468//528 471//528 472//528
f 467//529 471//529 468//529
f 473//530 474//530 470//530
f 470//531 474//531 469//531
f 471//532 475//532 472//532
f 472//533 475//533 476//533
f 477//534 478//534 473//534
f 473//535 478//535 474//535
f 475//536 479//536 476//536
f 476//537 479//537 480//537
f 481//538 482//538 477//538
f 477//539 482//539 478//539
f 479//540 483//540 480//540
f 480//541 483//541 484//541
f 485//542 486//542 481//542
f 481//543 486//543 482//543
f 483//544 487//544 484//544
f 484//545 487//545 488//545
f 489//546 490//546 485//546
f 485//547 490//547 486//547
f 487//548 491//548 488//548
f 488//549 491//549 492//549
f 493//550 494//550 489//550
f 489//551 494//551 490//551
f 491//552 495//552 492//552
f 492//553 495//553 496//553
f 497//554 498//554 493//554
f 493//555 498//555 494//555
f 496//556 499//556 500//556
f 495//557 499//557 496//557
f 501//558 502//558 497//558
f 497//559 502//559 498//559
f 500//560 503//560 504//560
f 499//561 503//561 500//561
f 505//562 506//562 501//562
f 501//563 506//563 502//563
f 503//564 507//564 504//564
f 504//565 507//565 508//565
f 509//566 510//566 505//566
f 505//567 510//567 506//567
f 508//568 511//568 512//568
f 507//569 511//569 508//569
f 513//570 514//570 509//570
f 509//571 514//571 510//571
f 511//572 515//572 512//572
f 512//573 515//573 516//573
f 517//574 518//574 513//574
f 513//575 518//575 514//575
f 516//576 519//576 520//576
f 515//577 519//577 516//577
f 521//578 522//578 517//578
f 517//579 522//579 518//579
f 519//580 523//580 520//580
f 520//581 523//581 524//581
f 525//582 526//582 521//582
f 521//583 526//583 522//583
f 524//584 527//584 528//584
f 523//585 527//585 524//585
f 529//586 530//586 525//586
f 525//587 530//587 526//587
f 527//588 531//588 528//588
f 528//589 531//589 725//589
f 725//590 531//590 355//590
f 529//591 532//591 530//591
f 355//592 533//592 356//592
f 531//593 533//593 355//593
f 529//594 534//594 532//594
f 533//595 535//595 356//595
f 356//596 535//596 357//596
f 529//597 536//597 534//597
f 535//598 537//598 357//598
f 357//599 537//599 358//599
f 529//600 538//600 536//600
f 537//601 539//601 358//601
f 358//602 539//602 359//602
f 529//603 540//603 538//603
f 359//604 541//604 360//604
f 539//605 541//605 359//605
f 529//606 542//606 540//606
f 541//607 543//607 360//607
f 360//608 543//608 361//608
f 529//609 544//609 542//609
f 361//610 545//610 362//610
f 543//611 545//611 361//611
f 529//612 546//612 544//612
f 545//613 547//613 362//613
f 362//614 547//614 363//614
f 529//615 548//615 546//615
f 547//616 549//616 363//616
f 363//617 549//617 364//617
f 529//618 550//618 548//618
f 549//619 551//619 364//619
f 364//620 551//620 365//620
f 529//621 552//621 550//621
f 551//622 553//622 365//622
f 365//623 553//623 366//623
f 529//624 554//624 552//624
f 553//625 555//625 366//625
f 366//626 555//626 367//626
f 556//627 557//627 529//627
f 529//628 557//628 554//628
f 555//629 558//629 367//629
f 367//630 558//630 368//630
f 556//631 559//631 557//631
f 368//632 560//632 369//632
f 558//633 560//633 368//633
f 556//634 561//634 559//634
f 560//635 562//635 369//635
f 369//636 562//636 370//636
f 556//637 563//637 561//637
f 562//638 564//638 370//638
f 370//639 564//639 371//639
f 556//640 565//640 563//640
f 371//641 566//641 372//641
f 564//642 566//642 371//642
f 556//643 567//643 565//643
f 566//644 568//644 372//644
f 372//645 568//645 373//645
f 556//646 569//646 567//646
f 373//647 570//647 374//647
f 568//648 570//648 373//648
f 556//649 571//649 569//649
f 374//650 572//650 375//650
f 570//651 572//651 374//651
f 556//652 573//652 571//652
f 572//653 574//653 375//653
f 375//654 574//654 376//654
f 556//655 575//655 573//655
f 574//656 576//656 376//656
f 376//657 576//657 377//657
f 556//658 577//658 575//658
f 576//659 578//659 377//659
f 377//660 578//660 378//660
f 556//661 579//661 577//661
f 578//662 580//662 378//662
f 378//663 580//663 379//663
f 556//664 581//664 579//664
f 580//665 582//665 379//665
f 379//666 582//666 380//666
f 556//667 583//667 581//667
f 582//668 584//668 380//668
f 380//669 584//669 381//669
f 556//670 585//670 583//670
f 381//671 586//671 382//671
f 584//672 586//672 381//672
f 556//673 587//673 585//673
f 586//674 588//674 382//674
f 556//675 589//675 587//675
f 588//676 383//676 382//676
f 588//677 590//677 383//677
f 556//678 591//678 589//678
f 590//679 384//679 383//679
f 590//680 592//680 384//680
f 556//681 593//681 591//681
f 556//682 594//682 593//682
f 595//683 385//683 592//683
f 592//684 385//684 384//684
f 556//685 596//685 594//685
f 556//686 597//686 596//686
f 598//687 386//687 595//687
f 595//688 386//688 385//688
f 556//689 599//689 597//689
f 600//690 387//690 598//690
f 598//691 387//691 386//691
f 556//692 601//692 599//692
f 556//693 602//693 601//693
f 603//694 388//694 600//694
f 600//695 388//695 387//695
f 556//696 604//696 602//696
f 556//697 605//697 604//697
f 606//698 389//698 603//698
f 603//699 389//699 388//699
f 556//700 607//700 605//700
f 606//701 390//701 389//701
f 608//702 390//702 606//702
f 556//703 609//703 607//703
f 556//704 610//704 609//704
f 608//705 391//705 390//705
f 611//706 391//706 608//706
f 556//707 612//707 610//707
f 556//708 613//708 612//708
f 611//709 392//709 391//709
f 614//710 392//710 611//710
f 556//711 615//711 613//711
f 556//712 616//712 615//712
f 614//713 393//713 392//713
f 617//714 393//714 614//714
f 617//715 394//715 393//715
f 618//716 394//716 617//716
f 618//717 395//717 394//717
f 619//718 395//718 618//718
f 619//719 396//719 395//719
f 620//720 396//720 619//720
f 620//721 397//721 396//721
f 621//722 397//722 620//722
f 621//723 398//723 397//723
f 622//724 398//724 621//724
f 623//725 399//725 622//725
f 622//726 399//726 398//726
f 623//727 400//727 399//727
f 624//728 400//728 623//728
f 624//729 401//729 400//729
f 625//730 402//730 624//730
f 624//731 402//731 401//731
f 625//732 403//732 402//732
f 626//733 403//733 625//733
f 626//734 404//734 403//734
f 627//735 404//735 626//735
f 627//736 405//736 404//736
f 628//737 405//737 627//737
f 628//738 406//738 405//738
f 629//739 406//739 628//739
f 629//740 407//740 406//740
f 630//741 407//741 629//741
f 630//742 408//742 407//742
f 631//743 408//743 630//743
f 631//744 409//744 408//744
f 632//745 409//745 631//745
f 632//746 410//746 409//746
f 633//747 410//747 632//747
f 633//748 411//748 410//748
f 634//749 411//749 633//749
f 635//750 3//750 636//750
f 637//751 3//751 635//751
f 638//752 3//752 637//752
f 634//753 3//753 411//753
f 639//754 3//754 634//754
f 640//755 3//755 639//755
f 641//756 3//756 640//756
f 642//757 3//757 641//757
f 643//758 3//758 642//758
f 644//759 3//759 643//759
f 645//760 3//760 644//760
f 646//761 3//761 645//761
f 647//762 3//762 646//762
f 636//763 3//763 647//763
f 648//764 1//764 638//764
f 649//765 1//765 648//765
f 650//766 1//766 649//766
f 651//767 1//767 650//767
f 652//768 1//768 651//768
f 653//769 1//769 652//769
f 654//770 1//770 653//770
f 655//771 1//771 654//771
f 656//772 1//772 655//772
f 657//773 1//773 656//773
f 658//774 1//774 657//774
f 659//775 1//775 658//775
f 660//776 1//776 659//776
f 661//777 1//777 660//777
f 662//778 1//778 661//778
f 663//779 1//779 662//779
f 664//780 1//780 663//780
f 665//781 1//781 664//781
f 666//782 1//782 665//782
f 667//783 1//783 666//783
f 668//784 1//784 667//784
f 669//785 1//785 668//785
f 670//786 1//786 669//786
f 671//787 1//787 670//787
f 672//788 1//788 671//788
f 673//789 1//789 672//789
f 674//790 1//790 673//790
f 675//791 1//791 674//791
f 676//792 1//792 675//792
f 677//793 1//793 676//793
f 678//794 1//794 677//794
f 679//795 1//795 678//795
f 680//796 1//796 679//796
f 638//797 1//797 3//797
f 681//798 1//798 680//798
f 707//799 1//799 682//799
f 682//800 1//800 683//800
f 683//801 1//801 684//801
f 684//802 1//802 685//802
f 685//803 1//803 686//803
f 686//804 1//804 687//804
f 687//805 1//805 688//805
f 688//806 1//806 689//806
f 689//807 1//807 690//807
f 690//808 1//808 691//808
f 691//809 1//809 692//809
f 692//810 1//810 681//810
f 556//811 707//811 693//811
f 556//812 693//812 694//812
f 556//813 694//813 695//813
f 556//814 695//814 696//814
f 556//815 696//815 697//815
f 556//816 697//816 698//816
f 556//817 698//817 699//817
f 556//818 699//818 700//818
f 556//819 700//819 701//819
f 556//820 701//820 702//820
f 556//821 702//821 703//821
f 556//822 703//822 616//822
f 704//823 705//823 706//823
f 707//824 556//824 705//824
f 707//825 705//825 704//825
f 708//826 704//826 1796//826
f 414//827 1//827 707//827
f 414//828 707//828 704//828
f 414//829 704//829 708//829
f 413//830 708//830 709//830
f 413//831 414//831 708//831
f 2124//832 710//832 1800//832
f 711//833 413//833 709//833
f 2150//834 2124//834 2147//834
f 712//835 709//835 710//835
f 712//836 710//836 2124//836
f 712//837 711//837 709//837
f 713//838 2150//838 2152//838
f 713//839 2124//839 2150//839
f 713//840 712//840 2124//840
f 714//841 712//841 713//841
f 715//842 716//842 717//842
f 718//843 717//843 413//843
f 718//844 413//844 711//844
f 719//845 718//845 720//845
f 719//846 715//846 717//846
f 719//847 717//847 718//847
f 721//848 722//848 715//848
f 721//849 715//849 719//849
f 903//850 721//850 719//850
f 216//851 556//851 529//851
f 723//852 705//852 556//852
f 84//853 723//853 556//853
f 84//854 556//854 216//854
f 353//855 724//855 84//855
f 353//856 84//856 4//856
f 216//857 525//857 242//857
f 529//858 525//858 216//858
f 242//859 521//859 246//859
f 525//860 521//860 242//860
f 246//861 517//861 250//861
f 521//862 517//862 246//862
f 250//863 513//863 254//863
f 517//864 513//864 250//864
f 254//865 509//865 258//865
f 258//866 509//866 262//866
f 513//867 509//867 254//867
f 509//868 505//868 262//868
f 262//869 501//869 266//869
f 266//870 501//870 270//870
f 505//871 501//871 262//871
f 501//872 497//872 270//872
f 270//873 493//873 274//873
f 497//874 493//874 270//874
f 274//875 489//875 278//875
f 278//876 489//876 282//876
f 493//877 489//877 274//877
f 489//878 485//878 282//878
f 282//879 481//879 286//879
f 485//880 481//880 282//880
f 286//881 477//881 290//881
f 481//882 477//882 286//882
f 290//883 473//883 294//883
f 294//884 473//884 298//884
f 477//885 473//885 290//885
f 473//886 470//886 298//886
f 298//887 465//887 302//887
f 302//888 465//888 306//888
f 470//889 465//889 298//889
f 465//890 461//890 306//890
f 306//891 458//891 310//891
f 461//892 458//892 306//892
f 310//893 454//893 314//893
f 458//894 454//894 310//894
f 314//895 450//895 318//895
f 318//896 450//896 322//896
f 454//897 450//897 314//897
f 450//898 446//898 322//898
f 446//899 442//899 322//899
f 322//900 442//900 326//900
f 326//901 442//901 329//901
f 442//902 437//902 329//902
f 437//903 433//903 329//903
f 329//904 433//904 333//904
f 433//905 429//905 333//905
f 333//906 429//906 337//906
f 337//907 423//907 341//907
f 429//908 423//908 337//908
f 341//909 421//909 345//909
f 423//910 421//910 341//910
f 345//911 415//911 349//911
f 349//912 415//912 351//912
f 421//913 415//913 345//913
f 415//914 417//914 351//914
f 351//915 418//915 347//915
f 417//916 418//916 351//916
f 347//917 420//917 343//917
f 343//918 420//918 339//918
f 418//919 420//919 347//919
f 420//920 426//920 339//920
f 339//921 428//921 335//921
f 426//922 428//922 339//922
f 335//923 432//923 331//923
f 428//924 432//924 335//924
f 331//925 436//925 328//925
f 328//926 436//926 324//926
f 432//927 436//927 331//927
f 436//928 440//928 324//928
f 324//929 444//929 320//929
f 440//930 444//930 324//930
f 320//931 448//931 316//931
f 444//932 448//932 320//932
f 316//933 452//933 312//933
f 312//934 452//934 308//934
f 448//935 452//935 316//935
f 452//936 456//936 308//936
f 308//937 460//937 304//937
f 456//938 460//938 308//938
f 304//939 464//939 300//939
f 460//940 464//940 304//940
f 300//941 468//941 296//941
f 296//942 468//942 292//942
f 464//943 468//943 300//943
f 292//944 472//944 288//944
f 468//945 472//945 292//945
f 472//946 476//946 288//946
f 288//947 476//947 284//947
f 476//948 480//948 284//948
f 480//949 484//949 284//949
f 284//950 484//950 280//950
f 280//951 484//951 276//951
f 484//952 488//952 276//952
f 488//953 492//953 276//953
f 276//954 492//954 272//954
f 272//955 492//955 268//955
f 492//956 496//956 268//956
f 268//957 496//957 264//957
f 496//958 500//958 264//958
f 500//959 504//959 264//959
f 264//960 504//960 260//960
f 504//961 508//961 260//961
f 260//962 508//962 256//962
f 508//963 512//963 256//963
f 256//964 512//964 252//964
f 512//965 516//965 252//965
f 252//966 516//966 248//966
f 248//967 516//967 244//967
f 516//968 520//968 244//968
f 520//969 524//969 244//969
f 244//970 524//970 240//970
f 524//971 528//971 240//971
f 240//972 528//972 238//972
f 238//973 528//973 725//973
f 238//974 725//974 215//974
f 62//975 639//975 634//975
f 63//976 62//976 634//976
f 63//977 634//977 633//977
f 65//978 63//978 633//978
f 65//979 633//979 632//979
f 67//980 65//980 632//980
f 67//981 632//981 631//981
f 69//982 67//982 631//982
f 69//983 631//983 630//983
f 71//984 69//984 630//984
f 71//985 630//985 629//985
f 73//986 71//986 629//986
f 73//987 629//987 628//987
f 75//988 628//988 627//988
f 75//989 73//989 628//989
f 77//990 627//990 626//990
f 77//991 75//991 627//991
f 79//992 626//992 625//992
f 79//993 77//993 626//993
f 81//994 625//994 624//994
f 81//995 79//995 625//995
f 96//996 81//996 624//996
f 96//997 624//997 623//997
f 99//998 96//998 623//998
f 99//999 623//999 622//999
f 102//1000 99//1000 622//1000
f 102//1001 622//1001 621//1001
f 105//1002 102//1002 621//1002
f 105//1003 621//1003 620//1003
f 108//1004 105//1004 620//1004
f 108//1005 620//1005 619//1005
f 111//1006 108//1006 619//1006
f 111//1007 619//1007 618//1007
f 114//1008 111//1008 618//1008
f 114//1009 618//1009 617//1009
f 117//1010 114//1010 617//1010
f 117//1011 617//1011 614//1011
f 120//1012 117//1012 614//1012
f 120//1013 614//1013 611//1013
f 123//1014 120//1014 611//1014
f 123//1015 611//1015 608//1015
f 126//1016 123//1016 608//1016
f 126//1017 608//1017 606//1017
f 129//1018 126//1018 606//1018
f 129//1019 606//1019 603//1019
f 132//1020 129//1020 603//1020
f 132//1021 603//1021 600//1021
f 135//1022 132//1022 600//1022
f 135//1023 600//1023 598//1023
f 138//1024 135//1024 598//1024
f 138//1025 598//1025 595//1025
f 141//1026 138//1026 595//1026
f 141//1027 595//1027 592//1027
f 144//1028 592//1028 590//1028
f 144//1029 141//1029 592//1029
f 147//1030 144//1030 590//1030
f 147//1031 590//1031 588//1031
f 150//1032 588//1032 586//1032
f 150//1033 147//1033 588//1033
f 153//1034 586//1034 584//1034
f 153//1035 150//1035 586//1035
f 157//1036 584//1036 582//1036
f 157//1037 153//1037 584//1037
f 160//1038 582//1038 580//1038
f 160//1039 157//1039 582//1039
f 164//1040 580//1040 578//1040
f 164//1041 160//1041 580//1041
f 168//1042 578//1042 576//1042
f 168//1043 164//1043 578//1043
f 170//1044 168//1044 576//1044
f 170//1045 576//1045 574//1045
f 172//1046 170//1046 574//1046
f 172//1047 574//1047 572//1047
f 174//1048 172//1048 572//1048
f 174//1049 572//1049 570//1049
f 176//1050 174//1050 570//1050
f 176//1051 570//1051 568//1051
f 178//1052 176//1052 568//1052
f 178//1053 568//1053 566//1053
f 180//1054 178//1054 566//1054
f 180//1055 566//1055 564//1055
f 182//1056 180//1056 564//1056
f 182//1057 564//1057 562//1057
f 184//1058 182//1058 562//1058
f 184//1059 562//1059 560//1059
f 186//1060 184//1060 560//1060
f 186//1061 560//1061 558//1061
f 188//1062 186//1062 558//1062
f 188//1063 558//1063 555//1063
f 190//1064 188//1064 555//1064
f 190//1065 555//1065 553//1065
f 192//1066 190//1066 553//1066
f 192//1067 553//1067 551//1067
f 194//1068 192//1068 551//1068
f 194//1069 551//1069 549//1069
f 196//1070 549//1070 547//1070
f 196//1071 194//1071 549//1071
f 198//1072 196//1072 547//1072
f 198//1073 547//1073 545//1073
f 200//1074 545//1074 543//1074
f 200//1075 198//1075 545//1075
f 202//1076 543//1076 541//1076
f 202//1077 200//1077 543//1077
f 204//1078 541//1078 539//1078
f 204//1079 202//1079 541//1079
f 206//1080 539//1080 537//1080
f 206//1081 204//1081 539//1081
f 208//1082 537//1082 535//1082
f 208//1083 206//1083 537//1083
f 210//1084 535//1084 533//1084
f 210//1085 208//1085 535//1085
f 212//1086 533//1086 531//1086
f 212//1087 210//1087 533//1087
f 214//1088 531//1088 527//1088
f 214//1089 212//1089 531//1089
f 239//1090 527//1090 523//1090
f 239//1091 214//1091 527//1091
f 241//1092 523//1092 519//1092
f 241//1093 239//1093 523//1093
f 245//1094 241//1094 519//1094
f 245//1095 519//1095 515//1095
f 249//1096 245//1096 515//1096
f 249//1097 515//1097 511//1097
f 253//1098 249//1098 511//1098
f 253//1099 511//1099 507//1099
f 257//1100 253//1100 507//1100
f 257//1101 507//1101 503//1101
f 261//1102 257//1102 503//1102
f 261//1103 503//1103 499//1103
f 265//1104 261//1104 499//1104
f 265//1105 499//1105 495//1105
f 269//1106 265//1106 495//1106
f 269//1107 495//1107 491//1107
f 273//1108 269//1108 491//1108
f 273//1109 491//1109 487//1109
f 277//1110 487//1110 483//1110
f 277//1111 273//1111 487//1111
f 281//1112 277//1112 483//1112
f 281//1113 483//1113 479//1113
f 285//1114 479//1114 475//1114
f 285//1115 281//1115 479//1115
f 289//1116 475//1116 471//1116
f 289//1117 285//1117 475//1117
f 293//1118 471//1118 467//1118
f 293//1119 289//1119 471//1119
f 297//1120 467//1120 463//1120
f 297//1121 293//1121 467//1121
f 301//1122 463//1122 459//1122
f 301//1123 297//1123 463//1123
f 305//1124 459//1124 455//1124
f 305//1125 301//1125 459//1125
f 309//1126 455//1126 451//1126
f 309//1127 305//1127 455//1127
f 313//1128 451//1128 447//1128
f 313//1129 309//1129 451//1129
f 317//1130 447//1130 443//1130
f 317//1131 313//1131 447//1131
f 321//1132 443//1132 439//1132
f 321//1133 317//1133 443//1133
f 325//1134 439//1134 435//1134
f 325//1135 321//1135 439//1135
f 332//1136 435//1136 431//1136
f 332//1137 325//1137 435//1137
f 336//1138 431//1138 427//1138
f 336//1139 332//1139 431//1139
f 340//1140 427//1140 425//1140
f 340//1141 336//1141 427//1141
f 344//1142 425//1142 419//1142
f 344//1143 340//1143 425//1143
f 348//1144 419//1144 416//1144
f 348//1145 344//1145 419//1145
f 350//1146 416//1146 422//1146
f 350//1147 348//1147 416//1147
f 346//1148 350//1148 422//1148
f 346//1149 422//1149 424//1149
f 342//1150 424//1150 430//1150
f 342//1151 346//1151 424//1151
f 338//1152 342//1152 430//1152
f 338//1153 430//1153 434//1153
f 334//1154 434//1154 438//1154
f 334//1155 338//1155 434//1155
f 330//1156 438//1156 441//1156
f 330//1157 334//1157 438//1157
f 327//1158 441//1158 445//1158
f 327//1159 330//1159 441//1159
f 323//1160 445//1160 449//1160
f 323//1161 327//1161 445//1161
f 319//1162 449//1162 453//1162
f 319//1163 323//1163 449//1163
f 315//1164 453//1164 457//1164
f 315//1165 319//1165 453//1165
f 311//1166 457//1166 462//1166
f 311//1167 315//1167 457//1167
f 307//1168 462//1168 466//1168
f 307//1169 311//1169 462//1169
f 303//1170 466//1170 469//1170
f 303//1171 307//1171 466//1171
f 299//1172 469//1172 474//1172
f 299//1173 303//1173 469//1173
f 295//1174 299//1174 474//1174
f 295//1175 474//1175 478//1175
f 291//1176 295//1176 478//1176
f 291//1177 478//1177 482//1177
f 287//1178 291//1178 482//1178
f 287//1179 482//1179 486//1179
f 283//1180 287//1180 486//1180
f 283//1181 486//1181 490//1181
f 279//1182 283//1182 490//1182
f 279//1183 490//1183 494//1183
f 275//1184 279//1184 494//1184
f 275//1185 494//1185 498//1185
f 271//1186 275//1186 498//1186
f 271//1187 498//1187 502//1187
f 267//1188 271//1188 502//1188
f 267//1189 502//1189 506//1189
f 263//1190 506//1190 510//1190
f 263//1191 267//1191 506//1191
f 259//1192 510//1192 514//1192
f 259//1193 263//1193 510//1193
f 255//1194 514//1194 518//1194
f 255//1195 259//1195 514//1195
f 251//1196 518//1196 522//1196
f 251//1197 255//1197 518//1197
f 247//1198 251//1198 522//1198
f 247//1199 522//1199 526//1199
f 243//1200 247//1200 526//1200
f 243//1201 526//1201 530//1201
f 237//1202 243//1202 530//1202
f 237//1203 530//1203 532//1203
f 236//1204 237//1204 532//1204
f 236//1205 532//1205 534//1205
f 235//1206 236//1206 534//1206
f 235//1207 534//1207 536//1207
f 234//1208 235//1208 536//1208
f 234//1209 536//1209 538//1209
f 233//1210 234//1210 538//1210
f 233//1211 538//1211 540//1211
f 232//1212 233//1212 540//1212
f 232//1213 540//1213 542//1213
f 231//1214 232//1214 542//1214
f 231//1215 542//1215 544//1215
f 230//1216 231//1216 544//1216
f 230//1217 544//1217 546//1217
f 229//1218 230//1218 546//1218
f 229//1219 546//1219 548//1219
f 228//1220 229//1220 548//1220
f 228//1221 548//1221 550//1221
f 227//1222 228//1222 550//1222
f 227//1223 550//1223 552//1223
f 226//1224 227//1224 552//1224
f 226//1225 552//1225 554//1225
f 225//1226 226//1226 554//1226
f 225//1227 554//1227 557//1227
f 224//1228 225//1228 557//1228
f 224//1229 557//1229 559//1229
f 223//1230 559//1230 561//1230
f 223//1231 224//1231 559//1231
f 222//1232 223//1232 561//1232
f 222//1233 561//1233 563//1233
f 221//1234 563//1234 565//1234
f 221//1235 222//1235 563//1235
f 220//1236 565//1236 567//1236
f 220//1237 221//1237 565//1237
f 219//1238 567//1238 569//1238
f 219//1239 220//1239 567//1239
f 218//1240 569//1240 571//1240
f 218//1241 219//1241 569//1241
f 217//1242 571//1242 573//1242
f 217//1243 218//1243 571//1243
f 166//1244 573//1244 575//1244
f 166//1245 217//1245 573//1245
f 165//1246 166//1246 575//1246
f 165//1247 575//1247 577//1247
f 162//1248 165//1248 577//1248
f 162//1249 577//1249 579//1249
f 161//1250 162//1250 579//1250
f 161//1251 579//1251 581//1251
f 158//1252 161//1252 581//1252
f 158//1253 581//1253 583//1253
f 155//1254 158//1254 583//1254
f 155//1255 583//1255 585//1255
f 154//1256 155//1256 585//1256
f 154//1257 585//1257 587//1257
f 151//1258 154//1258 587//1258
f 151//1259 587//1259 589//1259
f 149//1260 151//1260 589//1260
f 149//1261 589//1261 591//1261
f 146//1262 149//1262 591//1262
f 146//1263 591//1263 593//1263
f 143//1264 146//1264 593//1264
f 143//1265 593//1265 594//1265
f 140//1266 143//1266 594//1266
f 140//1267 594//1267 596//1267
f 137//1268 140//1268 596//1268
f 137//1269 596//1269 597//1269
f 134//1270 137//1270 597//1270
f 134//1271 597//1271 599//1271
f 131//1272 134//1272 599//1272
f 131//1273 599//1273 601//1273
f 128//1274 601//1274 602//1274
f 128//1275 131//1275 601//1275
f 125//1276 602//1276 604//1276
f 125//1277 128//1277 602//1277
f 122//1278 604//1278 605//1278
f 122//1279 125//1279 604//1279
f 119//1280 605//1280 607//1280
f 119//1281 122//1281 605//1281
f 116//1282 607//1282 609//1282
f 116//1283 119//1283 607//1283
f 113//1284 609//1284 610//1284
f 113//1285 116//1285 609//1285
f 110//1286 610//1286 612//1286
f 110//1287 113//1287 610//1287
f 107//1288 612//1288 613//1288
f 107//1289 110//1289 612//1289
f 104//1290 613//1290 615//1290
f 104//1291 107//1291 613//1291
f 101//1292 615//1292 616//1292
f 101//1293 104//1293 615//1293
f 98//1294 616//1294 703//1294
f 98//1295 101//1295 616//1295
f 95//1296 98//1296 703//1296
f 95//1297 703//1297 702//1297
f 94//1298 95//1298 702//1298
f 94//1299 702//1299 701//1299
f 93//1300 94//1300 701//1300
f 93//1301 701//1301 700//1301
f 92//1302 93//1302 700//1302
f 92//1303 700//1303 699//1303
f 91//1304 92//1304 699//1304
f 91//1305 699//1305 698//1305
f 90//1306 91//1306 698//1306
f 90//1307 698//1307 697//1307
f 89//1308 90//1308 697//1308
f 89//1309 697//1309 696//1309
f 88//1310 89//1310 696//1310
f 88//1311 696//1311 695//1311
f 87//1312 695//1312 694//1312
f 87//1313 88//1313 695//1313
f 86//1314 694//1314 693//1314
f 86//1315 87//1315 694//1315
f 85//1316 693//1316 707//1316
f 85//1317 86//1317 693//1317
f 61//1318 85//1318 707//1318
f 61//1319 707//1319 682//1319
f 59//1320 61//1320 682//1320
f 59//1321 682//1321 683//1321
f 57//1322 683//1322 684//1322
f 57//1323 59//1323 683//1323
f 55//1324 684//1324 685//1324
f 55//1325 57//1325 684//1325
f 53//1326 685//1326 686//1326
f 53//1327 55//1327 685//1327
f 51//1328 686//1328 687//1328
f 51//1329 53//1329 686//1329
f 49//1330 687//1330 688//1330
f 49//1331 51//1331 687//1331
f 47//1332 688//1332 689//1332
f 47//1333 49//1333 688//1333
f 45//1334 689//1334 690//1334
f 45//1335 47//1335 689//1335
f 43//1336 690//1336 691//1336
f 43//1337 45//1337 690//1337
f 41//1338 691//1338 692//1338
f 41//1339 43//1339 691//1339
f 39//1340 692//1340 681//1340
f 39//1341 41//1341 692//1341
f 37//1342 681//1342 680//1342
f 37//1343 39//1343 681//1343
f 35//1344 680//1344 679//1344
f 35//1345 37//1345 680//1345
f 33//1346 679//1346 678//1346
f 33//1347 35//1347 679//1347
f 31//1348 33//1348 678//1348
f 31//1349 678//1349 677//1349
f 29//1350 31//1350 677//1350
f 29//1351 677//1351 676//1351
f 27//1352 29//1352 676//1352
f 27//1353 676//1353 675//1353
f 25//1354 27//1354 675//1354
f 25//1355 675//1355 674//1355
f 23//1356 25//1356 674//1356
f 23//1357 674//1357 673//1357
f 21//1358 23//1358 673//1358
f 21//1359 673//1359 672//1359
f 19//1360 21//1360 672//1360
f 19//1361 672//1361 671//1361
f 17//1362 19//1362 671//1362
f 17//1363 671//1363 670//1363
f 15//1364 17//1364 670//1364
f 15//1365 670//1365 669//1365
f 13//1366 669//1366 668//1366
f 13//1367 15//1367 669//1367
f 11//1368 668//1368 667//1368
f 11//1369 13//1369 668//1369
f 9//1370 667//1370 666//1370
f 9//1371 11//1371 667//1371
f 7//1372 666//1372 665//1372
f 7//1373 9//1373 666//1373
f 6//1374 665//1374 664//1374
f 6//1375 7//1375 665//1375
f 5//1376 664//1376 663//1376
f 5//1377 6//1377 664//1377
f 8//1378 663//1378 662//1378
f 8//1379 5//1379 663//1379
f 10//1380 662//1380 661//1380
f 10//1381 8//1381 662//1381
f 12//1382 661//1382 660//1382
f 12//1383 10//1383 661//1383
f 14//1384 660//1384 659//1384
f 14//1385 12//1385 660//1385
f 16//1386 659//1386 658//1386
f 16//1387 14//1387 659//1387
f 18//1388 658//1388 657//1388
f 18//1389 16//1389 658//1389
f 20//1390 657//1390 656//1390
f 20//1391 18//1391 657//1391
f 22//1392 656//1392 655//1392
f 22//1393 20//1393 656//1393
f 24//1394 655//1394 654//1394
f 24//1395 22//1395 655//1395
f 26//1396 654//1396 653//1396
f 26//1397 24//1397 654//1397
f 28//1398 26//1398 653//1398
f 28//1399 653//1399 652//1399
f 30//1400 28//1400 652//1400
f 30//1401 652//1401 651//1401
f 32//1402 30//1402 651//1402
f 32//1403 651//1403 650//1403
f 34//1404 32//1404 650//1404
f 34//1405 650//1405 649//1405
f 36//1406 649//1406 648//1406
f 36//1407 34//1407 649//1407
f 38//1408 648//1408 638//1408
f 38//1409 36//1409 648//1409
f 40//1410 638//1410 637//1410
f 40//1411 38//1411 638//1411
f 42//1412 637//1412 635//1412
f 42//1413 40//1413 637//1413
f 44//1414 635//1414 636//1414
f 44//1415 42//1415 635//1415
f 46//1416 636//1416 647//1416
f 46//1417 44//1417 636//1417
f 48//1418 647//1418 646//1418
f 48//1419 46//1419 647//1419
f 50//1420 646//1420 645//1420
f 50//1421 48//1421 646//1421
f 52//1422 645//1422 644//1422
f 52//1423 50//1423 645//1423
f 54//1424 644//1424 643//1424
f 54//1425 52//1425 644//1425
f 56//1426 643//1426 642//1426
f 56//1427 54//1427 643//1427
f 58//1428 642//1428 641//1428
f 58//1429 56//1429 642//1429
f 60//1430 641//1430 640//1430
f 60//1431 58//1431 641//1431
f 62//1432 60//1432 640//1432
f 62//1433 640//1433 639//1433
f 726//1434 727//1434 728//1434
f 729//1435 730//1435 727//1435
f 731//1436 727//1436 726//1436
f 732//1437 729//1437 727//1437
f 732//1438 727//1438 731//1438
f 733//1439 731//1439 734//1439
f 733//1440 732//1440 731//1440
f 735//1441 733//1441 734//1441
f 736//1442 737//1442 738//1442
f 736//1443 738//1443 739//1443
f 354//1444 734//1444 737//1444
f 354//1445 735//1445 734//1445
f 354//1446 737//1446 736//1446
f 353//1447 736//1447 724//1447
f 353//1448 354//1448 736//1448
f 740//1449 733//1449 735//1449
f 741//1450 740//1450 735//1450
f 742//1451 743//1451 744//1451
f 742//1452 744//1452 740//1452
f 742//1453 740//1453 741//1453
f 745//1454 742//1454 741//1454
f 746//1455 742//1455 745//1455
f 735//1456 354//1456 412//1456
f 412//1457 354//1457 352//1457
f 717//1458 412//1458 413//1458
f 747//1459 412//1459 717//1459
f 748//1460 749//1460 750//1460
f 750//1461 749//1461 751//1461
f 751//1462 752//1462 753//1462
f 749//1463 752//1463 751//1463
f 754//1464 755//1464 748//1464
f 748//1465 755//1465 749//1465
f 756//1466 757//1466 754//1466
f 754//1467 757//1467 755//1467
f 753//1468 758//1468 759//1468
f 752//1469 758//1469 753//1469
f 759//1470 760//1470 761//1470
f 758//1471 760//1471 759//1471
f 762//1472 763//1472 756//1472
f 756//1473 763//1473 757//1473
f 761//1474 764//1474 765//1474
f 760//1475 764//1475 761//1475
f 766//1476 767//1476 762//1476
f 762//1477 767//1477 763//1477
f 765//1478 768//1478 769//1478
f 764//1479 768//1479 765//1479
f 770//1480 771//1480 766//1480
f 766//1481 771//1481 767//1481
f 769//1482 772//1482 773//1482
f 768//1483 772//1483 769//1483
f 770//1484 774//1484 771//1484
f 775//1485 774//1485 770//1485
f 772//1486 776//1486 773//1486
f 773//1487 776//1487 777//1487
f 775//1488 778//1488 774//1488
f 779//1489 778//1489 775//1489
f 777//1490 780//1490 781//1490
f 776//1491 780//1491 777//1491
f 779//1492 782//1492 778//1492
f 783//1493 782//1493 779//1493
f 781//1494 784//1494 785//1494
f 780//1495 784//1495 781//1495
f 783//1496 786//1496 782//1496
f 787//1497 786//1497 783//1497
f 784//1498 788//1498 785//1498
f 785//1499 788//1499 789//1499
f 787//1500 790//1500 786//1500
f 791//1501 790//1501 787//1501
f 789//1502 792//1502 793//1502
f 788//1503 792//1503 789//1503
f 794//1504 795//1504 791//1504
f 791//1505 795//1505 790//1505
f 792//1506 796//1506 793//1506
f 793//1507 796//1507 797//1507
f 798//1508 799//1508 794//1508
f 794//1509 799//1509 795//1509
f 796//1510 800//1510 797//1510
f 797//1511 800//1511 801//1511
f 798//1512 802//1512 799//1512
f 803//1513 802//1513 798//1513
f 801//1514 804//1514 805//1514
f 800//1515 804//1515 801//1515
f 806//1516 807//1516 803//1516
f 803//1517 807//1517 802//1517
f 804//1518 808//1518 805//1518
f 805//1519 808//1519 809//1519
f 810//1520 811//1520 806//1520
f 806//1521 811//1521 807//1521
f 808//1522 812//1522 809//1522
f 809//1523 812//1523 813//1523
f 814//1524 815//1524 810//1524
f 810//1525 815//1525 811//1525
f 812//1526 816//1526 813//1526
f 813//1527 816//1527 817//1527
f 818//1528 819//1528 814//1528
f 814//1529 819//1529 815//1529
f 816//1530 820//1530 817//1530
f 817//1531 820//1531 821//1531
f 822//1532 823//1532 818//1532
f 818//1533 823//1533 819//1533
f 820//1534 824//1534 821//1534
f 821//1535 824//1535 825//1535
f 826//1536 827//1536 822//1536
f 822//1537 827//1537 823//1537
f 824//1538 828//1538 825//1538
f 825//1539 828//1539 829//1539
f 830//1540 831//1540 826//1540
f 826//1541 831//1541 827//1541
f 829//1542 832//1542 833//1542
f 828//1543 832//1543 829//1543
f 834//1544 835//1544 830//1544
f 830//1545 835//1545 831//1545
f 833//1546 836//1546 837//1546
f 832//1547 836//1547 833//1547
f 838//1548 839//1548 834//1548
f 834//1549 839//1549 835//1549
f 836//1550 840//1550 837//1550
f 837//1551 840//1551 841//1551
f 842//1552 843//1552 838//1552
f 838//1553 843//1553 839//1553
f 841//1554 844//1554 845//1554
f 840//1555 844//1555 841//1555
f 846//1556 847//1556 842//1556
f 842//1557 847//1557 843//1557
f 844//1558 848//1558 845//1558
f 845//1559 848//1559 849//1559
f 850//1560 851//1560 846//1560
f 846//1561 851//1561 847//1561
f 849//1562 852//1562 853//1562
f 848//1563 852//1563 849//1563
f 854//1564 855//1564 850//1564
f 850//1565 855//1565 851//1565
f 852//1566 856//1566 853//1566
f 853//1567 856//1567 857//1567
f 858//1568 859//1568 854//1568
f 854//1569 859//1569 855//1569
f 857//1570 860//1570 861//1570
f 856//1571 860//1571 857//1571
f 862//1572 863//1572 858//1572
f 858//1573 863//1573 859//1573
f 860//1574 864//1574 861//1574
f 861//1575 864//1575 865//1575
f 865//1576 864//1576 866//1576
f 862//1577 867//1577 863//1577
f 866//1578 868//1578 869//1578
f 864//1579 868//1579 866//1579
f 862//1580 870//1580 867//1580
f 868//1581 871//1581 869//1581
f 869//1582 871//1582 872//1582
f 862//1583 873//1583 870//1583
f 871//1584 874//1584 872//1584
f 872//1585 874//1585 875//1585
f 862//1586 876//1586 873//1586
f 874//1587 877//1587 875//1587
f 875//1588 877//1588 878//1588
f 862//1589 879//1589 876//1589
f 878//1590 880//1590 881//1590
f 877//1591 880//1591 878//1591
f 862//1592 882//1592 879//1592
f 880//1593 883//1593 881//1593
f 881//1594 883//1594 884//1594
f 862//1595 885//1595 882//1595
f 884//1596 886//1596 887//1596
f 883//1597 886//1597 884//1597
f 862//1598 888//1598 885//1598
f 886//1599 889//1599 887//1599
f 887//1600 889//1600 890//1600
f 862//1601 891//1601 888//1601
f 889//1602 892//1602 890//1602
f 890//1603 892//1603 893//1603
f 862//1604 894//1604 891//1604
f 892//1605 895//1605 893//1605
f 893//1606 895//1606 896//1606
f 862//1607 897//1607 894//1607
f 895//1608 898//1608 896//1608
f 896//1609 898//1609 899//1609
f 862//1610 900//1610 897//1610
f 898//1611 901//1611 899//1611
f 899//1612 901//1612 902//1612
f 903//1613 904//1613 862//1613
f 862//1614 904//1614 900//1614
f 901//1615 905//1615 902//1615
f 902//1616 905//1616 906//1616
f 903//1617 907//1617 904//1617
f 906//1618 908//1618 909//1618
f 905//1619 908//1619 906//1619
f 903//1620 910//1620 907//1620
f 908//1621 911//1621 909//1621
f 909//1622 911//1622 912//1622
f 903//1623 913//1623 910//1623
f 911//1624 914//1624 912//1624
f 912//1625 914//1625 915//1625
f 903//1626 916//1626 913//1626
f 915//1627 917//1627 918//1627
f 914//1628 917//1628 915//1628
f 903//1629 919//1629 916//1629
f 917//1630 920//1630 918//1630
f 918//1631 920//1631 921//1631
f 903//1632 922//1632 919//1632
f 921//1633 923//1633 924//1633
f 920//1634 923//1634 921//1634
f 903//1635 925//1635 922//1635
f 924//1636 926//1636 927//1636
f 923//1637 926//1637 924//1637
f 903//1638 928//1638 925//1638
f 926//1639 929//1639 927//1639
f 927//1640 929//1640 930//1640
f 903//1641 931//1641 928//1641
f 929//1642 932//1642 930//1642
f 930//1643 932//1643 933//1643
f 903//1644 934//1644 931//1644
f 932//1645 935//1645 933//1645
f 933//1646 935//1646 936//1646
f 903//1647 937//1647 934//1647
f 935//1648 938//1648 936//1648
f 936//1649 938//1649 939//1649
f 903//1650 940//1650 937//1650
f 938//1651 941//1651 939//1651
f 939//1652 941//1652 942//1652
f 903//1653 943//1653 940//1653
f 941//1654 944//1654 942//1654
f 942//1655 944//1655 945//1655
f 903//1656 946//1656 943//1656
f 945//1657 947//1657 948//1657
f 944//1658 947//1658 945//1658
f 903//1659 949//1659 946//1659
f 947//1660 950//1660 948//1660
f 903//1661 951//1661 949//1661
f 950//1662 952//1662 948//1662
f 950//1663 953//1663 952//1663
f 903//1664 954//1664 951//1664
f 953//1665 955//1665 952//1665
f 953//1666 956//1666 955//1666
f 903//1667 957//1667 954//1667
f 903//1668 958//1668 957//1668
f 959//1669 960//1669 956//1669
f 956//1670 960//1670 955//1670
f 903//1671 961//1671 958//1671
f 903//1672 962//1672 961//1672
f 963//1673 964//1673 959//1673
f 959//1674 964//1674 960//1674
f 903//1675 965//1675 962//1675
f 966//1676 967//1676 963//1676
f 963//1677 967//1677 964//1677
f 903//1678 968//1678 965//1678
f 903//1679 969//1679 968//1679
f 970//1680 971//1680 966//1680
f 966//1681 971//1681 967//1681
f 903//1682 972//1682 969//1682
f 903//1683 973//1683 972//1683
f 974//1684 975//1684 970//1684
f 970//1685 975//1685 971//1685
f 903//1686 976//1686 973//1686
f 974//1687 977//1687 975//1687
f 978//1688 977//1688 974//1688
f 903//1689 979//1689 976//1689
f 903//1690 980//1690 979//1690
f 978//1691 981//1691 977//1691
f 982//1692 981//1692 978//1692
f 903//1693 983//1693 980//1693
f 903//1694 984//1694 983//1694
f 982//1695 985//1695 981//1695
f 986//1696 985//1696 982//1696
f 903//1697 987//1697 984//1697
f 903//1698 988//1698 987//1698
f 986//1699 989//1699 985//1699
f 990//1700 989//1700 986//1700
f 990//1701 991//1701 989//1701
f 992//1702 991//1702 990//1702
f 992//1703 993//1703 991//1703
f 994//1704 993//1704 992//1704
f 994//1705 995//1705 993//1705
f 996//1706 995//1706 994//1706
f 996//1707 997//1707 995//1707
f 998//1708 997//1708 996//1708
f 998//1709 999//1709 997//1709
f 1000//1710 999//1710 998//1710
f 1001//1711 1002//1711 1000//1711
f 1000//1712 1002//1712 999//1712
f 1001//1713 1003//1713 1002//1713
f 1004//1714 1003//1714 1001//1714
f 1004//1715 1005//1715 1003//1715
f 1006//1716 1007//1716 1004//1716
f 1004//1717 1007//1717 1005//1717
f 1006//1718 1008//1718 1007//1718
f 1009//1719 1008//1719 1006//1719
f 1009//1720 1010//1720 1008//1720
f 1011//1721 1010//1721 1009//1721
f 1011//1722 1012//1722 1010//1722
f 1013//1723 1012//1723 1011//1723
f 1013//1724 1014//1724 1012//1724
f 1015//1725 1014//1725 1013//1725
f 1015//1726 1016//1726 1014//1726
f 1017//1727 1016//1727 1015//1727
f 1017//1728 1018//1728 1016//1728
f 1019//1729 1018//1729 1017//1729
f 1019//1730 1020//1730 1018//1730
f 1021//1731 1020//1731 1019//1731
f 1021//1732 1022//1732 1020//1732
f 1023//1733 1022//1733 1021//1733
f 1023//1734 1024//1734 1022//1734
f 1025//1735 1024//1735 1023//1735
f 1026//1736 1027//1736 1028//1736
f 1029//1737 1027//1737 1026//1737
f 1030//1738 1027//1738 1029//1738
f 1025//1739 1027//1739 1024//1739
f 1031//1740 1027//1740 1025//1740
f 1032//1741 1027//1741 1031//1741
f 1033//1742 1027//1742 1032//1742
f 1034//1743 1027//1743 1033//1743
f 1035//1744 1027//1744 1034//1744
f 1036//1745 1027//1745 1035//1745
f 1037//1746 1027//1746 1036//1746
f 1038//1747 1027//1747 1037//1747
f 1039//1748 1027//1748 1038//1748
f 1028//1749 1027//1749 1039//1749
f 1040//1750 720//1750 1030//1750
f 1041//1751 720//1751 1040//1751
f 1042//1752 720//1752 1041//1752
f 1043//1753 720//1753 1042//1753
f 1044//1754 720//1754 1043//1754
f 1045//1755 720//1755 1044//1755
f 1046//1756 720//1756 1045//1756
f 1047//1757 720//1757 1046//1757
f 1048//1758 720//1758 1047//1758
f 1049//1759 720//1759 1048//1759
f 1050//1760 720//1760 1049//1760
f 1051//1761 720//1761 1050//1761
f 1052//1762 720//1762 1051//1762
f 1053//1763 720//1763 1052//1763
f 1054//1764 720//1764 1053//1764
f 1055//1765 720//1765 1054//1765
f 1056//1766 720//1766 1055//1766
f 1057//1767 720//1767 1056//1767
f 1058//1768 720//1768 1057//1768
f 1059//1769 720//1769 1058//1769
f 1060//1770 720//1770 1059//1770
f 1061//1771 720//1771 1060//1771
f 1062//1772 720//1772 1061//1772
f 1063//1773 720//1773 1062//1773
f 1064//1774 720//1774 1063//1774
f 1065//1775 720//1775 1064//1775
f 1066//1776 720//1776 1065//1776
f 1067//1777 720//1777 1066//1777
f 1068//1778 720//1778 1067//1778
f 1069//1779 720//1779 1068//1779
f 1070//1780 720//1780 1069//1780
f 1071//1781 720//1781 1070//1781
f 1072//1782 720//1782 1071//1782
f 1030//1783 720//1783 1027//1783
f 1073//1784 720//1784 1072//1784
f 719//1785 720//1785 1074//1785
f 1074//1786 720//1786 1075//1786
f 1075//1787 720//1787 1076//1787
f 1076//1788 720//1788 1077//1788
f 1077//1789 720//1789 1078//1789
f 1078//1790 720//1790 1079//1790
f 1079//1791 720//1791 1080//1791
f 1080//1792 720//1792 1081//1792
f 1081//1793 720//1793 1082//1793
f 1082//1794 720//1794 1083//1794
f 1083//1795 720//1795 1084//1795
f 1084//1796 720//1796 1073//1796
f 903//1797 719//1797 1085//1797
f 903//1798 1085//1798 1086//1798
f 903//1799 1086//1799 1087//1799
f 903//1800 1087//1800 1088//1800
f 903//1801 1088//1801 1089//1801
f 903//1802 1089//1802 1090//1802
f 903//1803 1090//1803 1091//1803
f 903//1804 1091//1804 1092//1804
f 903//1805 1092//1805 1093//1805
f 903//1806 1093//1806 1094//1806
f 903//1807 1094//1807 1095//1807
f 903//1808 1095//1808 988//1808
f 2547//1809 903//1809 862//1809
f 1096//1810 721//1810 903//1810
f 1097//1811 1096//1811 903//1811
f 1097//1812 903//1812 2547//1812
f 722//1813 1098//1813 1099//1813
f 721//1814 1096//1814 722//1814
f 1096//1815 1100//1815 722//1815
f 722//1816 1100//1816 1098//1816
f 1101//1817 1102//1817 1103//1817
f 1101//1818 1103//1818 1104//1818
f 1105//1819 1104//1819 1106//1819
f 1105//1820 1101//1820 1104//1820
f 1107//1821 1108//1821 1102//1821
f 1107//1822 1102//1822 1101//1822
f 1109//1823 1108//1823 1107//1823
f 1109//1824 1110//1824 1108//1824
f 1111//1825 1106//1825 1112//1825
f 1111//1826 1105//1826 1106//1826
f 1113//1827 1111//1827 1112//1827
f 1113//1828 1112//1828 1114//1828
f 1115//1829 1116//1829 1110//1829
f 1115//1830 1110//1830 1109//1830
f 1117//1831 1114//1831 1118//1831
f 1117//1832 1113//1832 1114//1832
f 1119//1833 1120//1833 1116//1833
f 1119//1834 1116//1834 1115//1834
f 1121//1835 1117//1835 1118//1835
f 1121//1836 1118//1836 1122//1836
f 1123//1837 1124//1837 1120//1837
f 1123//1838 1120//1838 1119//1838
f 1125//1839 1122//1839 1126//1839
f 1125//1840 1121//1840 1122//1840
f 1127//1841 1124//1841 1123//1841
f 1127//1842 1128//1842 1124//1842
f 1129//1843 1125//1843 1126//1843
f 1129//1844 1126//1844 1130//1844
f 1131//1845 1128//1845 1127//1845
f 1131//1846 1132//1846 1128//1846
f 1133//1847 1130//1847 1134//1847
f 1133//1848 1129//1848 1130//1848
f 1135//1849 1132//1849 1131//1849
f 1135//1850 1136//1850 1132//1850
f 1137//1851 1133//1851 1134//1851
f 1137//1852 1134//1852 1138//1852
f 1139//1853 1140//1853 1136//1853
f 1139//1854 1136//1854 1135//1854
f 1141//1855 1138//1855 1142//1855
f 1141//1856 1137//1856 1138//1856
f 1143//1857 1140//1857 1139//1857
f 1143//1858 1144//1858 1140//1858
f 1145//1859 1142//1859 1146//1859
f 1145//1860 1141//1860 1142//1860
f 1147//1861 1148//1861 1144//1861
f 1147//1862 1144//1862 1143//1862
f 1149//1863 1146//1863 1150//1863
f 1149//1864 1145//1864 1146//1864
f 1151//1865 1148//1865 1147//1865
f 1151//1866 1152//1866 1148//1866
f 1153//1867 1149//1867 1150//1867
f 1153//1868 1150//1868 1154//1868
f 1155//1869 1156//1869 1152//1869
f 1155//1870 1152//1870 1151//1870
f 1157//1871 1154//1871 1158//1871
f 1157//1872 1153//1872 1154//1872
f 1159//1873 1160//1873 1156//1873
f 1159//1874 1156//1874 1155//1874
f 1161//1875 1158//1875 1162//1875
f 1161//1876 1157//1876 1158//1876
f 1163//1877 1164//1877 1160//1877
f 1163//1878 1160//1878 1159//1878
f 1165//1879 1162//1879 1166//1879
f 1165//1880 1161//1880 1162//1880
f 1167//1881 1168//1881 1164//1881
f 1167//1882 1164//1882 1163//1882
f 1169//1883 1165//1883 1166//1883
f 1169//1884 1166//1884 1170//1884
f 1171//1885 1168//1885 1167//1885
f 1171//1886 1172//1886 1168//1886
f 1173//1887 1169//1887 1170//1887
f 1173//1888 1170//1888 1174//1888
f 1175//1889 1176//1889 1172//1889
f 1175//1890 1172//1890 1171//1890
f 1177//1891 1174//1891 1178//1891
f 1177//1892 1173//1892 1174//1892
f 1179//1893 1180//1893 1176//1893
f 1179//1894 1176//1894 1175//1894
f 1181//1895 1178//1895 1182//1895
f 1181//1896 1177//1896 1178//1896
f 1183//1897 1184//1897 1180//1897
f 1183//1898 1180//1898 1179//1898
f 1185//1899 1182//1899 1186//1899
f 1185//1900 1181//1900 1182//1900
f 1187//1901 1188//1901 1184//1901
f 1187//1902 1184//1902 1183//1902
f 1189//1903 1186//1903 1190//1903
f 1189//1904 1185//1904 1186//1904
f 1191//1905 1192//1905 1188//1905
f 1191//1906 1188//1906 1187//1906
f 1193//1907 1190//1907 1194//1907
f 1193//1908 1189//1908 1190//1908
f 1195//1909 1196//1909 1192//1909
f 1195//1910 1192//1910 1191//1910
f 1197//1911 1194//1911 1198//1911
f 1197//1912 1193//1912 1194//1912
f 1199//1913 1200//1913 1196//1913
f 1199//1914 1196//1914 1195//1914
f 1201//1915 1197//1915 1198//1915
f 1201//1916 1198//1916 1202//1916
f 1203//1917 1204//1917 1200//1917
f 1203//1918 1200//1918 1199//1918
f 1205//1919 1202//1919 1206//1919
f 1205//1920 1201//1920 1202//1920
f 1207//1921 1208//1921 1204//1921
f 1207//1922 1204//1922 1203//1922
f 1209//1923 1205//1923 1206//1923
f 1209//1924 1206//1924 1210//1924
f 1211//1925 1212//1925 1208//1925
f 1211//1926 1208//1926 1207//1926
f 1213//1927 1210//1927 1214//1927
f 1213//1928 1209//1928 1210//1928
f 1215//1929 1099//1929 1212//1929
f 1215//1930 1212//1930 1211//1930
f 1216//1931 1214//1931 1217//1931
f 1216//1932 1217//1932 1218//1932
f 1216//1933 1213//1933 1214//1933
f 1219//1934 1099//1934 1215//1934
f 1220//1935 1218//1935 1221//1935
f 1220//1936 1216//1936 1218//1936
f 1222//1937 1099//1937 1219//1937
f 1223//1938 1220//1938 1221//1938
f 1223//1939 1221//1939 1224//1939
f 1225//1940 1099//1940 1222//1940
f 1226//1941 1223//1941 1224//1941
f 1226//1942 1224//1942 1227//1942
f 1228//1943 1099//1943 1225//1943
f 1229//1944 1227//1944 1230//1944
f 1229//1945 1226//1945 1227//1945
f 1231//1946 1099//1946 1228//1946
f 1232//1947 1229//1947 1230//1947
f 1232//1948 1230//1948 1233//1948
f 1234//1949 1099//1949 1231//1949
f 1235//1950 1232//1950 1233//1950
f 1235//1951 1233//1951 1236//1951
f 1237//1952 1099//1952 1234//1952
f 1238//1953 1235//1953 1236//1953
f 1238//1954 1236//1954 1239//1954
f 1240//1955 1099//1955 1237//1955
f 1241//1956 1238//1956 1239//1956
f 1241//1957 1239//1957 1242//1957
f 1243//1958 1099//1958 1240//1958
f 1244//1959 1241//1959 1242//1959
f 1244//1960 1242//1960 1245//1960
f 1246//1961 1099//1961 1243//1961
f 1247//1962 1244//1962 1245//1962
f 1247//1963 1245//1963 1248//1963
f 1249//1964 1099//1964 1246//1964
f 1250//1965 1247//1965 1248//1965
f 1250//1966 1248//1966 1251//1966
f 1252//1967 1099//1967 1249//1967
f 1253//1968 1250//1968 1251//1968
f 1253//1969 1251//1969 1254//1969
f 1255//1970 722//1970 1099//1970
f 1255//1971 1099//1971 1252//1971
f 1256//1972 1253//1972 1254//1972
f 1256//1973 1254//1973 1257//1973
f 1258//1974 722//1974 1255//1974
f 1259//1975 1256//1975 1257//1975
f 1259//1976 1257//1976 1260//1976
f 1261//1977 722//1977 1258//1977
f 1262//1978 1259//1978 1260//1978
f 1262//1979 1260//1979 1263//1979
f 1264//1980 722//1980 1261//1980
f 1265//1981 1262//1981 1263//1981
f 1265//1982 1263//1982 1266//1982
f 1267//1983 722//1983 1264//1983
f 1268//1984 1266//1984 1269//1984
f 1268//1985 1265//1985 1266//1985
f 1270//1986 722//1986 1267//1986
f 1271//1987 1268//1987 1269//1987
f 1271//1988 1269//1988 1272//1988
f 1273//1989 722//1989 1270//1989
f 1274//1990 1272//1990 1275//1990
f 1274//1991 1271//1991 1272//1991
f 1276//1992 722//1992 1273//1992
f 1277//1993 1275//1993 1278//1993
f 1277//1994 1274//1994 1275//1994
f 1279//1995 722//1995 1276//1995
f 1280//1996 1277//1996 1278//1996
f 1280//1997 1278//1997 1281//1997
f 1282//1998 722//1998 1279//1998
f 1283//1999 1280//1999 1281//1999
f 1283//2000 1281//2000 1284//2000
f 1285//2001 722//2001 1282//2001
f 1286//2002 1283//2002 1284//2002
f 1286//2003 1284//2003 1287//2003
f 1288//2004 722//2004 1285//2004
f 1289//2005 1286//2005 1287//2005
f 1289//2006 1287//2006 1290//2006
f 1291//2007 722//2007 1288//2007
f 1292//2008 1289//2008 1290//2008
f 1292//2009 1290//2009 1293//2009
f 1294//2010 722//2010 1291//2010
f 1295//2011 1293//2011 1296//2011
f 1295//2012 1292//2012 1293//2012
f 1297//2013 722//2013 1294//2013
f 1298//2014 1295//2014 1296//2014
f 1298//2015 1296//2015 1299//2015
f 1300//2016 722//2016 1297//2016
f 1301//2017 1298//2017 1299//2017
f 1302//2018 722//2018 1300//2018
f 1303//2019 1301//2019 1299//2019
f 1304//2020 1301//2020 1303//2020
f 1305//2021 722//2021 1302//2021
f 1306//2022 1304//2022 1303//2022
f 1307//2023 1304//2023 1306//2023
f 1308//2024 722//2024 1305//2024
f 1309//2025 722//2025 1308//2025
f 1310//2026 1307//2026 1306//2026
f 1310//2027 1311//2027 1307//2027
f 1312//2028 722//2028 1309//2028
f 1313//2029 722//2029 1312//2029
f 1314//2030 1311//2030 1310//2030
f 1314//2031 1315//2031 1311//2031
f 1316//2032 722//2032 1313//2032
f 1317//2033 1318//2033 1315//2033
f 1317//2034 1315//2034 1314//2034
f 1319//2035 722//2035 1316//2035
f 1320//2036 722//2036 1319//2036
f 1321//2037 1322//2037 1318//2037
f 1321//2038 1318//2038 1317//2038
f 1323//2039 722//2039 1320//2039
f 1324//2040 722//2040 1323//2040
f 1325//2041 1326//2041 1322//2041
f 1325//2042 1322//2042 1321//2042
f 1327//2043 722//2043 1324//2043
f 1328//2044 1326//2044 1325//2044
f 1328//2045 1329//2045 1326//2045
f 1330//2046 722//2046 1327//2046
f 1331//2047 722//2047 1330//2047
f 1332//2048 1329//2048 1328//2048
f 1332//2049 1333//2049 1329//2049
f 1334//2050 722//2050 1331//2050
f 1335//2051 722//2051 1334//2051
f 1336//2052 1333//2052 1332//2052
f 1336//2053 1337//2053 1333//2053
f 1338//2054 722//2054 1335//2054
f 1339//2055 722//2055 1338//2055
f 1340//2056 1337//2056 1336//2056
f 1340//2057 1341//2057 1337//2057
f 1342//2058 1341//2058 1340//2058
f 1342//2059 1343//2059 1341//2059
f 1344//2060 1343//2060 1342//2060
f 1344//2061 1345//2061 1343//2061
f 1346//2062 1345//2062 1344//2062
f 1346//2063 1347//2063 1345//2063
f 1348//2064 1347//2064 1346//2064
f 1348//2065 1349//2065 1347//2065
f 1350//2066 1349//2066 1348//2066
f 1350//2067 1351//2067 1349//2067
f 1352//2068 1353//2068 1351//2068
f 1352//2069 1351//2069 1350//2069
f 1354//2070 1355//2070 1353//2070
f 1354//2071 1353//2071 1352//2071
f 1356//2072 1355//2072 1354//2072
f 1357//2073 1355//2073 1356//2073
f 1357//2074 1358//2074 1355//2074
f 1359//2075 1358//2075 1357//2075
f 1359//2076 1360//2076 1358//2076
f 1361//2077 1360//2077 1359//2077
f 1361//2078 1362//2078 1360//2078
f 1363//2079 1362//2079 1361//2079
f 1363//2080 1364//2080 1362//2080
f 1365//2081 1364//2081 1363//2081
f 1365//2082 1366//2082 1364//2082
f 1367//2083 1366//2083 1365//2083
f 1367//2084 1368//2084 1366//2084
f 1369//2085 1370//2085 1368//2085
f 1369//2086 1368//2086 1367//2086
f 1371//2087 1370//2087 1369//2087
f 1371//2088 1372//2088 1370//2088
f 1373//2089 1372//2089 1371//2089
f 1373//2090 1374//2090 1372//2090
f 1375//2091 1374//2091 1373//2091
f 1375//2092 1376//2092 1374//2092
f 1377//2093 1376//2093 1375//2093
f 1377//2094 1378//2094 1379//2094
f 1377//2095 1380//2095 1378//2095
f 1377//2096 1381//2096 1380//2096
f 1377//2097 1382//2097 1376//2097
f 1377//2098 1383//2098 1382//2098
f 1377//2099 1384//2099 1383//2099
f 1377//2100 1385//2100 1384//2100
f 1377//2101 1386//2101 1385//2101
f 1377//2102 1387//2102 1386//2102
f 1377//2103 1388//2103 1387//2103
f 1377//2104 1389//2104 1388//2104
f 1377//2105 1390//2105 1389//2105
f 1377//2106 1379//2106 1390//2106
f 716//2107 1391//2107 1381//2107
f 716//2108 1392//2108 1391//2108
f 716//2109 1393//2109 1392//2109
f 716//2110 1394//2110 1393//2110
f 716//2111 1395//2111 1394//2111
f 716//2112 1396//2112 1395//2112
f 716//2113 1397//2113 1396//2113
f 716//2114 1398//2114 1397//2114
f 716//2115 1399//2115 1398//2115
f 716//2116 1400//2116 1399//2116
f 716//2117 1401//2117 1400//2117
f 716//2118 1402//2118 1401//2118
f 716//2119 1403//2119 1402//2119
f 716//2120 1404//2120 1403//2120
f 716//2121 1405//2121 1404//2121
f 716//2122 1406//2122 1405//2122
f 716//2123 1407//2123 1406//2123
f 716//2124 1408//2124 1407//2124
f 716//2125 1409//2125 1408//2125
f 716//2126 1410//2126 1409//2126
f 716//2127 1411//2127 1410//2127
f 716//2128 1412//2128 1411//2128
f 716//2129 1413//2129 1412//2129
f 716//2130 1414//2130 1413//2130
f 716//2131 1415//2131 1414//2131
f 716//2132 1416//2132 1415//2132
f 716//2133 1417//2133 1416//2133
f 716//2134 1418//2134 1417//2134
f 716//2135 1419//2135 1418//2135
f 716//2136 1420//2136 1419//2136
f 716//2137 1421//2137 1420//2137
f 716//2138 1422//2138 1421//2138
f 716//2139 1423//2139 1422//2139
f 716//2140 1381//2140 1377//2140
f 716//2141 1424//2141 1423//2141
f 716//2142 715//2142 1425//2142
f 716//2143 1425//2143 1426//2143
f 716//2144 1426//2144 1427//2144
f 716//2145 1427//2145 1428//2145
f 716//2146 1428//2146 1429//2146
f 716//2147 1429//2147 1430//2147
f 716//2148 1430//2148 1431//2148
f 716//2149 1431//2149 1432//2149
f 716//2150 1432//2150 1433//2150
f 716//2151 1433//2151 1434//2151
f 716//2152 1434//2152 1435//2152
f 716//2153 1435//2153 1424//2153
f 715//2154 722//2154 1436//2154
f 1436//2155 722//2155 1437//2155
f 1437//2156 722//2156 1438//2156
f 1438//2157 722//2157 1439//2157
f 1439//2158 722//2158 1440//2158
f 1440//2159 722//2159 1441//2159
f 1441//2160 722//2160 1442//2160
f 1442//2161 722//2161 1443//2161
f 1443//2162 722//2162 1444//2162
f 1444//2163 722//2163 1445//2163
f 1445//2164 722//2164 1446//2164
f 1446//2165 722//2165 1339//2165
f 1447//2166 716//2166 1448//2166
f 1448//2167 716//2167 1377//2167
f 716//2168 747//2168 717//2168
f 1447//2169 747//2169 716//2169
f 706//2170 3440//2170 1564//2170
f 705//2171 723//2171 706//2171
f 723//2172 2510//2172 706//2172
f 706//2173 2510//2173 3440//2173
f 1449//2174 1450//2174 1451//2174
f 1449//2175 1451//2175 1452//2175
f 1453//2176 1452//2176 1454//2176
f 1453//2177 1449//2177 1452//2177
f 1455//2178 1456//2178 1450//2178
f 1455//2179 1450//2179 1449//2179
f 1457//2180 1456//2180 1455//2180
f 1457//2181 1458//2181 1456//2181
f 1459//2182 1454//2182 1460//2182
f 1459//2183 1453//2183 1454//2183
f 1461//2184 1459//2184 1460//2184
f 1461//2185 1460//2185 1462//2185
f 1463//2186 1464//2186 1458//2186
f 1463//2187 1458//2187 1457//2187
f 1465//2188 1462//2188 1466//2188
f 1465//2189 1461//2189 1462//2189
f 1467//2190 1468//2190 1464//2190
f 1467//2191 1464//2191 1463//2191
f 1469//2192 1465//2192 1466//2192
f 1469//2193 1466//2193 1470//2193
f 1471//2194 1472//2194 1468//2194
f 1471//2195 1468//2195 1467//2195
f 1473//2196 1470//2196 1474//2196
f 1473//2197 1469//2197 1470//2197
f 1475//2198 1472//2198 1471//2198
f 1475//2199 1476//2199 1472//2199
f 1477//2200 1473//2200 1474//2200
f 1477//2201 1474//2201 1478//2201
f 1479//2202 1476//2202 1475//2202
f 1479//2203 1480//2203 1476//2203
f 1481//2204 1478//2204 1482//2204
f 1481//2205 1477//2205 1478//2205
f 1483//2206 1480//2206 1479//2206
f 1483//2207 1484//2207 1480//2207
f 1485//2208 1481//2208 1482//2208
f 1485//2209 1482//2209 1486//2209
f 1487//2210 1488//2210 1484//2210
f 1487//2211 1484//2211 1483//2211
f 1489//2212 1486//2212 1490//2212
f 1489//2213 1485//2213 1486//2213
f 1491//2214 1488//2214 1487//2214
f 1491//2215 1492//2215 1488//2215
f 1493//2216 1490//2216 1494//2216
f 1493//2217 1489//2217 1490//2217
f 1495//2218 1496//2218 1492//2218
f 1495//2219 1492//2219 1491//2219
f 1497//2220 1494//2220 1498//2220
f 1497//2221 1493//2221 1494//2221
f 1499//2222 1496//2222 1495//2222
f 1499//2223 1500//2223 1496//2223
f 1501//2224 1497//2224 1498//2224
f 1501//2225 1498//2225 1502//2225
f 1503//2226 1504//2226 1500//2226
f 1503//2227 1500//2227 1499//2227
f 1505//2228 1502//2228 1506//2228
f 1505//2229 1501//2229 1502//2229
f 1507//2230 1508//2230 1504//2230
f 1507//2231 1504//2231 1503//2231
f 1509//2232 1506//2232 1510//2232
f 1509//2233 1505//2233 1506//2233
f 1511//2234 1512//2234 1508//2234
f 1511//2235 1508//2235 1507//2235
f 1513//2236 1510//2236 1514//2236
f 1513//2237 1509//2237 1510//2237
f 1515//2238 1516//2238 1512//2238
f 1515//2239 1512//2239 1511//2239
f 1517//2240 1513//2240 1514//2240
f 1517//2241 1514//2241 1518//2241
f 1519//2242 1516//2242 1515//2242
f 1519//2243 1520//2243 1516//2243
f 1521//2244 1517//2244 1518//2244
f 1521//2245 1518//2245 1522//2245
f 1523//2246 1524//2246 1520//2246
f 1523//2247 1520//2247 1519//2247
f 1525//2248 1522//2248 1526//2248
f 1525//2249 1521//2249 1522//2249
f 1527//2250 1528//2250 1524//2250
f 1527//2251 1524//2251 1523//2251
f 1529//2252 1526//2252 1530//2252
f 1529//2253 1525//2253 1526//2253
f 1531//2254 1532//2254 1528//2254
f 1531//2255 1528//2255 1527//2255
f 1533//2256 1530//2256 1534//2256
f 1533//2257 1529//2257 1530//2257
f 1535//2258 1536//2258 1532//2258
f 1535//2259 1532//2259 1531//2259
f 1537//2260 1534//2260 1538//2260
f 1537//2261 1533//2261 1534//2261
f 1539//2262 1540//2262 1536//2262
f 1539//2263 1536//2263 1535//2263
f 1541//2264 1538//2264 1542//2264
f 1541//2265 1537//2265 1538//2265
f 1543//2266 1544//2266 1540//2266
f 1543//2267 1540//2267 1539//2267
f 1545//2268 1542//2268 1546//2268
f 1545//2269 1541//2269 1542//2269
f 1547//2270 1548//2270 1544//2270
f 1547//2271 1544//2271 1543//2271
f 1549//2272 1545//2272 1546//2272
f 1549//2273 1546//2273 1550//2273
f 1551//2274 1552//2274 1548//2274
f 1551//2275 1548//2275 1547//2275
f 1553//2276 1550//2276 1554//2276
f 1553//2277 1549//2277 1550//2277
f 1555//2278 1556//2278 1552//2278
f 1555//2279 1552//2279 1551//2279
f 1557//2280 1553//2280 1554//2280
f 1557//2281 1554//2281 1558//2281
f 1559//2282 1560//2282 1556//2282
f 1559//2283 1556//2283 1555//2283
f 1561//2284 1558//2284 1562//2284
f 1561//2285 1557//2285 1558//2285
f 1563//2286 1564//2286 1560//2286
f 1563//2287 1560//2287 1559//2287
f 1565//2288 1562//2288 3478//2288
f 1565//2289 3478//2289 1566//2289
f 1565//2290 1561//2290 1562//2290
f 1567//2291 1564//2291 1563//2291
f 1568//2292 1566//2292 1569//2292
f 1568//2293 1565//2293 1566//2293
f 1570//2294 1564//2294 1567//2294
f 1571//2295 1568//2295 1569//2295
f 1571//2296 1569//2296 1572//2296
f 1573//2297 1564//2297 1570//2297
f 1574//2298 1571//2298 1572//2298
f 1574//2299 1572//2299 1575//2299
f 1576//2300 1564//2300 1573//2300
f 1577//2301 1575//2301 1578//2301
f 1577//2302 1574//2302 1575//2302
f 1579//2303 1564//2303 1576//2303
f 1580//2304 1577//2304 1578//2304
f 1580//2305 1578//2305 1581//2305
f 1582//2306 1564//2306 1579//2306
f 1583//2307 1580//2307 1581//2307
f 1583//2308 1581//2308 1584//2308
f 1585//2309 1564//2309 1582//2309
f 1586//2310 1583//2310 1584//2310
f 1586//2311 1584//2311 1587//2311
f 1588//2312 1564//2312 1585//2312
f 1589//2313 1586//2313 1587//2313
f 1589//2314 1587//2314 1590//2314
f 1591//2315 1564//2315 1588//2315
f 1592//2316 1589//2316 1590//2316
f 1592//2317 1590//2317 1593//2317
f 1594//2318 1564//2318 1591//2318
f 1595//2319 1592//2319 1593//2319
f 1595//2320 1593//2320 1596//2320
f 1597//2321 1564//2321 1594//2321
f 1598//2322 1595//2322 1596//2322
f 1598//2323 1596//2323 1599//2323
f 1600//2324 1564//2324 1597//2324
f 1601//2325 1598//2325 1599//2325
f 1601//2326 1599//2326 1602//2326
f 1603//2327 706//2327 1564//2327
f 1603//2328 1564//2328 1600//2328
f 1604//2329 1601//2329 1602//2329
f 1604//2330 1602//2330 1605//2330
f 1606//2331 706//2331 1603//2331
f 1607//2332 1604//2332 1605//2332
f 1607//2333 1605//2333 1608//2333
f 1609//2334 706//2334 1606//2334
f 1610//2335 1607//2335 1608//2335
f 1610//2336 1608//2336 1611//2336
f 1612//2337 706//2337 1609//2337
f 1613//2338 1610//2338 1611//2338
f 1613//2339 1611//2339 1614//2339
f 1615//2340 706//2340 1612//2340
f 1616//2341 1614//2341 1617//2341
f 1616//2342 1613//2342 1614//2342
f 1618//2343 706//2343 1615//2343
f 1619//2344 1616//2344 1617//2344
f 1619//2345 1617//2345 1620//2345
f 1621//2346 706//2346 1618//2346
f 1622//2347 1620//2347 1623//2347
f 1622//2348 1619//2348 1620//2348
f 1624//2349 706//2349 1621//2349
f 1625//2350 1623//2350 1626//2350
f 1625//2351 1622//2351 1623//2351
f 1627//2352 706//2352 1624//2352
f 1628//2353 1625//2353 1626//2353
f 1628//2354 1626//2354 1629//2354
f 1630//2355 706//2355 1627//2355
f 1631//2356 1628//2356 1629//2356
f 1631//2357 1629//2357 1632//2357
f 1633//2358 706//2358 1630//2358
f 1634//2359 1631//2359 1632//2359
f 1634//2360 1632//2360 1635//2360
f 1636//2361 706//2361 1633//2361
f 1637//2362 1634//2362 1635//2362
f 1637//2363 1635//2363 1638//2363
f 1639//2364 706//2364 1636//2364
f 1640//2365 1637//2365 1638//2365
f 1640//2366 1638//2366 1641//2366
f 1642//2367 706//2367 1639//2367
f 1643//2368 1641//2368 1644//2368
f 1643//2369 1640//2369 1641//2369
f 1645//2370 706//2370 1642//2370
f 1646//2371 1643//2371 1644//2371
f 1646//2372 1644//2372 1647//2372
f 1648//2373 706//2373 1645//2373
f 1649//2374 1646//2374 1647//2374
f 1650//2375 706//2375 1648//2375
f 1651//2376 1649//2376 1647//2376
f 1652//2377 1649//2377 1651//2377
f 1653//2378 706//2378 1650//2378
f 1654//2379 1652//2379 1651//2379
f 1655//2380 1652//2380 1654//2380
f 1656//2381 706//2381 1653//2381
f 1657//2382 706//2382 1656//2382
f 1658//2383 1655//2383 1654//2383
f 1658//2384 1659//2384 1655//2384
f 1660//2385 706//2385 1657//2385
f 1661//2386 706//2386 1660//2386
f 1662//2387 1659//2387 1658//2387
f 1662//2388 1663//2388 1659//2388
f 1664//2389 706//2389 1661//2389
f 1665//2390 1666//2390 1663//2390
f 1665//2391 1663//2391 1662//2391
f 1667//2392 706//2392 1664//2392
f 1668//2393 706//2393 1667//2393
f 1669//2394 1670//2394 1666//2394
f 1669//2395 1666//2395 1665//2395
f 1671//2396 706//2396 1668//2396
f 1672//2397 706//2397 1671//2397
f 1673//2398 1674//2398 1670//2398
f 1673//2399 1670//2399 1669//2399
f 1675//2400 706//2400 1672//2400
f 1676//2401 1674//2401 1673//2401
f 1676//2402 1677//2402 1674//2402
f 1678//2403 706//2403 1675//2403
f 1679//2404 706//2404 1678//2404
f 1680//2405 1677//2405 1676//2405
f 1680//2406 1681//2406 1677//2406
f 1682//2407 706//2407 1679//2407
f 1683//2408 706//2408 1682//2408
f 1684//2409 1681//2409 1680//2409
f 1684//2410 1685//2410 1681//2410
f 1686//2411 706//2411 1683//2411
f 1687//2412 706//2412 1686//2412
f 1688//2413 1685//2413 1684//2413
f 1688//2414 1689//2414 1685//2414
f 1690//2415 1689//2415 1688//2415
f 1690//2416 1691//2416 1689//2416
f 1692//2417 1691//2417 1690//2417
f 1692//2418 1693//2418 1691//2418
f 1694//2419 1693//2419 1692//2419
f 1694//2420 1695//2420 1693//2420
f 1696//2421 1695//2421 1694//2421
f 1696//2422 1697//2422 1695//2422
f 1698//2423 1697//2423 1696//2423
f 1698//2424 1699//2424 1697//2424
f 1700//2425 1701//2425 1699//2425
f 1700//2426 1699//2426 1698//2426
f 1702//2427 1703//2427 1701//2427
f 1702//2428 1701//2428 1700//2428
f 1704//2429 1703//2429 1702//2429
f 1705//2430 1703//2430 1704//2430
f 1705//2431 1706//2431 1703//2431
f 1707//2432 1706//2432 1705//2432
f 1707//2433 1708//2433 1706//2433
f 1709//2434 1708//2434 1707//2434
f 1709//2435 1710//2435 1708//2435
f 1711//2436 1710//2436 1709//2436
f 1711//2437 1712//2437 1710//2437
f 1713//2438 1712//2438 1711//2438
f 1713//2439 1714//2439 1712//2439
f 1715//2440 1714//2440 1713//2440
f 1715//2441 1716//2441 1714//2441
f 1717//2442 1718//2442 1716//2442
f 1717//2443 1716//2443 1715//2443
f 1719//2444 1718//2444 1717//2444
f 1719//2445 1720//2445 1718//2445
f 1721//2446 1720//2446 1719//2446
f 1721//2447 1722//2447 1720//2447
f 1723//2448 1722//2448 1721//2448
f 1723//2449 1724//2449 1722//2449
f 1725//2450 1724//2450 1723//2450
f 1725//2451 1726//2451 1727//2451
f 1725//2452 1728//2452 1726//2452
f 1725//2453 1729//2453 1728//2453
f 1725//2454 1730//2454 1724//2454
f 1725//2455 1731//2455 1730//2455
f 1725//2456 1732//2456 1731//2456
f 1725//2457 1733//2457 1732//2457
f 1725//2458 1734//2458 1733//2458
f 1725//2459 1735//2459 1734//2459
f 1725//2460 1736//2460 1735//2460
f 1725//2461 1737//2461 1736//2461
f 1725//2462 1738//2462 1737//2462
f 1725//2463 1727//2463 1738//2463
f 1796//2464 1739//2464 1729//2464
f 1796//2465 1740//2465 1739//2465
f 1796//2466 1741//2466 1740//2466
f 1796//2467 1742//2467 1741//2467
f 1796//2468 1743//2468 1742//2468
f 1796//2469 1744//2469 1743//2469
f 1796//2470 1745//2470 1744//2470
f 1796//2471 1746//2471 1745//2471
f 1796//2472 1747//2472 1746//2472
f 1796//2473 1748//2473 1747//2473
f 1796//2474 1749//2474 1748//2474
f 1796//2475 1750//2475 1749//2475
f 1796//2476 1751//2476 1750//2476
f 1796//2477 1752//2477 1751//2477
f 1796//2478 1753//2478 1752//2478
f 1796//2479 1754//2479 1753//2479
f 1796//2480 1755//2480 1754//2480
f 1796//2481 1756//2481 1755//2481
f 1796//2482 1757//2482 1756//2482
f 1796//2483 1758//2483 1757//2483
f 1796//2484 1759//2484 1758//2484
f 1796//2485 1760//2485 1759//2485
f 1796//2486 1761//2486 1760//2486
f 1796//2487 1762//2487 1761//2487
f 1796//2488 1763//2488 1762//2488
f 1796//2489 1764//2489 1763//2489
f 1796//2490 1765//2490 1764//2490
f 1796//2491 1766//2491 1765//2491
f 1796//2492 1767//2492 1766//2492
f 1796//2493 1768//2493 1767//2493
f 1796//2494 1769//2494 1768//2494
f 1796//2495 1770//2495 1769//2495
f 1796//2496 1771//2496 1770//2496
f 1796//2497 1729//2497 1725//2497
f 1796//2498 1772//2498 1771//2498
f 1796//2499 704//2499 1773//2499
f 1796//2500 1773//2500 1774//2500
f 1796//2501 1774//2501 1775//2501
f 1796//2502 1775//2502 1776//2502
f 1796//2503 1776//2503 1777//2503
f 1796//2504 1777//2504 1778//2504
f 1796//2505 1778//2505 1779//2505
f 1796//2506 1779//2506 1780//2506
f 1796//2507 1780//2507 1781//2507
f 1796//2508 1781//2508 1782//2508
f 1796//2509 1782//2509 1783//2509
f 1796//2510 1783//2510 1772//2510
f 704//2511 706//2511 1784//2511
f 1784//2512 706//2512 1785//2512
f 1785//2513 706//2513 1786//2513
f 1786//2514 706//2514 1787//2514
f 1787//2515 706//2515 1788//2515
f 1788//2516 706//2516 1789//2516
f 1789//2517 706//2517 1790//2517
f 1790//2518 706//2518 1791//2518
f 1791//2519 706//2519 1792//2519
f 1792//2520 706//2520 1793//2520
f 1793//2521 706//2521 1794//2521
f 1794//2522 706//2522 1687//2522
f 1795//2523 1796//2523 1725//2523
f 1795//2524 2511//2524 1796//2524
f 1796//2525 1797//2525 708//2525
f 2511//2526 1797//2526 1796//2526
f 1797//2527 1798//2527 709//2527
f 1797//2528 709//2528 708//2528
f 1798//2529 1799//2529 709//2529
f 709//2530 1799//2530 710//2530
f 1800//2531 1801//2531 2077//2531
f 2509//2532 1801//2532 1800//2532
f 1799//2533 1800//2533 710//2533
f 1799//2534 2509//2534 1800//2534
f 1802//2535 1803//2535 1804//2535
f 1804//2536 1803//2536 1805//2536
f 1805//2537 1806//2537 1807//2537
f 1803//2538 1806//2538 1805//2538
f 1808//2539 1809//2539 1802//2539
f 1802//2540 1809//2540 1803//2540
f 1810//2541 1811//2541 1808//2541
f 1808//2542 1811//2542 1809//2542
f 1807//2543 1812//2543 1813//2543
f 1806//2544 1812//2544 1807//2544
f 1813//2545 1814//2545 1815//2545
f 1812//2546 1814//2546 1813//2546
f 1816//2547 1817//2547 1810//2547
f 1810//2548 1817//2548 1811//2548
f 1815//2549 1818//2549 1819//2549
f 1814//2550 1818//2550 1815//2550
f 1820//2551 1821//2551 1816//2551
f 1816//2552 1821//2552 1817//2552
f 1819//2553 1822//2553 1823//2553
f 1818//2554 1822//2554 1819//2554
f 1824//2555 1825//2555 1820//2555
f 1820//2556 1825//2556 1821//2556
f 1823//2557 1826//2557 1827//2557
f 1822//2558 1826//2558 1823//2558
f 1824//2559 1828//2559 1825//2559
f 1829//2560 1828//2560 1824//2560
f 1826//2561 1830//2561 1827//2561
f 1827//2562 1830//2562 1831//2562
f 1829//2563 1832//2563 1828//2563
f 1833//2564 1832//2564 1829//2564
f 1831//2565 1834//2565 1835//2565
f 1830//2566 1834//2566 1831//2566
f 1833//2567 1836//2567 1832//2567
f 1837//2568 1836//2568 1833//2568
f 1835//2569 1838//2569 1839//2569
f 1834//2570 1838//2570 1835//2570
f 1837//2571 1840//2571 1836//2571
f 1841//2572 1840//2572 1837//2572
f 1838//2573 1842//2573 1839//2573
f 1839//2574 1842//2574 1843//2574
f 1841//2575 1844//2575 1840//2575
f 1845//2576 1844//2576 1841//2576
f 1843//2577 1846//2577 1847//2577
f 1842//2578 1846//2578 1843//2578
f 1848//2579 1849//2579 1845//2579
f 1845//2580 1849//2580 1844//2580
f 1846//2581 1850//2581 1847//2581
f 1847//2582 1850//2582 1851//2582
f 1852//2583 1853//2583 1848//2583
f 1848//2584 1853//2584 1849//2584
f 1850//2585 1854//2585 1851//2585
f 1851//2586 1854//2586 1855//2586
f 1852//2587 1856//2587 1853//2587
f 1857//2588 1856//2588 1852//2588
f 1855//2589 1858//2589 1859//2589
f 1854//2590 1858//2590 1855//2590
f 1860//2591 1861//2591 1857//2591
f 1857//2592 1861//2592 1856//2592
f 1858//2593 1862//2593 1859//2593
f 1859//2594 1862//2594 1863//2594
f 1864//2595 1865//2595 1860//2595
f 1860//2596 1865//2596 1861//2596
f 1862//2597 1866//2597 1863//2597
f 1863//2598 1866//2598 1867//2598
f 1868//2599 1869//2599 1864//2599
f 1864//2600 1869//2600 1865//2600
f 1866//2601 1870//2601 1867//2601
f 1867//2602 1870//2602 1871//2602
f 1872//2603 1873//2603 1868//2603
f 1868//2604 1873//2604 1869//2604
f 1870//2605 1874//2605 1871//2605
f 1871//2606 1874//2606 1875//2606
f 1876//2607 1877//2607 1872//2607
f 1872//2608 1877//2608 1873//2608
f 1874//2609 1878//2609 1875//2609
f 1875//2610 1878//2610 1879//2610
f 1880//2611 1881//2611 1876//2611
f 1876//2612 1881//2612 1877//2612
f 1878//2613 1882//2613 1879//2613
f 1879//2614 1882//2614 1883//2614
f 1884//2615 1885//2615 1880//2615
f 1880//2616 1885//2616 1881//2616
f 1883//2617 1886//2617 1887//2617
f 1882//2618 1886//2618 1883//2618
f 1888//2619 1889//2619 1884//2619
f 1884//2620 1889//2620 1885//2620
f 1887//2621 1890//2621 1891//2621
f 1886//2622 1890//2622 1887//2622
f 1892//2623 1893//2623 1888//2623
f 1888//2624 1893//2624 1889//2624
f 1890//2625 1894//2625 1891//2625
f 1891//2626 1894//2626 1895//2626
f 1896//2627 1897//2627 1892//2627
f 1892//2628 1897//2628 1893//2628
f 1895//2629 1898//2629 1899//2629
f 1894//2630 1898//2630 1895//2630
f 1900//2631 1901//2631 1896//2631
f 1896//2632 1901//2632 1897//2632
f 1898//2633 1902//2633 1899//2633
f 1899//2634 1902//2634 1903//2634
f 1904//2635 1905//2635 1900//2635
f 1900//2636 1905//2636 1901//2636
f 1903//2637 1906//2637 1907//2637
f 1902//2638 1906//2638 1903//2638
f 1908//2639 1909//2639 1904//2639
f 1904//2640 1909//2640 1905//2640
f 1906//2641 1910//2641 1907//2641
f 1907//2642 1910//2642 1911//2642
f 1912//2643 1913//2643 1908//2643
f 1908//2644 1913//2644 1909//2644
f 1911//2645 1914//2645 3759//2645
f 1910//2646 1914//2646 1911//2646
f 2148//2647 1915//2647 1912//2647
f 1912//2648 1915//2648 1913//2648
f 1914//2649 1916//2649 3759//2649
f 3759//2650 1916//2650 3760//2650
f 3760//2651 1916//2651 1917//2651
f 2148//2652 1918//2652 1915//2652
f 1917//2653 1919//2653 1920//2653
f 1916//2654 1919//2654 1917//2654
f 2148//2655 1921//2655 1918//2655
f 1919//2656 1922//2656 1920//2656
f 1920//2657 1922//2657 1923//2657
f 2148//2658 1924//2658 1921//2658
f 1922//2659 1925//2659 1923//2659
f 1923//2660 1925//2660 1926//2660
f 2148//2661 1927//2661 1924//2661
f 1925//2662 1928//2662 1926//2662
f 1926//2663 1928//2663 1929//2663
f 2148//2664 1930//2664 1927//2664
f 1929//2665 1931//2665 1932//2665
f 1928//2666 1931//2666 1929//2666
f 2148//2667 1933//2667 1930//2667
f 1931//2668 1934//2668 1932//2668
f 1932//2669 1934//2669 1935//2669
f 2148//2670 1936//2670 1933//2670
f 1935//2671 1937//2671 1938//2671
f 1934//2672 1937//2672 1935//2672
f 2148//2673 1939//2673 1936//2673
f 1937//2674 1940//2674 1938//2674
f 1938//2675 1940//2675 1941//2675
f 2148//2676 1942//2676 1939//2676
f 1940//2677 1943//2677 1941//2677
f 1941//2678 1943//2678 1944//2678
f 2148//2679 1945//2679 1942//2679
f 1943//2680 1946//2680 1944//2680
f 1944//2681 1946//2681 1947//2681
f 2148//2682 1948//2682 1945//2682
f 1946//2683 1949//2683 1947//2683
f 1947//2684 1949//2684 1950//2684
f 2148//2685 1951//2685 1948//2685
f 1949//2686 1952//2686 1950//2686
f 1950//2687 1952//2687 1953//2687
f 2147//2688 1954//2688 2148//2688
f 2148//2689 1954//2689 1951//2689
f 1952//2690 1955//2690 1953//2690
f 1953//2691 1955//2691 1956//2691
f 2147//2692 1957//2692 1954//2692
f 1956//2693 1958//2693 1959//2693
f 1955//2694 1958//2694 1956//2694
f 2147//2695 1960//2695 1957//2695
f 1958//2696 1961//2696 1959//2696
f 1959//2697 1961//2697 1962//2697
f 2147//2698 1963//2698 1960//2698
f 1961//2699 1964//2699 1962//2699
f 1962//2700 1964//2700 1965//2700
f 2147//2701 1966//2701 1963//2701
f 1965//2702 1967//2702 1968//2702
f 1964//2703 1967//2703 1965//2703
f 2147//2704 1969//2704 1966//2704
f 1967//2705 1970//2705 1968//2705
f 1968//2706 1970//2706 1971//2706
f 2147//2707 1972//2707 1969//2707
f 1971//2708 1973//2708 1974//2708
f 1970//2709 1973//2709 1971//2709
f 2147//2710 1975//2710 1972//2710
f 1974//2711 1976//2711 1977//2711
f 1973//2712 1976//2712 1974//2712
f 2147//2713 1978//2713 1975//2713
f 1976//2714 1979//2714 1977//2714
f 1977//2715 1979//2715 1980//2715
f 2147//2716 1981//2716 1978//2716
f 1979//2717 1982//2717 1980//2717
f 1980//2718 1982//2718 1983//2718
f 2147//2719 1984//2719 1981//2719
f 1982//2720 1985//2720 1983//2720
f 1983//2721 1985//2721 1986//2721
f 2147//2722 1987//2722 1984//2722
f 1985//2723 1988//2723 1986//2723
f 1986//2724 1988//2724 1989//2724
f 2147//2725 1990//2725 1987//2725
f 1988//2726 1991//2726 1989//2726
f 1989//2727 1991//2727 1992//2727
f 2147//2728 1993//2728 1990//2728
f 1991//2729 1994//2729 1992//2729
f 1992//2730 1994//2730 1995//2730
f 2147//2731 1996//2731 1993//2731
f 1995//2732 1997//2732 1998//2732
f 1994//2733 1997//2733 1995//2733
f 2147//2734 1999//2734 1996//2734
f 1997//2735 2000//2735 1998//2735
f 2147//2736 2001//2736 1999//2736
f 2000//2737 2002//2737 1998//2737
f 2000//2738 2003//2738 2002//2738
f 2147//2739 2004//2739 2001//2739
f 2003//2740 2005//2740 2002//2740
f 2003//2741 2006//2741 2005//2741
f 2147//2742 2007//2742 2004//2742
f 2147//2743 2008//2743 2007//2743
f 2009//2744 2010//2744 2006//2744
f 2006//2745 2010//2745 2005//2745
f 2147//2746 2011//2746 2008//2746
f 2147//2747 2012//2747 2011//2747
f 2013//2748 2014//2748 2009//2748
f 2009//2749 2014//2749 2010//2749
f 2147//2750 2015//2750 2012//2750
f 2016//2751 2017//2751 2013//2751
f 2013//2752 2017//2752 2014//2752
f 2147//2753 2018//2753 2015//2753
f 2147//2754 2019//2754 2018//2754
f 2020//2755 2021//2755 2016//2755
f 2016//2756 2021//2756 2017//2756
f 2147//2757 2022//2757 2019//2757
f 2147//2758 2023//2758 2022//2758
f 2024//2759 2025//2759 2020//2759
f 2020//2760 2025//2760 2021//2760
f 2147//2761 2026//2761 2023//2761
f 2024//2762 2027//2762 2025//2762
f 2028//2763 2027//2763 2024//2763
f 2147//2764 2029//2764 2026//2764
f 2147//2765 2030//2765 2029//2765
f 2028//2766 2031//2766 2027//2766
f 2032//2767 2031//2767 2028//2767
f 2147//2768 2033//2768 2030//2768
f 2147//2769 2034//2769 2033//2769
f 2032//2770 2035//2770 2031//2770
f 2036//2771 2035//2771 2032//2771
f 2147//2772 2037//2772 2034//2772
f 2147//2773 2038//2773 2037//2773
f 2036//2774 2039//2774 2035//2774
f 2040//2775 2039//2775 2036//2775
f 2040//2776 2041//2776 2039//2776
f 2042//2777 2041//2777 2040//2777
f 2042//2778 2043//2778 2041//2778
f 2044//2779 2043//2779 2042//2779
f 2044//2780 2045//2780 2043//2780
f 2046//2781 2045//2781 2044//2781
f 2046//2782 2047//2782 2045//2782
f 2048//2783 2047//2783 2046//2783
f 2048//2784 2049//2784 2047//2784
f 2050//2785 2049//2785 2048//2785
f 2051//2786 2052//2786 2050//2786
f 2050//2787 2052//2787 2049//2787
f 2051//2788 2053//2788 2052//2788
f 2054//2789 2053//2789 2051//2789
f 2054//2790 2055//2790 2053//2790
f 2056//2791 2057//2791 2054//2791
f 2054//2792 2057//2792 2055//2792
f 2056//2793 2058//2793 2057//2793
f 2059//2794 2058//2794 2056//2794
f 2059//2795 2060//2795 2058//2795
f 2061//2796 2060//2796 2059//2796
f 2061//2797 2062//2797 2060//2797
f 2063//2798 2062//2798 2061//2798
f 2063//2799 2064//2799 2062//2799
f 2065//2800 2064//2800 2063//2800
f 2065//2801 2066//2801 2064//2801
f 2067//2802 2066//2802 2065//2802
f 2067//2803 2068//2803 2066//2803
f 2069//2804 2068//2804 2067//2804
f 2069//2805 2070//2805 2068//2805
f 2071//2806 2070//2806 2069//2806
f 2071//2807 2072//2807 2070//2807
f 2073//2808 2072//2808 2071//2808
f 2073//2809 2074//2809 2072//2809
f 2075//2810 2074//2810 2073//2810
f 2076//2811 2077//2811 2078//2811
f 2079//2812 2077//2812 2076//2812
f 2080//2813 2077//2813 2079//2813
f 2075//2814 2077//2814 2074//2814
f 2081//2815 2077//2815 2075//2815
f 2082//2816 2077//2816 2081//2816
f 2083//2817 2077//2817 2082//2817
f 2084//2818 2077//2818 2083//2818
f 2085//2819 2077//2819 2084//2819
f 2086//2820 2077//2820 2085//2820
f 2087//2821 2077//2821 2086//2821
f 2088//2822 2077//2822 2087//2822
f 2089//2823 2077//2823 2088//2823
f 2078//2824 2077//2824 2089//2824
f 2090//2825 1800//2825 2080//2825
f 2091//2826 1800//2826 2090//2826
f 2092//2827 1800//2827 2091//2827
f 2093//2828 1800//2828 2092//2828
f 2094//2829 1800//2829 2093//2829
f 2095//2830 1800//2830 2094//2830
f 2096//2831 1800//2831 2095//2831
f 2097//2832 1800//2832 2096//2832
f 2098//2833 1800//2833 2097//2833
f 2099//2834 1800//2834 2098//2834
f 2100//2835 1800//2835 2099//2835
f 2101//2836 1800//2836 2100//2836
f 2102//2837 1800//2837 2101//2837
f 2103//2838 1800//2838 2102//2838
f 2104//2839 1800//2839 2103//2839
f 2105//2840 1800//2840 2104//2840
f 2106//2841 1800//2841 2105//2841
f 2107//2842 1800//2842 2106//2842
f 2108//2843 1800//2843 2107//2843
f 2109//2844 1800//2844 2108//2844
f 2110//2845 1800//2845 2109//2845
f 2111//2846 1800//2846 2110//2846
f 2112//2847 1800//2847 2111//2847
f 2113//2848 1800//2848 2112//2848
f 2114//2849 1800//2849 2113//2849
f 2115//2850 1800//2850 2114//2850
f 2116//2851 1800//2851 2115//2851
f 2117//2852 1800//2852 2116//2852
f 2118//2853 1800//2853 2117//2853
f 2119//2854 1800//2854 2118//2854
f 2120//2855 1800//2855 2119//2855
f 2121//2856 1800//2856 2120//2856
f 2122//2857 1800//2857 2121//2857
f 2080//2858 1800//2858 2077//2858
f 2123//2859 1800//2859 2122//2859
f 2124//2860 1800//2860 2125//2860
f 2125//2861 1800//2861 2126//2861
f 2126//2862 1800//2862 2127//2862
f 2127//2863 1800//2863 2128//2863
f 2128//2864 1800//2864 2129//2864
f 2129//2865 1800//2865 2130//2865
f 2130//2866 1800//2866 2131//2866
f 2131//2867 1800//2867 2132//2867
f 2132//2868 1800//2868 2133//2868
f 2133//2869 1800//2869 2134//2869
f 2134//2870 1800//2870 2135//2870
f 2135//2871 1800//2871 2123//2871
f 2147//2872 2124//2872 2136//2872
f 2147//2873 2136//2873 2137//2873
f 2147//2874 2137//2874 2138//2874
f 2147//2875 2138//2875 2139//2875
f 2147//2876 2139//2876 2140//2876
f 2147//2877 2140//2877 2141//2877
f 2147//2878 2141//2878 2142//2878
f 2147//2879 2142//2879 2143//2879
f 2147//2880 2143//2880 2144//2880
f 2147//2881 2144//2881 2145//2881
f 2147//2882 2145//2882 2146//2882
f 2147//2883 2146//2883 2038//2883
f 3761//2884 2147//2884 2148//2884
f 2149//2885 2150//2885 2147//2885
f 2151//2886 2149//2886 2147//2886
f 2151//2887 2147//2887 3761//2887
f 2152//2888 2153//2888 2269//2888
f 2150//2889 2149//2889 2152//2889
f 2149//2890 2508//2890 2152//2890
f 2152//2891 2508//2891 2153//2891
f 2154//2892 2155//2892 2156//2892
f 2154//2893 2156//2893 2157//2893
f 2158//2894 2157//2894 2159//2894
f 2158//2895 2154//2895 2157//2895
f 2160//2896 2161//2896 2155//2896
f 2160//2897 2155//2897 2154//2897
f 2162//2898 2161//2898 2160//2898
f 2162//2899 2163//2899 2161//2899
f 2164//2900 2159//2900 2165//2900
f 2164//2901 2158//2901 2159//2901
f 2166//2902 2164//2902 2165//2902
f 2166//2903 2165//2903 2167//2903
f 2168//2904 2169//2904 2163//2904
f 2168//2905 2163//2905 2162//2905
f 2170//2906 2167//2906 2171//2906
f 2170//2907 2166//2907 2167//2907
f 2172//2908 2173//2908 2169//2908
f 2172//2909 2169//2909 2168//2909
f 2174//2910 2170//2910 2171//2910
f 2174//2911 2171//2911 2175//2911
f 2176//2912 2177//2912 2173//2912
f 2176//2913 2173//2913 2172//2913
f 2178//2914 2175//2914 2179//2914
f 2178//2915 2174//2915 2175//2915
f 2180//2916 2177//2916 2176//2916
f 2180//2917 2181//2917 2177//2917
f 2182//2918 2178//2918 2179//2918
f 2182//2919 2179//2919 2183//2919
f 2184//2920 2181//2920 2180//2920
f 2184//2921 2185//2921 2181//2921
f 2186//2922 2183//2922 2187//2922
f 2186//2923 2182//2923 2183//2923
f 2188//2924 2185//2924 2184//2924
f 2188//2925 2189//2925 2185//2925
f 2190//2926 2186//2926 2187//2926
f 2190//2927 2187//2927 2191//2927
f 2192//2928 2193//2928 2189//2928
f 2192//2929 2189//2929 2188//2929
f 2194//2930 2191//2930 2195//2930
f 2194//2931 2190//2931 2191//2931
f 2196//2932 2193//2932 2192//2932
f 2196//2933 2197//2933 2193//2933
f 2198//2934 2195//2934 2199//2934
f 2198//2935 2194//2935 2195//2935
f 2200//2936 2201//2936 2197//2936
f 2200//2937 2197//2937 2196//2937
f 2202//2938 2199//2938 2203//2938
f 2202//2939 2198//2939 2199//2939
f 2204//2940 2201//2940 2200//2940
f 2204//2941 2205//2941 2201//2941
f 2206//2942 2202//2942 2203//2942
f 2206//2943 2203//2943 2207//2943
f 2208//2944 2209//2944 2205//2944
f 2208//2945 2205//2945 2204//2945
f 2210//2946 2207//2946 2211//2946
f 2210//2947 2206//2947 2207//2947
f 2212//2948 2213//2948 2209//2948
f 2212//2949 2209//2949 2208//2949
f 2214//2950 2211//2950 2215//2950
f 2214//2951 2210//2951 2211//2951
f 2216//2952 2217//2952 2213//2952
f 2216//2953 2213//2953 2212//2953
f 2218//2954 2215//2954 2219//2954
f 2218//2955 2214//2955 2215//2955
f 2220//2956 2221//2956 2217//2956
f 2220//2957 2217//2957 2216//2957
f 2222//2958 2218//2958 2219//2958
f 2222//2959 2219//2959 2223//2959
f 2224//2960 2221//2960 2220//2960
f 2224//2961 2225//2961 2221//2961
f 2226//2962 2222//2962 2223//2962
f 2226//2963 2223//2963 2227//2963
f 2228//2964 2229//2964 2225//2964
f 2228//2965 2225//2965 2224//2965
f 2230//2966 2227//2966 2231//2966
f 2230//2967 2226//2967 2227//2967
f 2232//2968 2233//2968 2229//2968
f 2232//2969 2229//2969 2228//2969
f 2234//2970 2231//2970 2235//2970
f 2234//2971 2230//2971 2231//2971
f 2236//2972 2237//2972 2233//2972
f 2236//2973 2233//2973 2232//2973
f 2238//2974 2235//2974 2239//2974
f 2238//2975 2234//2975 2235//2975
f 2240//2976 2241//2976 2237//2976
f 2240//2977 2237//2977 2236//2977
f 2242//2978 2239//2978 2243//2978
f 2242//2979 2238//2979 2239//2979
f 2244//2980 2245//2980 2241//2980
f 2244//2981 2241//2981 2240//2981
f 2246//2982 2243//2982 2247//2982
f 2246//2983 2242//2983 2243//2983
f 2248//2984 2249//2984 2245//2984
f 2248//2985 2245//2985 2244//2985
f 2250//2986 2247//2986 2251//2986
f 2250//2987 2246//2987 2247//2987
f 2252//2988 2253//2988 2249//2988
f 2252//2989 2249//2989 2248//2989
f 2254//2990 2250//2990 2251//2990
f 2254//2991 2251//2991 2255//2991
f 2256//2992 2257//2992 2253//2992
f 2256//2993 2253//2993 2252//2993
f 2258//2994 2255//2994 2259//2994
f 2258//2995 2254//2995 2255//2995
f 2260//2996 2261//2996 2257//2996
f 2260//2997 2257//2997 2256//2997
f 2262//2998 2258//2998 2259//2998
f 2262//2999 2259//2999 2263//2999
f 2264//3000 2265//3000 2261//3000
f 2264//3001 2261//3001 2260//3001
f 2266//3002 2263//3002 2267//3002
f 2266//3003 2262//3003 2263//3003
f 2268//3004 2269//3004 2265//3004
f 2268//3005 2265//3005 2264//3005
f 2270//3006 2267//3006 2271//3006
f 2270//3007 2271//3007 2272//3007
f 2270//3008 2266//3008 2267//3008
f 2273//3009 2269//3009 2268//3009
f 2274//3010 2272//3010 2275//3010
f 2274//3011 2270//3011 2272//3011
f 2276//3012 2269//3012 2273//3012
f 2277//3013 2274//3013 2275//3013
f 2277//3014 2275//3014 2278//3014
f 2279//3015 2269//3015 2276//3015
f 2280//3016 2277//3016 2278//3016
f 2280//3017 2278//3017 2281//3017
f 2282//3018 2269//3018 2279//3018
f 2283//3019 2281//3019 2284//3019
f 2283//3020 2280//3020 2281//3020
f 2285//3021 2269//3021 2282//3021
f 2286//3022 2283//3022 2284//3022
f 2286//3023 2284//3023 2287//3023
f 2288//3024 2269//3024 2285//3024
f 2289//3025 2286//3025 2287//3025
f 2289//3026 2287//3026 2290//3026
f 2291//3027 2269//3027 2288//3027
f 2292//3028 2289//3028 2290//3028
f 2292//3029 2290//3029 2293//3029
f 2294//3030 2269//3030 2291//3030
f 2295//3031 2292//3031 2293//3031
f 2295//3032 2293//3032 2296//3032
f 2297//3033 2269//3033 2294//3033
f 2298//3034 2295//3034 2296//3034
f 2298//3035 2296//3035 2299//3035
f 2300//3036 2269//3036 2297//3036
f 2301//3037 2298//3037 2299//3037
f 2301//3038 2299//3038 2302//3038
f 2303//3039 2269//3039 2300//3039
f 2304//3040 2301//3040 2302//3040
f 2304//3041 2302//3041 2305//3041
f 2306//3042 2269//3042 2303//3042
f 2307//3043 2304//3043 2305//3043
f 2307//3044 2305//3044 2308//3044
f 2309//3045 2152//3045 2269//3045
f 2309//3046 2269//3046 2306//3046
f 2310//3047 2307//3047 2308//3047
f 2310//3048 2308//3048 2311//3048
f 2312//3049 2152//3049 2309//3049
f 2313//3050 2310//3050 2311//3050
f 2313//3051 2311//3051 2314//3051
f 2315//3052 2152//3052 2312//3052
f 2316//3053 2313//3053 2314//3053
f 2316//3054 2314//3054 2317//3054
f 2318//3055 2152//3055 2315//3055
f 2319//3056 2316//3056 2317//3056
f 2319//3057 2317//3057 2320//3057
f 2321//3058 2152//3058 2318//3058
f 2322//3059 2320//3059 2323//3059
f 2322//3060 2319//3060 2320//3060
f 2324//3061 2152//3061 2321//3061
f 2325//3062 2322//3062 2323//3062
f 2325//3063 2323//3063 2326//3063
f 2327//3064 2152//3064 2324//3064
f 2328//3065 2326//3065 2329//3065
f 2328//3066 2325//3066 2326//3066
f 2330//3067 2152//3067 2327//3067
f 2331//3068 2329//3068 2332//3068
f 2331//3069 2328//3069 2329//3069
f 2333//3070 2152//3070 2330//3070
f 2334//3071 2331//3071 2332//3071
f 2334//3072 2332//3072 2335//3072
f 2336//3073 2152//3073 2333//3073
f 2337//3074 2334//3074 2335//3074
f 2337//3075 2335//3075 2338//3075
f 2339//3076 2152//3076 2336//3076
f 2340//3077 2337//3077 2338//3077
f 2340//3078 2338//3078 2341//3078
f 2342//3079 2152//3079 2339//3079
f 2343//3080 2340//3080 2341//3080
f 2343//3081 2341//3081 2344//3081
f 2345//3082 2152//3082 2342//3082
f 2346//3083 2343//3083 2344//3083
f 2346//3084 2344//3084 2347//3084
f 2348//3085 2152//3085 2345//3085
f 2349//3086 2347//3086 2350//3086
f 2349//3087 2346//3087 2347//3087
f 2351//3088 2152//3088 2348//3088
f 2352//3089 2349//3089 2350//3089
f 2352//3090 2350//3090 2353//3090
f 2354//3091 2152//3091 2351//3091
f 2355//3092 2352//3092 2353//3092
f 2356//3093 2152//3093 2354//3093
f 2357//3094 2355//3094 2353//3094
f 2358//3095 2355//3095 2357//3095
f 2359//3096 2152//3096 2356//3096
f 2360//3097 2358//3097 2357//3097
f 2361//3098 2358//3098 2360//3098
f 2362//3099 2152//3099 2359//3099
f 2363//3100 2152//3100 2362//3100
f 2364//3101 2361//3101 2360//3101
f 2364//3102 2365//3102 2361//3102
f 2366//3103 2152//3103 2363//3103
f 2367//3104 2152//3104 2366//3104
f 2368//3105 2365//3105 2364//3105
f 2368//3106 2369//3106 2365//3106
f 2370//3107 2152//3107 2367//3107
f 2371//3108 2372//3108 2369//3108
f 2371//3109 2369//3109 2368//3109
f 2373//3110 2152//3110 2370//3110
f 2374//3111 2152//3111 2373//3111
f 2375//3112 2376//3112 2372//3112
f 2375//3113 2372//3113 2371//3113
f 2377//3114 2152//3114 2374//3114
f 2378//3115 2152//3115 2377//3115
f 2379//3116 2380//3116 2376//3116
f 2379//3117 2376//3117 2375//3117
f 2381//3118 2152//3118 2378//3118
f 2382//3119 2380//3119 2379//3119
f 2382//3120 2383//3120 2380//3120
f 2384//3121 2152//3121 2381//3121
f 2385//3122 2152//3122 2384//3122
f 2386//3123 2383//3123 2382//3123
f 2386//3124 2387//3124 2383//3124
f 2388//3125 2152//3125 2385//3125
f 2389//3126 2152//3126 2388//3126
f 2390//3127 2387//3127 2386//3127
f 2390//3128 2391//3128 2387//3128
f 2392//3129 2152//3129 2389//3129
f 2393//3130 2152//3130 2392//3130
f 2394//3131 2391//3131 2390//3131
f 2394//3132 2395//3132 2391//3132
f 2396//3133 2395//3133 2394//3133
f 2396//3134 2397//3134 2395//3134
f 2398//3135 2397//3135 2396//3135
f 2398//3136 2399//3136 2397//3136
f 2400//3137 2399//3137 2398//3137
f 2400//3138 2401//3138 2399//3138
f 2402//3139 2401//3139 2400//3139
f 2402//3140 2403//3140 2401//3140
f 2404//3141 2403//3141 2402//3141
f 2404//3142 2405//3142 2403//3142
f 2406//3143 2407//3143 2405//3143
f 2406//3144 2405//3144 2404//3144
f 2408//3145 2409//3145 2407//3145
f 2408//3146 2407//3146 2406//3146
f 2410//3147 2409//3147 2408//3147
f 2411//3148 2409//3148 2410//3148
f 2411//3149 2412//3149 2409//3149
f 2413//3150 2412//3150 2411//3150
f 2413//3151 2414//3151 2412//3151
f 2415//3152 2414//3152 2413//3152
f 2415//3153 2416//3153 2414//3153
f 2417//3154 2416//3154 2415//3154
f 2417//3155 2418//3155 2416//3155
f 2419//3156 2418//3156 2417//3156
f 2419//3157 2420//3157 2418//3157
f 2421//3158 2420//3158 2419//3158
f 2421//3159 2422//3159 2420//3159
f 2423//3160 2424//3160 2422//3160
f 2423//3161 2422//3161 2421//3161
f 2425//3162 2424//3162 2423//3162
f 2425//3163 2426//3163 2424//3163
f 2427//3164 2426//3164 2425//3164
f 2427//3165 2428//3165 2426//3165
f 2429//3166 2428//3166 2427//3166
f 2429//3167 2430//3167 2428//3167
f 2431//3168 2430//3168 2429//3168
f 2431//3169 2432//3169 2433//3169
f 2431//3170 2434//3170 2432//3170
f 2431//3171 2435//3171 2434//3171
f 2431//3172 2436//3172 2430//3172
f 2431//3173 2437//3173 2436//3173
f 2431//3174 2438//3174 2437//3174
f 2431//3175 2439//3175 2438//3175
f 2431//3176 2440//3176 2439//3176
f 2431//3177 2441//3177 2440//3177
f 2431//3178 2442//3178 2441//3178
f 2431//3179 2443//3179 2442//3179
f 2431//3180 2444//3180 2443//3180
f 2431//3181 2433//3181 2444//3181
f 714//3182 2445//3182 2435//3182
f 714//3183 2446//3183 2445//3183
f 714//3184 2447//3184 2446//3184
f 714//3185 2448//3185 2447//3185
f 714//3186 2449//3186 2448//3186
f 714//3187 2450//3187 2449//3187
f 714//3188 2451//3188 2450//3188
f 714//3189 2452//3189 2451//3189
f 714//3190 2453//3190 2452//3190
f 714//3191 2454//3191 2453//3191
f 714//3192 2455//3192 2454//3192
f 714//3193 2456//3193 2455//3193
f 714//3194 2457//3194 2456//3194
f 714//3195 2458//3195 2457//3195
f 714//3196 2459//3196 2458//3196
f 714//3197 2460//3197 2459//3197
f 714//3198 2461//3198 2460//3198
f 714//3199 2462//3199 2461//3199
f 714//3200 2463//3200 2462//3200
f 714//3201 2464//3201 2463//3201
f 714//3202 2465//3202 2464//3202
f 714//3203 2466//3203 2465//3203
f 714//3204 2467//3204 2466//3204
f 714//3205 2468//3205 2467//3205
f 714//3206 2469//3206 2468//3206
f 714//3207 2470//3207 2469//3207
f 714//3208 2471//3208 2470//3208
f 714//3209 2472//3209 2471//3209
f 714//3210 2473//3210 2472//3210
f 714//3211 2474//3211 2473//3211
f 714//3212 2475//3212 2474//3212
f 714//3213 2476//3213 2475//3213
f 714//3214 2477//3214 2476//3214
f 714//3215 2435//3215 2431//3215
f 714//3216 2478//3216 2477//3216
f 714//3217 713//3217 2479//3217
f 714//3218 2479//3218 2480//3218
f 714//3219 2480//3219 2481//3219
f 714//3220 2481//3220 2482//3220
f 714//3221 2482//3221 2483//3221
f 714//3222 2483//3222 2484//3222
f 714//3223 2484//3223 2485//3223
f 714//3224 2485//3224 2486//3224
f 714//3225 2486//3225 2487//3225
f 714//3226 2487//3226 2488//3226
f 714//3227 2488//3227 2489//3227
f 714//3228 2489//3228 2478//3228
f 713//3229 2152//3229 2490//3229
f 2490//3230 2152//3230 2491//3230
f 2491//3231 2152//3231 2492//3231
f 2492//3232 2152//3232 2493//3232
f 2493//3233 2152//3233 2494//3233
f 2494//3234 2152//3234 2495//3234
f 2495//3235 2152//3235 2496//3235
f 2496//3236 2152//3236 2497//3236
f 2497//3237 2152//3237 2498//3237
f 2498//3238 2152//3238 2499//3238
f 2499//3239 2152//3239 2500//3239
f 2500//3240 2152//3240 2393//3240
f 2507//3241 714//3241 2501//3241
f 2501//3242 714//3242 2431//3242
f 714//3243 2502//3243 712//3243
f 2507//3244 2502//3244 714//3244
f 2502//3245 2503//3245 711//3245
f 2502//3246 711//3246 712//3246
f 2503//3247 2504//3247 711//3247
f 711//3248 2504//3248 718//3248
f 720//3249 2505//3249 2506//3249
f 720//3250 2506//3250 1027//3250
f 2504//3251 720//3251 718//3251
f 2504//3252 2505//3252 720//3252
f 724//3253 723//3253 84//3253
f 724//3254 736//3254 723//3254
f 743//3255 1096//3255 1097//3255
f 743//3256 742//3256 1096//3256
f 744//3257 743//3257 1097//3257
f 744//3258 1097//3258 2505//3258
f 1096//3259 746//3259 1100//3259
f 742//3260 746//3260 1096//3260
f 2504//3261 744//3261 2505//3261
f 740//3262 744//3262 2504//3262
f 746//3263 745//3263 1100//3263
f 1100//3264 745//3264 1447//3264
f 733//3265 740//3265 2503//3265
f 2503//3266 740//3266 2504//3266
f 745//3267 747//3267 1447//3267
f 745//3268 741//3268 747//3268
f 732//3269 733//3269 2503//3269
f 732//3270 2503//3270 2502//3270
f 747//3271 735//3271 412//3271
f 741//3272 735//3272 747//3272
f 729//3273 2502//3273 2507//3273
f 729//3274 732//3274 2502//3274
f 730//3275 729//3275 2508//3275
f 2508//3276 729//3276 2507//3276
f 2149//3277 730//3277 2508//3277
f 727//3278 730//3278 2149//3278
f 728//3279 2149//3279 2151//3279
f 728//3280 727//3280 2149//3280
f 726//3281 728//3281 2151//3281
f 726//3282 2151//3282 2509//3282
f 723//3283 739//3283 2510//3283
f 736//3284 739//3284 723//3284
f 1799//3285 726//3285 2509//3285
f 731//3286 726//3286 1799//3286
f 739//3287 738//3287 2510//3287
f 2510//3288 738//3288 2511//3288
f 734//3289 731//3289 1798//3289
f 1798//3290 731//3290 1799//3290
f 738//3291 1797//3291 2511//3291
f 738//3292 737//3292 1797//3292
f 737//3293 734//3293 1798//3293
f 737//3294 1798//3294 1797//3294
f 2512//3295 865//3295 2513//3295
f 865//3296 866//3296 2513//3296
f 2513//3297 869//3297 2514//3297
f 866//3298 869//3298 2513//3298
f 2514//3299 872//3299 2806//3299
f 869//3300 872//3300 2514//3300
f 2806//3301 875//3301 2515//3301
f 872//3302 875//3302 2806//3302
f 2515//3303 878//3303 2516//3303
f 875//3304 878//3304 2515//3304
f 2516//3305 881//3305 2517//3305
f 878//3306 881//3306 2516//3306
f 2517//3307 884//3307 2518//3307
f 2518//3308 884//3308 2519//3308
f 881//3309 884//3309 2517//3309
f 884//3310 887//3310 2519//3310
f 2519//3311 890//3311 2520//3311
f 887//3312 890//3312 2519//3312
f 2520//3313 893//3313 2521//3313
f 890//3314 893//3314 2520//3314
f 2521//3315 896//3315 2803//3315
f 2803//3316 896//3316 2802//3316
f 893//3317 896//3317 2521//3317
f 896//3318 899//3318 2802//3318
f 2802//3319 902//3319 2522//3319
f 2522//3320 902//3320 2801//3320
f 899//3321 902//3321 2802//3321
f 902//3322 906//3322 2801//3322
f 2801//3323 909//3323 2523//3323
f 2523//3324 909//3324 2524//3324
f 906//3325 909//3325 2801//3325
f 909//3326 912//3326 2524//3326
f 2524//3327 915//3327 2525//3327
f 912//3328 915//3328 2524//3328
f 2525//3329 918//3329 2798//3329
f 2798//3330 918//3330 2526//3330
f 915//3331 918//3331 2525//3331
f 918//3332 921//3332 2526//3332
f 2526//3333 924//3333 2527//3333
f 921//3334 924//3334 2526//3334
f 924//3335 927//3335 2527//3335
f 2527//3336 927//3336 2795//3336
f 927//3337 930//3337 2795//3337
f 2795//3338 930//3338 2528//3338
f 2528//3339 930//3339 2529//3339
f 930//3340 933//3340 2529//3340
f 933//3341 936//3341 2529//3341
f 2529//3342 936//3342 2530//3342
f 936//3343 939//3343 2530//3343
f 2530//3344 939//3344 2531//3344
f 2531//3345 942//3345 2790//3345
f 939//3346 942//3346 2531//3346
f 2790//3347 945//3347 2787//3347
f 942//3348 945//3348 2790//3348
f 2787//3349 948//3349 2532//3349
f 945//3350 948//3350 2787//3350
f 2532//3351 952//3351 2533//3351
f 948//3352 952//3352 2532//3352
f 2533//3353 955//3353 2782//3353
f 2782//3354 955//3354 2534//3354
f 952//3355 955//3355 2533//3355
f 955//3356 960//3356 2534//3356
f 2534//3357 964//3357 2779//3357
f 960//3358 964//3358 2534//3358
f 2779//3359 967//3359 2535//3359
f 964//3360 967//3360 2779//3360
f 2535//3361 971//3361 2536//3361
f 967//3362 971//3362 2535//3362
f 2536//3363 975//3363 2537//3363
f 2537//3364 975//3364 2538//3364
f 971//3365 975//3365 2536//3365
f 2538//3366 977//3366 2539//3366
f 975//3367 977//3367 2538//3367
f 977//3368 981//3368 2539//3368
f 2539//3369 985//3369 2770//3369
f 981//3370 985//3370 2539//3370
f 2770//3371 989//3371 2768//3371
f 985//3372 989//3372 2770//3372
f 2768//3373 991//3373 2765//3373
f 989//3374 991//3374 2768//3374
f 2765//3375 993//3375 2540//3375
f 991//3376 993//3376 2765//3376
f 2540//3377 995//3377 2541//3377
f 993//3378 995//3378 2540//3378
f 2541//3379 997//3379 2760//3379
f 995//3380 997//3380 2541//3380
f 2760//3381 999//3381 2759//3381
f 2759//3382 999//3382 2758//3382
f 997//3383 999//3383 2760//3383
f 999//3384 1002//3384 2758//3384
f 1002//3385 1003//3385 2758//3385
f 2758//3386 1003//3386 2757//3386
f 2757//3387 1003//3387 2542//3387
f 1003//3388 1005//3388 2542//3388
f 1005//3389 1007//3389 2542//3389
f 2542//3390 1007//3390 2543//3390
f 1007//3391 1008//3391 2543//3391
f 2543//3392 1008//3392 2750//3392
f 1008//3393 1010//3393 2750//3393
f 2750//3394 1010//3394 2748//3394
f 1010//3395 1012//3395 2748//3395
f 2748//3396 1012//3396 2746//3396
f 2746//3397 1012//3397 2744//3397
f 1012//3398 1014//3398 2744//3398
f 2744//3399 1014//3399 2742//3399
f 1014//3400 1016//3400 2742//3400
f 1016//3401 1018//3401 2742//3401
f 2742//3402 1018//3402 2544//3402
f 2544//3403 1018//3403 2545//3403
f 1018//3404 1020//3404 2545//3404
f 1020//3405 1022//3405 2545//3405
f 2545//3406 1022//3406 2546//3406
f 2546//3407 1022//3407 2738//3407
f 1022//3408 1024//3408 2738//3408
f 1024//3409 1027//3409 2738//3409
f 2738//3410 1027//3410 2506//3410
f 2816//3411 861//3411 865//3411
f 2816//3412 865//3412 2512//3412
f 2547//3413 858//3413 2817//3413
f 862//3414 858//3414 2547//3414
f 2817//3415 854//3415 2818//3415
f 858//3416 854//3416 2817//3416
f 2818//3417 850//3417 2548//3417
f 854//3418 850//3418 2818//3418
f 2548//3419 846//3419 2822//3419
f 850//3420 846//3420 2548//3420
f 2822//3421 842//3421 2549//3421
f 2549//3422 842//3422 2825//3422
f 846//3423 842//3423 2822//3423
f 842//3424 838//3424 2825//3424
f 2825//3425 834//3425 2550//3425
f 2550//3426 834//3426 2551//3426
f 838//3427 834//3427 2825//3427
f 834//3428 830//3428 2551//3428
f 2551//3429 826//3429 2552//3429
f 830//3430 826//3430 2551//3430
f 2552//3431 822//3431 2553//3431
f 2553//3432 822//3432 2554//3432
f 826//3433 822//3433 2552//3433
f 822//3434 818//3434 2554//3434
f 2554//3435 814//3435 2832//3435
f 818//3436 814//3436 2554//3436
f 2832//3437 810//3437 2833//3437
f 814//3438 810//3438 2832//3438
f 2833//3439 806//3439 2835//3439
f 2835//3440 806//3440 2555//3440
f 810//3441 806//3441 2833//3441
f 806//3442 803//3442 2555//3442
f 2555//3443 798//3443 2841//3443
f 2841//3444 798//3444 2842//3444
f 803//3445 798//3445 2555//3445
f 798//3446 794//3446 2842//3446
f 2842//3447 791//3447 2556//3447
f 794//3448 791//3448 2842//3448
f 2556//3449 787//3449 2557//3449
f 791//3450 787//3450 2556//3450
f 2557//3451 783//3451 2558//3451
f 2558//3452 783//3452 2845//3452
f 787//3453 783//3453 2557//3453
f 783//3454 779//3454 2845//3454
f 779//3455 775//3455 2845//3455
f 2845//3456 775//3456 2559//3456
f 2559//3457 775//3457 2850//3457
f 775//3458 770//3458 2850//3458
f 770//3459 766//3459 2850//3459
f 2850//3460 766//3460 2560//3460
f 766//3461 762//3461 2560//3461
f 2560//3462 762//3462 2853//3462
f 2853//3463 756//3463 2855//3463
f 762//3464 756//3464 2853//3464
f 2855//3465 754//3465 2856//3465
f 756//3466 754//3466 2855//3466
f 2856//3467 748//3467 2857//3467
f 2857//3468 748//3468 2561//3468
f 754//3469 748//3469 2856//3469
f 748//3470 750//3470 2561//3470
f 2561//3471 751//3471 2562//3471
f 750//3472 751//3472 2561//3472
f 2562//3473 753//3473 2563//3473
f 2563//3474 753//3474 2854//3474
f 751//3475 753//3475 2562//3475
f 753//3476 759//3476 2854//3476
f 2854//3477 761//3477 2564//3477
f 759//3478 761//3478 2854//3478
f 2564//3479 765//3479 2565//3479
f 761//3480 765//3480 2564//3480
f 2565//3481 769//3481 2849//3481
f 2849//3482 769//3482 2846//3482
f 765//3483 769//3483 2565//3483
f 769//3484 773//3484 2846//3484
f 2846//3485 777//3485 2844//3485
f 773//3486 777//3486 2846//3486
f 2844//3487 781//3487 2843//3487
f 777//3488 781//3488 2844//3488
f 2843//3489 785//3489 2566//3489
f 2566//3490 785//3490 2567//3490
f 781//3491 785//3491 2843//3491
f 785//3492 789//3492 2567//3492
f 2567//3493 793//3493 2568//3493
f 789//3494 793//3494 2567//3494
f 2568//3495 797//3495 2839//3495
f 793//3496 797//3496 2568//3496
f 2839//3497 801//3497 2837//3497
f 2837//3498 801//3498 2569//3498
f 797//3499 801//3499 2839//3499
f 2569//3500 805//3500 2570//3500
f 801//3501 805//3501 2569//3501
f 805//3502 809//3502 2570//3502
f 2570//3503 809//3503 2831//3503
f 809//3504 813//3504 2831//3504
f 813//3505 817//3505 2831//3505
f 2831//3506 817//3506 2571//3506
f 2571//3507 817//3507 2572//3507
f 817//3508 821//3508 2572//3508
f 821//3509 825//3509 2572//3509
f 2572//3510 825//3510 2573//3510
f 2573//3511 825//3511 2574//3511
f 825//3512 829//3512 2574//3512
f 2574//3513 829//3513 2575//3513
f 829//3514 833//3514 2575//3514
f 833//3515 837//3515 2575//3515
f 2575//3516 837//3516 2576//3516
f 837//3517 841//3517 2576//3517
f 2576//3518 841//3518 2823//3518
f 841//3519 845//3519 2823//3519
f 2823//3520 845//3520 2821//3520
f 845//3521 849//3521 2821//3521
f 2821//3522 849//3522 2577//3522
f 2577//3523 849//3523 2578//3523
f 849//3524 853//3524 2578//3524
f 853//3525 857//3525 2578//3525
f 2578//3526 857//3526 2579//3526
f 857//3527 861//3527 2579//3527
f 2579//3528 861//3528 2816//3528
f 2580//3529 1031//3529 1025//3529
f 2737//3530 2580//3530 1025//3530
f 2737//3531 1025//3531 1023//3531
f 2739//3532 2737//3532 1023//3532
f 2739//3533 1023//3533 1021//3533
f 2581//3534 2739//3534 1021//3534
f 2581//3535 1021//3535 1019//3535
f 2740//3536 2581//3536 1019//3536
f 2740//3537 1019//3537 1017//3537
f 2741//3538 2740//3538 1017//3538
f 2741//3539 1017//3539 1015//3539
f 2743//3540 2741//3540 1015//3540
f 2743//3541 1015//3541 1013//3541
f 2745//3542 1013//3542 1011//3542
f 2745//3543 2743//3543 1013//3543
f 2747//3544 1011//3544 1009//3544
f 2747//3545 2745//3545 1011//3545
f 2749//3546 1009//3546 1006//3546
f 2749//3547 2747//3547 1009//3547
f 2582//3548 1006//3548 1004//3548
f 2582//3549 2749//3549 1006//3549
f 2583//3550 2582//3550 1004//3550
f 2583//3551 1004//3551 1001//3551
f 2584//3552 2583//3552 1001//3552
f 2584//3553 1001//3553 1000//3553
f 2585//3554 2584//3554 1000//3554
f 2585//3555 1000//3555 998//3555
f 2586//3556 2585//3556 998//3556
f 2586//3557 998//3557 996//3557
f 2761//3558 2586//3558 996//3558
f 2761//3559 996//3559 994//3559
f 2762//3560 2761//3560 994//3560
f 2762//3561 994//3561 992//3561
f 2764//3562 2762//3562 992//3562
f 2764//3563 992//3563 990//3563
f 2767//3564 2764//3564 990//3564
f 2767//3565 990//3565 986//3565
f 2769//3566 2767//3566 986//3566
f 2769//3567 986//3567 982//3567
f 2772//3568 2769//3568 982//3568
f 2772//3569 982//3569 978//3569
f 2774//3570 2772//3570 978//3570
f 2774//3571 978//3571 974//3571
f 2775//3572 2774//3572 974//3572
f 2775//3573 974//3573 970//3573
f 2587//3574 2775//3574 970//3574
f 2587//3575 970//3575 966//3575
f 2776//3576 2587//3576 966//3576
f 2776//3577 966//3577 963//3577
f 2778//3578 2776//3578 963//3578
f 2778//3579 963//3579 959//3579
f 2780//3580 2778//3580 959//3580
f 2780//3581 959//3581 956//3581
f 2781//3582 956//3582 953//3582
f 2781//3583 2780//3583 956//3583
f 2784//3584 2781//3584 953//3584
f 2784//3585 953//3585 950//3585
f 2588//3586 950//3586 947//3586
f 2588//3587 2784//3587 950//3587
f 2786//3588 947//3588 944//3588
f 2786//3589 2588//3589 947//3589
f 2788//3590 944//3590 941//3590
f 2788//3591 2786//3591 944//3591
f 2791//3592 941//3592 938//3592
f 2791//3593 2788//3593 941//3593
f 2589//3594 938//3594 935//3594
f 2589//3595 2791//3595 938//3595
f 2590//3596 935//3596 932//3596
f 2590//3597 2589//3597 935//3597
f 2794//3598 2590//3598 932//3598
f 2794//3599 932//3599 929//3599
f 2591//3600 2794//3600 929//3600
f 2591//3601 929//3601 926//3601
f 2796//3602 2591//3602 926//3602
f 2796//3603 926//3603 923//3603
f 2797//3604 2796//3604 923//3604
f 2797//3605 923//3605 920//3605
f 2592//3606 2797//3606 920//3606
f 2592//3607 920//3607 917//3607
f 2799//3608 2592//3608 917//3608
f 2799//3609 917//3609 914//3609
f 2800//3610 2799//3610 914//3610
f 2800//3611 914//3611 911//3611
f 2593//3612 2800//3612 911//3612
f 2593//3613 911//3613 908//3613
f 2594//3614 2593//3614 908//3614
f 2594//3615 908//3615 905//3615
f 2595//3616 2594//3616 905//3616
f 2595//3617 905//3617 901//3617
f 2596//3618 2595//3618 901//3618
f 2596//3619 901//3619 898//3619
f 2597//3620 2596//3620 898//3620
f 2597//3621 898//3621 895//3621
f 2598//3622 2597//3622 895//3622
f 2598//3623 895//3623 892//3623
f 2599//3624 892//3624 889//3624
f 2599//3625 2598//3625 892//3625
f 2600//3626 2599//3626 889//3626
f 2600//3627 889//3627 886//3627
f 2601//3628 886//3628 883//3628
f 2601//3629 2600//3629 886//3629
f 2602//3630 883//3630 880//3630
f 2602//3631 2601//3631 883//3631
f 2603//3632 880//3632 877//3632
f 2603//3633 2602//3633 880//3633
f 2804//3634 877//3634 874//3634
f 2804//3635 2603//3635 877//3635
f 2805//3636 874//3636 871//3636
f 2805//3637 2804//3637 874//3637
f 2604//3638 871//3638 868//3638
f 2604//3639 2805//3639 871//3639
f 2605//3640 868//3640 864//3640
f 2605//3641 2604//3641 868//3641
f 2807//3642 864//3642 860//3642
f 2807//3643 2605//3643 864//3643
f 2606//3644 860//3644 856//3644
f 2606//3645 2807//3645 860//3645
f 2607//3646 856//3646 852//3646
f 2607//3647 2606//3647 856//3647
f 2608//3648 2607//3648 852//3648
f 2608//3649 852//3649 848//3649
f 2819//3650 2608//3650 848//3650
f 2819//3651 848//3651 844//3651
f 2609//3652 2819//3652 844//3652
f 2609//3653 844//3653 840//3653
f 2824//3654 2609//3654 840//3654
f 2824//3655 840//3655 836//3655
f 2610//3656 2824//3656 836//3656
f 2610//3657 836//3657 832//3657
f 2611//3658 2610//3658 832//3658
f 2611//3659 832//3659 828//3659
f 2612//3660 2611//3660 828//3660
f 2612//3661 828//3661 824//3661
f 2613//3662 2612//3662 824//3662
f 2613//3663 824//3663 820//3663
f 2614//3664 820//3664 816//3664
f 2614//3665 2613//3665 820//3665
f 2615//3666 2614//3666 816//3666
f 2615//3667 816//3667 812//3667
f 2616//3668 812//3668 808//3668
f 2616//3669 2615//3669 812//3669
f 2617//3670 808//3670 804//3670
f 2617//3671 2616//3671 808//3671
f 2834//3672 804//3672 800//3672
f 2834//3673 2617//3673 804//3673
f 2838//3674 800//3674 796//3674
f 2838//3675 2834//3675 800//3675
f 2840//3676 796//3676 792//3676
f 2840//3677 2838//3677 796//3677
f 2618//3678 792//3678 788//3678
f 2618//3679 2840//3679 792//3679
f 2619//3680 788//3680 784//3680
f 2619//3681 2618//3681 788//3681
f 2620//3682 784//3682 780//3682
f 2620//3683 2619//3683 784//3683
f 2621//3684 780//3684 776//3684
f 2621//3685 2620//3685 780//3685
f 2622//3686 776//3686 772//3686
f 2622//3687 2621//3687 776//3687
f 2847//3688 772//3688 768//3688
f 2847//3689 2622//3689 772//3689
f 2851//3690 768//3690 764//3690
f 2851//3691 2847//3691 768//3691
f 2852//3692 764//3692 760//3692
f 2852//3693 2851//3693 764//3693
f 2623//3694 760//3694 758//3694
f 2623//3695 2852//3695 760//3695
f 2624//3696 758//3696 752//3696
f 2624//3697 2623//3697 758//3697
f 2625//3698 752//3698 749//3698
f 2625//3699 2624//3699 752//3699
f 2626//3700 749//3700 755//3700
f 2626//3701 2625//3701 749//3701
f 2627//3702 2626//3702 755//3702
f 2627//3703 755//3703 757//3703
f 2628//3704 757//3704 763//3704
f 2628//3705 2627//3705 757//3705
f 2629//3706 2628//3706 763//3706
f 2629//3707 763//3707 767//3707
f 2630//3708 767//3708 771//3708
f 2630//3709 2629//3709 767//3709
f 2631//3710 771//3710 774//3710
f 2631//3711 2630//3711 771//3711
f 2848//3712 774//3712 778//3712
f 2848//3713 2631//3713 774//3713
f 2632//3714 778//3714 782//3714
f 2632//3715 2848//3715 778//3715
f 2633//3716 782//3716 786//3716
f 2633//3717 2632//3717 782//3717
f 2634//3718 786//3718 790//3718
f 2634//3719 2633//3719 786//3719
f 2635//3720 790//3720 795//3720
f 2635//3721 2634//3721 790//3721
f 2636//3722 795//3722 799//3722
f 2636//3723 2635//3723 795//3723
f 2637//3724 799//3724 802//3724
f 2637//3725 2636//3725 799//3725
f 2638//3726 802//3726 807//3726
f 2638//3727 2637//3727 802//3727
f 2836//3728 2638//3728 807//3728
f 2836//3729 807//3729 811//3729
f 2639//3730 2836//3730 811//3730
f 2639//3731 811//3731 815//3731
f 2640//3732 2639//3732 815//3732
f 2640//3733 815//3733 819//3733
f 2830//3734 2640//3734 819//3734
f 2830//3735 819//3735 823//3735
f 2829//3736 2830//3736 823//3736
f 2829//3737 823//3737 827//3737
f 2828//3738 2829//3738 827//3738
f 2828//3739 827//3739 831//3739
f 2827//3740 2828//3740 831//3740
f 2827//3741 831//3741 835//3741
f 2641//3742 2827//3742 835//3742
f 2641//3743 835//3743 839//3743
f 2826//3744 839//3744 843//3744
f 2826//3745 2641//3745 839//3745
f 2642//3746 843//3746 847//3746
f 2642//3747 2826//3747 843//3747
f 2643//3748 847//3748 851//3748
f 2643//3749 2642//3749 847//3749
f 2820//3750 851//3750 855//3750
f 2820//3751 2643//3751 851//3751
f 2644//3752 2820//3752 855//3752
f 2644//3753 855//3753 859//3753
f 2645//3754 2644//3754 859//3754
f 2645//3755 859//3755 863//3755
f 2646//3756 2645//3756 863//3756
f 2646//3757 863//3757 867//3757
f 2647//3758 2646//3758 867//3758
f 2647//3759 867//3759 870//3759
f 2648//3760 2647//3760 870//3760
f 2648//3761 870//3761 873//3761
f 2649//3762 2648//3762 873//3762
f 2649//3763 873//3763 876//3763
f 2815//3764 2649//3764 876//3764
f 2815//3765 876//3765 879//3765
f 2814//3766 2815//3766 879//3766
f 2814//3767 879//3767 882//3767
f 2650//3768 2814//3768 882//3768
f 2650//3769 882//3769 885//3769
f 2813//3770 2650//3770 885//3770
f 2813//3771 885//3771 888//3771
f 2651//3772 2813//3772 888//3772
f 2651//3773 888//3773 891//3773
f 2652//3774 2651//3774 891//3774
f 2652//3775 891//3775 894//3775
f 2653//3776 2652//3776 894//3776
f 2653//3777 894//3777 897//3777
f 2654//3778 2653//3778 897//3778
f 2654//3779 897//3779 900//3779
f 2655//3780 2654//3780 900//3780
f 2655//3781 900//3781 904//3781
f 2656//3782 2655//3782 904//3782
f 2656//3783 904//3783 907//3783
f 2657//3784 907//3784 910//3784
f 2657//3785 2656//3785 907//3785
f 2812//3786 2657//3786 910//3786
f 2812//3787 910//3787 913//3787
f 2811//3788 913//3788 916//3788
f 2811//3789 2812//3789 913//3789
f 2810//3790 916//3790 919//3790
f 2810//3791 2811//3791 916//3791
f 2658//3792 919//3792 922//3792
f 2658//3793 2810//3793 919//3793
f 2809//3794 922//3794 925//3794
f 2809//3795 2658//3795 922//3795
f 2808//3796 925//3796 928//3796
f 2808//3797 2809//3797 925//3797
f 2793//3798 928//3798 931//3798
f 2793//3799 2808//3799 928//3799
f 2792//3800 2793//3800 931//3800
f 2792//3801 931//3801 934//3801
f 2659//3802 2792//3802 934//3802
f 2659//3803 934//3803 937//3803
f 2660//3804 2659//3804 937//3804
f 2660//3805 937//3805 940//3805
f 2789//3806 2660//3806 940//3806
f 2789//3807 940//3807 943//3807
f 2661//3808 2789//3808 943//3808
f 2661//3809 943//3809 946//3809
f 2662//3810 2661//3810 946//3810
f 2662//3811 946//3811 949//3811
f 2663//3812 2662//3812 949//3812
f 2663//3813 949//3813 951//3813
f 2785//3814 2663//3814 951//3814
f 2785//3815 951//3815 954//3815
f 2783//3816 2785//3816 954//3816
f 2783//3817 954//3817 957//3817
f 2664//3818 2783//3818 957//3818
f 2664//3819 957//3819 958//3819
f 2665//3820 2664//3820 958//3820
f 2665//3821 958//3821 961//3821
f 2777//3822 2665//3822 961//3822
f 2777//3823 961//3823 962//3823
f 2666//3824 2777//3824 962//3824
f 2666//3825 962//3825 965//3825
f 2667//3826 2666//3826 965//3826
f 2667//3827 965//3827 968//3827
f 2668//3828 968//3828 969//3828
f 2668//3829 2667//3829 968//3829
f 2773//3830 969//3830 972//3830
f 2773//3831 2668//3831 969//3831
f 2771//3832 972//3832 973//3832
f 2771//3833 2773//3833 972//3833
f 2669//3834 973//3834 976//3834
f 2669//3835 2771//3835 973//3835
f 2766//3836 976//3836 979//3836
f 2766//3837 2669//3837 976//3837
f 2763//3838 979//3838 980//3838
f 2763//3839 2766//3839 979//3839
f 2670//3840 980//3840 983//3840
f 2670//3841 2763//3841 980//3841
f 2671//3842 983//3842 984//3842
f 2671//3843 2670//3843 983//3843
f 2672//3844 984//3844 987//3844
f 2672//3845 2671//3845 984//3845
f 2673//3846 987//3846 988//3846
f 2673//3847 2672//3847 987//3847
f 2674//3848 988//3848 1095//3848
f 2674//3849 2673//3849 988//3849
f 2675//3850 2674//3850 1095//3850
f 2675//3851 1095//3851 1094//3851
f 2676//3852 2675//3852 1094//3852
f 2676//3853 1094//3853 1093//3853
f 2756//3854 2676//3854 1093//3854
f 2756//3855 1093//3855 1092//3855
f 2677//3856 2756//3856 1092//3856
f 2677//3857 1092//3857 1091//3857
f 2755//3858 2677//3858 1091//3858
f 2755//3859 1091//3859 1090//3859
f 2754//3860 2755//3860 1090//3860
f 2754//3861 1090//3861 1089//3861
f 2753//3862 2754//3862 1089//3862
f 2753//3863 1089//3863 1088//3863
f 2752//3864 2753//3864 1088//3864
f 2752//3865 1088//3865 1087//3865
f 2751//3866 1087//3866 1086//3866
f 2751//3867 2752//3867 1087//3867
f 2678//3868 1086//3868 1085//3868
f 2678//3869 2751//3869 1086//3869
f 2679//3870 1085//3870 719//3870
f 2679//3871 2678//3871 1085//3871
f 2736//3872 2679//3872 719//3872
f 2736//3873 719//3873 1074//3873
f 2680//3874 2736//3874 1074//3874
f 2680//3875 1074//3875 1075//3875
f 2681//3876 1075//3876 1076//3876
f 2681//3877 2680//3877 1075//3877
f 2682//3878 1076//3878 1077//3878
f 2682//3879 2681//3879 1076//3879
f 2683//3880 1077//3880 1078//3880
f 2683//3881 2682//3881 1077//3881
f 2684//3882 1078//3882 1079//3882
f 2684//3883 2683//3883 1078//3883
f 2731//3884 1079//3884 1080//3884
f 2731//3885 2684//3885 1079//3885
f 2685//3886 1080//3886 1081//3886
f 2685//3887 2731//3887 1080//3887
f 2686//3888 1081//3888 1082//3888
f 2686//3889 2685//3889 1081//3889
f 2729//3890 1082//3890 1083//3890
f 2729//3891 2686//3891 1082//3891
f 2727//3892 1083//3892 1084//3892
f 2727//3893 2729//3893 1083//3893
f 2687//3894 1084//3894 1073//3894
f 2687//3895 2727//3895 1084//3895
f 2688//3896 1073//3896 1072//3896
f 2688//3897 2687//3897 1073//3897
f 2689//3898 1072//3898 1071//3898
f 2689//3899 2688//3899 1072//3899
f 2690//3900 1071//3900 1070//3900
f 2690//3901 2689//3901 1071//3901
f 2691//3902 2690//3902 1070//3902
f 2691//3903 1070//3903 1069//3903
f 2692//3904 2691//3904 1069//3904
f 2692//3905 1069//3905 1068//3905
f 2693//3906 2692//3906 1068//3906
f 2693//3907 1068//3907 1067//3907
f 2721//3908 2693//3908 1067//3908
f 2721//3909 1067//3909 1066//3909
f 2720//3910 2721//3910 1066//3910
f 2720//3911 1066//3911 1065//3911
f 2694//3912 2720//3912 1065//3912
f 2694//3913 1065//3913 1064//3913
f 2695//3914 2694//3914 1064//3914
f 2695//3915 1064//3915 1063//3915
f 2719//3916 2695//3916 1063//3916
f 2719//3917 1063//3917 1062//3917
f 2717//3918 2719//3918 1062//3918
f 2717//3919 1062//3919 1061//3919
f 2715//3920 1061//3920 1060//3920
f 2715//3921 2717//3921 1061//3921
f 2696//3922 1060//3922 1059//3922
f 2696//3923 2715//3923 1060//3923
f 2712//3924 1059//3924 1058//3924
f 2712//3925 2696//3925 1059//3925
f 2697//3926 1058//3926 1057//3926
f 2697//3927 2712//3927 1058//3927
f 2698//3928 1057//3928 1056//3928
f 2698//3929 2697//3929 1057//3929
f 2711//3930 1056//3930 1055//3930
f 2711//3931 2698//3931 1056//3931
f 2699//3932 1055//3932 1054//3932
f 2699//3933 2711//3933 1055//3933
f 2713//3934 1054//3934 1053//3934
f 2713//3935 2699//3935 1054//3935
f 2714//3936 1053//3936 1052//3936
f 2714//3937 2713//3937 1053//3937
f 2716//3938 1052//3938 1051//3938
f 2716//3939 2714//3939 1052//3939
f 2718//3940 1051//3940 1050//3940
f 2718//3941 2716//3941 1051//3941
f 2700//3942 1050//3942 1049//3942
f 2700//3943 2718//3943 1050//3943
f 2701//3944 1049//3944 1048//3944
f 2701//3945 2700//3945 1049//3945
f 2702//3946 1048//3946 1047//3946
f 2702//3947 2701//3947 1048//3947
f 2703//3948 1047//3948 1046//3948
f 2703//3949 2702//3949 1047//3949
f 2704//3950 1046//3950 1045//3950
f 2704//3951 2703//3951 1046//3951
f 2705//3952 2704//3952 1045//3952
f 2705//3953 1045//3953 1044//3953
f 2722//3954 2705//3954 1044//3954
f 2722//3955 1044//3955 1043//3955
f 2723//3956 2722//3956 1043//3956
f 2723//3957 1043//3957 1042//3957
f 2706//3958 2723//3958 1042//3958
f 2706//3959 1042//3959 1041//3959
f 2724//3960 1041//3960 1040//3960
f 2724//3961 2706//3961 1041//3961
f 2725//3962 1040//3962 1030//3962
f 2725//3963 2724//3963 1040//3963
f 2726//3964 1030//3964 1029//3964
f 2726//3965 2725//3965 1030//3965
f 2728//3966 1029//3966 1026//3966
f 2728//3967 2726//3967 1029//3967
f 2707//3968 1026//3968 1028//3968
f 2707//3969 2728//3969 1026//3969
f 2708//3970 1028//3970 1039//3970
f 2708//3971 2707//3971 1028//3971
f 2730//3972 1039//3972 1038//3972
f 2730//3973 2708//3973 1039//3973
f 2732//3974 1038//3974 1037//3974
f 2732//3975 2730//3975 1038//3975
f 2733//3976 1037//3976 1036//3976
f 2733//3977 2732//3977 1037//3977
f 2734//3978 1036//3978 1035//3978
f 2734//3979 2733//3979 1036//3979
f 2709//3980 1035//3980 1034//3980
f 2709//3981 2734//3981 1035//3981
f 2710//3982 1034//3982 1033//3982
f 2710//3983 2709//3983 1034//3983
f 2735//3984 1033//3984 1032//3984
f 2735//3985 2710//3985 1033//3985
f 2580//3986 2735//3986 1032//3986
f 2580//3987 1032//3987 1031//3987
f 2711//3988 2505//3988 2698//3988
f 2697//3989 2698//3989 2505//3989
f 2699//3990 2505//3990 2711//3990
f 2712//3991 2697//3991 2505//3991
f 2713//3992 2505//3992 2699//3992
f 2696//3993 2712//3993 2505//3993
f 2714//3994 2505//3994 2713//3994
f 2715//3995 2696//3995 2505//3995
f 2716//3996 2505//3996 2714//3996
f 2717//3997 2715//3997 2505//3997
f 2718//3998 2505//3998 2716//3998
f 2719//3999 2717//3999 2505//3999
f 2700//4000 2505//4000 2718//4000
f 2695//4001 2719//4001 2505//4001
f 2701//4002 2505//4002 2700//4002
f 2694//4003 2695//4003 2505//4003
f 2702//4004 2506//4004 2505//4004
f 2702//4005 2505//4005 2701//4005
f 2720//4006 2694//4006 2505//4006
f 2703//4007 2506//4007 2702//4007
f 2721//4008 2720//4008 2505//4008
f 2704//4009 2506//4009 2703//4009
f 2693//4010 2721//4010 2505//4010
f 2705//4011 2506//4011 2704//4011
f 2692//4012 2693//4012 2505//4012
f 2722//4013 2506//4013 2705//4013
f 2691//4014 2692//4014 2505//4014
f 2723//4015 2506//4015 2722//4015
f 2690//4016 2691//4016 2505//4016
f 2706//4017 2506//4017 2723//4017
f 2689//4018 2690//4018 2505//4018
f 2724//4019 2506//4019 2706//4019
f 2688//4020 2689//4020 2505//4020
f 2725//4021 2506//4021 2724//4021
f 2687//4022 2688//4022 2505//4022
f 2726//4023 2506//4023 2725//4023
f 2727//4024 2687//4024 2505//4024
f 2728//4025 2506//4025 2726//4025
f 2729//4026 2727//4026 2505//4026
f 2707//4027 2506//4027 2728//4027
f 2686//4028 2729//4028 2505//4028
f 2708//4029 2506//4029 2707//4029
f 2685//4030 2686//4030 2505//4030
f 2730//4031 2506//4031 2708//4031
f 2731//4032 2685//4032 2505//4032
f 2732//4033 2506//4033 2730//4033
f 2684//4034 2731//4034 2505//4034
f 2733//4035 2506//4035 2732//4035
f 2683//4036 2684//4036 2505//4036
f 2734//4037 2506//4037 2733//4037
f 2682//4038 2683//4038 2505//4038
f 2709//4039 2506//4039 2734//4039
f 2681//4040 2682//4040 2505//4040
f 2710//4041 2506//4041 2709//4041
f 2680//4042 2681//4042 2505//4042
f 2735//4043 2506//4043 2710//4043
f 2736//4044 2680//4044 2505//4044
f 2580//4045 2506//4045 2735//4045
f 2737//4046 2738//4046 2506//4046
f 2737//4047 2506//4047 2580//4047
f 2739//4048 2546//4048 2738//4048
f 2739//4049 2738//4049 2737//4049
f 2581//4050 2545//4050 2546//4050
f 2581//4051 2546//4051 2739//4051
f 2740//4052 2544//4052 2545//4052
f 2740//4053 2545//4053 2581//4053
f 2741//4054 2544//4054 2740//4054
f 2741//4055 2742//4055 2544//4055
f 2743//4056 2744//4056 2742//4056
f 2743//4057 2742//4057 2741//4057
f 2745//4058 2746//4058 2744//4058
f 2745//4059 2744//4059 2743//4059
f 2747//4060 2748//4060 2746//4060
f 2747//4061 2746//4061 2745//4061
f 2749//4062 2748//4062 2747//4062
f 2749//4063 2750//4063 2748//4063
f 2582//4064 2542//4064 2543//4064
f 2582//4065 2543//4065 2750//4065
f 2582//4066 2750//4066 2749//4066
f 1097//4067 2736//4067 2505//4067
f 1097//4068 2679//4068 2736//4068
f 1097//4069 2678//4069 2679//4069
f 1097//4070 2751//4070 2678//4070
f 1097//4071 2752//4071 2751//4071
f 1097//4072 2753//4072 2752//4072
f 1097//4073 2754//4073 2753//4073
f 1097//4074 2755//4074 2754//4074
f 1097//4075 2677//4075 2755//4075
f 1097//4076 2756//4076 2677//4076
f 1097//4077 2676//4077 2756//4077
f 2675//4078 2676//4078 1097//4078
f 2583//4079 2757//4079 2542//4079
f 2583//4080 2542//4080 2582//4080
f 2674//4081 2675//4081 1097//4081
f 2584//4082 2758//4082 2757//4082
f 2584//4083 2757//4083 2583//4083
f 2673//4084 2674//4084 1097//4084
f 2585//4085 2759//4085 2758//4085
f 2585//4086 2758//4086 2584//4086
f 2672//4087 2673//4087 1097//4087
f 2586//4088 2760//4088 2759//4088
f 2586//4089 2759//4089 2585//4089
f 2671//4090 2672//4090 1097//4090
f 2761//4091 2541//4091 2760//4091
f 2761//4092 2760//4092 2586//4092
f 2670//4093 2671//4093 1097//4093
f 2762//4094 2540//4094 2541//4094
f 2762//4095 2541//4095 2761//4095
f 2763//4096 2670//4096 1097//4096
f 2764//4097 2765//4097 2540//4097
f 2764//4098 2540//4098 2762//4098
f 2766//4099 2763//4099 1097//4099
f 2767//4100 2765//4100 2764//4100
f 2767//4101 2768//4101 2765//4101
f 2669//4102 2766//4102 1097//4102
f 2769//4103 2768//4103 2767//4103
f 2769//4104 2770//4104 2768//4104
f 2771//4105 2669//4105 1097//4105
f 2772//4106 2770//4106 2769//4106
f 2772//4107 2539//4107 2770//4107
f 2773//4108 2771//4108 1097//4108
f 2774//4109 2539//4109 2772//4109
f 2774//4110 2538//4110 2539//4110
f 2668//4111 2773//4111 1097//4111
f 2775//4112 2538//4112 2774//4112
f 2775//4113 2537//4113 2538//4113
f 2667//4114 2668//4114 1097//4114
f 2587//4115 2537//4115 2775//4115
f 2587//4116 2536//4116 2537//4116
f 2666//4117 2667//4117 1097//4117
f 2776//4118 2536//4118 2587//4118
f 2776//4119 2535//4119 2536//4119
f 2777//4120 2666//4120 1097//4120
f 2778//4121 2535//4121 2776//4121
f 2778//4122 2779//4122 2535//4122
f 2665//4123 2777//4123 1097//4123
f 2780//4124 2534//4124 2779//4124
f 2780//4125 2779//4125 2778//4125
f 2664//4126 2665//4126 1097//4126
f 2781//4127 2534//4127 2780//4127
f 2781//4128 2782//4128 2534//4128
f 2783//4129 2664//4129 1097//4129
f 2784//4130 2782//4130 2781//4130
f 2533//4131 2782//4131 2784//4131
f 2785//4132 2783//4132 1097//4132
f 2588//4133 2533//4133 2784//4133
f 2663//4134 2785//4134 1097//4134
f 2532//4135 2588//4135 2786//4135
f 2532//4136 2533//4136 2588//4136
f 2662//4137 2663//4137 1097//4137
f 2661//4138 2662//4138 1097//4138
f 2787//4139 2786//4139 2788//4139
f 2787//4140 2532//4140 2786//4140
f 2789//4141 2661//4141 1097//4141
f 2790//4142 2788//4142 2791//4142
f 2790//4143 2787//4143 2788//4143
f 2660//4144 2789//4144 1097//4144
f 2659//4145 2660//4145 1097//4145
f 2531//4146 2791//4146 2589//4146
f 2531//4147 2790//4147 2791//4147
f 2792//4148 2659//4148 1097//4148
f 2793//4149 2792//4149 1097//4149
f 2530//4150 2589//4150 2590//4150
f 2530//4151 2531//4151 2589//4151
f 2529//4152 2590//4152 2794//4152
f 2529//4153 2530//4153 2590//4153
f 2528//4154 2794//4154 2591//4154
f 2528//4155 2529//4155 2794//4155
f 2795//4156 2591//4156 2796//4156
f 2795//4157 2528//4157 2591//4157
f 2527//4158 2795//4158 2796//4158
f 2527//4159 2796//4159 2797//4159
f 2526//4160 2797//4160 2592//4160
f 2526//4161 2527//4161 2797//4161
f 2798//4162 2592//4162 2799//4162
f 2798//4163 2526//4163 2592//4163
f 2525//4164 2799//4164 2800//4164
f 2525//4165 2798//4165 2799//4165
f 2524//4166 2800//4166 2593//4166
f 2524//4167 2525//4167 2800//4167
f 2523//4168 2593//4168 2594//4168
f 2523//4169 2524//4169 2593//4169
f 2801//4170 2594//4170 2595//4170
f 2801//4171 2523//4171 2594//4171
f 2522//4172 2595//4172 2596//4172
f 2522//4173 2801//4173 2595//4173
f 2802//4174 2596//4174 2597//4174
f 2802//4175 2522//4175 2596//4175
f 2803//4176 2597//4176 2598//4176
f 2803//4177 2802//4177 2597//4177
f 2521//4178 2803//4178 2598//4178
f 2521//4179 2598//4179 2599//4179
f 2520//4180 2521//4180 2599//4180
f 2520//4181 2599//4181 2600//4181
f 2519//4182 2520//4182 2600//4182
f 2519//4183 2600//4183 2601//4183
f 2518//4184 2519//4184 2601//4184
f 2518//4185 2601//4185 2602//4185
f 2517//4186 2518//4186 2602//4186
f 2517//4187 2602//4187 2603//4187
f 2516//4188 2517//4188 2603//4188
f 2516//4189 2603//4189 2804//4189
f 2515//4190 2516//4190 2804//4190
f 2515//4191 2804//4191 2805//4191
f 2806//4192 2515//4192 2805//4192
f 2806//4193 2805//4193 2604//4193
f 2514//4194 2806//4194 2604//4194
f 2514//4195 2604//4195 2605//4195
f 2513//4196 2514//4196 2605//4196
f 2513//4197 2605//4197 2807//4197
f 2512//4198 2513//4198 2807//4198
f 2547//4199 2808//4199 2793//4199
f 2547//4200 2809//4200 2808//4200
f 2547//4201 2658//4201 2809//4201
f 2547//4202 2810//4202 2658//4202
f 2547//4203 2811//4203 2810//4203
f 2547//4204 2812//4204 2811//4204
f 2547//4205 2657//4205 2812//4205
f 2547//4206 2656//4206 2657//4206
f 2547//4207 2655//4207 2656//4207
f 2547//4208 2654//4208 2655//4208
f 2547//4209 2653//4209 2654//4209
f 2547//4210 2652//4210 2653//4210
f 2547//4211 2651//4211 2652//4211
f 2547//4212 2813//4212 2651//4212
f 2547//4213 2650//4213 2813//4213
f 2547//4214 2814//4214 2650//4214
f 2547//4215 2815//4215 2814//4215
f 2547//4216 2649//4216 2815//4216
f 2547//4217 2648//4217 2649//4217
f 2547//4218 2647//4218 2648//4218
f 2547//4219 2646//4219 2647//4219
f 2547//4220 2793//4220 1097//4220
f 2816//4221 2512//4221 2807//4221
f 2816//4222 2807//4222 2606//4222
f 2579//4223 2816//4223 2606//4223
f 2579//4224 2606//4224 2607//4224
f 2817//4225 2645//4225 2646//4225
f 2817//4226 2646//4226 2547//4226
f 2578//4227 2579//4227 2607//4227
f 2578//4228 2607//4228 2608//4228
f 2818//4229 2644//4229 2645//4229
f 2818//4230 2645//4230 2817//4230
f 2577//4231 2578//4231 2608//4231
f 2577//4232 2608//4232 2819//4232
f 2548//4233 2820//4233 2644//4233
f 2548//4234 2644//4234 2818//4234
f 2821//4235 2577//4235 2819//4235
f 2821//4236 2819//4236 2609//4236
f 2822//4237 2820//4237 2548//4237
f 2822//4238 2643//4238 2820//4238
f 2823//4239 2821//4239 2609//4239
f 2823//4240 2609//4240 2824//4240
f 2549//4241 2642//4241 2643//4241
f 2549//4242 2643//4242 2822//4242
f 2576//4243 2823//4243 2824//4243
f 2576//4244 2824//4244 2610//4244
f 2825//4245 2826//4245 2642//4245
f 2825//4246 2642//4246 2549//4246
f 2575//4247 2576//4247 2610//4247
f 2575//4248 2610//4248 2611//4248
f 2550//4249 2641//4249 2826//4249
f 2550//4250 2826//4250 2825//4250
f 2574//4251 2575//4251 2611//4251
f 2574//4252 2611//4252 2612//4252
f 2551//4253 2827//4253 2641//4253
f 2551//4254 2641//4254 2550//4254
f 2573//4255 2574//4255 2612//4255
f 2573//4256 2612//4256 2613//4256
f 2552//4257 2827//4257 2551//4257
f 2552//4258 2828//4258 2827//4258
f 2572//4259 2573//4259 2613//4259
f 2572//4260 2613//4260 2614//4260
f 2553//4261 2828//4261 2552//4261
f 2553//4262 2829//4262 2828//4262
f 2571//4263 2572//4263 2614//4263
f 2571//4264 2614//4264 2615//4264
f 2554//4265 2830//4265 2829//4265
f 2554//4266 2829//4266 2553//4266
f 2831//4267 2571//4267 2615//4267
f 2831//4268 2615//4268 2616//4268
f 2832//4269 2640//4269 2830//4269
f 2832//4270 2830//4270 2554//4270
f 2570//4271 2831//4271 2616//4271
f 2570//4272 2616//4272 2617//4272
f 2833//4273 2639//4273 2640//4273
f 2833//4274 2640//4274 2832//4274
f 2569//4275 2617//4275 2834//4275
f 2569//4276 2570//4276 2617//4276
f 2835//4277 2836//4277 2639//4277
f 2835//4278 2639//4278 2833//4278
f 2837//4279 2834//4279 2838//4279
f 2837//4280 2569//4280 2834//4280
f 2555//4281 2638//4281 2836//4281
f 2555//4282 2836//4282 2835//4282
f 2839//4283 2838//4283 2840//4283
f 2839//4284 2837//4284 2838//4284
f 2841//4285 2637//4285 2638//4285
f 2841//4286 2638//4286 2555//4286
f 2568//4287 2840//4287 2618//4287
f 2568//4288 2839//4288 2840//4288
f 2842//4289 2637//4289 2841//4289
f 2842//4290 2636//4290 2637//4290
f 2567//4291 2618//4291 2619//4291
f 2567//4292 2568//4292 2618//4292
f 2556//4293 2635//4293 2636//4293
f 2556//4294 2636//4294 2842//4294
f 2566//4295 2619//4295 2620//4295
f 2566//4296 2567//4296 2619//4296
f 2557//4297 2634//4297 2635//4297
f 2557//4298 2635//4298 2556//4298
f 2843//4299 2566//4299 2620//4299
f 2843//4300 2620//4300 2621//4300
f 2558//4301 2633//4301 2634//4301
f 2558//4302 2634//4302 2557//4302
f 2844//4303 2843//4303 2621//4303
f 2844//4304 2621//4304 2622//4304
f 2845//4305 2633//4305 2558//4305
f 2845//4306 2632//4306 2633//4306
f 2846//4307 2844//4307 2622//4307
f 2846//4308 2622//4308 2847//4308
f 2559//4309 2632//4309 2845//4309
f 2559//4310 2848//4310 2632//4310
f 2849//4311 2846//4311 2847//4311
f 2850//4312 2848//4312 2559//4312
f 2850//4313 2631//4313 2848//4313
f 2565//4314 2849//4314 2847//4314
f 2565//4315 2847//4315 2851//4315
f 2560//4316 2631//4316 2850//4316
f 2560//4317 2630//4317 2631//4317
f 2564//4318 2565//4318 2851//4318
f 2564//4319 2851//4319 2852//4319
f 2853//4320 2630//4320 2560//4320
f 2853//4321 2629//4321 2630//4321
f 2854//4322 2564//4322 2852//4322
f 2854//4323 2852//4323 2623//4323
f 2855//4324 2629//4324 2853//4324
f 2855//4325 2628//4325 2629//4325
f 2563//4326 2854//4326 2623//4326
f 2563//4327 2623//4327 2624//4327
f 2856//4328 2628//4328 2855//4328
f 2856//4329 2627//4329 2628//4329
f 2562//4330 2563//4330 2624//4330
f 2562//4331 2624//4331 2625//4331
f 2857//4332 2627//4332 2856//4332
f 2857//4333 2626//4333 2627//4333
f 2561//4334 2626//4334 2857//4334
f 2561//4335 2562//4335 2625//4335
f 2561//4336 2625//4336 2626//4336
f 1447//4337 2858//4337 2859//4337
f 2859//4338 2860//4338 1447//4338
f 1447//4339 2861//4339 2858//4339
f 2860//4340 2862//4340 1447//4340
f 1447//4341 2863//4341 2861//4341
f 2862//4342 2864//4342 1447//4342
f 1447//4343 2865//4343 2863//4343
f 2864//4344 2866//4344 1447//4344
f 1447//4345 2867//4345 2865//4345
f 2866//4346 2868//4346 1447//4346
f 1447//4347 2869//4347 2867//4347
f 2868//4348 2870//4348 1447//4348
f 1447//4349 2871//4349 2869//4349
f 2870//4350 2872//4350 1447//4350
f 1447//4351 2873//4351 2871//4351
f 2872//4352 2874//4352 1447//4352
f 1448//4353 2875//4353 1447//4353
f 1447//4354 2875//4354 2873//4354
f 2874//4355 2876//4355 1447//4355
f 1448//4356 2877//4356 2875//4356
f 2876//4357 2878//4357 1447//4357
f 1448//4358 2879//4358 2877//4358
f 2878//4359 2880//4359 1447//4359
f 1448//4360 2881//4360 2879//4360
f 2880//4361 2882//4361 1447//4361
f 1448//4362 2883//4362 2881//4362
f 2882//4363 2884//4363 1447//4363
f 1448//4364 2885//4364 2883//4364
f 2884//4365 2886//4365 1447//4365
f 1448//4366 2887//4366 2885//4366
f 2886//4367 2888//4367 1447//4367
f 1448//4368 2889//4368 2887//4368
f 2888//4369 2890//4369 1447//4369
f 1448//4370 2891//4370 2889//4370
f 2890//4371 2892//4371 1447//4371
f 1448//4372 2893//4372 2891//4372
f 2892//4373 2894//4373 1447//4373
f 1448//4374 2895//4374 2893//4374
f 2894//4375 2896//4375 1447//4375
f 1448//4376 2897//4376 2895//4376
f 2896//4377 2898//4377 1447//4377
f 1448//4378 2899//4378 2897//4378
f 2898//4379 2900//4379 1447//4379
f 1448//4380 2901//4380 2899//4380
f 2900//4381 2902//4381 1447//4381
f 1448//4382 2903//4382 2901//4382
f 2902//4383 2904//4383 1447//4383
f 1448//4384 2905//4384 2903//4384
f 2904//4385 2906//4385 1447//4385
f 1448//4386 2907//4386 2905//4386
f 2906//4387 2908//4387 1447//4387
f 1448//4388 2909//4388 2907//4388
f 2908//4389 2910//4389 1447//4389
f 1448//4390 2911//4390 2909//4390
f 2910//4391 2912//4391 1447//4391
f 1448//4392 2913//4392 2911//4392
f 2912//4393 2914//4393 1447//4393
f 1448//4394 2915//4394 2913//4394
f 2916//4395 2917//4395 1448//4395
f 1448//4396 2917//4396 2915//4396
f 2918//4397 2919//4397 2916//4397
f 2916//4398 2919//4398 2917//4398
f 2920//4399 2921//4399 2918//4399
f 2918//4400 2921//4400 2919//4400
f 2922//4401 2923//4401 2920//4401
f 2920//4402 2923//4402 2921//4402
f 2924//4403 2925//4403 2922//4403
f 2922//4404 2925//4404 2923//4404
f 2924//4405 2926//4405 2925//4405
f 2927//4406 2926//4406 2924//4406
f 2928//4407 2929//4407 2927//4407
f 2927//4408 2929//4408 2926//4408
f 2928//4409 2930//4409 2929//4409
f 2931//4410 2930//4410 2928//4410
f 2932//4411 2933//4411 2931//4411
f 2931//4412 2933//4412 2930//4412
f 2934//4413 2935//4413 2936//4413
f 2936//4414 2935//4414 2932//4414
f 2932//4415 2935//4415 2933//4415
f 2937//4416 1100//4416 2914//4416
f 2938//4417 1100//4417 2937//4417
f 2939//4418 1100//4418 2938//4418
f 2940//4419 1100//4419 2939//4419
f 2914//4420 1100//4420 1447//4420
f 2941//4421 1100//4421 2940//4421
f 2942//4422 1100//4422 2941//4422
f 2943//4423 1100//4423 2942//4423
f 2944//4424 1100//4424 2943//4424
f 2945//4425 1100//4425 2944//4425
f 2946//4426 1100//4426 2945//4426
f 2946//4427 2947//4427 1100//4427
f 2948//4428 2949//4428 2934//4428
f 2934//4429 2949//4429 2935//4429
f 2947//4430 2950//4430 1100//4430
f 2951//4431 2952//4431 2948//4431
f 2948//4432 2952//4432 2949//4432
f 2950//4433 2953//4433 1100//4433
f 2954//4434 2955//4434 2951//4434
f 2951//4435 2955//4435 2952//4435
f 2953//4436 2956//4436 1100//4436
f 2957//4437 2958//4437 2954//4437
f 2954//4438 2958//4438 2955//4438
f 2956//4439 2959//4439 1100//4439
f 2960//4440 2961//4440 2957//4440
f 2957//4441 2961//4441 2958//4441
f 2959//4442 2962//4442 1100//4442
f 2963//4443 2964//4443 2960//4443
f 2960//4444 2964//4444 2961//4444
f 2962//4445 2965//4445 1100//4445
f 2966//4446 2967//4446 2963//4446
f 2963//4447 2967//4447 2964//4447
f 2965//4448 2968//4448 1100//4448
f 2966//4449 2969//4449 2967//4449
f 2970//4450 2969//4450 2966//4450
f 2968//4451 2971//4451 1100//4451
f 2970//4452 2972//4452 2969//4452
f 2973//4453 2972//4453 2970//4453
f 2971//4454 2974//4454 1100//4454
f 2973//4455 2975//4455 2972//4455
f 2976//4456 2975//4456 2973//4456
f 2974//4457 2977//4457 1100//4457
f 2976//4458 2978//4458 2975//4458
f 2979//4459 2978//4459 2976//4459
f 2977//4460 2980//4460 1100//4460
f 2979//4461 2981//4461 2978//4461
f 2982//4462 2981//4462 2979//4462
f 2980//4463 2983//4463 1100//4463
f 2982//4464 2984//4464 2981//4464
f 2985//4465 2984//4465 2982//4465
f 2983//4466 2986//4466 1100//4466
f 2985//4467 2987//4467 2984//4467
f 2988//4468 2987//4468 2985//4468
f 2986//4469 2989//4469 1100//4469
f 2988//4470 2990//4470 2987//4470
f 2991//4471 2990//4471 2988//4471
f 2989//4472 2992//4472 1100//4472
f 2991//4473 2993//4473 2990//4473
f 2994//4474 2993//4474 2991//4474
f 2992//4475 2995//4475 1100//4475
f 2994//4476 2996//4476 2993//4476
f 2997//4477 2996//4477 2994//4477
f 2995//4478 2998//4478 1100//4478
f 2997//4479 2999//4479 2996//4479
f 2997//4480 3000//4480 2999//4480
f 2998//4481 3001//4481 1100//4481
f 3000//4482 3002//4482 2999//4482
f 3001//4483 3003//4483 1100//4483
f 3002//4484 3004//4484 3005//4484
f 3000//4485 3004//4485 3002//4485
f 3003//4486 3006//4486 1100//4486
f 3006//4487 3007//4487 1100//4487
f 3005//4488 3008//4488 3009//4488
f 3004//4489 3008//4489 3005//4489
f 3007//4490 3010//4490 1100//4490
f 3009//4491 3011//4491 3012//4491
f 3008//4492 3011//4492 3009//4492
f 3010//4493 3013//4493 1100//4493
f 3013//4494 3014//4494 1100//4494
f 3012//4495 3015//4495 3016//4495
f 3011//4496 3015//4496 3012//4496
f 3014//4497 3017//4497 1100//4497
f 3017//4498 3018//4498 1100//4498
f 3016//4499 3019//4499 3020//4499
f 3015//4500 3019//4500 3016//4500
f 3020//4501 3021//4501 3022//4501
f 3019//4502 3021//4502 3020//4502
f 3022//4503 3023//4503 3024//4503
f 3021//4504 3023//4504 3022//4504
f 3024//4505 3025//4505 3026//4505
f 3023//4506 3025//4506 3024//4506
f 3025//4507 3027//4507 3026//4507
f 3026//4508 3027//4508 3028//4508
f 3028//4509 3029//4509 3030//4509
f 3027//4510 3029//4510 3028//4510
f 3030//4511 3031//4511 3032//4511
f 3029//4512 3031//4512 3030//4512
f 3032//4513 3033//4513 3034//4513
f 3031//4514 3033//4514 3032//4514
f 3034//4515 3035//4515 3036//4515
f 3033//4516 3035//4516 3034//4516
f 3036//4517 3037//4517 3038//4517
f 3035//4518 3037//4518 3036//4518
f 3038//4519 3039//4519 3040//4519
f 3037//4520 3039//4520 3038//4520
f 3040//4521 3041//4521 3042//4521
f 3039//4522 3041//4522 3040//4522
f 3042//4523 3043//4523 3044//4523
f 3041//4524 3043//4524 3042//4524
f 3044//4525 3045//4525 3046//4525
f 3043//4526 3045//4526 3044//4526
f 3045//4527 3047//4527 3046//4527
f 3046//4528 3047//4528 3048//4528
f 3047//4529 3049//4529 3048//4529
f 3048//4530 3049//4530 3050//4530
f 3049//4531 3051//4531 3050//4531
f 3050//4532 3051//4532 3052//4532
f 3051//4533 3053//4533 3052//4533
f 3052//4534 3053//4534 3054//4534
f 3053//4535 3055//4535 3054//4535
f 3054//4536 3055//4536 3056//4536
f 3055//4537 3057//4537 3056//4537
f 3056//4538 3057//4538 3058//4538
f 3057//4539 3059//4539 3058//4539
f 3058//4540 3059//4540 3060//4540
f 3059//4541 3061//4541 3060//4541
f 3060//4542 3061//4542 3062//4542
f 3061//4543 3063//4543 3062//4543
f 3062//4544 3063//4544 3064//4544
f 3063//4545 3065//4545 3064//4545
f 3064//4546 3065//4546 3066//4546
f 3065//4547 3067//4547 3066//4547
f 3068//4548 1098//4548 3018//4548
f 3069//4549 1098//4549 3068//4549
f 3070//4550 1098//4550 3069//4550
f 3071//4551 1098//4551 3070//4551
f 3072//4552 1098//4552 3071//4552
f 3073//4553 1098//4553 3072//4553
f 3074//4554 1098//4554 3073//4554
f 3075//4555 1098//4555 3074//4555
f 3076//4556 1098//4556 3075//4556
f 3077//4557 1098//4557 3076//4557
f 3078//4558 1098//4558 3077//4558
f 3079//4559 1098//4559 3078//4559
f 3080//4560 1098//4560 3079//4560
f 3081//4561 1098//4561 3080//4561
f 3082//4562 1098//4562 3081//4562
f 3083//4563 1098//4563 3082//4563
f 3084//4564 1098//4564 3083//4564
f 3085//4565 1098//4565 3084//4565
f 3086//4566 1098//4566 3085//4566
f 3087//4567 1098//4567 3086//4567
f 3088//4568 1098//4568 3087//4568
f 3018//4569 1098//4569 1100//4569
f 3067//4570 3089//4570 3066//4570
f 3066//4571 3089//4571 3090//4571
f 3089//4572 3091//4572 3090//4572
f 3090//4573 3091//4573 3092//4573
f 3088//4574 3093//4574 1098//4574
f 3094//4575 3093//4575 3088//4575
f 3091//4576 3095//4576 3092//4576
f 3092//4577 3095//4577 3096//4577
f 3097//4578 3098//4578 3094//4578
f 3094//4579 3098//4579 3093//4579
f 3095//4580 3099//4580 3096//4580
f 3096//4581 3099//4581 3100//4581
f 3097//4582 3101//4582 3098//4582
f 3102//4583 3101//4583 3097//4583
f 3099//4584 3103//4584 3100//4584
f 3100//4585 3103//4585 3104//4585
f 3102//4586 3105//4586 3101//4586
f 3106//4587 3105//4587 3102//4587
f 3103//4588 3107//4588 3104//4588
f 3104//4589 3107//4589 3108//4589
f 3109//4590 3110//4590 3106//4590
f 3106//4591 3110//4591 3105//4591
f 3107//4592 3111//4592 3108//4592
f 3108//4593 3111//4593 3112//4593
f 3113//4594 3114//4594 3109//4594
f 3109//4595 3114//4595 3110//4595
f 3111//4596 3115//4596 3112//4596
f 3112//4597 3115//4597 3116//4597
f 3117//4598 3118//4598 3113//4598
f 3113//4599 3118//4599 3114//4599
f 3115//4600 3119//4600 3116//4600
f 3116//4601 3119//4601 3120//4601
f 3117//4602 3121//4602 3118//4602
f 3122//4603 3121//4603 3117//4603
f 3119//4604 3123//4604 3120//4604
f 3120//4605 3123//4605 3124//4605
f 3122//4606 3125//4606 3121//4606
f 3126//4607 3125//4607 3122//4607
f 3123//4608 3127//4608 3124//4608
f 3124//4609 3127//4609 3128//4609
f 3129//4610 3130//4610 3126//4610
f 3126//4611 3130//4611 3125//4611
f 3127//4612 3131//4612 3128//4612
f 3128//4613 3131//4613 3132//4613
f 3129//4614 3133//4614 3130//4614
f 3134//4615 3133//4615 3129//4615
f 3131//4616 3135//4616 3132//4616
f 3132//4617 3135//4617 3136//4617
f 3134//4618 3137//4618 3133//4618
f 3138//4619 3137//4619 3134//4619
f 3135//4620 3139//4620 3136//4620
f 3136//4621 3139//4621 3140//4621
f 3141//4622 3142//4622 3138//4622
f 3138//4623 3142//4623 3137//4623
f 3140//4624 3143//4624 3144//4624
f 3139//4625 3143//4625 3140//4625
f 3145//4626 3146//4626 3141//4626
f 3141//4627 3146//4627 3142//4627
f 3144//4628 3147//4628 3148//4628
f 3143//4629 3147//4629 3144//4629
f 3149//4630 3150//4630 3145//4630
f 3145//4631 3150//4631 3146//4631
f 3148//4632 3151//4632 3152//4632
f 3147//4633 3151//4633 3148//4633
f 3153//4634 3154//4634 3149//4634
f 3149//4635 3154//4635 3150//4635
f 3152//4636 3155//4636 3156//4636
f 3151//4637 3155//4637 3152//4637
f 3153//4638 3157//4638 3154//4638
f 3158//4639 3157//4639 3153//4639
f 3156//4640 3159//4640 3160//4640
f 3155//4641 3159//4641 3156//4641
f 3158//4642 3161//4642 3157//4642
f 3162//4643 3161//4643 3158//4643
f 3160//4644 3163//4644 3164//4644
f 3159//4645 3163//4645 3160//4645
f 3165//4646 3166//4646 3162//4646
f 3162//4647 3166//4647 3161//4647
f 3163//4648 3167//4648 3164//4648
f 3164//4649 3167//4649 3168//4649
f 3169//4650 3170//4650 3165//4650
f 3165//4651 3170//4651 3166//4651
f 3167//4652 3171//4652 3168//4652
f 3168//4653 3171//4653 3172//4653
f 3169//4654 3173//4654 3170//4654
f 3174//4655 3173//4655 3169//4655
f 3171//4656 3175//4656 3172//4656
f 3172//4657 3175//4657 3176//4657
f 3174//4658 3177//4658 3173//4658
f 3178//4659 3177//4659 3174//4659
f 3175//4660 3179//4660 3176//4660
f 3180//4661 3181//4661 3178//4661
f 3178//4662 3181//4662 3177//4662
f 3179//4663 3182//4663 3176//4663
f 3176//4664 3182//4664 3183//4664
f 3180//4665 3184//4665 3181//4665
f 3185//4666 3184//4666 3180//4666
f 3182//4667 3186//4667 3183//4667
f 3183//4668 3186//4668 3187//4668
f 3185//4669 3188//4669 3184//4669
f 3189//4670 3188//4670 3185//4670
f 3186//4671 3190//4671 3187//4671
f 3187//4672 3190//4672 3191//4672
f 3189//4673 3192//4673 3188//4673
f 3193//4674 3192//4674 3189//4674
f 3190//4675 3194//4675 3191//4675
f 3191//4676 3194//4676 3195//4676
f 3193//4677 3196//4677 3192//4677
f 3197//4678 3196//4678 3193//4678
f 3194//4679 3198//4679 3195//4679
f 3195//4680 3198//4680 3199//4680
f 3197//4681 3200//4681 3196//4681
f 3201//4682 3200//4682 3197//4682
f 3198//4683 3202//4683 3199//4683
f 3201//4684 3202//4684 3200//4684
f 3199//4685 3202//4685 3201//4685
f 1212//4686 1098//4686 3093//4686
f 1212//4687 1099//4687 1098//4687
f 1208//4688 3093//4688 3098//4688
f 1208//4689 1212//4689 3093//4689
f 1204//4690 3098//4690 3101//4690
f 1204//4691 1208//4691 3098//4691
f 1200//4692 3101//4692 3105//4692
f 1200//4693 1204//4693 3101//4693
f 1196//4694 3105//4694 3110//4694
f 1196//4695 3110//4695 3114//4695
f 1196//4696 1200//4696 3105//4696
f 1192//4697 1196//4697 3114//4697
f 1188//4698 3114//4698 3118//4698
f 1188//4699 3118//4699 3121//4699
f 1188//4700 1192//4700 3114//4700
f 1184//4701 1188//4701 3121//4701
f 1180//4702 3121//4702 3125//4702
f 1180//4703 1184//4703 3121//4703
f 1176//4704 3125//4704 3130//4704
f 1176//4705 3130//4705 3133//4705
f 1176//4706 1180//4706 3125//4706
f 1172//4707 1176//4707 3133//4707
f 1168//4708 3133//4708 3137//4708
f 1168//4709 1172//4709 3133//4709
f 1164//4710 3137//4710 3142//4710
f 1164//4711 1168//4711 3137//4711
f 1160//4712 3142//4712 3146//4712
f 1160//4713 3146//4713 3150//4713
f 1160//4714 1164//4714 3142//4714
f 1156//4715 1160//4715 3150//4715
f 1152//4716 3150//4716 3154//4716
f 1152//4717 3154//4717 3157//4717
f 1152//4718 1156//4718 3150//4718
f 1148//4719 1152//4719 3157//4719
f 1144//4720 3157//4720 3161//4720
f 1144//4721 1148//4721 3157//4721
f 1140//4722 3161//4722 3166//4722
f 1140//4723 1144//4723 3161//4723
f 1136//4724 3166//4724 3170//4724
f 1136//4725 3170//4725 3173//4725
f 1136//4726 1140//4726 3166//4726
f 1132//4727 1136//4727 3173//4727
f 1128//4728 1132//4728 3173//4728
f 1128//4729 3173//4729 3177//4729
f 1128//4730 3177//4730 3181//4730
f 1124//4731 1128//4731 3181//4731
f 1120//4732 1124//4732 3181//4732
f 1120//4733 3181//4733 3184//4733
f 1116//4734 1120//4734 3184//4734
f 1116//4735 3184//4735 3188//4735
f 1110//4736 3188//4736 3192//4736
f 1110//4737 1116//4737 3188//4737
f 1108//4738 3192//4738 3196//4738
f 1108//4739 1110//4739 3192//4739
f 1102//4740 3196//4740 3200//4740
f 1102//4741 3200//4741 3202//4741
f 1102//4742 1108//4742 3196//4742
f 1103//4743 1102//4743 3202//4743
f 1104//4744 3202//4744 3198//4744
f 1104//4745 1103//4745 3202//4745
f 1106//4746 3198//4746 3194//4746
f 1106//4747 3194//4747 3190//4747
f 1106//4748 1104//4748 3198//4748
f 1112//4749 1106//4749 3190//4749
f 1114//4750 3190//4750 3186//4750
f 1114//4751 1112//4751 3190//4751
f 1118//4752 3186//4752 3182//4752
f 1118//4753 1114//4753 3186//4753
f 1122//4754 3182//4754 3179//4754
f 1122//4755 3179//4755 3175//4755
f 1122//4756 1118//4756 3182//4756
f 1126//4757 1122//4757 3175//4757
f 1130//4758 3175//4758 3171//4758
f 1130//4759 1126//4759 3175//4759
f 1134//4760 3171//4760 3167//4760
f 1134//4761 1130//4761 3171//4761
f 1138//4762 3167//4762 3163//4762
f 1138//4763 3163//4763 3159//4763
f 1138//4764 1134//4764 3167//4764
f 1142//4765 1138//4765 3159//4765
f 1146//4766 3159//4766 3155//4766
f 1146//4767 1142//4767 3159//4767
f 1150//4768 3155//4768 3151//4768
f 1150//4769 1146//4769 3155//4769
f 1154//4770 3151//4770 3147//4770
f 1154//4771 3147//4771 3143//4771
f 1154//4772 1150//4772 3151//4772
f 1158//4773 3143//4773 3139//4773
f 1158//4774 1154//4774 3143//4774
f 1162//4775 1158//4775 3139//4775
f 1162//4776 3139//4776 3135//4776
f 1166//4777 1162//4777 3135//4777
f 1170//4778 1166//4778 3135//4778
f 1170//4779 3135//4779 3131//4779
f 1170//4780 3131//4780 3127//4780
f 1174//4781 1170//4781 3127//4781
f 1178//4782 1174//4782 3127//4782
f 1178//4783 3127//4783 3123//4783
f 1178//4784 3123//4784 3119//4784
f 1182//4785 1178//4785 3119//4785
f 1182//4786 3119//4786 3115//4786
f 1186//4787 1182//4787 3115//4787
f 1190//4788 1186//4788 3115//4788
f 1190//4789 3115//4789 3111//4789
f 1194//4790 1190//4790 3111//4790
f 1194//4791 3111//4791 3107//4791
f 1198//4792 1194//4792 3107//4792
f 1198//4793 3107//4793 3103//4793
f 1202//4794 1198//4794 3103//4794
f 1202//4795 3103//4795 3099//4795
f 1202//4796 3099//4796 3095//4796
f 1206//4797 1202//4797 3095//4797
f 1210//4798 1206//4798 3095//4798
f 1210//4799 3095//4799 3091//4799
f 1214//4800 1210//4800 3091//4800
f 1214//4801 3091//4801 3089//4801
f 1217//4802 3067//4802 3065//4802
f 1218//4803 1217//4803 3065//4803
f 1221//4804 3065//4804 3063//4804
f 1221//4805 1218//4805 3065//4805
f 1224//4806 3063//4806 3061//4806
f 1224//4807 1221//4807 3063//4807
f 1227//4808 3061//4808 3059//4808
f 1227//4809 1224//4809 3061//4809
f 1230//4810 3059//4810 3057//4810
f 1230//4811 1227//4811 3059//4811
f 1233//4812 3057//4812 3055//4812
f 1233//4813 1230//4813 3057//4813
f 1236//4814 3055//4814 3053//4814
f 1236//4815 3053//4815 3051//4815
f 1236//4816 1233//4816 3055//4816
f 1239//4817 1236//4817 3051//4817
f 1242//4818 3051//4818 3049//4818
f 1242//4819 1239//4819 3051//4819
f 1245//4820 3049//4820 3047//4820
f 1245//4821 1242//4821 3049//4821
f 1248//4822 3047//4822 3045//4822
f 1248//4823 3045//4823 3043//4823
f 1248//4824 1245//4824 3047//4824
f 1251//4825 1248//4825 3043//4825
f 1254//4826 3043//4826 3041//4826
f 1254//4827 3041//4827 3039//4827
f 1254//4828 1251//4828 3043//4828
f 1257//4829 1254//4829 3039//4829
f 1260//4830 3039//4830 3037//4830
f 1260//4831 3037//4831 3035//4831
f 1260//4832 1257//4832 3039//4832
f 1263//4833 1260//4833 3035//4833
f 1266//4834 3035//4834 3033//4834
f 1266//4835 1263//4835 3035//4835
f 1269//4836 3033//4836 3031//4836
f 1269//4837 3031//4837 3029//4837
f 1269//4838 1266//4838 3033//4838
f 1272//4839 1269//4839 3029//4839
f 1275//4840 3029//4840 3027//4840
f 1275//4841 1272//4841 3029//4841
f 1278//4842 1275//4842 3027//4842
f 1278//4843 3027//4843 3025//4843
f 1281//4844 1278//4844 3025//4844
f 1281//4845 3025//4845 3023//4845
f 1281//4846 3023//4846 3021//4846
f 1284//4847 1281//4847 3021//4847
f 1287//4848 1284//4848 3021//4848
f 1287//4849 3021//4849 3019//4849
f 1290//4850 1287//4850 3019//4850
f 1290//4851 3019//4851 3015//4851
f 1293//4852 3015//4852 3011//4852
f 1293//4853 1290//4853 3015//4853
f 1296//4854 3011//4854 3008//4854
f 1296//4855 1293//4855 3011//4855
f 1299//4856 3008//4856 3004//4856
f 1299//4857 1296//4857 3008//4857
f 1303//4858 3004//4858 3000//4858
f 1303//4859 1299//4859 3004//4859
f 1306//4860 3000//4860 2997//4860
f 1306//4861 2997//4861 2994//4861
f 1306//4862 1303//4862 3000//4862
f 1310//4863 1306//4863 2994//4863
f 1314//4864 2994//4864 2991//4864
f 1314//4865 1310//4865 2994//4865
f 1317//4866 2991//4866 2988//4866
f 1317//4867 1314//4867 2991//4867
f 1321//4868 2988//4868 2985//4868
f 1321//4869 1317//4869 2988//4869
f 1325//4870 2985//4870 2982//4870
f 1325//4871 2982//4871 2979//4871
f 1325//4872 1321//4872 2985//4872
f 1328//4873 2979//4873 2976//4873
f 1328//4874 1325//4874 2979//4874
f 1332//4875 1328//4875 2976//4875
f 1336//4876 2976//4876 2973//4876
f 1336//4877 1332//4877 2976//4877
f 1340//4878 2973//4878 2970//4878
f 1340//4879 1336//4879 2973//4879
f 1342//4880 2970//4880 2966//4880
f 1342//4881 1340//4881 2970//4881
f 1344//4882 2966//4882 2963//4882
f 1344//4883 1342//4883 2966//4883
f 1346//4884 2963//4884 2960//4884
f 1346//4885 1344//4885 2963//4885
f 1348//4886 2960//4886 2957//4886
f 1348//4887 1346//4887 2960//4887
f 1350//4888 2957//4888 2954//4888
f 1350//4889 2954//4889 2951//4889
f 1350//4890 1348//4890 2957//4890
f 1352//4891 1350//4891 2951//4891
f 1354//4892 1352//4892 2951//4892
f 1354//4893 2951//4893 2948//4893
f 1354//4894 2948//4894 2934//4894
f 1356//4895 1354//4895 2934//4895
f 1357//4896 1356//4896 2934//4896
f 1357//4897 2934//4897 2936//4897
f 1359//4898 1357//4898 2936//4898
f 1359//4899 2936//4899 2932//4899
f 1361//4900 1359//4900 2932//4900
f 1361//4901 2932//4901 2931//4901
f 1363//4902 1361//4902 2931//4902
f 1363//4903 2931//4903 2928//4903
f 1363//4904 2928//4904 2927//4904
f 1365//4905 1363//4905 2927//4905
f 1365//4906 2927//4906 2924//4906
f 1367//4907 1365//4907 2924//4907
f 1369//4908 1367//4908 2924//4908
f 1369//4909 2924//4909 2922//4909
f 1369//4910 2922//4910 2920//4910
f 1371//4911 1369//4911 2920//4911
f 1373//4912 1371//4912 2920//4912
f 1373//4913 2920//4913 2918//4913
f 1373//4914 2918//4914 2916//4914
f 1375//4915 1373//4915 2916//4915
f 1377//4916 1375//4916 2916//4916
f 1377//4917 2916//4917 1448//4917
f 1214//4918 3089//4918 1217//4918
f 1217//4919 3089//4919 3067//4919
f 1382//4920 2915//4920 1376//4920
f 2915//4921 2917//4921 1376//4921
f 1376//4922 2917//4922 1374//4922
f 2917//4923 2919//4923 1374//4923
f 1374//4924 2919//4924 1372//4924
f 2919//4925 2921//4925 1372//4925
f 1372//4926 2921//4926 1370//4926
f 2921//4927 2923//4927 1370//4927
f 1370//4928 2923//4928 1368//4928
f 2923//4929 2925//4929 1368//4929
f 1368//4930 2925//4930 1366//4930
f 2925//4931 2926//4931 1366//4931
f 1366//4932 2926//4932 1364//4932
f 1364//4933 2929//4933 1362//4933
f 2926//4934 2929//4934 1364//4934
f 1362//4935 2930//4935 1360//4935
f 2929//4936 2930//4936 1362//4936
f 1360//4937 2933//4937 1358//4937
f 2930//4938 2933//4938 1360//4938
f 1358//4939 2935//4939 1355//4939
f 2933//4940 2935//4940 1358//4940
f 2935//4941 2949//4941 1355//4941
f 1355//4942 2949//4942 1353//4942
f 2949//4943 2952//4943 1353//4943
f 1353//4944 2952//4944 1351//4944
f 2952//4945 2955//4945 1351//4945
f 1351//4946 2955//4946 1349//4946
f 2955//4947 2958//4947 1349//4947
f 1349//4948 2958//4948 1347//4948
f 2958//4949 2961//4949 1347//4949
f 1347//4950 2961//4950 1345//4950
f 2961//4951 2964//4951 1345//4951
f 1345//4952 2964//4952 1343//4952
f 2964//4953 2967//4953 1343//4953
f 1343//4954 2967//4954 1341//4954
f 2967//4955 2969//4955 1341//4955
f 1341//4956 2969//4956 1337//4956
f 2969//4957 2972//4957 1337//4957
f 1337//4958 2972//4958 1333//4958
f 2972//4959 2975//4959 1333//4959
f 1333//4960 2975//4960 1329//4960
f 2975//4961 2978//4961 1329//4961
f 1329//4962 2978//4962 1326//4962
f 2978//4963 2981//4963 1326//4963
f 1326//4964 2981//4964 1322//4964
f 2981//4965 2984//4965 1322//4965
f 1322//4966 2984//4966 1318//4966
f 2984//4967 2987//4967 1318//4967
f 1318//4968 2987//4968 1315//4968
f 2987//4969 2990//4969 1315//4969
f 1315//4970 2990//4970 1311//4970
f 2990//4971 2993//4971 1311//4971
f 1311//4972 2993//4972 1307//4972
f 1307//4973 2996//4973 1304//4973
f 2993//4974 2996//4974 1307//4974
f 2996//4975 2999//4975 1304//4975
f 1304//4976 2999//4976 1301//4976
f 1301//4977 3002//4977 1298//4977
f 2999//4978 3002//4978 1301//4978
f 1298//4979 3005//4979 1295//4979
f 3002//4980 3005//4980 1298//4980
f 1295//4981 3009//4981 1292//4981
f 3005//4982 3009//4982 1295//4982
f 1292//4983 3012//4983 1289//4983
f 3009//4984 3012//4984 1292//4984
f 1289//4985 3016//4985 1286//4985
f 3012//4986 3016//4986 1289//4986
f 1286//4987 3020//4987 1283//4987
f 3016//4988 3020//4988 1286//4988
f 3020//4989 3022//4989 1283//4989
f 1283//4990 3022//4990 1280//4990
f 3022//4991 3024//4991 1280//4991
f 1280//4992 3024//4992 1277//4992
f 3024//4993 3026//4993 1277//4993
f 1277//4994 3026//4994 1274//4994
f 3026//4995 3028//4995 1274//4995
f 1274//4996 3028//4996 1271//4996
f 3028//4997 3030//4997 1271//4997
f 1271//4998 3030//4998 1268//4998
f 3030//4999 3032//4999 1268//4999
f 1268//5000 3032//5000 1265//5000
f 3032//5001 3034//5001 1265//5001
f 1265//5002 3034//5002 1262//5002
f 3034//5003 3036//5003 1262//5003
f 1262//5004 3036//5004 1259//5004
f 3036//5005 3038//5005 1259//5005
f 1259//5006 3038//5006 1256//5006
f 3038//5007 3040//5007 1256//5007
f 1256//5008 3040//5008 1253//5008
f 3040//5009 3042//5009 1253//5009
f 1253//5010 3042//5010 1250//5010
f 3042//5011 3044//5011 1250//5011
f 1250//5012 3044//5012 1247//5012
f 3044//5013 3046//5013 1247//5013
f 1247//5014 3046//5014 1244//5014
f 1244//5015 3048//5015 1241//5015
f 3046//5016 3048//5016 1244//5016
f 3048//5017 3050//5017 1241//5017
f 1241//5018 3050//5018 1238//5018
f 1238//5019 3052//5019 1235//5019
f 3050//5020 3052//5020 1238//5020
f 1235//5021 3054//5021 1232//5021
f 3052//5022 3054//5022 1235//5022
f 1232//5023 3056//5023 1229//5023
f 3054//5024 3056//5024 1232//5024
f 1229//5025 3058//5025 1226//5025
f 3056//5026 3058//5026 1229//5026
f 1226//5027 3060//5027 1223//5027
f 3058//5028 3060//5028 1226//5028
f 1223//5029 3062//5029 1220//5029
f 3060//5030 3062//5030 1223//5030
f 1220//5031 3064//5031 1216//5031
f 3062//5032 3064//5032 1220//5032
f 1216//5033 3066//5033 1213//5033
f 3064//5034 3066//5034 1216//5034
f 1213//5035 3090//5035 1209//5035
f 3066//5036 3090//5036 1213//5036
f 1209//5037 3092//5037 1205//5037
f 3090//5038 3092//5038 1209//5038
f 3092//5039 3096//5039 1205//5039
f 1205//5040 3096//5040 1201//5040
f 3096//5041 3100//5041 1201//5041
f 1201//5042 3100//5042 1197//5042
f 3100//5043 3104//5043 1197//5043
f 1197//5044 3104//5044 1193//5044
f 3104//5045 3108//5045 1193//5045
f 1193//5046 3108//5046 1189//5046
f 3108//5047 3112//5047 1189//5047
f 1189//5048 3112//5048 1185//5048
f 3112//5049 3116//5049 1185//5049
f 1185//5050 3116//5050 1181//5050
f 3116//5051 3120//5051 1181//5051
f 1181//5052 3120//5052 1177//5052
f 3120//5053 3124//5053 1177//5053
f 1177//5054 3124//5054 1173//5054
f 1173//5055 3128//5055 1169//5055
f 3124//5056 3128//5056 1173//5056
f 3128//5057 3132//5057 1169//5057
f 1169//5058 3132//5058 1165//5058
f 1165//5059 3136//5059 1161//5059
f 3132//5060 3136//5060 1165//5060
f 1161//5061 3140//5061 1157//5061
f 3136//5062 3140//5062 1161//5062
f 1157//5063 3144//5063 1153//5063
f 3140//5064 3144//5064 1157//5064
f 1153//5065 3148//5065 1149//5065
f 3144//5066 3148//5066 1153//5066
f 1149//5067 3152//5067 1145//5067
f 3148//5068 3152//5068 1149//5068
f 1145//5069 3156//5069 1141//5069
f 3152//5070 3156//5070 1145//5070
f 1141//5071 3160//5071 1137//5071
f 3156//5072 3160//5072 1141//5072
f 1137//5073 3164//5073 1133//5073
f 3160//5074 3164//5074 1137//5074
f 1133//5075 3168//5075 1129//5075
f 3164//5076 3168//5076 1133//5076
f 1129//5077 3172//5077 1125//5077
f 3168//5078 3172//5078 1129//5078
f 1125//5079 3176//5079 1121//5079
f 3172//5080 3176//5080 1125//5080
f 1121//5081 3183//5081 1117//5081
f 3176//5082 3183//5082 1121//5082
f 1117//5083 3187//5083 1113//5083
f 3183//5084 3187//5084 1117//5084
f 1113//5085 3191//5085 1111//5085
f 3187//5086 3191//5086 1113//5086
f 1111//5087 3195//5087 1105//5087
f 3191//5088 3195//5088 1111//5088
f 1105//5089 3199//5089 1101//5089
f 3195//5090 3199//5090 1105//5090
f 1101//5091 3201//5091 1107//5091
f 3199//5092 3201//5092 1101//5092
f 3201//5093 3197//5093 1107//5093
f 1107//5094 3197//5094 1109//5094
f 1109//5095 3193//5095 1115//5095
f 3197//5096 3193//5096 1109//5096
f 3193//5097 3189//5097 1115//5097
f 1115//5098 3189//5098 1119//5098
f 1119//5099 3185//5099 1123//5099
f 3189//5100 3185//5100 1119//5100
f 1123//5101 3180//5101 1127//5101
f 3185//5102 3180//5102 1123//5102
f 1127//5103 3178//5103 1131//5103
f 3180//5104 3178//5104 1127//5104
f 1131//5105 3174//5105 1135//5105
f 3178//5106 3174//5106 1131//5106
f 1135//5107 3169//5107 1139//5107
f 3174//5108 3169//5108 1135//5108
f 1139//5109 3165//5109 1143//5109
f 3169//5110 3165//5110 1139//5110
f 1143//5111 3162//5111 1147//5111
f 3165//5112 3162//5112 1143//5112
f 1147//5113 3158//5113 1151//5113
f 3162//5114 3158//5114 1147//5114
f 1151//5115 3153//5115 1155//5115
f 3158//5116 3153//5116 1151//5116
f 1155//5117 3149//5117 1159//5117
f 3153//5118 3149//5118 1155//5118
f 3149//5119 3145//5119 1159//5119
f 1159//5120 3145//5120 1163//5120
f 3145//5121 3141//5121 1163//5121
f 1163//5122 3141//5122 1167//5122
f 3141//5123 3138//5123 1167//5123
f 1167//5124 3138//5124 1171//5124
f 3138//5125 3134//5125 1171//5125
f 1171//5126 3134//5126 1175//5126
f 3134//5127 3129//5127 1175//5127
f 1175//5128 3129//5128 1179//5128
f 3129//5129 3126//5129 1179//5129
f 1179//5130 3126//5130 1183//5130
f 3126//5131 3122//5131 1183//5131
f 1183//5132 3122//5132 1187//5132
f 3122//5133 3117//5133 1187//5133
f 1187//5134 3117//5134 1191//5134
f 1191//5135 3113//5135 1195//5135
f 3117//5136 3113//5136 1191//5136
f 1195//5137 3109//5137 1199//5137
f 3113//5138 3109//5138 1195//5138
f 1199//5139 3106//5139 1203//5139
f 3109//5140 3106//5140 1199//5140
f 1203//5141 3102//5141 1207//5141
f 3106//5142 3102//5142 1203//5142
f 3102//5143 3097//5143 1207//5143
f 1207//5144 3097//5144 1211//5144
f 3097//5145 3094//5145 1211//5145
f 1211//5146 3094//5146 1215//5146
f 3094//5147 3088//5147 1215//5147
f 1215//5148 3088//5148 1219//5148
f 3088//5149 3087//5149 1219//5149
f 1219//5150 3087//5150 1222//5150
f 3087//5151 3086//5151 1222//5151
f 1222//5152 3086//5152 1225//5152
f 3086//5153 3085//5153 1225//5153
f 1225//5154 3085//5154 1228//5154
f 3085//5155 3084//5155 1228//5155
f 1228//5156 3084//5156 1231//5156
f 3084//5157 3083//5157 1231//5157
f 1231//5158 3083//5158 1234//5158
f 3083//5159 3082//5159 1234//5159
f 1234//5160 3082//5160 1237//5160
f 3082//5161 3081//5161 1237//5161
f 1237//5162 3081//5162 1240//5162
f 3081//5163 3080//5163 1240//5163
f 1240//5164 3080//5164 1243//5164
f 3080//5165 3079//5165 1243//5165
f 1243//5166 3079//5166 1246//5166
f 3079//5167 3078//5167 1246//5167
f 1246//5168 3078//5168 1249//5168
f 3078//5169 3077//5169 1249//5169
f 1249//5170 3077//5170 1252//5170
f 3077//5171 3076//5171 1252//5171
f 1252//5172 3076//5172 1255//5172
f 3076//5173 3075//5173 1255//5173
f 1255//5174 3075//5174 1258//5174
f 1258//5175 3074//5175 1261//5175
f 3075//5176 3074//5176 1258//5176
f 3074//5177 3073//5177 1261//5177
f 1261//5178 3073//5178 1264//5178
f 1264//5179 3072//5179 1267//5179
f 3073//5180 3072//5180 1264//5180
f 1267//5181 3071//5181 1270//5181
f 3072//5182 3071//5182 1267//5182
f 1270//5183 3070//5183 1273//5183
f 3071//5184 3070//5184 1270//5184
f 1273//5185 3069//5185 1276//5185
f 3070//5186 3069//5186 1273//5186
f 1276//5187 3068//5187 1279//5187
f 3069//5188 3068//5188 1276//5188
f 1279//5189 3018//5189 1282//5189
f 3068//5190 3018//5190 1279//5190
f 3018//5191 3017//5191 1282//5191
f 1282//5192 3017//5192 1285//5192
f 3017//5193 3014//5193 1285//5193
f 1285//5194 3014//5194 1288//5194
f 3014//5195 3013//5195 1288//5195
f 1288//5196 3013//5196 1291//5196
f 3013//5197 3010//5197 1291//5197
f 1291//5198 3010//5198 1294//5198
f 3010//5199 3007//5199 1294//5199
f 1294//5200 3007//5200 1297//5200
f 3007//5201 3006//5201 1297//5201
f 1297//5202 3006//5202 1300//5202
f 3006//5203 3003//5203 1300//5203
f 1300//5204 3003//5204 1302//5204
f 3003//5205 3001//5205 1302//5205
f 1302//5206 3001//5206 1305//5206
f 3001//5207 2998//5207 1305//5207
f 1305//5208 2998//5208 1308//5208
f 2998//5209 2995//5209 1308//5209
f 1308//5210 2995//5210 1309//5210
f 2995//5211 2992//5211 1309//5211
f 1309//5212 2992//5212 1312//5212
f 2992//5213 2989//5213 1312//5213
f 1312//5214 2989//5214 1313//5214
f 2989//5215 2986//5215 1313//5215
f 1313//5216 2986//5216 1316//5216
f 2986//5217 2983//5217 1316//5217
f 1316//5218 2983//5218 1319//5218
f 1319//5219 2980//5219 1320//5219
f 2983//5220 2980//5220 1319//5220
f 1320//5221 2977//5221 1323//5221
f 2980//5222 2977//5222 1320//5222
f 1323//5223 2974//5223 1324//5223
f 2977//5224 2974//5224 1323//5224
f 1324//5225 2971//5225 1327//5225
f 2974//5226 2971//5226 1324//5226
f 1327//5227 2968//5227 1330//5227
f 2971//5228 2968//5228 1327//5228
f 1330//5229 2965//5229 1331//5229
f 2968//5230 2965//5230 1330//5230
f 1331//5231 2962//5231 1334//5231
f 2965//5232 2962//5232 1331//5232
f 1334//5233 2959//5233 1335//5233
f 2962//5234 2959//5234 1334//5234
f 1335//5235 2956//5235 1338//5235
f 2959//5236 2956//5236 1335//5236
f 1338//5237 2953//5237 1339//5237
f 2956//5238 2953//5238 1338//5238
f 1339//5239 2950//5239 1446//5239
f 2953//5240 2950//5240 1339//5240
f 2950//5241 2947//5241 1446//5241
f 1446//5242 2947//5242 1445//5242
f 2947//5243 2946//5243 1445//5243
f 1445//5244 2946//5244 1444//5244
f 2946//5245 2945//5245 1444//5245
f 1444//5246 2945//5246 1443//5246
f 2945//5247 2944//5247 1443//5247
f 1443//5248 2944//5248 1442//5248
f 2944//5249 2943//5249 1442//5249
f 1442//5250 2943//5250 1441//5250
f 2943//5251 2942//5251 1441//5251
f 1441//5252 2942//5252 1440//5252
f 2942//5253 2941//5253 1440//5253
f 1440//5254 2941//5254 1439//5254
f 2941//5255 2940//5255 1439//5255
f 1439//5256 2940//5256 1438//5256
f 1438//5257 2939//5257 1437//5257
f 2940//5258 2939//5258 1438//5258
f 1437//5259 2938//5259 1436//5259
f 2939//5260 2938//5260 1437//5260
f 1436//5261 2937//5261 715//5261
f 2938//5262 2937//5262 1436//5262
f 2937//5263 2914//5263 715//5263
f 715//5264 2914//5264 1425//5264
f 2914//5265 2912//5265 1425//5265
f 1425//5266 2912//5266 1426//5266
f 1426//5267 2910//5267 1427//5267
f 2912//5268 2910//5268 1426//5268
f 1427//5269 2908//5269 1428//5269
f 2910//5270 2908//5270 1427//5270
f 1428//5271 2906//5271 1429//5271
f 2908//5272 2906//5272 1428//5272
f 1429//5273 2904//5273 1430//5273
f 2906//5274 2904//5274 1429//5274
f 1430//5275 2902//5275 1431//5275
f 2904//5276 2902//5276 1430//5276
f 1431//5277 2900//5277 1432//5277
f 2902//5278 2900//5278 1431//5278
f 1432//5279 2898//5279 1433//5279
f 2900//5280 2898//5280 1432//5280
f 1433//5281 2896//5281 1434//5281
f 2898//5282 2896//5282 1433//5282
f 1434//5283 2894//5283 1435//5283
f 2896//5284 2894//5284 1434//5284
f 1435//5285 2892//5285 1424//5285
f 2894//5286 2892//5286 1435//5286
f 1424//5287 2890//5287 1423//5287
f 2892//5288 2890//5288 1424//5288
f 1423//5289 2888//5289 1422//5289
f 2890//5290 2888//5290 1423//5290
f 1422//5291 2886//5291 1421//5291
f 2888//5292 2886//5292 1422//5292
f 2886//5293 2884//5293 1421//5293
f 1421//5294 2884//5294 1420//5294
f 2884//5295 2882//5295 1420//5295
f 1420//5296 2882//5296 1419//5296
f 2882//5297 2880//5297 1419//5297
f 1419//5298 2880//5298 1418//5298
f 2880//5299 2878//5299 1418//5299
f 1418//5300 2878//5300 1417//5300
f 2878//5301 2876//5301 1417//5301
f 1417//5302 2876//5302 1416//5302
f 2876//5303 2874//5303 1416//5303
f 1416//5304 2874//5304 1415//5304
f 2874//5305 2872//5305 1415//5305
f 1415//5306 2872//5306 1414//5306
f 2872//5307 2870//5307 1414//5307
f 1414//5308 2870//5308 1413//5308
f 2870//5309 2868//5309 1413//5309
f 1413//5310 2868//5310 1412//5310
f 1412//5311 2866//5311 1411//5311
f 2868//5312 2866//5312 1412//5312
f 1411//5313 2864//5313 1410//5313
f 2866//5314 2864//5314 1411//5314
f 1410//5315 2862//5315 1409//5315
f 2864//5316 2862//5316 1410//5316
f 1409//5317 2860//5317 1408//5317
f 2862//5318 2860//5318 1409//5318
f 1408//5319 2859//5319 1407//5319
f 2860//5320 2859//5320 1408//5320
f 1407//5321 2858//5321 1406//5321
f 2859//5322 2858//5322 1407//5322
f 1406//5323 2861//5323 1405//5323
f 2858//5324 2861//5324 1406//5324
f 1405//5325 2863//5325 1404//5325
f 2861//5326 2863//5326 1405//5326
f 1404//5327 2865//5327 1403//5327
f 2863//5328 2865//5328 1404//5328
f 1403//5329 2867//5329 1402//5329
f 2865//5330 2867//5330 1403//5330
f 1402//5331 2869//5331 1401//5331
f 2867//5332 2869//5332 1402//5332
f 1401//5333 2871//5333 1400//5333
f 2869//5334 2871//5334 1401//5334
f 1400//5335 2873//5335 1399//5335
f 2871//5336 2873//5336 1400//5336
f 1399//5337 2875//5337 1398//5337
f 2873//5338 2875//5338 1399//5338
f 1398//5339 2877//5339 1397//5339
f 2875//5340 2877//5340 1398//5340
f 1397//5341 2879//5341 1396//5341
f 2877//5342 2879//5342 1397//5342
f 2879//5343 2881//5343 1396//5343
f 1396//5344 2881//5344 1395//5344
f 2881//5345 2883//5345 1395//5345
f 1395//5346 2883//5346 1394//5346
f 2883//5347 2885//5347 1394//5347
f 1394//5348 2885//5348 1393//5348
f 2885//5349 2887//5349 1393//5349
f 1393//5350 2887//5350 1392//5350
f 1392//5351 2889//5351 1391//5351
f 2887//5352 2889//5352 1392//5352
f 1391//5353 2891//5353 1381//5353
f 2889//5354 2891//5354 1391//5354
f 1381//5355 2893//5355 1380//5355
f 2891//5356 2893//5356 1381//5356
f 1380//5357 2895//5357 1378//5357
f 2893//5358 2895//5358 1380//5358
f 1378//5359 2897//5359 1379//5359
f 2895//5360 2897//5360 1378//5360
f 1379//5361 2899//5361 1390//5361
f 2897//5362 2899//5362 1379//5362
f 1390//5363 2901//5363 1389//5363
f 2899//5364 2901//5364 1390//5364
f 1389//5365 2903//5365 1388//5365
f 2901//5366 2903//5366 1389//5366
f 1388//5367 2905//5367 1387//5367
f 2903//5368 2905//5368 1388//5368
f 1387//5369 2907//5369 1386//5369
f 2905//5370 2907//5370 1387//5370
f 1386//5371 2909//5371 1385//5371
f 2907//5372 2909//5372 1386//5372
f 1385//5373 2911//5373 1384//5373
f 2909//5374 2911//5374 1385//5374
f 1384//5375 2913//5375 1383//5375
f 2911//5376 2913//5376 1384//5376
f 2913//5377 2915//5377 1383//5377
f 1383//5378 2915//5378 1382//5378
f 2511//5379 3203//5379 3204//5379
f 3204//5380 3540//5380 2511//5380
f 2511//5381 3205//5381 3203//5381
f 3540//5382 3206//5382 2511//5382
f 2511//5383 3207//5383 3205//5383
f 3206//5384 3208//5384 2511//5384
f 2511//5385 3209//5385 3207//5385
f 3208//5386 3210//5386 2511//5386
f 2511//5387 3211//5387 3209//5387
f 3210//5388 3212//5388 2511//5388
f 2511//5389 3213//5389 3211//5389
f 3212//5390 3214//5390 2511//5390
f 2511//5391 3541//5391 3213//5391
f 3214//5392 3539//5392 2511//5392
f 2511//5393 3215//5393 3541//5393
f 3539//5394 3216//5394 2511//5394
f 1795//5395 3217//5395 2511//5395
f 2511//5396 3217//5396 3215//5396
f 3216//5397 3538//5397 2511//5397
f 1795//5398 3218//5398 3217//5398
f 3538//5399 3537//5399 2511//5399
f 1795//5400 3219//5400 3218//5400
f 3537//5401 3220//5401 2511//5401
f 1795//5402 3221//5402 3219//5402
f 3220//5403 3222//5403 2511//5403
f 1795//5404 3542//5404 3221//5404
f 3222//5405 3536//5405 2511//5405
f 1795//5406 3543//5406 3542//5406
f 3536//5407 3223//5407 2511//5407
f 1795//5408 3544//5408 3543//5408
f 3223//5409 3224//5409 2511//5409
f 1795//5410 3545//5410 3544//5410
f 3224//5411 3225//5411 2511//5411
f 1795//5412 3226//5412 3545//5412
f 3225//5413 3227//5413 2511//5413
f 1795//5414 3546//5414 3226//5414
f 3227//5415 3228//5415 2511//5415
f 1795//5416 3229//5416 3546//5416
f 3228//5417 3535//5417 2511//5417
f 1795//5418 3230//5418 3229//5418
f 3535//5419 3534//5419 2511//5419
f 1795//5420 3231//5420 3230//5420
f 3534//5421 3232//5421 2511//5421
f 1795//5422 3233//5422 3231//5422
f 3232//5423 3533//5423 2511//5423
f 1795//5424 3234//5424 3233//5424
f 3533//5425 3532//5425 2511//5425
f 1795//5426 3547//5426 3234//5426
f 3532//5427 3235//5427 2511//5427
f 1795//5428 3548//5428 3547//5428
f 3235//5429 3531//5429 2511//5429
f 1795//5430 3236//5430 3548//5430
f 3531//5431 3237//5431 2511//5431
f 1795//5432 3238//5432 3236//5432
f 3237//5433 3239//5433 2511//5433
f 1795//5434 3549//5434 3238//5434
f 3239//5435 3240//5435 2511//5435
f 1795//5436 3480//5436 3549//5436
f 3241//5437 3242//5437 1795//5437
f 1795//5438 3242//5438 3480//5438
f 3477//5439 3243//5439 3241//5439
f 3241//5440 3243//5440 3242//5440
f 3244//5441 3245//5441 3477//5441
f 3477//5442 3245//5442 3243//5442
f 3246//5443 3481//5443 3244//5443
f 3244//5444 3481//5444 3245//5444
f 3247//5445 3248//5445 3246//5445
f 3246//5446 3248//5446 3481//5446
f 3249//5447 3482//5447 3247//5447
f 3247//5448 3482//5448 3248//5448
f 3249//5449 3250//5449 3482//5449
f 3251//5450 3250//5450 3249//5450
f 3251//5451 3483//5451 3250//5451
f 3252//5452 3483//5452 3251//5452
f 3253//5453 3254//5453 3252//5453
f 3252//5454 3254//5454 3483//5454
f 3253//5455 3484//5455 3254//5455
f 3255//5456 3484//5456 3256//5456
f 3256//5457 3484//5457 3253//5457
f 3240//5458 2510//5458 2511//5458
f 3257//5459 2510//5459 3240//5459
f 3258//5460 2510//5460 3257//5460
f 3259//5461 2510//5461 3258//5461
f 3260//5462 2510//5462 3259//5462
f 3261//5463 2510//5463 3260//5463
f 3262//5464 2510//5464 3261//5464
f 3263//5465 2510//5465 3262//5465
f 3264//5466 2510//5466 3263//5466
f 3265//5467 2510//5467 3264//5467
f 3530//5468 2510//5468 3265//5468
f 3530//5469 3266//5469 2510//5469
f 3476//5470 3267//5470 3255//5470
f 3255//5471 3267//5471 3484//5471
f 3266//5472 3268//5472 2510//5472
f 3269//5473 3485//5473 3476//5473
f 3476//5474 3485//5474 3267//5474
f 3268//5475 3270//5475 2510//5475
f 3475//5476 3486//5476 3269//5476
f 3269//5477 3486//5477 3485//5477
f 3270//5478 3271//5478 2510//5478
f 3272//5479 3273//5479 3475//5479
f 3475//5480 3273//5480 3486//5480
f 3271//5481 3274//5481 2510//5481
f 3275//5482 3487//5482 3272//5482
f 3272//5483 3487//5483 3273//5483
f 3274//5484 3276//5484 2510//5484
f 3474//5485 3488//5485 3275//5485
f 3275//5486 3488//5486 3487//5486
f 3276//5487 3277//5487 2510//5487
f 3278//5488 3279//5488 3474//5488
f 3474//5489 3279//5489 3488//5489
f 3277//5490 3280//5490 2510//5490
f 3278//5491 3281//5491 3279//5491
f 3282//5492 3281//5492 3278//5492
f 3280//5493 3283//5493 2510//5493
f 3282//5494 3284//5494 3281//5494
f 3285//5495 3284//5495 3282//5495
f 3283//5496 3529//5496 2510//5496
f 3285//5497 3286//5497 3284//5497
f 3287//5498 3286//5498 3285//5498
f 3529//5499 3288//5499 2510//5499
f 3287//5500 3289//5500 3286//5500
f 3290//5501 3289//5501 3287//5501
f 3288//5502 3528//5502 2510//5502
f 3290//5503 3291//5503 3289//5503
f 3292//5504 3291//5504 3290//5504
f 3528//5505 3527//5505 2510//5505
f 3292//5506 3293//5506 3291//5506
f 3473//5507 3293//5507 3292//5507
f 3527//5508 3294//5508 2510//5508
f 3473//5509 3295//5509 3293//5509
f 3296//5510 3295//5510 3473//5510
f 3294//5511 3297//5511 2510//5511
f 3296//5512 3298//5512 3295//5512
f 3299//5513 3298//5513 3296//5513
f 3297//5514 3526//5514 2510//5514
f 3299//5515 3300//5515 3298//5515
f 3301//5516 3300//5516 3299//5516
f 3526//5517 3302//5517 2510//5517
f 3301//5518 3303//5518 3300//5518
f 3472//5519 3303//5519 3301//5519
f 3302//5520 3304//5520 2510//5520
f 3472//5521 3305//5521 3303//5521
f 3472//5522 3471//5522 3305//5522
f 3304//5523 3306//5523 2510//5523
f 3471//5524 3307//5524 3305//5524
f 3306//5525 3525//5525 2510//5525
f 3307//5526 3308//5526 3309//5526
f 3471//5527 3308//5527 3307//5527
f 3525//5528 3524//5528 2510//5528
f 3524//5529 3523//5529 2510//5529
f 3309//5530 3470//5530 3310//5530
f 3308//5531 3470//5531 3309//5531
f 3523//5532 3311//5532 2510//5532
f 3310//5533 3312//5533 3313//5533
f 3470//5534 3312//5534 3310//5534
f 3311//5535 3522//5535 2510//5535
f 3522//5536 3521//5536 2510//5536
f 3313//5537 3469//5537 3314//5537
f 3312//5538 3469//5538 3313//5538
f 3521//5539 3520//5539 2510//5539
f 3520//5540 3315//5540 2510//5540
f 3314//5541 3468//5541 3316//5541
f 3469//5542 3468//5542 3314//5542
f 3316//5543 3317//5543 3318//5543
f 3468//5544 3317//5544 3316//5544
f 3318//5545 3319//5545 3489//5545
f 3317//5546 3319//5546 3318//5546
f 3489//5547 3320//5547 3321//5547
f 3319//5548 3320//5548 3489//5548
f 3320//5549 3322//5549 3321//5549
f 3321//5550 3322//5550 3323//5550
f 3323//5551 3467//5551 3324//5551
f 3322//5552 3467//5552 3323//5552
f 3324//5553 3325//5553 3326//5553
f 3467//5554 3325//5554 3324//5554
f 3326//5555 3327//5555 3328//5555
f 3325//5556 3327//5556 3326//5556
f 3328//5557 3329//5557 3330//5557
f 3327//5558 3329//5558 3328//5558
f 3330//5559 3331//5559 3332//5559
f 3329//5560 3331//5560 3330//5560
f 3332//5561 3333//5561 3334//5561
f 3331//5562 3333//5562 3332//5562
f 3334//5563 3335//5563 3336//5563
f 3333//5564 3335//5564 3334//5564
f 3336//5565 3466//5565 3490//5565
f 3335//5566 3466//5566 3336//5566
f 3490//5567 3465//5567 3337//5567
f 3466//5568 3465//5568 3490//5568
f 3465//5569 3338//5569 3337//5569
f 3337//5570 3338//5570 3491//5570
f 3338//5571 3464//5571 3491//5571
f 3491//5572 3464//5572 3339//5572
f 3464//5573 3340//5573 3339//5573
f 3339//5574 3340//5574 3341//5574
f 3340//5575 3342//5575 3341//5575
f 3341//5576 3342//5576 3343//5576
f 3342//5577 3344//5577 3343//5577
f 3343//5578 3344//5578 3345//5578
f 3344//5579 3463//5579 3345//5579
f 3345//5580 3463//5580 3346//5580
f 3463//5581 3347//5581 3346//5581
f 3346//5582 3347//5582 3492//5582
f 3347//5583 3348//5583 3492//5583
f 3492//5584 3348//5584 3349//5584
f 3348//5585 3350//5585 3349//5585
f 3349//5586 3350//5586 3351//5586
f 3350//5587 3352//5587 3351//5587
f 3351//5588 3352//5588 3353//5588
f 3352//5589 3479//5589 3353//5589
f 3479//5590 3462//5590 3353//5590
f 3353//5591 3462//5591 3354//5591
f 3519//5592 3440//5592 3315//5592
f 3355//5593 3440//5593 3519//5593
f 3518//5594 3440//5594 3355//5594
f 3517//5595 3440//5595 3518//5595
f 3356//5596 3440//5596 3517//5596
f 3516//5597 3440//5597 3356//5597
f 3357//5598 3440//5598 3516//5598
f 3358//5599 3440//5599 3357//5599
f 3359//5600 3440//5600 3358//5600
f 3515//5601 3440//5601 3359//5601
f 3360//5602 3440//5602 3515//5602
f 3361//5603 3440//5603 3360//5603
f 3514//5604 3440//5604 3361//5604
f 3513//5605 3440//5605 3514//5605
f 3362//5606 3440//5606 3513//5606
f 3363//5607 3440//5607 3362//5607
f 3512//5608 3440//5608 3363//5608
f 3364//5609 3440//5609 3512//5609
f 3365//5610 3440//5610 3364//5610
f 3366//5611 3440//5611 3365//5611
f 3367//5612 3440//5612 3366//5612
f 3315//5613 3440//5613 2510//5613
f 3462//5614 3461//5614 3354//5614
f 3354//5615 3461//5615 3368//5615
f 3511//5616 3441//5616 3367//5616
f 3367//5617 3441//5617 3440//5617
f 3461//5618 3369//5618 3368//5618
f 3368//5619 3369//5619 3370//5619
f 3371//5620 3372//5620 3511//5620
f 3511//5621 3372//5621 3441//5621
f 3369//5622 3373//5622 3370//5622
f 3370//5623 3373//5623 3374//5623
f 3375//5624 3376//5624 3371//5624
f 3371//5625 3376//5625 3372//5625
f 3373//5626 3377//5626 3374//5626
f 3374//5627 3377//5627 3378//5627
f 3379//5628 3442//5628 3375//5628
f 3375//5629 3442//5629 3376//5629
f 3377//5630 3380//5630 3378//5630
f 3378//5631 3380//5631 3381//5631
f 3382//5632 3383//5632 3379//5632
f 3379//5633 3383//5633 3442//5633
f 3380//5634 3460//5634 3381//5634
f 3381//5635 3460//5635 3493//5635
f 3382//5636 3443//5636 3383//5636
f 3384//5637 3443//5637 3382//5637
f 3460//5638 3385//5638 3493//5638
f 3493//5639 3385//5639 3386//5639
f 3510//5640 3444//5640 3384//5640
f 3384//5641 3444//5641 3443//5641
f 3385//5642 3387//5642 3386//5642
f 3386//5643 3387//5643 3388//5643
f 3389//5644 3390//5644 3510//5644
f 3510//5645 3390//5645 3444//5645
f 3387//5646 3391//5646 3388//5646
f 3388//5647 3391//5647 3494//5647
f 3389//5648 3445//5648 3390//5648
f 3392//5649 3445//5649 3389//5649
f 3391//5650 3393//5650 3494//5650
f 3494//5651 3393//5651 3394//5651
f 3395//5652 3446//5652 3392//5652
f 3392//5653 3446//5653 3445//5653
f 3393//5654 3396//5654 3394//5654
f 3394//5655 3396//5655 3397//5655
f 3398//5656 3447//5656 3395//5656
f 3395//5657 3447//5657 3446//5657
f 3396//5658 3459//5658 3397//5658
f 3397//5659 3459//5659 3495//5659
f 3399//5660 3400//5660 3398//5660
f 3398//5661 3400//5661 3447//5661
f 3459//5662 3458//5662 3495//5662
f 3495//5663 3458//5663 3401//5663
f 3402//5664 3403//5664 3399//5664
f 3399//5665 3403//5665 3400//5665
f 3401//5666 3457//5666 3404//5666
f 3458//5667 3457//5667 3401//5667
f 3402//5668 3448//5668 3403//5668
f 3405//5669 3448//5669 3402//5669
f 3457//5670 3406//5670 3404//5670
f 3404//5671 3406//5671 3407//5671
f 3509//5672 3449//5672 3405//5672
f 3405//5673 3449//5673 3448//5673
f 3406//5674 3456//5674 3407//5674
f 3407//5675 3456//5675 3496//5675
f 3508//5676 3450//5676 3509//5676
f 3509//5677 3450//5677 3449//5677
f 3496//5678 3455//5678 3408//5678
f 3456//5679 3455//5679 3496//5679
f 3508//5680 3451//5680 3450//5680
f 3409//5681 3451//5681 3508//5681
f 3455//5682 3410//5682 3408//5682
f 3408//5683 3410//5683 3411//5683
f 3409//5684 3452//5684 3451//5684
f 3412//5685 3452//5685 3409//5685
f 3410//5686 3413//5686 3411//5686
f 3411//5687 3413//5687 3497//5687
f 3507//5688 3414//5688 3412//5688
f 3412//5689 3414//5689 3452//5689
f 3413//5690 3415//5690 3497//5690
f 3497//5691 3415//5691 3498//5691
f 3506//5692 3416//5692 3507//5692
f 3507//5693 3416//5693 3414//5693
f 3415//5694 3417//5694 3498//5694
f 3498//5695 3417//5695 3499//5695
f 3506//5696 3418//5696 3416//5696
f 3419//5697 3418//5697 3506//5697
f 3417//5698 3420//5698 3499//5698
f 3499//5699 3420//5699 3500//5699
f 3419//5700 3421//5700 3418//5700
f 3422//5701 3421//5701 3419//5701
f 3420//5702 3423//5702 3500//5702
f 3424//5703 3425//5703 3422//5703
f 3422//5704 3425//5704 3421//5704
f 3423//5705 3426//5705 3500//5705
f 3500//5706 3426//5706 3427//5706
f 3424//5707 3453//5707 3425//5707
f 3505//5708 3453//5708 3424//5708
f 3426//5709 3428//5709 3427//5709
f 3427//5710 3428//5710 3501//5710
f 3505//5711 3429//5711 3453//5711
f 3430//5712 3429//5712 3505//5712
f 3428//5713 3431//5713 3501//5713
f 3501//5714 3431//5714 3432//5714
f 3430//5715 3454//5715 3429//5715
f 3504//5716 3454//5716 3430//5716
f 3431//5717 3433//5717 3432//5717
f 3432//5718 3433//5718 3502//5718
f 3504//5719 3434//5719 3454//5719
f 3435//5720 3434//5720 3504//5720
f 3433//5721 3436//5721 3502//5721
f 3502//5722 3436//5722 3437//5722
f 3435//5723 3438//5723 3434//5723
f 3503//5724 3438//5724 3435//5724
f 3436//5725 3439//5725 3437//5725
f 3503//5726 3439//5726 3438//5726
f 3437//5727 3439//5727 3503//5727
f 1560//5728 3440//5728 3441//5728
f 1560//5729 1564//5729 3440//5729
f 1556//5730 3441//5730 3372//5730
f 1556//5731 1560//5731 3441//5731
f 1552//5732 3372//5732 3376//5732
f 1552//5733 1556//5733 3372//5733
f 1548//5734 3376//5734 3442//5734
f 1548//5735 1552//5735 3376//5735
f 1544//5736 3442//5736 3383//5736
f 1544//5737 3383//5737 3443//5737
f 1544//5738 1548//5738 3442//5738
f 1540//5739 1544//5739 3443//5739
f 1536//5740 3443//5740 3444//5740
f 1536//5741 3444//5741 3390//5741
f 1536//5742 1540//5742 3443//5742
f 1532//5743 1536//5743 3390//5743
f 1528//5744 3390//5744 3445//5744
f 1528//5745 1532//5745 3390//5745
f 1524//5746 3445//5746 3446//5746
f 1524//5747 3446//5747 3447//5747
f 1524//5748 1528//5748 3445//5748
f 1520//5749 1524//5749 3447//5749
f 1516//5750 3447//5750 3400//5750
f 1516//5751 1520//5751 3447//5751
f 1512//5752 3400//5752 3403//5752
f 1512//5753 1516//5753 3400//5753
f 1508//5754 3403//5754 3448//5754
f 1508//5755 3448//5755 3449//5755
f 1508//5756 1512//5756 3403//5756
f 1504//5757 1508//5757 3449//5757
f 1500//5758 3449//5758 3450//5758
f 1500//5759 3450//5759 3451//5759
f 1500//5760 1504//5760 3449//5760
f 1496//5761 1500//5761 3451//5761
f 1492//5762 3451//5762 3452//5762
f 1492//5763 1496//5763 3451//5763
f 1488//5764 3452//5764 3414//5764
f 1488//5765 1492//5765 3452//5765
f 1484//5766 3414//5766 3416//5766
f 1484//5767 3416//5767 3418//5767
f 1484//5768 1488//5768 3414//5768
f 1480//5769 1484//5769 3418//5769
f 1476//5770 1480//5770 3418//5770
f 1476//5771 3418//5771 3421//5771
f 1476//5772 3421//5772 3425//5772
f 1472//5773 1476//5773 3425//5773
f 1468//5774 1472//5774 3425//5774
f 1468//5775 3425//5775 3453//5775
f 1464//5776 1468//5776 3453//5776
f 1464//5777 3453//5777 3429//5777
f 1458//5778 3429//5778 3454//5778
f 1458//5779 1464//5779 3429//5779
f 1456//5780 3454//5780 3434//5780
f 1456//5781 1458//5781 3454//5781
f 1450//5782 3434//5782 3438//5782
f 1450//5783 3438//5783 3439//5783
f 1450//5784 1456//5784 3434//5784
f 1451//5785 1450//5785 3439//5785
f 1452//5786 3439//5786 3436//5786
f 1452//5787 1451//5787 3439//5787
f 1454//5788 3436//5788 3433//5788
f 1454//5789 3433//5789 3431//5789
f 1454//5790 1452//5790 3436//5790
f 1460//5791 1454//5791 3431//5791
f 1462//5792 3431//5792 3428//5792
f 1462//5793 1460//5793 3431//5793
f 1466//5794 3428//5794 3426//5794
f 1466//5795 1462//5795 3428//5795
f 1470//5796 3426//5796 3423//5796
f 1470//5797 3423//5797 3420//5797
f 1470//5798 1466//5798 3426//5798
f 1474//5799 1470//5799 3420//5799
f 1478//5800 3420//5800 3417//5800
f 1478//5801 1474//5801 3420//5801
f 1482//5802 3417//5802 3415//5802
f 1482//5803 1478//5803 3417//5803
f 1486//5804 3415//5804 3413//5804
f 1486//5805 3413//5805 3410//5805
f 1486//5806 1482//5806 3415//5806
f 1490//5807 1486//5807 3410//5807
f 1494//5808 3410//5808 3455//5808
f 1494//5809 1490//5809 3410//5809
f 1498//5810 3455//5810 3456//5810
f 1498//5811 1494//5811 3455//5811
f 1502//5812 3456//5812 3406//5812
f 1502//5813 3406//5813 3457//5813
f 1502//5814 1498//5814 3456//5814
f 1506//5815 3457//5815 3458//5815
f 1506//5816 1502//5816 3457//5816
f 1510//5817 1506//5817 3458//5817
f 1510//5818 3458//5818 3459//5818
f 1514//5819 1510//5819 3459//5819
f 1518//5820 1514//5820 3459//5820
f 1518//5821 3459//5821 3396//5821
f 1518//5822 3396//5822 3393//5822
f 1522//5823 1518//5823 3393//5823
f 1526//5824 1522//5824 3393//5824
f 1526//5825 3393//5825 3391//5825
f 1526//5826 3391//5826 3387//5826
f 1530//5827 1526//5827 3387//5827
f 1530//5828 3387//5828 3385//5828
f 1534//5829 1530//5829 3385//5829
f 1538//5830 1534//5830 3385//5830
f 1538//5831 3385//5831 3460//5831
f 1542//5832 1538//5832 3460//5832
f 1542//5833 3460//5833 3380//5833
f 1546//5834 1542//5834 3380//5834
f 1546//5835 3380//5835 3377//5835
f 1550//5836 1546//5836 3377//5836
f 1550//5837 3377//5837 3373//5837
f 1550//5838 3373//5838 3369//5838
f 1554//5839 1550//5839 3369//5839
f 1558//5840 1554//5840 3369//5840
f 1558//5841 3369//5841 3461//5841
f 1562//5842 1558//5842 3461//5842
f 1562//5843 3461//5843 3462//5843
f 3478//5844 3479//5844 3352//5844
f 1566//5845 3478//5845 3352//5845
f 1569//5846 3352//5846 3350//5846
f 1569//5847 1566//5847 3352//5847
f 1572//5848 3350//5848 3348//5848
f 1572//5849 1569//5849 3350//5849
f 1575//5850 3348//5850 3347//5850
f 1575//5851 1572//5851 3348//5851
f 1578//5852 3347//5852 3463//5852
f 1578//5853 1575//5853 3347//5853
f 1581//5854 3463//5854 3344//5854
f 1581//5855 1578//5855 3463//5855
f 1584//5856 3344//5856 3342//5856
f 1584//5857 3342//5857 3340//5857
f 1584//5858 1581//5858 3344//5858
f 1587//5859 1584//5859 3340//5859
f 1590//5860 3340//5860 3464//5860
f 1590//5861 1587//5861 3340//5861
f 1593//5862 3464//5862 3338//5862
f 1593//5863 1590//5863 3464//5863
f 1596//5864 3338//5864 3465//5864
f 1596//5865 3465//5865 3466//5865
f 1596//5866 1593//5866 3338//5866
f 1599//5867 1596//5867 3466//5867
f 1602//5868 3466//5868 3335//5868
f 1602//5869 3335//5869 3333//5869
f 1602//5870 1599//5870 3466//5870
f 1605//5871 1602//5871 3333//5871
f 1608//5872 3333//5872 3331//5872
f 1608//5873 3331//5873 3329//5873
f 1608//5874 1605//5874 3333//5874
f 1611//5875 1608//5875 3329//5875
f 1614//5876 3329//5876 3327//5876
f 1614//5877 1611//5877 3329//5877
f 1617//5878 3327//5878 3325//5878
f 1617//5879 3325//5879 3467//5879
f 1617//5880 1614//5880 3327//5880
f 1620//5881 1617//5881 3467//5881
f 1623//5882 3467//5882 3322//5882
f 1623//5883 1620//5883 3467//5883
f 1626//5884 1623//5884 3322//5884
f 1626//5885 3322//5885 3320//5885
f 1629//5886 1626//5886 3320//5886
f 1629//5887 3320//5887 3319//5887
f 1629//5888 3319//5888 3317//5888
f 1632//5889 1629//5889 3317//5889
f 1635//5890 1632//5890 3317//5890
f 1635//5891 3317//5891 3468//5891
f 1638//5892 1635//5892 3468//5892
f 1638//5893 3468//5893 3469//5893
f 1641//5894 3469//5894 3312//5894
f 1641//5895 1638//5895 3469//5895
f 1644//5896 3312//5896 3470//5896
f 1644//5897 1641//5897 3312//5897
f 1647//5898 3470//5898 3308//5898
f 1647//5899 1644//5899 3470//5899
f 1651//5900 3308//5900 3471//5900
f 1651//5901 1647//5901 3308//5901
f 1654//5902 3471//5902 3472//5902
f 1654//5903 3472//5903 3301//5903
f 1654//5904 1651//5904 3471//5904
f 1658//5905 1654//5905 3301//5905
f 1662//5906 3301//5906 3299//5906
f 1662//5907 1658//5907 3301//5907
f 1665//5908 3299//5908 3296//5908
f 1665//5909 1662//5909 3299//5909
f 1669//5910 3296//5910 3473//5910
f 1669//5911 1665//5911 3296//5911
f 1673//5912 3473//5912 3292//5912
f 1673//5913 3292//5913 3290//5913
f 1673//5914 1669//5914 3473//5914
f 1676//5915 3290//5915 3287//5915
f 1676//5916 1673//5916 3290//5916
f 1680//5917 1676//5917 3287//5917
f 1684//5918 3287//5918 3285//5918
f 1684//5919 1680//5919 3287//5919
f 1688//5920 3285//5920 3282//5920
f 1688//5921 1684//5921 3285//5921
f 1690//5922 3282//5922 3278//5922
f 1690//5923 1688//5923 3282//5923
f 1692//5924 3278//5924 3474//5924
f 1692//5925 1690//5925 3278//5925
f 1694//5926 3474//5926 3275//5926
f 1694//5927 1692//5927 3474//5927
f 1696//5928 3275//5928 3272//5928
f 1696//5929 1694//5929 3275//5929
f 1698//5930 3272//5930 3475//5930
f 1698//5931 3475//5931 3269//5931
f 1698//5932 1696//5932 3272//5932
f 1700//5933 1698//5933 3269//5933
f 1702//5934 1700//5934 3269//5934
f 1702//5935 3269//5935 3476//5935
f 1702//5936 3476//5936 3255//5936
f 1704//5937 1702//5937 3255//5937
f 1705//5938 1704//5938 3255//5938
f 1705//5939 3255//5939 3256//5939
f 1707//5940 1705//5940 3256//5940
f 1707//5941 3256//5941 3253//5941
f 1709//5942 1707//5942 3253//5942
f 1709//5943 3253//5943 3252//5943
f 1711//5944 1709//5944 3252//5944
f 1711//5945 3252//5945 3251//5945
f 1711//5946 3251//5946 3249//5946
f 1713//5947 1711//5947 3249//5947
f 1713//5948 3249//5948 3247//5948
f 1715//5949 1713//5949 3247//5949
f 1717//5950 1715//5950 3247//5950
f 1717//5951 3247//5951 3246//5951
f 1717//5952 3246//5952 3244//5952
f 1719//5953 1717//5953 3244//5953
f 1721//5954 1719//5954 3244//5954
f 1721//5955 3244//5955 3477//5955
f 1721//5956 3477//5956 3241//5956
f 1723//5957 1721//5957 3241//5957
f 1725//5958 1723//5958 3241//5958
f 1725//5959 3241//5959 1795//5959
f 1562//5960 3462//5960 3478//5960
f 3478//5961 3462//5961 3479//5961
f 1730//5962 3480//5962 1724//5962
f 3480//5963 3242//5963 1724//5963
f 1724//5964 3242//5964 1722//5964
f 3242//5965 3243//5965 1722//5965
f 1722//5966 3243//5966 1720//5966
f 3243//5967 3245//5967 1720//5967
f 1720//5968 3245//5968 1718//5968
f 3245//5969 3481//5969 1718//5969
f 1718//5970 3481//5970 1716//5970
f 3481//5971 3248//5971 1716//5971
f 1716//5972 3248//5972 1714//5972
f 3248//5973 3482//5973 1714//5973
f 1714//5974 3482//5974 1712//5974
f 1712//5975 3250//5975 1710//5975
f 3482//5976 3250//5976 1712//5976
f 1710//5977 3483//5977 1708//5977
f 3250//5978 3483//5978 1710//5978
f 1708//5979 3254//5979 1706//5979
f 3483//5980 3254//5980 1708//5980
f 1706//5981 3484//5981 1703//5981
f 3254//5982 3484//5982 1706//5982
f 3484//5983 3267//5983 1703//5983
f 1703//5984 3267//5984 1701//5984
f 3267//5985 3485//5985 1701//5985
f 1701//5986 3485//5986 1699//5986
f 3485//5987 3486//5987 1699//5987
f 1699//5988 3486//5988 1697//5988
f 3486//5989 3273//5989 1697//5989
f 1697//5990 3273//5990 1695//5990
f 3273//5991 3487//5991 1695//5991
f 1695//5992 3487//5992 1693//5992
f 3487//5993 3488//5993 1693//5993
f 1693//5994 3488//5994 1691//5994
f 3488//5995 3279//5995 1691//5995
f 1691//5996 3279//5996 1689//5996
f 3279//5997 3281//5997 1689//5997
f 1689//5998 3281//5998 1685//5998
f 3281//5999 3284//5999 1685//5999
f 1685//6000 3284//6000 1681//6000
f 3284//6001 3286//6001 1681//6001
f 1681//6002 3286//6002 1677//6002
f 3286//6003 3289//6003 1677//6003
f 1677//6004 3289//6004 1674//6004
f 3289//6005 3291//6005 1674//6005
f 1674//6006 3291//6006 1670//6006
f 3291//6007 3293//6007 1670//6007
f 1670//6008 3293//6008 1666//6008
f 3293//6009 3295//6009 1666//6009
f 1666//6010 3295//6010 1663//6010
f 3295//6011 3298//6011 1663//6011
f 1663//6012 3298//6012 1659//6012
f 3298//6013 3300//6013 1659//6013
f 1659//6014 3300//6014 1655//6014
f 1655//6015 3303//6015 1652//6015
f 3300//6016 3303//6016 1655//6016
f 3303//6017 3305//6017 1652//6017
f 1652//6018 3305//6018 1649//6018
f 1649//6019 3307//6019 1646//6019
f 3305//6020 3307//6020 1649//6020
f 1646//6021 3309//6021 1643//6021
f 3307//6022 3309//6022 1646//6022
f 1643//6023 3310//6023 1640//6023
f 3309//6024 3310//6024 1643//6024
f 1640//6025 3313//6025 1637//6025
f 3310//6026 3313//6026 1640//6026
f 1637//6027 3314//6027 1634//6027
f 3313//6028 3314//6028 1637//6028
f 1634//6029 3316//6029 1631//6029
f 3314//6030 3316//6030 1634//6030
f 3316//6031 3318//6031 1631//6031
f 1631//6032 3318//6032 1628//6032
f 3318//6033 3489//6033 1628//6033
f 1628//6034 3489//6034 1625//6034
f 3489//6035 3321//6035 1625//6035
f 1625//6036 3321//6036 1622//6036
f 3321//6037 3323//6037 1622//6037
f 1622//6038 3323//6038 1619//6038
f 3323//6039 3324//6039 1619//6039
f 1619//6040 3324//6040 1616//6040
f 3324//6041 3326//6041 1616//6041
f 1616//6042 3326//6042 1613//6042
f 3326//6043 3328//6043 1613//6043
f 1613//6044 3328//6044 1610//6044
f 3328//6045 3330//6045 1610//6045
f 1610//6046 3330//6046 1607//6046
f 3330//6047 3332//6047 1607//6047
f 1607//6048 3332//6048 1604//6048
f 3332//6049 3334//6049 1604//6049
f 1604//6050 3334//6050 1601//6050
f 3334//6051 3336//6051 1601//6051
f 1601//6052 3336//6052 1598//6052
f 3336//6053 3490//6053 1598//6053
f 1598//6054 3490//6054 1595//6054
f 3490//6055 3337//6055 1595//6055
f 1595//6056 3337//6056 1592//6056
f 1592//6057 3491//6057 1589//6057
f 3337//6058 3491//6058 1592//6058
f 3491//6059 3339//6059 1589//6059
f 1589//6060 3339//6060 1586//6060
f 1586//6061 3341//6061 1583//6061
f 3339//6062 3341//6062 1586//6062
f 1583//6063 3343//6063 1580//6063
f 3341//6064 3343//6064 1583//6064
f 1580//6065 3345//6065 1577//6065
f 3343//6066 3345//6066 1580//6066
f 1577//6067 3346//6067 1574//6067
f 3345//6068 3346//6068 1577//6068
f 1574//6069 3492//6069 1571//6069
f 3346//6070 3492//6070 1574//6070
f 1571//6071 3349//6071 1568//6071
f 3492//6072 3349//6072 1571//6072
f 1568//6073 3351//6073 1565//6073
f 3349//6074 3351//6074 1568//6074
f 1565//6075 3353//6075 1561//6075
f 3351//6076 3353//6076 1565//6076
f 1561//6077 3354//6077 1557//6077
f 3353//6078 3354//6078 1561//6078
f 1557//6079 3368//6079 1553//6079
f 3354//6080 3368//6080 1557//6080
f 3368//6081 3370//6081 1553//6081
f 1553//6082 3370//6082 1549//6082
f 3370//6083 3374//6083 1549//6083
f 1549//6084 3374//6084 1545//6084
f 3374//6085 3378//6085 1545//6085
f 1545//6086 3378//6086 1541//6086
f 3378//6087 3381//6087 1541//6087
f 1541//6088 3381//6088 1537//6088
f 3381//6089 3493//6089 1537//6089
f 1537//6090 3493//6090 1533//6090
f 3493//6091 3386//6091 1533//6091
f 1533//6092 3386//6092 1529//6092
f 3386//6093 3388//6093 1529//6093
f 1529//6094 3388//6094 1525//6094
f 3388//6095 3494//6095 1525//6095
f 1525//6096 3494//6096 1521//6096
f 1521//6097 3394//6097 1517//6097
f 3494//6098 3394//6098 1521//6098
f 3394//6099 3397//6099 1517//6099
f 1517//6100 3397//6100 1513//6100
f 1513//6101 3495//6101 1509//6101
f 3397//6102 3495//6102 1513//6102
f 1509//6103 3401//6103 1505//6103
f 3495//6104 3401//6104 1509//6104
f 1505//6105 3404//6105 1501//6105
f 3401//6106 3404//6106 1505//6106
f 1501//6107 3407//6107 1497//6107
f 3404//6108 3407//6108 1501//6108
f 1497//6109 3496//6109 1493//6109
f 3407//6110 3496//6110 1497//6110
f 1493//6111 3408//6111 1489//6111
f 3496//6112 3408//6112 1493//6112
f 1489//6113 3411//6113 1485//6113
f 3408//6114 3411//6114 1489//6114
f 1485//6115 3497//6115 1481//6115
f 3411//6116 3497//6116 1485//6116
f 1481//6117 3498//6117 1477//6117
f 3497//6118 3498//6118 1481//6118
f 1477//6119 3499//6119 1473//6119
f 3498//6120 3499//6120 1477//6120
f 1473//6121 3500//6121 1469//6121
f 3499//6122 3500//6122 1473//6122
f 1469//6123 3427//6123 1465//6123
f 3500//6124 3427//6124 1469//6124
f 1465//6125 3501//6125 1461//6125
f 3427//6126 3501//6126 1465//6126
f 1461//6127 3432//6127 1459//6127
f 3501//6128 3432//6128 1461//6128
f 1459//6129 3502//6129 1453//6129
f 3432//6130 3502//6130 1459//6130
f 1453//6131 3437//6131 1449//6131
f 3502//6132 3437//6132 1453//6132
f 1449//6133 3503//6133 1455//6133
f 3437//6134 3503//6134 1449//6134
f 3503//6135 3435//6135 1455//6135
f 1455//6136 3435//6136 1457//6136
f 1457//6137 3504//6137 1463//6137
f 3435//6138 3504//6138 1457//6138
f 3504//6139 3430//6139 1463//6139
f 1463//6140 3430//6140 1467//6140
f 1467//6141 3505//6141 1471//6141
f 3430//6142 3505//6142 1467//6142
f 1471//6143 3424//6143 1475//6143
f 3505//6144 3424//6144 1471//6144
f 1475//6145 3422//6145 1479//6145
f 3424//6146 3422//6146 1475//6146
f 1479//6147 3419//6147 1483//6147
f 3422//6148 3419//6148 1479//6148
f 1483//6149 3506//6149 1487//6149
f 3419//6150 3506//6150 1483//6150
f 1487//6151 3507//6151 1491//6151
f 3506//6152 3507//6152 1487//6152
f 1491//6153 3412//6153 1495//6153
f 3507//6154 3412//6154 1491//6154
f 1495//6155 3409//6155 1499//6155
f 3412//6156 3409//6156 1495//6156
f 1499//6157 3508//6157 1503//6157
f 3409//6158 3508//6158 1499//6158
f 1503//6159 3509//6159 1507//6159
f 3508//6160 3509//6160 1503//6160
f 3509//6161 3405//6161 1507//6161
f 1507//6162 3405//6162 1511//6162
f 3405//6163 3402//6163 1511//6163
f 1511//6164 3402//6164 1515//6164
f 3402//6165 3399//6165 1515//6165
f 1515//6166 3399//6166 1519//6166
f 3399//6167 3398//6167 1519//6167
f 1519//6168 3398//6168 1523//6168
f 3398//6169 3395//6169 1523//6169
f 1523//6170 3395//6170 1527//6170
f 3395//6171 3392//6171 1527//6171
f 1527//6172 3392//6172 1531//6172
f 3392//6173 3389//6173 1531//6173
f 1531//6174 3389//6174 1535//6174
f 3389//6175 3510//6175 1535//6175
f 1535//6176 3510//6176 1539//6176
f 1539//6177 3384//6177 1543//6177
f 3510//6178 3384//6178 1539//6178
f 1543//6179 3382//6179 1547//6179
f 3384//6180 3382//6180 1543//6180
f 1547//6181 3379//6181 1551//6181
f 3382//6182 3379//6182 1547//6182
f 1551//6183 3375//6183 1555//6183
f 3379//6184 3375//6184 1551//6184
f 3375//6185 3371//6185 1555//6185
f 1555//6186 3371//6186 1559//6186
f 3371//6187 3511//6187 1559//6187
f 1559//6188 3511//6188 1563//6188
f 3511//6189 3367//6189 1563//6189
f 1563//6190 3367//6190 1567//6190
f 3367//6191 3366//6191 1567//6191
f 1567//6192 3366//6192 1570//6192
f 3366//6193 3365//6193 1570//6193
f 1570//6194 3365//6194 1573//6194
f 3365//6195 3364//6195 1573//6195
f 1573//6196 3364//6196 1576//6196
f 3364//6197 3512//6197 1576//6197
f 1576//6198 3512//6198 1579//6198
f 3512//6199 3363//6199 1579//6199
f 1579//6200 3363//6200 1582//6200
f 3363//6201 3362//6201 1582//6201
f 1582//6202 3362//6202 1585//6202
f 3362//6203 3513//6203 1585//6203
f 1585//6204 3513//6204 1588//6204
f 3513//6205 3514//6205 1588//6205
f 1588//6206 3514//6206 1591//6206
f 3514//6207 3361//6207 1591//6207
f 1591//6208 3361//6208 1594//6208
f 3361//6209 3360//6209 1594//6209
f 1594//6210 3360//6210 1597//6210
f 3360//6211 3515//6211 1597//6211
f 1597//6212 3515//6212 1600//6212
f 3515//6213 3359//6213 1600//6213
f 1600//6214 3359//6214 1603//6214
f 3359//6215 3358//6215 1603//6215
f 1603//6216 3358//6216 1606//6216
f 1606//6217 3357//6217 1609//6217
f 3358//6218 3357//6218 1606//6218
f 3357//6219 3516//6219 1609//6219
f 1609//6220 3516//6220 1612//6220
f 1612//6221 3356//6221 1615//6221
f 3516//6222 3356//6222 1612//6222
f 1615//6223 3517//6223 1618//6223
f 3356//6224 3517//6224 1615//6224
f 1618//6225 3518//6225 1621//6225
f 3517//6226 3518//6226 1618//6226
f 1621//6227 3355//6227 1624//6227
f 3518//6228 3355//6228 1621//6228
f 1624//6229 3519//6229 1627//6229
f 3355//6230 3519//6230 1624//6230
f 1627//6231 3315//6231 1630//6231
f 3519//6232 3315//6232 1627//6232
f 3315//6233 3520//6233 1630//6233
f 1630//6234 3520//6234 1633//6234
f 3520//6235 3521//6235 1633//6235
f 1633//6236 3521//6236 1636//6236
f 3521//6237 3522//6237 1636//6237
f 1636//6238 3522//6238 1639//6238
f 3522//6239 3311//6239 1639//6239
f 1639//6240 3311//6240 1642//6240
f 3311//6241 3523//6241 1642//6241
f 1642//6242 3523//6242 1645//6242
f 3523//6243 3524//6243 1645//6243
f 1645//6244 3524//6244 1648//6244
f 3524//6245 3525//6245 1648//6245
f 1648//6246 3525//6246 1650//6246
f 3525//6247 3306//6247 1650//6247
f 1650//6248 3306//6248 1653//6248
f 3306//6249 3304//6249 1653//6249
f 1653//6250 3304//6250 1656//6250
f 3304//6251 3302//6251 1656//6251
f 1656//6252 3302//6252 1657//6252
f 3302//6253 3526//6253 1657//6253
f 1657//6254 3526//6254 1660//6254
f 3526//6255 3297//6255 1660//6255
f 1660//6256 3297//6256 1661//6256
f 3297//6257 3294//6257 1661//6257
f 1661//6258 3294//6258 1664//6258
f 3294//6259 3527//6259 1664//6259
f 1664//6260 3527//6260 1667//6260
f 1667//6261 3528//6261 1668//6261
f 3527//6262 3528//6262 1667//6262
f 1668//6263 3288//6263 1671//6263
f 3528//6264 3288//6264 1668//6264
f 1671//6265 3529//6265 1672//6265
f 3288//6266 3529//6266 1671//6266
f 1672//6267 3283//6267 1675//6267
f 3529//6268 3283//6268 1672//6268
f 1675//6269 3280//6269 1678//6269
f 3283//6270 3280//6270 1675//6270
f 1678//6271 3277//6271 1679//6271
f 3280//6272 3277//6272 1678//6272
f 1679//6273 3276//6273 1682//6273
f 3277//6274 3276//6274 1679//6274
f 1682//6275 3274//6275 1683//6275
f 3276//6276 3274//6276 1682//6276
f 1683//6277 3271//6277 1686//6277
f 3274//6278 3271//6278 1683//6278
f 1686//6279 3270//6279 1687//6279
f 3271//6280 3270//6280 1686//6280
f 1687//6281 3268//6281 1794//6281
f 3270//6282 3268//6282 1687//6282
f 3268//6283 3266//6283 1794//6283
f 1794//6284 3266//6284 1793//6284
f 3266//6285 3530//6285 1793//6285
f 1793//6286 3530//6286 1792//6286
f 3530//6287 3265//6287 1792//6287
f 1792//6288 3265//6288 1791//6288
f 3265//6289 3264//6289 1791//6289
f 1791//6290 3264//6290 1790//6290
f 3264//6291 3263//6291 1790//6291
f 1790//6292 3263//6292 1789//6292
f 3263//6293 3262//6293 1789//6293
f 1789//6294 3262//6294 1788//6294
f 3262//6295 3261//6295 1788//6295
f 1788//6296 3261//6296 1787//6296
f 3261//6297 3260//6297 1787//6297
f 1787//6298 3260//6298 1786//6298
f 1786//6299 3259//6299 1785//6299
f 3260//6300 3259//6300 1786//6300
f 1785//6301 3258//6301 1784//6301
f 3259//6302 3258//6302 1785//6302
f 1784//6303 3257//6303 704//6303
f 3258//6304 3257//6304 1784//6304
f 3257//6305 3240//6305 704//6305
f 704//6306 3240//6306 1773//6306
f 3240//6307 3239//6307 1773//6307
f 1773//6308 3239//6308 1774//6308
f 1774//6309 3237//6309 1775//6309
f 3239//6310 3237//6310 1774//6310
f 1775//6311 3531//6311 1776//6311
f 3237//6312 3531//6312 1775//6312
f 1776//6313 3235//6313 1777//6313
f 3531//6314 3235//6314 1776//6314
f 1777//6315 3532//6315 1778//6315
f 3235//6316 3532//6316 1777//6316
f 1778//6317 3533//6317 1779//6317
f 3532//6318 3533//6318 1778//6318
f 1779//6319 3232//6319 1780//6319
f 3533//6320 3232//6320 1779//6320
f 1780//6321 3534//6321 1781//6321
f 3232//6322 3534//6322 1780//6322
f 1781//6323 3535//6323 1782//6323
f 3534//6324 3535//6324 1781//6324
f 1782//6325 3228//6325 1783//6325
f 3535//6326 3228//6326 1782//6326
f 1783//6327 3227//6327 1772//6327
f 3228//6328 3227//6328 1783//6328
f 1772//6329 3225//6329 1771//6329
f 3227//6330 3225//6330 1772//6330
f 1771//6331 3224//6331 1770//6331
f 3225//6332 3224//6332 1771//6332
f 1770//6333 3223//6333 1769//6333
f 3224//6334 3223//6334 1770//6334
f 3223//6335 3536//6335 1769//6335
f 1769//6336 3536//6336 1768//6336
f 3536//6337 3222//6337 1768//6337
f 1768//6338 3222//6338 1767//6338
f 3222//6339 3220//6339 1767//6339
f 1767//6340 3220//6340 1766//6340
f 3220//6341 3537//6341 1766//6341
f 1766//6342 3537//6342 1765//6342
f 3537//6343 3538//6343 1765//6343
f 1765//6344 3538//6344 1764//6344
f 3538//6345 3216//6345 1764//6345
f 1764//6346 3216//6346 1763//6346
f 3216//6347 3539//6347 1763//6347
f 1763//6348 3539//6348 1762//6348
f 3539//6349 3214//6349 1762//6349
f 1762//6350 3214//6350 1761//6350
f 3214//6351 3212//6351 1761//6351
f 1761//6352 3212//6352 1760//6352
f 1760//6353 3210//6353 1759//6353
f 3212//6354 3210//6354 1760//6354
f 1759//6355 3208//6355 1758//6355
f 3210//6356 3208//6356 1759//6356
f 1758//6357 3206//6357 1757//6357
f 3208//6358 3206//6358 1758//6358
f 1757//6359 3540//6359 1756//6359
f 3206//6360 3540//6360 1757//6360
f 1756//6361 3204//6361 1755//6361
f 3540//6362 3204//6362 1756//6362
f 1755//6363 3203//6363 1754//6363
f 3204//6364 3203//6364 1755//6364
f 1754//6365 3205//6365 1753//6365
f 3203//6366 3205//6366 1754//6366
f 1753//6367 3207//6367 1752//6367
f 3205//6368 3207//6368 1753//6368
f 1752//6369 3209//6369 1751//6369
f 3207//6370 3209//6370 1752//6370
f 1751//6371 3211//6371 1750//6371
f 3209//6372 3211//6372 1751//6372
f 1750//6373 3213//6373 1749//6373
f 3211//6374 3213//6374 1750//6374
f 1749//6375 3541//6375 1748//6375
f 3213//6376 3541//6376 1749//6376
f 1748//6377 3215//6377 1747//6377
f 3541//6378 3215//6378 1748//6378
f 1747//6379 3217//6379 1746//6379
f 3215//6380 3217//6380 1747//6380
f 1746//6381 3218//6381 1745//6381
f 3217//6382 3218//6382 1746//6382
f 1745//6383 3219//6383 1744//6383
f 3218//6384 3219//6384 1745//6384
f 3219//6385 3221//6385 1744//6385
f 1744//6386 3221//6386 1743//6386
f 3221//6387 3542//6387 1743//6387
f 1743//6388 3542//6388 1742//6388
f 3542//6389 3543//6389 1742//6389
f 1742//6390 3543//6390 1741//6390
f 3543//6391 3544//6391 1741//6391
f 1741//6392 3544//6392 1740//6392
f 1740//6393 3545//6393 1739//6393
f 3544//6394 3545//6394 1740//6394
f 1739//6395 3226//6395 1729//6395
f 3545//6396 3226//6396 1739//6396
f 1729//6397 3546//6397 1728//6397
f 3226//6398 3546//6398 1729//6398
f 1728//6399 3229//6399 1726//6399
f 3546//6400 3229//6400 1728//6400
f 1726//6401 3230//6401 1727//6401
f 3229//6402 3230//6402 1726//6402
f 1727//6403 3231//6403 1738//6403
f 3230//6404 3231//6404 1727//6404
f 1738//6405 3233//6405 1737//6405
f 3231//6406 3233//6406 1738//6406
f 1737//6407 3234//6407 1736//6407
f 3233//6408 3234//6408 1737//6408
f 1736//6409 3547//6409 1735//6409
f 3234//6410 3547//6410 1736//6410
f 1735//6411 3548//6411 1734//6411
f 3547//6412 3548//6412 1735//6412
f 1734//6413 3236//6413 1733//6413
f 3548//6414 3236//6414 1734//6414
f 1733//6415 3238//6415 1732//6415
f 3236//6416 3238//6416 1733//6416
f 1732//6417 3549//6417 1731//6417
f 3238//6418 3549//6418 1732//6418
f 3549//6419 3480//6419 1731//6419
f 1731//6420 3480//6420 1730//6420
f 3550//6421 2509//6421 3883//6421
f 3882//6422 3883//6422 2509//6422
f 3551//6423 2509//6423 3550//6423
f 3552//6424 3882//6424 2509//6424
f 3553//6425 2509//6425 3551//6425
f 3554//6426 3552//6426 2509//6426
f 3884//6427 2509//6427 3553//6427
f 3881//6428 3554//6428 2509//6428
f 3885//6429 2509//6429 3884//6429
f 3880//6430 3881//6430 2509//6430
f 3886//6431 2509//6431 3885//6431
f 3879//6432 3880//6432 2509//6432
f 3887//6433 2509//6433 3886//6433
f 3555//6434 3879//6434 2509//6434
f 3556//6435 2509//6435 3887//6435
f 3878//6436 3555//6436 2509//6436
f 3888//6437 1801//6437 2509//6437
f 3888//6438 2509//6438 3556//6438
f 3877//6439 3878//6439 2509//6439
f 3889//6440 1801//6440 3888//6440
f 3876//6441 3877//6441 2509//6441
f 3890//6442 1801//6442 3889//6442
f 3557//6443 3876//6443 2509//6443
f 3558//6444 1801//6444 3890//6444
f 3875//6445 3557//6445 2509//6445
f 3891//6446 1801//6446 3558//6446
f 3874//6447 3875//6447 2509//6447
f 3559//6448 1801//6448 3891//6448
f 3873//6449 3874//6449 2509//6449
f 3560//6450 1801//6450 3559//6450
f 3872//6451 3873//6451 2509//6451
f 3892//6452 1801//6452 3560//6452
f 3871//6453 3872//6453 2509//6453
f 3893//6454 1801//6454 3892//6454
f 3870//6455 3871//6455 2509//6455
f 3894//6456 1801//6456 3893//6456
f 3561//6457 3870//6457 2509//6457
f 3562//6458 1801//6458 3894//6458
f 3563//6459 3561//6459 2509//6459
f 3895//6460 1801//6460 3562//6460
f 3869//6461 3563//6461 2509//6461
f 3564//6462 1801//6462 3895//6462
f 3868//6463 3869//6463 2509//6463
f 3565//6464 1801//6464 3564//6464
f 3867//6465 3868//6465 2509//6465
f 3566//6466 1801//6466 3565//6466
f 3866//6467 3867//6467 2509//6467
f 3567//6468 1801//6468 3566//6468
f 3865//6469 3866//6469 2509//6469
f 3568//6470 1801//6470 3567//6470
f 3864//6471 3865//6471 2509//6471
f 3896//6472 1801//6472 3568//6472
f 3863//6473 3864//6473 2509//6473
f 3569//6474 1801//6474 3896//6474
f 3862//6475 3863//6475 2509//6475
f 3897//6476 1801//6476 3569//6476
f 3861//6477 3862//6477 2509//6477
f 3787//6478 1801//6478 3897//6478
f 3570//6479 3571//6479 1801//6479
f 3570//6480 1801//6480 3787//6480
f 3788//6481 3758//6481 3571//6481
f 3788//6482 3571//6482 3570//6482
f 3789//6483 3757//6483 3758//6483
f 3789//6484 3758//6484 3788//6484
f 3790//6485 3756//6485 3757//6485
f 3790//6486 3757//6486 3789//6486
f 3791//6487 3756//6487 3790//6487
f 3791//6488 3755//6488 3756//6488
f 3792//6489 3754//6489 3755//6489
f 3792//6490 3755//6490 3791//6490
f 3793//6491 3572//6491 3754//6491
f 3793//6492 3754//6492 3792//6492
f 3794//6493 3573//6493 3572//6493
f 3794//6494 3572//6494 3793//6494
f 3574//6495 3753//6495 3573//6495
f 3574//6496 3573//6496 3794//6496
f 3795//6497 3575//6497 3752//6497
f 3795//6498 3752//6498 3753//6498
f 3795//6499 3753//6499 3574//6499
f 2151//6500 3576//6500 3861//6500
f 2151//6501 3860//6501 3576//6501
f 2151//6502 3859//6502 3860//6502
f 2151//6503 3858//6503 3859//6503
f 2151//6504 3857//6504 3858//6504
f 2151//6505 3856//6505 3857//6505
f 2151//6506 3577//6506 3856//6506
f 2151//6507 3578//6507 3577//6507
f 2151//6508 3579//6508 3578//6508
f 2151//6509 3855//6509 3579//6509
f 2151//6510 3861//6510 2509//6510
f 3854//6511 3855//6511 2151//6511
f 3580//6512 3751//6512 3575//6512
f 3580//6513 3575//6513 3795//6513
f 3581//6514 3854//6514 2151//6514
f 3582//6515 3583//6515 3751//6515
f 3582//6516 3751//6516 3580//6516
f 3584//6517 3581//6517 2151//6517
f 3796//6518 3750//6518 3583//6518
f 3796//6519 3583//6519 3582//6519
f 3853//6520 3584//6520 2151//6520
f 3585//6521 3749//6521 3750//6521
f 3585//6522 3750//6522 3796//6522
f 3586//6523 3853//6523 2151//6523
f 3587//6524 3588//6524 3749//6524
f 3587//6525 3749//6525 3585//6525
f 3852//6526 3586//6526 2151//6526
f 3589//6527 3590//6527 3588//6527
f 3589//6528 3588//6528 3587//6528
f 3851//6529 3852//6529 2151//6529
f 3591//6530 3748//6530 3590//6530
f 3591//6531 3590//6531 3589//6531
f 3592//6532 3851//6532 2151//6532
f 3797//6533 3748//6533 3591//6533
f 3797//6534 3593//6534 3748//6534
f 3850//6535 3592//6535 2151//6535
f 3594//6536 3593//6536 3797//6536
f 3594//6537 3595//6537 3593//6537
f 3849//6538 3850//6538 2151//6538
f 3596//6539 3595//6539 3594//6539
f 3596//6540 3597//6540 3595//6540
f 3598//6541 3849//6541 2151//6541
f 3599//6542 3597//6542 3596//6542
f 3599//6543 3747//6543 3597//6543
f 3848//6544 3598//6544 2151//6544
f 3600//6545 3747//6545 3599//6545
f 3600//6546 3746//6546 3747//6546
f 3601//6547 3848//6547 2151//6547
f 3602//6548 3746//6548 3600//6548
f 3602//6549 3745//6549 3746//6549
f 3603//6550 3601//6550 2151//6550
f 3604//6551 3745//6551 3602//6551
f 3604//6552 3605//6552 3745//6552
f 3606//6553 3603//6553 2151//6553
f 3798//6554 3605//6554 3604//6554
f 3798//6555 3607//6555 3605//6555
f 3608//6556 3606//6556 2151//6556
f 3609//6557 3607//6557 3798//6557
f 3609//6558 3610//6558 3607//6558
f 3847//6559 3608//6559 2151//6559
f 3611//6560 3610//6560 3609//6560
f 3611//6561 3744//6561 3610//6561
f 3612//6562 3847//6562 2151//6562
f 3799//6563 3744//6563 3611//6563
f 3743//6564 3744//6564 3799//6564
f 3846//6565 3612//6565 2151//6565
f 3613//6566 3743//6566 3799//6566
f 3845//6567 3846//6567 2151//6567
f 3742//6568 3613//6568 3614//6568
f 3742//6569 3743//6569 3613//6569
f 3615//6570 3845//6570 2151//6570
f 3616//6571 3615//6571 2151//6571
f 3617//6572 3614//6572 3618//6572
f 3617//6573 3742//6573 3614//6573
f 3844//6574 3616//6574 2151//6574
f 3619//6575 3618//6575 3620//6575
f 3619//6576 3617//6576 3618//6576
f 3621//6577 3844//6577 2151//6577
f 3622//6578 3621//6578 2151//6578
f 3623//6579 3620//6579 3624//6579
f 3623//6580 3619//6580 3620//6580
f 3625//6581 3622//6581 2151//6581
f 3843//6582 3625//6582 2151//6582
f 3626//6583 3624//6583 3627//6583
f 3626//6584 3623//6584 3624//6584
f 3741//6585 3627//6585 3628//6585
f 3741//6586 3626//6586 3627//6586
f 3740//6587 3628//6587 3629//6587
f 3740//6588 3741//6588 3628//6588
f 3739//6589 3629//6589 3630//6589
f 3739//6590 3740//6590 3629//6590
f 3631//6591 3739//6591 3630//6591
f 3631//6592 3630//6592 3632//6592
f 3738//6593 3632//6593 3633//6593
f 3738//6594 3631//6594 3632//6594
f 3634//6595 3633//6595 3800//6595
f 3634//6596 3738//6596 3633//6596
f 3635//6597 3800//6597 3636//6597
f 3635//6598 3634//6598 3800//6598
f 3637//6599 3636//6599 3638//6599
f 3637//6600 3635//6600 3636//6600
f 3737//6601 3638//6601 3801//6601
f 3737//6602 3637//6602 3638//6602
f 3736//6603 3801//6603 3639//6603
f 3736//6604 3737//6604 3801//6604
f 3735//6605 3639//6605 3640//6605
f 3735//6606 3736//6606 3639//6606
f 3734//6607 3640//6607 3802//6607
f 3734//6608 3735//6608 3640//6608
f 3733//6609 3802//6609 3803//6609
f 3733//6610 3734//6610 3802//6610
f 3732//6611 3733//6611 3803//6611
f 3732//6612 3803//6612 3641//6612
f 3642//6613 3732//6613 3641//6613
f 3642//6614 3641//6614 3643//6614
f 3644//6615 3642//6615 3643//6615
f 3644//6616 3643//6616 3804//6616
f 3645//6617 3644//6617 3804//6617
f 3645//6618 3804//6618 3646//6618
f 3731//6619 3645//6619 3646//6619
f 3731//6620 3646//6620 3805//6620
f 3730//6621 3731//6621 3805//6621
f 3730//6622 3805//6622 3806//6622
f 3729//6623 3730//6623 3806//6623
f 3729//6624 3806//6624 3807//6624
f 3647//6625 3729//6625 3807//6625
f 3647//6626 3807//6626 3808//6626
f 3728//6627 3647//6627 3808//6627
f 3728//6628 3808//6628 3809//6628
f 3648//6629 3728//6629 3809//6629
f 3648//6630 3809//6630 3649//6630
f 3650//6631 3648//6631 3649//6631
f 3651//6632 3649//6632 3810//6632
f 3651//6633 3650//6633 3649//6633
f 3761//6634 3842//6634 3843//6634
f 3761//6635 3841//6635 3842//6635
f 3761//6636 3840//6636 3841//6636
f 3761//6637 3652//6637 3840//6637
f 3761//6638 3839//6638 3652//6638
f 3761//6639 3653//6639 3839//6639
f 3761//6640 3838//6640 3653//6640
f 3761//6641 3654//6641 3838//6641
f 3761//6642 3837//6642 3654//6642
f 3761//6643 3655//6643 3837//6643
f 3761//6644 3836//6644 3655//6644
f 3761//6645 3656//6645 3836//6645
f 3761//6646 3657//6646 3656//6646
f 3761//6647 3658//6647 3657//6647
f 3761//6648 3659//6648 3658//6648
f 3761//6649 3660//6649 3659//6649
f 3761//6650 3835//6650 3660//6650
f 3761//6651 3661//6651 3835//6651
f 3761//6652 3662//6652 3661//6652
f 3761//6653 3663//6653 3662//6653
f 3761//6654 3664//6654 3663//6654
f 3761//6655 3843//6655 2151//6655
f 3786//6656 3651//6656 3810//6656
f 3786//6657 3810//6657 3811//6657
f 3665//6658 3664//6658 3761//6658
f 3665//6659 3834//6659 3664//6659
f 3785//6660 3786//6660 3811//6660
f 3785//6661 3811//6661 3666//6661
f 3667//6662 3834//6662 3665//6662
f 3667//6663 3668//6663 3834//6663
f 3669//6664 3785//6664 3666//6664
f 3669//6665 3666//6665 3670//6665
f 3671//6666 3668//6666 3667//6666
f 3671//6667 3672//6667 3668//6667
f 3784//6668 3669//6668 3670//6668
f 3784//6669 3670//6669 3673//6669
f 3674//6670 3672//6670 3671//6670
f 3674//6671 3833//6671 3672//6671
f 3675//6672 3784//6672 3673//6672
f 3675//6673 3673//6673 3812//6673
f 3762//6674 3676//6674 3833//6674
f 3762//6675 3833//6675 3674//6675
f 3783//6676 3675//6676 3812//6676
f 3783//6677 3812//6677 3813//6677
f 3677//6678 3676//6678 3762//6678
f 3677//6679 3832//6679 3676//6679
f 3782//6680 3783//6680 3813//6680
f 3782//6681 3813//6681 3678//6681
f 3763//6682 3831//6682 3832//6682
f 3763//6683 3832//6683 3677//6683
f 3781//6684 3782//6684 3678//6684
f 3781//6685 3678//6685 3814//6685
f 3764//6686 3679//6686 3831//6686
f 3764//6687 3831//6687 3763//6687
f 3680//6688 3781//6688 3814//6688
f 3680//6689 3814//6689 3681//6689
f 3682//6690 3683//6690 3679//6690
f 3682//6691 3679//6691 3764//6691
f 3780//6692 3680//6692 3681//6692
f 3780//6693 3681//6693 3684//6693
f 3685//6694 3683//6694 3682//6694
f 3685//6695 3686//6695 3683//6695
f 3687//6696 3780//6696 3684//6696
f 3687//6697 3684//6697 3688//6697
f 3689//6698 3690//6698 3686//6698
f 3689//6699 3686//6699 3685//6699
f 3779//6700 3687//6700 3688//6700
f 3779//6701 3688//6701 3815//6701
f 3765//6702 3691//6702 3690//6702
f 3765//6703 3690//6703 3689//6703
f 3778//6704 3779//6704 3815//6704
f 3778//6705 3815//6705 3816//6705
f 3692//6706 3693//6706 3691//6706
f 3692//6707 3691//6707 3765//6707
f 3777//6708 3816//6708 3694//6708
f 3777//6709 3778//6709 3816//6709
f 3766//6710 3830//6710 3693//6710
f 3766//6711 3693//6711 3692//6711
f 3695//6712 3694//6712 3696//6712
f 3695//6713 3777//6713 3694//6713
f 3767//6714 3830//6714 3766//6714
f 3767//6715 3697//6715 3830//6715
f 3698//6716 3696//6716 3699//6716
f 3698//6717 3695//6717 3696//6717
f 3768//6718 3829//6718 3697//6718
f 3768//6719 3697//6719 3767//6719
f 3700//6720 3699//6720 3817//6720
f 3700//6721 3698//6721 3699//6721
f 3701//6722 3702//6722 3829//6722
f 3701//6723 3829//6723 3768//6723
f 3703//6724 3817//6724 3704//6724
f 3703//6725 3700//6725 3817//6725
f 3705//6726 3706//6726 3702//6726
f 3705//6727 3702//6727 3701//6727
f 3707//6728 3703//6728 3704//6728
f 3707//6729 3704//6729 3708//6729
f 3709//6730 3710//6730 3706//6730
f 3709//6731 3706//6731 3705//6731
f 3711//6732 3707//6732 3708//6732
f 3711//6733 3708//6733 3712//6733
f 3713//6734 3714//6734 3710//6734
f 3713//6735 3710//6735 3709//6735
f 3776//6736 3711//6736 3712//6736
f 3776//6737 3712//6737 3818//6737
f 3769//6738 3714//6738 3713//6738
f 3769//6739 3828//6739 3714//6739
f 3775//6740 3776//6740 3818//6740
f 3775//6741 3818//6741 3819//6741
f 3715//6742 3828//6742 3769//6742
f 3715//6743 3716//6743 3828//6743
f 3717//6744 3775//6744 3819//6744
f 3718//6745 3716//6745 3715//6745
f 3718//6746 3719//6746 3716//6746
f 3774//6747 3717//6747 3819//6747
f 3774//6748 3819//6748 3820//6748
f 3720//6749 3827//6749 3719//6749
f 3720//6750 3719//6750 3718//6750
f 3721//6751 3774//6751 3820//6751
f 3721//6752 3820//6752 3821//6752
f 3722//6753 3827//6753 3720//6753
f 3722//6754 3723//6754 3827//6754
f 3773//6755 3721//6755 3821//6755
f 3773//6756 3821//6756 3822//6756
f 3770//6757 3724//6757 3723//6757
f 3770//6758 3723//6758 3722//6758
f 3772//6759 3773//6759 3822//6759
f 3772//6760 3822//6760 3823//6760
f 3725//6761 3724//6761 3770//6761
f 3725//6762 3826//6762 3724//6762
f 3726//6763 3772//6763 3823//6763
f 3726//6764 3823//6764 3824//6764
f 3727//6765 3826//6765 3725//6765
f 3727//6766 3825//6766 3826//6766
f 3771//6767 3726//6767 3824//6767
f 3771//6768 3825//6768 3727//6768
f 3771//6769 3824//6769 3825//6769
f 3650//6770 3760//6770 3648//6770
f 3760//6771 1917//6771 3648//6771
f 3648//6772 1920//6772 3728//6772
f 1917//6773 1920//6773 3648//6773
f 3728//6774 1923//6774 3647//6774
f 1920//6775 1923//6775 3728//6775
f 3647//6776 1926//6776 3729//6776
f 1923//6777 1926//6777 3647//6777
f 3729//6778 1929//6778 3730//6778
f 1926//6779 1929//6779 3729//6779
f 3730//6780 1932//6780 3731//6780
f 1929//6781 1932//6781 3730//6781
f 3731//6782 1935//6782 3645//6782
f 3645//6783 1935//6783 3644//6783
f 1932//6784 1935//6784 3731//6784
f 1935//6785 1938//6785 3644//6785
f 3644//6786 1941//6786 3642//6786
f 1938//6787 1941//6787 3644//6787
f 3642//6788 1944//6788 3732//6788
f 1941//6789 1944//6789 3642//6789
f 3732//6790 1947//6790 3733//6790
f 3733//6791 1947//6791 3734//6791
f 1944//6792 1947//6792 3732//6792
f 1947//6793 1950//6793 3734//6793
f 3734//6794 1953//6794 3735//6794
f 3735//6795 1953//6795 3736//6795
f 1950//6796 1953//6796 3734//6796
f 1953//6797 1956//6797 3736//6797
f 3736//6798 1959//6798 3737//6798
f 3737//6799 1959//6799 3637//6799
f 1956//6800 1959//6800 3736//6800
f 1959//6801 1962//6801 3637//6801
f 3637//6802 1965//6802 3635//6802
f 1962//6803 1965//6803 3637//6803
f 3635//6804 1968//6804 3634//6804
f 3634//6805 1968//6805 3738//6805
f 1965//6806 1968//6806 3635//6806
f 1968//6807 1971//6807 3738//6807
f 3738//6808 1974//6808 3631//6808
f 1971//6809 1974//6809 3738//6809
f 1974//6810 1977//6810 3631//6810
f 3631//6811 1977//6811 3739//6811
f 1977//6812 1980//6812 3739//6812
f 3739//6813 1980//6813 3740//6813
f 3740//6814 1980//6814 3741//6814
f 1980//6815 1983//6815 3741//6815
f 1983//6816 1986//6816 3741//6816
f 3741//6817 1986//6817 3626//6817
f 1986//6818 1989//6818 3626//6818
f 3626//6819 1989//6819 3623//6819
f 3623//6820 1992//6820 3619//6820
f 1989//6821 1992//6821 3623//6821
f 3619//6822 1995//6822 3617//6822
f 1992//6823 1995//6823 3619//6823
f 3617//6824 1998//6824 3742//6824
f 1995//6825 1998//6825 3617//6825
f 3742//6826 2002//6826 3743//6826
f 1998//6827 2002//6827 3742//6827
f 3743//6828 2005//6828 3744//6828
f 3744//6829 2005//6829 3610//6829
f 2002//6830 2005//6830 3743//6830
f 2005//6831 2010//6831 3610//6831
f 3610//6832 2014//6832 3607//6832
f 2010//6833 2014//6833 3610//6833
f 3607//6834 2017//6834 3605//6834
f 2014//6835 2017//6835 3607//6835
f 3605//6836 2021//6836 3745//6836
f 2017//6837 2021//6837 3605//6837
f 3745//6838 2025//6838 3746//6838
f 3746//6839 2025//6839 3747//6839
f 2021//6840 2025//6840 3745//6840
f 3747//6841 2027//6841 3597//6841
f 2025//6842 2027//6842 3747//6842
f 2027//6843 2031//6843 3597//6843
f 3597//6844 2035//6844 3595//6844
f 2031//6845 2035//6845 3597//6845
f 3595//6846 2039//6846 3593//6846
f 2035//6847 2039//6847 3595//6847
f 3593//6848 2041//6848 3748//6848
f 2039//6849 2041//6849 3593//6849
f 3748//6850 2043//6850 3590//6850
f 2041//6851 2043//6851 3748//6851
f 3590//6852 2045//6852 3588//6852
f 2043//6853 2045//6853 3590//6853
f 3588//6854 2047//6854 3749//6854
f 2045//6855 2047//6855 3588//6855
f 3749//6856 2049//6856 3750//6856
f 3750//6857 2049//6857 3583//6857
f 2047//6858 2049//6858 3749//6858
f 2049//6859 2052//6859 3583//6859
f 2052//6860 2053//6860 3583//6860
f 3583//6861 2053//6861 3751//6861
f 3751//6862 2053//6862 3575//6862
f 2053//6863 2055//6863 3575//6863
f 2055//6864 2057//6864 3575//6864
f 3575//6865 2057//6865 3752//6865
f 2057//6866 2058//6866 3752//6866
f 3752//6867 2058//6867 3753//6867
f 2058//6868 2060//6868 3753//6868
f 3753//6869 2060//6869 3573//6869
f 2060//6870 2062//6870 3573//6870
f 3573//6871 2062//6871 3572//6871
f 3572//6872 2062//6872 3754//6872
f 2062//6873 2064//6873 3754//6873
f 3754//6874 2064//6874 3755//6874
f 2064//6875 2066//6875 3755//6875
f 2066//6876 2068//6876 3755//6876
f 3755//6877 2068//6877 3756//6877
f 3756//6878 2068//6878 3757//6878
f 2068//6879 2070//6879 3757//6879
f 2070//6880 2072//6880 3757//6880
f 3757//6881 2072//6881 3758//6881
f 3758//6882 2072//6882 3571//6882
f 2072//6883 2074//6883 3571//6883
f 2074//6884 2077//6884 3571//6884
f 3571//6885 2077//6885 1801//6885
f 3651//6886 3759//6886 3760//6886
f 3651//6887 3760//6887 3650//6887
f 3761//6888 1912//6888 3665//6888
f 2148//6889 1912//6889 3761//6889
f 3665//6890 1908//6890 3667//6890
f 1912//6891 1908//6891 3665//6891
f 3667//6892 1904//6892 3671//6892
f 1908//6893 1904//6893 3667//6893
f 3671//6894 1900//6894 3674//6894
f 1904//6895 1900//6895 3671//6895
f 3674//6896 1896//6896 3762//6896
f 3762//6897 1896//6897 3677//6897
f 1900//6898 1896//6898 3674//6898
f 1896//6899 1892//6899 3677//6899
f 3677//6900 1888//6900 3763//6900
f 3763//6901 1888//6901 3764//6901
f 1892//6902 1888//6902 3677//6902
f 1888//6903 1884//6903 3764//6903
f 3764//6904 1880//6904 3682//6904
f 1884//6905 1880//6905 3764//6905
f 3682//6906 1876//6906 3685//6906
f 3685//6907 1876//6907 3689//6907
f 1880//6908 1876//6908 3682//6908
f 1876//6909 1872//6909 3689//6909
f 3689//6910 1868//6910 3765//6910
f 1872//6911 1868//6911 3689//6911
f 3765//6912 1864//6912 3692//6912
f 1868//6913 1864//6913 3765//6913
f 3692//6914 1860//6914 3766//6914
f 3766//6915 1860//6915 3767//6915
f 1864//6916 1860//6916 3692//6916
f 1860//6917 1857//6917 3767//6917
f 3767//6918 1852//6918 3768//6918
f 3768//6919 1852//6919 3701//6919
f 1857//6920 1852//6920 3767//6920
f 1852//6921 1848//6921 3701//6921
f 3701//6922 1845//6922 3705//6922
f 1848//6923 1845//6923 3701//6923
f 3705//6924 1841//6924 3709//6924
f 1845//6925 1841//6925 3705//6925
f 3709//6926 1837//6926 3713//6926
f 3713//6927 1837//6927 3769//6927
f 1841//6928 1837//6928 3709//6928
f 1837//6929 1833//6929 3769//6929
f 1833//6930 1829//6930 3769//6930
f 3769//6931 1829//6931 3715//6931
f 3715//6932 1829//6932 3718//6932
f 1829//6933 1824//6933 3718//6933
f 1824//6934 1820//6934 3718//6934
f 3718//6935 1820//6935 3720//6935
f 1820//6936 1816//6936 3720//6936
f 3720//6937 1816//6937 3722//6937
f 3722//6938 1810//6938 3770//6938
f 1816//6939 1810//6939 3722//6939
f 3770//6940 1808//6940 3725//6940
f 1810//6941 1808//6941 3770//6941
f 3725//6942 1802//6942 3727//6942
f 3727//6943 1802//6943 3771//6943
f 1808//6944 1802//6944 3725//6944
f 1802//6945 1804//6945 3771//6945
f 3771//6946 1805//6946 3726//6946
f 1804//6947 1805//6947 3771//6947
f 3726//6948 1807//6948 3772//6948
f 3772//6949 1807//6949 3773//6949
f 1805//6950 1807//6950 3726//6950
f 1807//6951 1813//6951 3773//6951
f 3773//6952 1815//6952 3721//6952
f 1813//6953 1815//6953 3773//6953
f 3721//6954 1819//6954 3774//6954
f 1815//6955 1819//6955 3721//6955
f 3774//6956 1823//6956 3717//6956
f 3717//6957 1823//6957 3775//6957
f 1819//6958 1823//6958 3774//6958
f 1823//6959 1827//6959 3775//6959
f 3775//6960 1831//6960 3776//6960
f 1827//6961 1831//6961 3775//6961
f 3776//6962 1835//6962 3711//6962
f 1831//6963 1835//6963 3776//6963
f 3711//6964 1839//6964 3707//6964
f 3707//6965 1839//6965 3703//6965
f 1835//6966 1839//6966 3711//6966
f 1839//6967 1843//6967 3703//6967
f 3703//6968 1847//6968 3700//6968
f 1843//6969 1847//6969 3703//6969
f 3700//6970 1851//6970 3698//6970
f 1847//6971 1851//6971 3700//6971
f 3698//6972 1855//6972 3695//6972
f 3695//6973 1855//6973 3777//6973
f 1851//6974 1855//6974 3698//6974
f 3777//6975 1859//6975 3778//6975
f 1855//6976 1859//6976 3777//6976
f 1859//6977 1863//6977 3778//6977
f 3778//6978 1863//6978 3779//6978
f 1863//6979 1867//6979 3779//6979
f 1867//6980 1871//6980 3779//6980
f 3779//6981 1871//6981 3687//6981
f 3687//6982 1871//6982 3780//6982
f 1871//6983 1875//6983 3780//6983
f 1875//6984 1879//6984 3780//6984
f 3780//6985 1879//6985 3680//6985
f 3680//6986 1879//6986 3781//6986
f 1879//6987 1883//6987 3781//6987
f 3781//6988 1883//6988 3782//6988
f 1883//6989 1887//6989 3782//6989
f 1887//6990 1891//6990 3782//6990
f 3782//6991 1891//6991 3783//6991
f 1891//6992 1895//6992 3783//6992
f 3783//6993 1895//6993 3675//6993
f 1895//6994 1899//6994 3675//6994
f 3675//6995 1899//6995 3784//6995
f 1899//6996 1903//6996 3784//6996
f 3784//6997 1903//6997 3669//6997
f 3669//6998 1903//6998 3785//6998
f 1903//6999 1907//6999 3785//6999
f 1907//7000 1911//7000 3785//7000
f 3785//7001 1911//7001 3786//7001
f 1911//7002 3759//7002 3786//7002
f 3786//7003 3759//7003 3651//7003
f 3787//7004 2081//7004 2075//7004
f 3570//7005 3787//7005 2075//7005
f 3570//7006 2075//7006 2073//7006
f 3788//7007 3570//7007 2073//7007
f 3788//7008 2073//7008 2071//7008
f 3789//7009 3788//7009 2071//7009
f 3789//7010 2071//7010 2069//7010
f 3790//7011 3789//7011 2069//7011
f 3790//7012 2069//7012 2067//7012
f 3791//7013 3790//7013 2067//7013
f 3791//7014 2067//7014 2065//7014
f 3792//7015 3791//7015 2065//7015
f 3792//7016 2065//7016 2063//7016
f 3793//7017 2063//7017 2061//7017
f 3793//7018 3792//7018 2063//7018
f 3794//7019 2061//7019 2059//7019
f 3794//7020 3793//7020 2061//7020
f 3574//7021 2059//7021 2056//7021
f 3574//7022 3794//7022 2059//7022
f 3795//7023 2056//7023 2054//7023
f 3795//7024 3574//7024 2056//7024
f 3580//7025 3795//7025 2054//7025
f 3580//7026 2054//7026 2051//7026
f 3582//7027 3580//7027 2051//7027
f 3582//7028 2051//7028 2050//7028
f 3796//7029 3582//7029 2050//7029
f 3796//7030 2050//7030 2048//7030
f 3585//7031 3796//7031 2048//7031
f 3585//7032 2048//7032 2046//7032
f 3587//7033 3585//7033 2046//7033
f 3587//7034 2046//7034 2044//7034
f 3589//7035 3587//7035 2044//7035
f 3589//7036 2044//7036 2042//7036
f 3591//7037 3589//7037 2042//7037
f 3591//7038 2042//7038 2040//7038
f 3797//7039 3591//7039 2040//7039
f 3797//7040 2040//7040 2036//7040
f 3594//7041 3797//7041 2036//7041
f 3594//7042 2036//7042 2032//7042
f 3596//7043 3594//7043 2032//7043
f 3596//7044 2032//7044 2028//7044
f 3599//7045 3596//7045 2028//7045
f 3599//7046 2028//7046 2024//7046
f 3600//7047 3599//7047 2024//7047
f 3600//7048 2024//7048 2020//7048
f 3602//7049 3600//7049 2020//7049
f 3602//7050 2020//7050 2016//7050
f 3604//7051 3602//7051 2016//7051
f 3604//7052 2016//7052 2013//7052
f 3798//7053 3604//7053 2013//7053
f 3798//7054 2013//7054 2009//7054
f 3609//7055 3798//7055 2009//7055
f 3609//7056 2009//7056 2006//7056
f 3611//7057 2006//7057 2003//7057
f 3611//7058 3609//7058 2006//7058
f 3799//7059 3611//7059 2003//7059
f 3799//7060 2003//7060 2000//7060
f 3613//7061 2000//7061 1997//7061
f 3613//7062 3799//7062 2000//7062
f 3614//7063 1997//7063 1994//7063
f 3614//7064 3613//7064 1997//7064
f 3618//7065 1994//7065 1991//7065
f 3618//7066 3614//7066 1994//7066
f 3620//7067 1991//7067 1988//7067
f 3620//7068 3618//7068 1991//7068
f 3624//7069 1988//7069 1985//7069
f 3624//7070 3620//7070 1988//7070
f 3627//7071 1985//7071 1982//7071
f 3627//7072 3624//7072 1985//7072
f 3628//7073 3627//7073 1982//7073
f 3628//7074 1982//7074 1979//7074
f 3629//7075 3628//7075 1979//7075
f 3629//7076 1979//7076 1976//7076
f 3630//7077 3629//7077 1976//7077
f 3630//7078 1976//7078 1973//7078
f 3632//7079 3630//7079 1973//7079
f 3632//7080 1973//7080 1970//7080
f 3633//7081 3632//7081 1970//7081
f 3633//7082 1970//7082 1967//7082
f 3800//7083 3633//7083 1967//7083
f 3800//7084 1967//7084 1964//7084
f 3636//7085 3800//7085 1964//7085
f 3636//7086 1964//7086 1961//7086
f 3638//7087 3636//7087 1961//7087
f 3638//7088 1961//7088 1958//7088
f 3801//7089 3638//7089 1958//7089
f 3801//7090 1958//7090 1955//7090
f 3639//7091 3801//7091 1955//7091
f 3639//7092 1955//7092 1952//7092
f 3640//7093 3639//7093 1952//7093
f 3640//7094 1952//7094 1949//7094
f 3802//7095 3640//7095 1949//7095
f 3802//7096 1949//7096 1946//7096
f 3803//7097 3802//7097 1946//7097
f 3803//7098 1946//7098 1943//7098
f 3641//7099 1943//7099 1940//7099
f 3641//7100 3803//7100 1943//7100
f 3643//7101 3641//7101 1940//7101
f 3643//7102 1940//7102 1937//7102
f 3804//7103 1937//7103 1934//7103
f 3804//7104 3643//7104 1937//7104
f 3646//7105 1934//7105 1931//7105
f 3646//7106 3804//7106 1934//7106
f 3805//7107 1931//7107 1928//7107
f 3805//7108 3646//7108 1931//7108
f 3806//7109 1928//7109 1925//7109
f 3806//7110 3805//7110 1928//7110
f 3807//7111 1925//7111 1922//7111
f 3807//7112 3806//7112 1925//7112
f 3808//7113 1922//7113 1919//7113
f 3808//7114 3807//7114 1922//7114
f 3809//7115 1919//7115 1916//7115
f 3809//7116 3808//7116 1919//7116
f 3649//7117 1916//7117 1914//7117
f 3649//7118 3809//7118 1916//7118
f 3810//7119 1914//7119 1910//7119
f 3810//7120 3649//7120 1914//7120
f 3811//7121 1910//7121 1906//7121
f 3811//7122 3810//7122 1910//7122
f 3666//7123 3811//7123 1906//7123
f 3666//7124 1906//7124 1902//7124
f 3670//7125 3666//7125 1902//7125
f 3670//7126 1902//7126 1898//7126
f 3673//7127 3670//7127 1898//7127
f 3673//7128 1898//7128 1894//7128
f 3812//7129 3673//7129 1894//7129
f 3812//7130 1894//7130 1890//7130
f 3813//7131 3812//7131 1890//7131
f 3813//7132 1890//7132 1886//7132
f 3678//7133 3813//7133 1886//7133
f 3678//7134 1886//7134 1882//7134
f 3814//7135 3678//7135 1882//7135
f 3814//7136 1882//7136 1878//7136
f 3681//7137 3814//7137 1878//7137
f 3681//7138 1878//7138 1874//7138
f 3684//7139 1874//7139 1870//7139
f 3684//7140 3681//7140 1874//7140
f 3688//7141 3684//7141 1870//7141
f 3688//7142 1870//7142 1866//7142
f 3815//7143 1866//7143 1862//7143
f 3815//7144 3688//7144 1866//7144
f 3816//7145 1862//7145 1858//7145
f 3816//7146 3815//7146 1862//7146
f 3694//7147 1858//7147 1854//7147
f 3694//7148 3816//7148 1858//7148
f 3696//7149 1854//7149 1850//7149
f 3696//7150 3694//7150 1854//7150
f 3699//7151 1850//7151 1846//7151
f 3699//7152 3696//7152 1850//7152
f 3817//7153 1846//7153 1842//7153
f 3817//7154 3699//7154 1846//7154
f 3704//7155 1842//7155 1838//7155
f 3704//7156 3817//7156 1842//7156
f 3708//7157 1838//7157 1834//7157
f 3708//7158 3704//7158 1838//7158
f 3712//7159 1834//7159 1830//7159
f 3712//7160 3708//7160 1834//7160
f 3818//7161 1830//7161 1826//7161
f 3818//7162 3712//7162 1830//7162
f 3819//7163 1826//7163 1822//7163
f 3819//7164 3818//7164 1826//7164
f 3820//7165 1822//7165 1818//7165
f 3820//7166 3819//7166 1822//7166
f 3821//7167 1818//7167 1814//7167
f 3821//7168 3820//7168 1818//7168
f 3822//7169 1814//7169 1812//7169
f 3822//7170 3821//7170 1814//7170
f 3823//7171 1812//7171 1806//7171
f 3823//7172 3822//7172 1812//7172
f 3824//7173 1806//7173 1803//7173
f 3824//7174 3823//7174 1806//7174
f 3825//7175 1803//7175 1809//7175
f 3825//7176 3824//7176 1803//7176
f 3826//7177 3825//7177 1809//7177
f 3826//7178 1809//7178 1811//7178
f 3724//7179 1811//7179 1817//7179
f 3724//7180 3826//7180 1811//7180
f 3723//7181 3724//7181 1817//7181
f 3723//7182 1817//7182 1821//7182
f 3827//7183 1821//7183 1825//7183
f 3827//7184 3723//7184 1821//7184
f 3719//7185 1825//7185 1828//7185
f 3719//7186 3827//7186 1825//7186
f 3716//7187 1828//7187 1832//7187
f 3716//7188 3719//7188 1828//7188
f 3828//7189 1832//7189 1836//7189
f 3828//7190 3716//7190 1832//7190
f 3714//7191 1836//7191 1840//7191
f 3714//7192 3828//7192 1836//7192
f 3710//7193 1840//7193 1844//7193
f 3710//7194 3714//7194 1840//7194
f 3706//7195 1844//7195 1849//7195
f 3706//7196 3710//7196 1844//7196
f 3702//7197 1849//7197 1853//7197
f 3702//7198 3706//7198 1849//7198
f 3829//7199 1853//7199 1856//7199
f 3829//7200 3702//7200 1853//7200
f 3697//7201 1856//7201 1861//7201
f 3697//7202 3829//7202 1856//7202
f 3830//7203 3697//7203 1861//7203
f 3830//7204 1861//7204 1865//7204
f 3693//7205 3830//7205 1865//7205
f 3693//7206 1865//7206 1869//7206
f 3691//7207 3693//7207 1869//7207
f 3691//7208 1869//7208 1873//7208
f 3690//7209 3691//7209 1873//7209
f 3690//7210 1873//7210 1877//7210
f 3686//7211 3690//7211 1877//7211
f 3686//7212 1877//7212 1881//7212
f 3683//7213 3686//7213 1881//7213
f 3683//7214 1881//7214 1885//7214
f 3679//7215 3683//7215 1885//7215
f 3679//7216 1885//7216 1889//7216
f 3831//7217 3679//7217 1889//7217
f 3831//7218 1889//7218 1893//7218
f 3832//7219 1893//7219 1897//7219
f 3832//7220 3831//7220 1893//7220
f 3676//7221 1897//7221 1901//7221
f 3676//7222 3832//7222 1897//7222
f 3833//7223 1901//7223 1905//7223
f 3833//7224 3676//7224 1901//7224
f 3672//7225 1905//7225 1909//7225
f 3672//7226 3833//7226 1905//7226
f 3668//7227 3672//7227 1909//7227
f 3668//7228 1909//7228 1913//7228
f 3834//7229 3668//7229 1913//7229
f 3834//7230 1913//7230 1915//7230
f 3664//7231 3834//7231 1915//7231
f 3664//7232 1915//7232 1918//7232
f 3663//7233 3664//7233 1918//7233
f 3663//7234 1918//7234 1921//7234
f 3662//7235 3663//7235 1921//7235
f 3662//7236 1921//7236 1924//7236
f 3661//7237 3662//7237 1924//7237
f 3661//7238 1924//7238 1927//7238
f 3835//7239 3661//7239 1927//7239
f 3835//7240 1927//7240 1930//7240
f 3660//7241 3835//7241 1930//7241
f 3660//7242 1930//7242 1933//7242
f 3659//7243 3660//7243 1933//7243
f 3659//7244 1933//7244 1936//7244
f 3658//7245 3659//7245 1936//7245
f 3658//7246 1936//7246 1939//7246
f 3657//7247 3658//7247 1939//7247
f 3657//7248 1939//7248 1942//7248
f 3656//7249 3657//7249 1942//7249
f 3656//7250 1942//7250 1945//7250
f 3836//7251 3656//7251 1945//7251
f 3836//7252 1945//7252 1948//7252
f 3655//7253 3836//7253 1948//7253
f 3655//7254 1948//7254 1951//7254
f 3837//7255 3655//7255 1951//7255
f 3837//7256 1951//7256 1954//7256
f 3654//7257 3837//7257 1954//7257
f 3654//7258 1954//7258 1957//7258
f 3838//7259 1957//7259 1960//7259
f 3838//7260 3654//7260 1957//7260
f 3653//7261 3838//7261 1960//7261
f 3653//7262 1960//7262 1963//7262
f 3839//7263 1963//7263 1966//7263
f 3839//7264 3653//7264 1963//7264
f 3652//7265 1966//7265 1969//7265
f 3652//7266 3839//7266 1966//7266
f 3840//7267 1969//7267 1972//7267
f 3840//7268 3652//7268 1969//7268
f 3841//7269 1972//7269 1975//7269
f 3841//7270 3840//7270 1972//7270
f 3842//7271 1975//7271 1978//7271
f 3842//7272 3841//7272 1975//7272
f 3843//7273 1978//7273 1981//7273
f 3843//7274 3842//7274 1978//7274
f 3625//7275 3843//7275 1981//7275
f 3625//7276 1981//7276 1984//7276
f 3622//7277 3625//7277 1984//7277
f 3622//7278 1984//7278 1987//7278
f 3621//7279 3622//7279 1987//7279
f 3621//7280 1987//7280 1990//7280
f 3844//7281 3621//7281 1990//7281
f 3844//7282 1990//7282 1993//7282
f 3616//7283 3844//7283 1993//7283
f 3616//7284 1993//7284 1996//7284
f 3615//7285 3616//7285 1996//7285
f 3615//7286 1996//7286 1999//7286
f 3845//7287 3615//7287 1999//7287
f 3845//7288 1999//7288 2001//7288
f 3846//7289 3845//7289 2001//7289
f 3846//7290 2001//7290 2004//7290
f 3612//7291 3846//7291 2004//7291
f 3612//7292 2004//7292 2007//7292
f 3847//7293 3612//7293 2007//7293
f 3847//7294 2007//7294 2008//7294
f 3608//7295 3847//7295 2008//7295
f 3608//7296 2008//7296 2011//7296
f 3606//7297 3608//7297 2011//7297
f 3606//7298 2011//7298 2012//7298
f 3603//7299 3606//7299 2012//7299
f 3603//7300 2012//7300 2015//7300
f 3601//7301 3603//7301 2015//7301
f 3601//7302 2015//7302 2018//7302
f 3848//7303 2018//7303 2019//7303
f 3848//7304 3601//7304 2018//7304
f 3598//7305 2019//7305 2022//7305
f 3598//7306 3848//7306 2019//7306
f 3849//7307 2022//7307 2023//7307
f 3849//7308 3598//7308 2022//7308
f 3850//7309 2023//7309 2026//7309
f 3850//7310 3849//7310 2023//7310
f 3592//7311 2026//7311 2029//7311
f 3592//7312 3850//7312 2026//7312
f 3851//7313 2029//7313 2030//7313
f 3851//7314 3592//7314 2029//7314
f 3852//7315 2030//7315 2033//7315
f 3852//7316 3851//7316 2030//7316
f 3586//7317 2033//7317 2034//7317
f 3586//7318 3852//7318 2033//7318
f 3853//7319 2034//7319 2037//7319
f 3853//7320 3586//7320 2034//7320
f 3584//7321 2037//7321 2038//7321
f 3584//7322 3853//7322 2037//7322
f 3581//7323 2038//7323 2146//7323
f 3581//7324 3584//7324 2038//7324
f 3854//7325 3581//7325 2146//7325
f 3854//7326 2146//7326 2145//7326
f 3855//7327 3854//7327 2145//7327
f 3855//7328 2145//7328 2144//7328
f 3579//7329 3855//7329 2144//7329
f 3579//7330 2144//7330 2143//7330
f 3578//7331 3579//7331 2143//7331
f 3578//7332 2143//7332 2142//7332
f 3577//7333 3578//7333 2142//7333
f 3577//7334 2142//7334 2141//7334
f 3856//7335 3577//7335 2141//7335
f 3856//7336 2141//7336 2140//7336
f 3857//7337 3856//7337 2140//7337
f 3857//7338 2140//7338 2139//7338
f 3858//7339 3857//7339 2139//7339
f 3858//7340 2139//7340 2138//7340
f 3859//7341 2138//7341 2137//7341
f 3859//7342 3858//7342 2138//7342
f 3860//7343 2137//7343 2136//7343
f 3860//7344 3859//7344 2137//7344
f 3576//7345 2136//7345 2124//7345
f 3576//7346 3860//7346 2136//7346
f 3861//7347 3576//7347 2124//7347
f 3861//7348 2124//7348 2125//7348
f 3862//7349 3861//7349 2125//7349
f 3862//7350 2125//7350 2126//7350
f 3863//7351 2126//7351 2127//7351
f 3863//7352 3862//7352 2126//7352
f 3864//7353 2127//7353 2128//7353
f 3864//7354 3863//7354 2127//7354
f 3865//7355 2128//7355 2129//7355
f 3865//7356 3864//7356 2128//7356
f 3866//7357 2129//7357 2130//7357
f 3866//7358 3865//7358 2129//7358
f 3867//7359 2130//7359 2131//7359
f 3867//7360 3866//7360 2130//7360
f 3868//7361 2131//7361 2132//7361
f 3868//7362 3867//7362 2131//7362
f 3869//7363 2132//7363 2133//7363
f 3869//7364 3868//7364 2132//7364
f 3563//7365 2133//7365 2134//7365
f 3563//7366 3869//7366 2133//7366
f 3561//7367 2134//7367 2135//7367
f 3561//7368 3563//7368 2134//7368
f 3870//7369 2135//7369 2123//7369
f 3870//7370 3561//7370 2135//7370
f 3871//7371 2123//7371 2122//7371
f 3871//7372 3870//7372 2123//7372
f 3872//7373 2122//7373 2121//7373
f 3872//7374 3871//7374 2122//7374
f 3873//7375 2121//7375 2120//7375
f 3873//7376 3872//7376 2121//7376
f 3874//7377 3873//7377 2120//7377
f 3874//7378 2120//7378 2119//7378
f 3875//7379 3874//7379 2119//7379
f 3875//7380 2119//7380 2118//7380
f 3557//7381 3875//7381 2118//7381
f 3557//7382 2118//7382 2117//7382
f 3876//7383 3557//7383 2117//7383
f 3876//7384 2117//7384 2116//7384
f 3877//7385 3876//7385 2116//7385
f 3877//7386 2116//7386 2115//7386
f 3878//7387 3877//7387 2115//7387
f 3878//7388 2115//7388 2114//7388
f 3555//7389 3878//7389 2114//7389
f 3555//7390 2114//7390 2113//7390
f 3879//7391 3555//7391 2113//7391
f 3879//7392 2113//7392 2112//7392
f 3880//7393 3879//7393 2112//7393
f 3880//7394 2112//7394 2111//7394
f 3881//7395 2111//7395 2110//7395
f 3881//7396 3880//7396 2111//7396
f 3554//7397 2110//7397 2109//7397
f 3554//7398 3881//7398 2110//7398
f 3552//7399 2109//7399 2108//7399
f 3552//7400 3554//7400 2109//7400
f 3882//7401 2108//7401 2107//7401
f 3882//7402 3552//7402 2108//7402
f 3883//7403 2107//7403 2106//7403
f 3883//7404 3882//7404 2107//7404
f 3550//7405 2106//7405 2105//7405
f 3550//7406 3883//7406 2106//7406
f 3551//7407 2105//7407 2104//7407
f 3551//7408 3550//7408 2105//7408
f 3553//7409 2104//7409 2103//7409
f 3553//7410 3551//7410 2104//7410
f 3884//7411 2103//7411 2102//7411
f 3884//7412 3553//7412 2103//7412
f 3885//7413 2102//7413 2101//7413
f 3885//7414 3884//7414 2102//7414
f 3886//7415 2101//7415 2100//7415
f 3886//7416 3885//7416 2101//7416
f 3887//7417 2100//7417 2099//7417
f 3887//7418 3886//7418 2100//7418
f 3556//7419 2099//7419 2098//7419
f 3556//7420 3887//7420 2099//7420
f 3888//7421 2098//7421 2097//7421
f 3888//7422 3556//7422 2098//7422
f 3889//7423 2097//7423 2096//7423
f 3889//7424 3888//7424 2097//7424
f 3890//7425 2096//7425 2095//7425
f 3890//7426 3889//7426 2096//7426
f 3558//7427 3890//7427 2095//7427
f 3558//7428 2095//7428 2094//7428
f 3891//7429 3558//7429 2094//7429
f 3891//7430 2094//7430 2093//7430
f 3559//7431 3891//7431 2093//7431
f 3559//7432 2093//7432 2092//7432
f 3560//7433 3559//7433 2092//7433
f 3560//7434 2092//7434 2091//7434
f 3892//7435 2091//7435 2090//7435
f 3892//7436 3560//7436 2091//7436
f 3893//7437 2090//7437 2080//7437
f 3893//7438 3892//7438 2090//7438
f 3894//7439 2080//7439 2079//7439
f 3894//7440 3893//7440 2080//7440
f 3562//7441 2079//7441 2076//7441
f 3562//7442 3894//7442 2079//7442
f 3895//7443 2076//7443 2078//7443
f 3895//7444 3562//7444 2076//7444
f 3564//7445 2078//7445 2089//7445
f 3564//7446 3895//7446 2078//7446
f 3565//7447 2089//7447 2088//7447
f 3565//7448 3564//7448 2089//7448
f 3566//7449 2088//7449 2087//7449
f 3566//7450 3565//7450 2088//7450
f 3567//7451 2087//7451 2086//7451
f 3567//7452 3566//7452 2087//7452
f 3568//7453 2086//7453 2085//7453
f 3568//7454 3567//7454 2086//7454
f 3896//7455 2085//7455 2084//7455
f 3896//7456 3568//7456 2085//7456
f 3569//7457 2084//7457 2083//7457
f 3569//7458 3896//7458 2084//7458
f 3897//7459 2083//7459 2082//7459
f 3897//7460 3569//7460 2083//7460
f 3787//7461 3897//7461 2082//7461
f 3787//7462 2082//7462 2081//7462
f 2507//7463 4238//7463 4237//7463
f 4237//7464 4236//7464 2507//7464
f 2507//7465 3898//7465 4238//7465
f 4236//7466 4235//7466 2507//7466
f 2507//7467 3899//7467 3898//7467
f 4235//7468 3900//7468 2507//7468
f 2507//7469 3901//7469 3899//7469
f 3900//7470 3902//7470 2507//7470
f 2507//7471 3903//7471 3901//7471
f 3902//7472 3904//7472 2507//7472
f 2507//7473 4239//7473 3903//7473
f 3904//7474 4234//7474 2507//7474
f 2507//7475 3905//7475 4239//7475
f 4234//7476 4233//7476 2507//7476
f 2507//7477 3906//7477 3905//7477
f 4233//7478 4232//7478 2507//7478
f 2501//7479 4240//7479 2507//7479
f 2507//7480 4240//7480 3906//7480
f 4232//7481 3907//7481 2507//7481
f 2501//7482 3908//7482 4240//7482
f 3907//7483 3909//7483 2507//7483
f 2501//7484 3910//7484 3908//7484
f 3909//7485 3911//7485 2507//7485
f 2501//7486 3912//7486 3910//7486
f 3911//7487 4231//7487 2507//7487
f 2501//7488 3913//7488 3912//7488
f 4231//7489 3914//7489 2507//7489
f 2501//7490 3915//7490 3913//7490
f 3914//7491 4230//7491 2507//7491
f 2501//7492 3916//7492 3915//7492
f 4230//7493 3917//7493 2507//7493
f 2501//7494 3918//7494 3916//7494
f 3917//7495 3919//7495 2507//7495
f 2501//7496 3920//7496 3918//7496
f 3919//7497 3921//7497 2507//7497
f 2501//7498 3922//7498 3920//7498
f 3921//7499 3923//7499 2507//7499
f 2501//7500 3924//7500 3922//7500
f 3923//7501 3925//7501 2507//7501
f 2501//7502 3926//7502 3924//7502
f 3925//7503 3927//7503 2507//7503
f 2501//7504 3928//7504 3926//7504
f 3927//7505 3929//7505 2507//7505
f 2501//7506 3930//7506 3928//7506
f 3929//7507 3931//7507 2507//7507
f 2501//7508 4241//7508 3930//7508
f 3931//7509 3932//7509 2507//7509
f 2501//7510 3933//7510 4241//7510
f 3932//7511 4229//7511 2507//7511
f 2501//7512 3934//7512 3933//7512
f 4229//7513 4228//7513 2507//7513
f 2501//7514 3935//7514 3934//7514
f 4228//7515 4227//7515 2507//7515
f 2501//7516 4242//7516 3935//7516
f 4227//7517 4226//7517 2507//7517
f 2501//7518 3936//7518 4242//7518
f 4226//7519 3937//7519 2507//7519
f 2501//7520 3938//7520 3936//7520
f 3939//7521 3940//7521 2501//7521
f 2501//7522 3940//7522 3938//7522
f 3939//7523 3941//7523 3940//7523
f 3942//7524 3941//7524 3939//7524
f 3943//7525 3944//7525 3942//7525
f 3942//7526 3944//7526 3941//7526
f 4162//7527 3945//7527 3943//7527
f 3943//7528 3945//7528 3944//7528
f 3946//7529 3947//7529 4162//7529
f 4162//7530 3947//7530 3945//7530
f 3948//7531 4163//7531 3946//7531
f 3946//7532 4163//7532 3947//7532
f 3949//7533 3950//7533 3948//7533
f 3948//7534 3950//7534 4163//7534
f 3951//7535 3952//7535 3949//7535
f 3949//7536 3952//7536 3950//7536
f 3953//7537 3954//7537 3951//7537
f 3951//7538 3954//7538 3952//7538
f 4161//7539 4164//7539 3955//7539
f 3955//7540 4164//7540 3953//7540
f 3953//7541 4164//7541 3954//7541
f 3937//7542 2508//7542 2507//7542
f 3956//7543 2508//7543 3937//7543
f 3957//7544 2508//7544 3956//7544
f 3958//7545 2508//7545 3957//7545
f 3959//7546 2508//7546 3958//7546
f 3960//7547 2508//7547 3959//7547
f 4225//7548 2508//7548 3960//7548
f 4224//7549 2508//7549 4225//7549
f 4223//7550 2508//7550 4224//7550
f 4222//7551 2508//7551 4223//7551
f 4221//7552 2508//7552 4222//7552
f 4221//7553 4220//7553 2508//7553
f 4160//7554 3961//7554 4161//7554
f 4161//7555 3961//7555 4164//7555
f 4220//7556 3962//7556 2508//7556
f 4159//7557 3963//7557 4160//7557
f 4160//7558 3963//7558 3961//7558
f 3962//7559 3964//7559 2508//7559
f 4158//7560 4165//7560 4159//7560
f 4159//7561 4165//7561 3963//7561
f 3964//7562 3965//7562 2508//7562
f 4157//7563 3966//7563 4158//7563
f 4158//7564 3966//7564 4165//7564
f 3965//7565 3967//7565 2508//7565
f 4156//7566 4166//7566 4157//7566
f 4157//7567 4166//7567 3966//7567
f 3967//7568 3968//7568 2508//7568
f 3969//7569 3970//7569 4156//7569
f 4156//7570 3970//7570 4166//7570
f 3968//7571 3971//7571 2508//7571
f 3972//7572 3973//7572 3969//7572
f 3969//7573 3973//7573 3970//7573
f 3971//7574 4219//7574 2508//7574
f 3972//7575 3974//7575 3973//7575
f 3975//7576 3974//7576 3972//7576
f 4219//7577 4218//7577 2508//7577
f 3975//7578 4167//7578 3974//7578
f 3976//7579 4167//7579 3975//7579
f 4218//7580 3977//7580 2508//7580
f 3976//7581 3978//7581 4167//7581
f 3979//7582 3978//7582 3976//7582
f 3977//7583 3980//7583 2508//7583
f 3979//7584 3981//7584 3978//7584
f 3982//7585 3981//7585 3979//7585
f 3980//7586 3983//7586 2508//7586
f 3982//7587 3984//7587 3981//7587
f 3985//7588 3984//7588 3982//7588
f 3983//7589 3986//7589 2508//7589
f 3985//7590 3987//7590 3984//7590
f 3988//7591 3987//7591 3985//7591
f 3986//7592 4217//7592 2508//7592
f 3988//7593 3989//7593 3987//7593
f 3990//7594 3989//7594 3988//7594
f 4217//7595 3991//7595 2508//7595
f 3990//7596 3992//7596 3989//7596
f 4155//7597 3992//7597 3990//7597
f 3991//7598 4216//7598 2508//7598
f 3993//7599 3994//7599 4155//7599
f 4155//7600 3994//7600 3992//7600
f 4216//7601 4215//7601 2508//7601
f 3993//7602 3995//7602 3994//7602
f 3996//7603 3995//7603 3993//7603
f 4215//7604 4214//7604 2508//7604
f 3996//7605 3997//7605 3995//7605
f 3996//7606 4154//7606 3997//7606
f 4214//7607 4213//7607 2508//7607
f 4154//7608 3998//7608 3997//7608
f 4213//7609 3999//7609 2508//7609
f 3998//7610 4000//7610 4001//7610
f 4154//7611 4000//7611 3998//7611
f 3999//7612 4002//7612 2508//7612
f 4002//7613 4003//7613 2508//7613
f 4001//7614 4153//7614 4004//7614
f 4000//7615 4153//7615 4001//7615
f 4003//7616 4212//7616 2508//7616
f 4004//7617 4005//7617 4168//7617
f 4153//7618 4005//7618 4004//7618
f 4212//7619 4211//7619 2508//7619
f 4211//7620 4210//7620 2508//7620
f 4168//7621 4152//7621 4006//7621
f 4005//7622 4152//7622 4168//7622
f 4210//7623 4007//7623 2508//7623
f 4007//7624 4209//7624 2508//7624
f 4006//7625 4008//7625 4009//7625
f 4152//7626 4008//7626 4006//7626
f 4009//7627 4010//7627 4011//7627
f 4008//7628 4010//7628 4009//7628
f 4011//7629 4012//7629 4013//7629
f 4010//7630 4012//7630 4011//7630
f 4013//7631 4151//7631 4169//7631
f 4012//7632 4151//7632 4013//7632
f 4151//7633 4150//7633 4169//7633
f 4169//7634 4150//7634 4014//7634
f 4014//7635 4015//7635 4016//7635
f 4150//7636 4015//7636 4014//7636
f 4016//7637 4017//7637 4018//7637
f 4015//7638 4017//7638 4016//7638
f 4018//7639 4019//7639 4020//7639
f 4017//7640 4019//7640 4018//7640
f 4020//7641 4149//7641 4170//7641
f 4019//7642 4149//7642 4020//7642
f 4170//7643 4021//7643 4171//7643
f 4149//7644 4021//7644 4170//7644
f 4171//7645 4022//7645 4023//7645
f 4021//7646 4022//7646 4171//7646
f 4023//7647 4148//7647 4024//7647
f 4022//7648 4148//7648 4023//7648
f 4024//7649 4147//7649 4172//7649
f 4148//7650 4147//7650 4024//7650
f 4172//7651 4146//7651 4173//7651
f 4147//7652 4146//7652 4172//7652
f 4146//7653 4025//7653 4173//7653
f 4173//7654 4025//7654 4026//7654
f 4025//7655 4027//7655 4026//7655
f 4026//7656 4027//7656 4174//7656
f 4027//7657 4028//7657 4174//7657
f 4174//7658 4028//7658 4029//7658
f 4028//7659 4030//7659 4029//7659
f 4029//7660 4030//7660 4175//7660
f 4030//7661 4031//7661 4175//7661
f 4175//7662 4031//7662 4032//7662
f 4031//7663 4033//7663 4032//7663
f 4032//7664 4033//7664 4034//7664
f 4033//7665 4145//7665 4034//7665
f 4034//7666 4145//7666 4035//7666
f 4145//7667 4144//7667 4035//7667
f 4035//7668 4144//7668 4036//7668
f 4144//7669 4037//7669 4036//7669
f 4036//7670 4037//7670 4038//7670
f 4037//7671 4039//7671 4038//7671
f 4038//7672 4039//7672 4040//7672
f 4039//7673 4041//7673 4040//7673
f 4042//7674 2153//7674 4209//7674
f 4043//7675 2153//7675 4042//7675
f 4044//7676 2153//7676 4043//7676
f 4045//7677 2153//7677 4044//7677
f 4046//7678 2153//7678 4045//7678
f 4208//7679 2153//7679 4046//7679
f 4047//7680 2153//7680 4208//7680
f 4207//7681 2153//7681 4047//7681
f 4048//7682 2153//7682 4207//7682
f 4206//7683 2153//7683 4048//7683
f 4049//7684 2153//7684 4206//7684
f 4050//7685 2153//7685 4049//7685
f 4051//7686 2153//7686 4050//7686
f 4052//7687 2153//7687 4051//7687
f 4053//7688 2153//7688 4052//7688
f 4054//7689 2153//7689 4053//7689
f 4055//7690 2153//7690 4054//7690
f 4056//7691 2153//7691 4055//7691
f 4057//7692 2153//7692 4056//7692
f 4058//7693 2153//7693 4057//7693
f 4059//7694 2153//7694 4058//7694
f 4209//7695 2153//7695 2508//7695
f 4040//7696 4143//7696 4060//7696
f 4041//7697 4143//7697 4040//7697
f 4143//7698 4061//7698 4060//7698
f 4060//7699 4061//7699 4176//7699
f 4059//7700 4062//7700 2153//7700
f 4063//7701 4062//7701 4059//7701
f 4061//7702 4142//7702 4176//7702
f 4176//7703 4142//7703 4064//7703
f 4065//7704 4066//7704 4063//7704
f 4063//7705 4066//7705 4062//7705
f 4142//7706 4141//7706 4064//7706
f 4064//7707 4141//7707 4177//7707
f 4067//7708 4123//7708 4065//7708
f 4065//7709 4123//7709 4066//7709
f 4141//7710 4140//7710 4177//7710
f 4177//7711 4140//7711 4178//7711
f 4067//7712 4068//7712 4123//7712
f 4205//7713 4068//7713 4067//7713
f 4140//7714 4139//7714 4178//7714
f 4178//7715 4139//7715 4179//7715
f 4205//7716 4069//7716 4068//7716
f 4204//7717 4069//7717 4205//7717
f 4139//7718 4070//7718 4179//7718
f 4179//7719 4070//7719 4180//7719
f 4203//7720 4124//7720 4204//7720
f 4204//7721 4124//7721 4069//7721
f 4070//7722 4071//7722 4180//7722
f 4180//7723 4071//7723 4181//7723
f 4203//7724 4125//7724 4124//7724
f 4202//7725 4125//7725 4203//7725
f 4071//7726 4138//7726 4181//7726
f 4181//7727 4138//7727 4072//7727
f 4201//7728 4126//7728 4202//7728
f 4202//7729 4126//7729 4125//7729
f 4138//7730 4073//7730 4072//7730
f 4072//7731 4073//7731 4074//7731
f 4200//7732 4127//7732 4201//7732
f 4201//7733 4127//7733 4126//7733
f 4073//7734 4075//7734 4074//7734
f 4074//7735 4075//7735 4182//7735
f 4076//7736 4077//7736 4200//7736
f 4200//7737 4077//7737 4127//7737
f 4075//7738 4078//7738 4182//7738
f 4182//7739 4078//7739 4079//7739
f 4080//7740 4128//7740 4076//7740
f 4076//7741 4128//7741 4077//7741
f 4078//7742 4137//7742 4079//7742
f 4079//7743 4137//7743 4081//7743
f 4082//7744 4083//7744 4080//7744
f 4080//7745 4083//7745 4128//7745
f 4137//7746 4136//7746 4081//7746
f 4081//7747 4136//7747 4084//7747
f 4199//7748 4129//7748 4082//7748
f 4082//7749 4129//7749 4083//7749
f 4084//7750 4135//7750 4183//7750
f 4136//7751 4135//7751 4084//7751
f 4198//7752 4085//7752 4199//7752
f 4199//7753 4085//7753 4129//7753
f 4183//7754 4134//7754 4086//7754
f 4135//7755 4134//7755 4183//7755
f 4197//7756 4087//7756 4198//7756
f 4198//7757 4087//7757 4085//7757
f 4086//7758 4088//7758 4089//7758
f 4134//7759 4088//7759 4086//7759
f 4090//7760 4091//7760 4197//7760
f 4197//7761 4091//7761 4087//7761
f 4089//7762 4092//7762 4184//7762
f 4088//7763 4092//7763 4089//7763
f 4090//7764 4093//7764 4091//7764
f 4094//7765 4093//7765 4090//7765
f 4184//7766 4133//7766 4095//7766
f 4092//7767 4133//7767 4184//7767
f 4096//7768 4097//7768 4094//7768
f 4094//7769 4097//7769 4093//7769
f 4095//7770 4098//7770 4185//7770
f 4133//7771 4098//7771 4095//7771
f 4099//7772 4100//7772 4096//7772
f 4096//7773 4100//7773 4097//7773
f 4098//7774 4101//7774 4185//7774
f 4185//7775 4101//7775 4186//7775
f 4196//7776 4102//7776 4099//7776
f 4099//7777 4102//7777 4100//7777
f 4101//7778 4103//7778 4186//7778
f 4186//7779 4103//7779 4104//7779
f 4196//7780 4105//7780 4102//7780
f 4195//7781 4105//7781 4196//7781
f 4103//7782 4106//7782 4104//7782
f 4104//7783 4106//7783 4187//7783
f 4195//7784 4107//7784 4105//7784
f 4194//7785 4107//7785 4195//7785
f 4106//7786 4132//7786 4187//7786
f 4193//7787 4108//7787 4194//7787
f 4194//7788 4108//7788 4107//7788
f 4132//7789 4109//7789 4187//7789
f 4187//7790 4109//7790 4110//7790
f 4193//7791 4111//7791 4108//7791
f 4192//7792 4111//7792 4193//7792
f 4109//7793 4131//7793 4110//7793
f 4110//7794 4131//7794 4188//7794
f 4192//7795 4112//7795 4111//7795
f 4191//7796 4112//7796 4192//7796
f 4131//7797 4130//7797 4188//7797
f 4188//7798 4130//7798 4113//7798
f 4191//7799 4114//7799 4112//7799
f 4190//7800 4114//7800 4191//7800
f 4130//7801 4115//7801 4113//7801
f 4113//7802 4115//7802 4116//7802
f 4190//7803 4117//7803 4114//7803
f 4189//7804 4117//7804 4190//7804
f 4115//7805 4118//7805 4116//7805
f 4116//7806 4118//7806 4119//7806
f 4189//7807 4120//7807 4117//7807
f 4121//7808 4120//7808 4189//7808
f 4118//7809 4122//7809 4119//7809
f 4121//7810 4122//7810 4120//7810
f 4119//7811 4122//7811 4121//7811
f 2265//7812 2153//7812 4062//7812
f 2265//7813 2269//7813 2153//7813
f 2261//7814 4062//7814 4066//7814
f 2261//7815 2265//7815 4062//7815
f 2257//7816 4066//7816 4123//7816
f 2257//7817 2261//7817 4066//7817
f 2253//7818 4123//7818 4068//7818
f 2253//7819 2257//7819 4123//7819
f 2249//7820 4068//7820 4069//7820
f 2249//7821 4069//7821 4124//7821
f 2249//7822 2253//7822 4068//7822
f 2245//7823 2249//7823 4124//7823
f 2241//7824 4124//7824 4125//7824
f 2241//7825 4125//7825 4126//7825
f 2241//7826 2245//7826 4124//7826
f 2237//7827 2241//7827 4126//7827
f 2233//7828 4126//7828 4127//7828
f 2233//7829 2237//7829 4126//7829
f 2229//7830 4127//7830 4077//7830
f 2229//7831 4077//7831 4128//7831
f 2229//7832 2233//7832 4127//7832
f 2225//7833 2229//7833 4128//7833
f 2221//7834 4128//7834 4083//7834
f 2221//7835 2225//7835 4128//7835
f 2217//7836 4083//7836 4129//7836
f 2217//7837 2221//7837 4083//7837
f 2213//7838 4129//7838 4085//7838
f 2213//7839 4085//7839 4087//7839
f 2213//7840 2217//7840 4129//7840
f 2209//7841 2213//7841 4087//7841
f 2205//7842 4087//7842 4091//7842
f 2205//7843 4091//7843 4093//7843
f 2205//7844 2209//7844 4087//7844
f 2201//7845 2205//7845 4093//7845
f 2197//7846 4093//7846 4097//7846
f 2197//7847 2201//7847 4093//7847
f 2193//7848 4097//7848 4100//7848
f 2193//7849 2197//7849 4097//7849
f 2189//7850 4100//7850 4102//7850
f 2189//7851 4102//7851 4105//7851
f 2189//7852 2193//7852 4100//7852
f 2185//7853 2189//7853 4105//7853
f 2181//7854 2185//7854 4105//7854
f 2181//7855 4105//7855 4107//7855
f 2181//7856 4107//7856 4108//7856
f 2177//7857 2181//7857 4108//7857
f 2173//7858 2177//7858 4108//7858
f 2173//7859 4108//7859 4111//7859
f 2169//7860 2173//7860 4111//7860
f 2169//7861 4111//7861 4112//7861
f 2163//7862 4112//7862 4114//7862
f 2163//7863 2169//7863 4112//7863
f 2161//7864 4114//7864 4117//7864
f 2161//7865 2163//7865 4114//7865
f 2155//7866 4117//7866 4120//7866
f 2155//7867 4120//7867 4122//7867
f 2155//7868 2161//7868 4117//7868
f 2156//7869 2155//7869 4122//7869
f 2157//7870 4122//7870 4118//7870
f 2157//7871 2156//7871 4122//7871
f 2159//7872 4118//7872 4115//7872
f 2159//7873 4115//7873 4130//7873
f 2159//7874 2157//7874 4118//7874
f 2165//7875 2159//7875 4130//7875
f 2167//7876 4130//7876 4131//7876
f 2167//7877 2165//7877 4130//7877
f 2171//7878 4131//7878 4109//7878
f 2171//7879 2167//7879 4131//7879
f 2175//7880 4109//7880 4132//7880
f 2175//7881 4132//7881 4106//7881
f 2175//7882 2171//7882 4109//7882
f 2179//7883 2175//7883 4106//7883
f 2183//7884 4106//7884 4103//7884
f 2183//7885 2179//7885 4106//7885
f 2187//7886 4103//7886 4101//7886
f 2187//7887 2183//7887 4103//7887
f 2191//7888 4101//7888 4098//7888
f 2191//7889 4098//7889 4133//7889
f 2191//7890 2187//7890 4101//7890
f 2195//7891 2191//7891 4133//7891
f 2199//7892 4133//7892 4092//7892
f 2199//7893 2195//7893 4133//7893
f 2203//7894 4092//7894 4088//7894
f 2203//7895 2199//7895 4092//7895
f 2207//7896 4088//7896 4134//7896
f 2207//7897 4134//7897 4135//7897
f 2207//7898 2203//7898 4088//7898
f 2211//7899 4135//7899 4136//7899
f 2211//7900 2207//7900 4135//7900
f 2215//7901 2211//7901 4136//7901
f 2215//7902 4136//7902 4137//7902
f 2219//7903 2215//7903 4137//7903
f 2223//7904 2219//7904 4137//7904
f 2223//7905 4137//7905 4078//7905
f 2223//7906 4078//7906 4075//7906
f 2227//7907 2223//7907 4075//7907
f 2231//7908 2227//7908 4075//7908
f 2231//7909 4075//7909 4073//7909
f 2231//7910 4073//7910 4138//7910
f 2235//7911 2231//7911 4138//7911
f 2235//7912 4138//7912 4071//7912
f 2239//7913 2235//7913 4071//7913
f 2243//7914 2239//7914 4071//7914
f 2243//7915 4071//7915 4070//7915
f 2247//7916 2243//7916 4070//7916
f 2247//7917 4070//7917 4139//7917
f 2251//7918 2247//7918 4139//7918
f 2251//7919 4139//7919 4140//7919
f 2255//7920 2251//7920 4140//7920
f 2255//7921 4140//7921 4141//7921
f 2255//7922 4141//7922 4142//7922
f 2259//7923 2255//7923 4142//7923
f 2263//7924 2259//7924 4142//7924
f 2263//7925 4142//7925 4061//7925
f 2267//7926 2263//7926 4061//7926
f 2267//7927 4061//7927 4143//7927
f 2271//7928 4041//7928 4039//7928
f 2272//7929 2271//7929 4039//7929
f 2275//7930 4039//7930 4037//7930
f 2275//7931 2272//7931 4039//7931
f 2278//7932 4037//7932 4144//7932
f 2278//7933 2275//7933 4037//7933
f 2281//7934 4144//7934 4145//7934
f 2281//7935 2278//7935 4144//7935
f 2284//7936 4145//7936 4033//7936
f 2284//7937 2281//7937 4145//7937
f 2287//7938 4033//7938 4031//7938
f 2287//7939 2284//7939 4033//7939
f 2290//7940 4031//7940 4030//7940
f 2290//7941 4030//7941 4028//7941
f 2290//7942 2287//7942 4031//7942
f 2293//7943 2290//7943 4028//7943
f 2296//7944 4028//7944 4027//7944
f 2296//7945 2293//7945 4028//7945
f 2299//7946 4027//7946 4025//7946
f 2299//7947 2296//7947 4027//7947
f 2302//7948 4025//7948 4146//7948
f 2302//7949 4146//7949 4147//7949
f 2302//7950 2299//7950 4025//7950
f 2305//7951 2302//7951 4147//7951
f 2308//7952 4147//7952 4148//7952
f 2308//7953 4148//7953 4022//7953
f 2308//7954 2305//7954 4147//7954
f 2311//7955 2308//7955 4022//7955
f 2314//7956 4022//7956 4021//7956
f 2314//7957 4021//7957 4149//7957
f 2314//7958 2311//7958 4022//7958
f 2317//7959 2314//7959 4149//7959
f 2320//7960 4149//7960 4019//7960
f 2320//7961 2317//7961 4149//7961
f 2323//7962 4019//7962 4017//7962
f 2323//7963 4017//7963 4015//7963
f 2323//7964 2320//7964 4019//7964
f 2326//7965 2323//7965 4015//7965
f 2329//7966 4015//7966 4150//7966
f 2329//7967 2326//7967 4015//7967
f 2332//7968 2329//7968 4150//7968
f 2332//7969 4150//7969 4151//7969
f 2335//7970 2332//7970 4151//7970
f 2335//7971 4151//7971 4012//7971
f 2335//7972 4012//7972 4010//7972
f 2338//7973 2335//7973 4010//7973
f 2341//7974 2338//7974 4010//7974
f 2341//7975 4010//7975 4008//7975
f 2344//7976 2341//7976 4008//7976
f 2344//7977 4008//7977 4152//7977
f 2347//7978 4152//7978 4005//7978
f 2347//7979 2344//7979 4152//7979
f 2350//7980 4005//7980 4153//7980
f 2350//7981 2347//7981 4005//7981
f 2353//7982 4153//7982 4000//7982
f 2353//7983 2350//7983 4153//7983
f 2357//7984 4000//7984 4154//7984
f 2357//7985 2353//7985 4000//7985
f 2360//7986 4154//7986 3996//7986
f 2360//7987 3996//7987 3993//7987
f 2360//7988 2357//7988 4154//7988
f 2364//7989 2360//7989 3993//7989
f 2368//7990 3993//7990 4155//7990
f 2368//7991 2364//7991 3993//7991
f 2371//7992 4155//7992 3990//7992
f 2371//7993 2368//7993 4155//7993
f 2375//7994 3990//7994 3988//7994
f 2375//7995 2371//7995 3990//7995
f 2379//7996 3988//7996 3985//7996
f 2379//7997 3985//7997 3982//7997
f 2379//7998 2375//7998 3988//7998
f 2382//7999 3982//7999 3979//7999
f 2382//8000 2379//8000 3982//8000
f 2386//8001 2382//8001 3979//8001
f 2390//8002 3979//8002 3976//8002
f 2390//8003 2386//8003 3979//8003
f 2394//8004 3976//8004 3975//8004
f 2394//8005 2390//8005 3976//8005
f 2396//8006 3975//8006 3972//8006
f 2396//8007 2394//8007 3975//8007
f 2398//8008 3972//8008 3969//8008
f 2398//8009 2396//8009 3972//8009
f 2400//8010 3969//8010 4156//8010
f 2400//8011 2398//8011 3969//8011
f 2402//8012 4156//8012 4157//8012
f 2402//8013 2400//8013 4156//8013
f 2404//8014 4157//8014 4158//8014
f 2404//8015 4158//8015 4159//8015
f 2404//8016 2402//8016 4157//8016
f 2406//8017 2404//8017 4159//8017
f 2408//8018 2406//8018 4159//8018
f 2408//8019 4159//8019 4160//8019
f 2408//8020 4160//8020 4161//8020
f 2410//8021 2408//8021 4161//8021
f 2411//8022 2410//8022 4161//8022
f 2411//8023 4161//8023 3955//8023
f 2413//8024 2411//8024 3955//8024
f 2413//8025 3955//8025 3953//8025
f 2415//8026 2413//8026 3953//8026
f 2415//8027 3953//8027 3951//8027
f 2417//8028 2415//8028 3951//8028
f 2417//8029 3951//8029 3949//8029
f 2417//8030 3949//8030 3948//8030
f 2419//8031 2417//8031 3948//8031
f 2419//8032 3948//8032 3946//8032
f 2421//8033 2419//8033 3946//8033
f 2423//8034 2421//8034 3946//8034
f 2423//8035 3946//8035 4162//8035
f 2423//8036 4162//8036 3943//8036
f 2425//8037 2423//8037 3943//8037
f 2427//8038 2425//8038 3943//8038
f 2427//8039 3943//8039 3942//8039
f 2427//8040 3942//8040 3939//8040
f 2429//8041 2427//8041 3939//8041
f 2431//8042 2429//8042 3939//8042
f 2431//8043 3939//8043 2501//8043
f 2267//8044 4143//8044 2271//8044
f 2271//8045 4143//8045 4041//8045
f 2436//8046 3938//8046 2430//8046
f 3938//8047 3940//8047 2430//8047
f 2430//8048 3940//8048 2428//8048
f 3940//8049 3941//8049 2428//8049
f 2428//8050 3941//8050 2426//8050
f 3941//8051 3944//8051 2426//8051
f 2426//8052 3944//8052 2424//8052
f 3944//8053 3945//8053 2424//8053
f 2424//8054 3945//8054 2422//8054
f 3945//8055 3947//8055 2422//8055
f 2422//8056 3947//8056 2420//8056
f 3947//8057 4163//8057 2420//8057
f 2420//8058 4163//8058 2418//8058
f 2418//8059 3950//8059 2416//8059
f 4163//8060 3950//8060 2418//8060
f 2416//8061 3952//8061 2414//8061
f 3950//8062 3952//8062 2416//8062
f 2414//8063 3954//8063 2412//8063
f 3952//8064 3954//8064 2414//8064
f 2412//8065 4164//8065 2409//8065
f 3954//8066 4164//8066 2412//8066
f 4164//8067 3961//8067 2409//8067
f 2409//8068 3961//8068 2407//8068
f 3961//8069 3963//8069 2407//8069
f 2407//8070 3963//8070 2405//8070
f 3963//8071 4165//8071 2405//8071
f 2405//8072 4165//8072 2403//8072
f 4165//8073 3966//8073 2403//8073
f 2403//8074 3966//8074 2401//8074
f 3966//8075 4166//8075 2401//8075
f 2401//8076 4166//8076 2399//8076
f 4166//8077 3970//8077 2399//8077
f 2399//8078 3970//8078 2397//8078
f 3970//8079 3973//8079 2397//8079
f 2397//8080 3973//8080 2395//8080
f 3973//8081 3974//8081 2395//8081
f 2395//8082 3974//8082 2391//8082
f 3974//8083 4167//8083 2391//8083
f 2391//8084 4167//8084 2387//8084
f 4167//8085 3978//8085 2387//8085
f 2387//8086 3978//8086 2383//8086
f 3978//8087 3981//8087 2383//8087
f 2383//8088 3981//8088 2380//8088
f 3981//8089 3984//8089 2380//8089
f 2380//8090 3984//8090 2376//8090
f 3984//8091 3987//8091 2376//8091
f 2376//8092 3987//8092 2372//8092
f 3987//8093 3989//8093 2372//8093
f 2372//8094 3989//8094 2369//8094
f 3989//8095 3992//8095 2369//8095
f 2369//8096 3992//8096 2365//8096
f 3992//8097 3994//8097 2365//8097
f 2365//8098 3994//8098 2361//8098
f 2361//8099 3995//8099 2358//8099
f 3994//8100 3995//8100 2361//8100
f 3995//8101 3997//8101 2358//8101
f 2358//8102 3997//8102 2355//8102
f 2355//8103 3998//8103 2352//8103
f 3997//8104 3998//8104 2355//8104
f 2352//8105 4001//8105 2349//8105
f 3998//8106 4001//8106 2352//8106
f 2349//8107 4004//8107 2346//8107
f 4001//8108 4004//8108 2349//8108
f 2346//8109 4168//8109 2343//8109
f 4004//8110 4168//8110 2346//8110
f 2343//8111 4006//8111 2340//8111
f 4168//8112 4006//8112 2343//8112
f 2340//8113 4009//8113 2337//8113
f 4006//8114 4009//8114 2340//8114
f 4009//8115 4011//8115 2337//8115
f 2337//8116 4011//8116 2334//8116
f 4011//8117 4013//8117 2334//8117
f 2334//8118 4013//8118 2331//8118
f 4013//8119 4169//8119 2331//8119
f 2331//8120 4169//8120 2328//8120
f 4169//8121 4014//8121 2328//8121
f 2328//8122 4014//8122 2325//8122
f 4014//8123 4016//8123 2325//8123
f 2325//8124 4016//8124 2322//8124
f 4016//8125 4018//8125 2322//8125
f 2322//8126 4018//8126 2319//8126
f 4018//8127 4020//8127 2319//8127
f 2319//8128 4020//8128 2316//8128
f 4020//8129 4170//8129 2316//8129
f 2316//8130 4170//8130 2313//8130
f 4170//8131 4171//8131 2313//8131
f 2313//8132 4171//8132 2310//8132
f 4171//8133 4023//8133 2310//8133
f 2310//8134 4023//8134 2307//8134
f 4023//8135 4024//8135 2307//8135
f 2307//8136 4024//8136 2304//8136
f 4024//8137 4172//8137 2304//8137
f 2304//8138 4172//8138 2301//8138
f 4172//8139 4173//8139 2301//8139
f 2301//8140 4173//8140 2298//8140
f 2298//8141 4026//8141 2295//8141
f 4173//8142 4026//8142 2298//8142
f 4026//8143 4174//8143 2295//8143
f 2295//8144 4174//8144 2292//8144
f 2292//8145 4029//8145 2289//8145
f 4174//8146 4029//8146 2292//8146
f 2289//8147 4175//8147 2286//8147
f 4029//8148 4175//8148 2289//8148
f 2286//8149 4032//8149 2283//8149
f 4175//8150 4032//8150 2286//8150
f 2283//8151 4034//8151 2280//8151
f 4032//8152 4034//8152 2283//8152
f 2280//8153 4035//8153 2277//8153
f 4034//8154 4035//8154 2280//8154
f 2277//8155 4036//8155 2274//8155
f 4035//8156 4036//8156 2277//8156
f 2274//8157 4038//8157 2270//8157
f 4036//8158 4038//8158 2274//8158
f 2270//8159 4040//8159 2266//8159
f 4038//8160 4040//8160 2270//8160
f 2266//8161 4060//8161 2262//8161
f 4040//8162 4060//8162 2266//8162
f 2262//8163 4176//8163 2258//8163
f 4060//8164 4176//8164 2262//8164
f 4176//8165 4064//8165 2258//8165
f 2258//8166 4064//8166 2254//8166
f 4064//8167 4177//8167 2254//8167
f 2254//8168 4177//8168 2250//8168
f 4177//8169 4178//8169 2250//8169
f 2250//8170 4178//8170 2246//8170
f 4178//8171 4179//8171 2246//8171
f 2246//8172 4179//8172 2242//8172
f 4179//8173 4180//8173 2242//8173
f 2242//8174 4180//8174 2238//8174
f 4180//8175 4181//8175 2238//8175
f 2238//8176 4181//8176 2234//8176
f 4181//8177 4072//8177 2234//8177
f 2234//8178 4072//8178 2230//8178
f 4072//8179 4074//8179 2230//8179
f 2230//8180 4074//8180 2226//8180
f 2226//8181 4182//8181 2222//8181
f 4074//8182 4182//8182 2226//8182
f 4182//8183 4079//8183 2222//8183
f 2222//8184 4079//8184 2218//8184
f 2218//8185 4081//8185 2214//8185
f 4079//8186 4081//8186 2218//8186
f 2214//8187 4084//8187 2210//8187
f 4081//8188 4084//8188 2214//8188
f 2210//8189 4183//8189 2206//8189
f 4084//8190 4183//8190 2210//8190
f 2206//8191 4086//8191 2202//8191
f 4183//8192 4086//8192 2206//8192
f 2202//8193 4089//8193 2198//8193
f 4086//8194 4089//8194 2202//8194
f 2198//8195 4184//8195 2194//8195
f 4089//8196 4184//8196 2198//8196
f 2194//8197 4095//8197 2190//8197
f 4184//8198 4095//8198 2194//8198
f 2190//8199 4185//8199 2186//8199
f 4095//8200 4185//8200 2190//8200
f 2186//8201 4186//8201 2182//8201
f 4185//8202 4186//8202 2186//8202
f 2182//8203 4104//8203 2178//8203
f 4186//8204 4104//8204 2182//8204
f 2178//8205 4187//8205 2174//8205
f 4104//8206 4187//8206 2178//8206
f 2174//8207 4110//8207 2170//8207
f 4187//8208 4110//8208 2174//8208
f 2170//8209 4188//8209 2166//8209
f 4110//8210 4188//8210 2170//8210
f 2166//8211 4113//8211 2164//8211
f 4188//8212 4113//8212 2166//8212
f 2164//8213 4116//8213 2158//8213
f 4113//8214 4116//8214 2164//8214
f 2158//8215 4119//8215 2154//8215
f 4116//8216 4119//8216 2158//8216
f 2154//8217 4121//8217 2160//8217
f 4119//8218 4121//8218 2154//8218
f 4121//8219 4189//8219 2160//8219
f 2160//8220 4189//8220 2162//8220
f 2162//8221 4190//8221 2168//8221
f 4189//8222 4190//8222 2162//8222
f 4190//8223 4191//8223 2168//8223
f 2168//8224 4191//8224 2172//8224
f 2172//8225 4192//8225 2176//8225
f 4191//8226 4192//8226 2172//8226
f 2176//8227 4193//8227 2180//8227
f 4192//8228 4193//8228 2176//8228
f 2180//8229 4194//8229 2184//8229
f 4193//8230 4194//8230 2180//8230
f 2184//8231 4195//8231 2188//8231
f 4194//8232 4195//8232 2184//8232
f 2188//8233 4196//8233 2192//8233
f 4195//8234 4196//8234 2188//8234
f 2192//8235 4099//8235 2196//8235
f 4196//8236 4099//8236 2192//8236
f 2196//8237 4096//8237 2200//8237
f 4099//8238 4096//8238 2196//8238
f 2200//8239 4094//8239 2204//8239
f 4096//8240 4094//8240 2200//8240
f 2204//8241 4090//8241 2208//8241
f 4094//8242 4090//8242 2204//8242
f 2208//8243 4197//8243 2212//8243
f 4090//8244 4197//8244 2208//8244
f 4197//8245 4198//8245 2212//8245
f 2212//8246 4198//8246 2216//8246
f 4198//8247 4199//8247 2216//8247
f 2216//8248 4199//8248 2220//8248
f 4199//8249 4082//8249 2220//8249
f 2220//8250 4082//8250 2224//8250
f 4082//8251 4080//8251 2224//8251
f 2224//8252 4080//8252 2228//8252
f 4080//8253 4076//8253 2228//8253
f 2228//8254 4076//8254 2232//8254
f 4076//8255 4200//8255 2232//8255
f 2232//8256 4200//8256 2236//8256
f 4200//8257 4201//8257 2236//8257
f 2236//8258 4201//8258 2240//8258
f 4201//8259 4202//8259 2240//8259
f 2240//8260 4202//8260 2244//8260
f 2244//8261 4203//8261 2248//8261
f 4202//8262 4203//8262 2244//8262
f 2248//8263 4204//8263 2252//8263
f 4203//8264 4204//8264 2248//8264
f 2252//8265 4205//8265 2256//8265
f 4204//8266 4205//8266 2252//8266
f 2256//8267 4067//8267 2260//8267
f 4205//8268 4067//8268 2256//8268
f 4067//8269 4065//8269 2260//8269
f 2260//8270 4065//8270 2264//8270
f 4065//8271 4063//8271 2264//8271
f 2264//8272 4063//8272 2268//8272
f 4063//8273 4059//8273 2268//8273
f 2268//8274 4059//8274 2273//8274
f 4059//8275 4058//8275 2273//8275
f 2273//8276 4058//8276 2276//8276
f 4058//8277 4057//8277 2276//8277
f 2276//8278 4057//8278 2279//8278
f 4057//8279 4056//8279 2279//8279
f 2279//8280 4056//8280 2282//8280
f 4056//8281 4055//8281 2282//8281
f 2282//8282 4055//8282 2285//8282
f 4055//8283 4054//8283 2285//8283
f 2285//8284 4054//8284 2288//8284
f 4054//8285 4053//8285 2288//8285
f 2288//8286 4053//8286 2291//8286
f 4053//8287 4052//8287 2291//8287
f 2291//8288 4052//8288 2294//8288
f 4052//8289 4051//8289 2294//8289
f 2294//8290 4051//8290 2297//8290
f 4051//8291 4050//8291 2297//8291
f 2297//8292 4050//8292 2300//8292
f 4050//8293 4049//8293 2300//8293
f 2300//8294 4049//8294 2303//8294
f 4049//8295 4206//8295 2303//8295
f 2303//8296 4206//8296 2306//8296
f 4206//8297 4048//8297 2306//8297
f 2306//8298 4048//8298 2309//8298
f 4048//8299 4207//8299 2309//8299
f 2309//8300 4207//8300 2312//8300
f 2312//8301 4047//8301 2315//8301
f 4207//8302 4047//8302 2312//8302
f 4047//8303 4208//8303 2315//8303
f 2315//8304 4208//8304 2318//8304
f 2318//8305 4046//8305 2321//8305
f 4208//8306 4046//8306 2318//8306
f 2321//8307 4045//8307 2324//8307
f 4046//8308 4045//8308 2321//8308
f 2324//8309 4044//8309 2327//8309
f 4045//8310 4044//8310 2324//8310
f 2327//8311 4043//8311 2330//8311
f 4044//8312 4043//8312 2327//8312
f 2330//8313 4042//8313 2333//8313
f 4043//8314 4042//8314 2330//8314
f 2333//8315 4209//8315 2336//8315
f 4042//8316 4209//8316 2333//8316
f 4209//8317 4007//8317 2336//8317
f 2336//8318 4007//8318 2339//8318
f 4007//8319 4210//8319 2339//8319
f 2339//8320 4210//8320 2342//8320
f 4210//8321 4211//8321 2342//8321
f 2342//8322 4211//8322 2345//8322
f 4211//8323 4212//8323 2345//8323
f 2345//8324 4212//8324 2348//8324
f 4212//8325 4003//8325 2348//8325
f 2348//8326 4003//8326 2351//8326
f 4003//8327 4002//8327 2351//8327
f 2351//8328 4002//8328 2354//8328
f 4002//8329 3999//8329 2354//8329
f 2354//8330 3999//8330 2356//8330
f 3999//8331 4213//8331 2356//8331
f 2356//8332 4213//8332 2359//8332
f 4213//8333 4214//8333 2359//8333
f 2359//8334 4214//8334 2362//8334
f 4214//8335 4215//8335 2362//8335
f 2362//8336 4215//8336 2363//8336
f 4215//8337 4216//8337 2363//8337
f 2363//8338 4216//8338 2366//8338
f 4216//8339 3991//8339 2366//8339
f 2366//8340 3991//8340 2367//8340
f 3991//8341 4217//8341 2367//8341
f 2367//8342 4217//8342 2370//8342
f 4217//8343 3986//8343 2370//8343
f 2370//8344 3986//8344 2373//8344
f 2373//8345 3983//8345 2374//8345
f 3986//8346 3983//8346 2373//8346
f 2374//8347 3980//8347 2377//8347
f 3983//8348 3980//8348 2374//8348
f 2377//8349 3977//8349 2378//8349
f 3980//8350 3977//8350 2377//8350
f 2378//8351 4218//8351 2381//8351
f 3977//8352 4218//8352 2378//8352
f 2381//8353 4219//8353 2384//8353
f 4218//8354 4219//8354 2381//8354
f 2384//8355 3971//8355 2385//8355
f 4219//8356 3971//8356 2384//8356
f 2385//8357 3968//8357 2388//8357
f 3971//8358 3968//8358 2385//8358
f 2388//8359 3967//8359 2389//8359
f 3968//8360 3967//8360 2388//8360
f 2389//8361 3965//8361 2392//8361
f 3967//8362 3965//8362 2389//8362
f 2392//8363 3964//8363 2393//8363
f 3965//8364 3964//8364 2392//8364
f 2393//8365 3962//8365 2500//8365
f 3964//8366 3962//8366 2393//8366
f 3962//8367 4220//8367 2500//8367
f 2500//8368 4220//8368 2499//8368
f 4220//8369 4221//8369 2499//8369
f 2499//8370 4221//8370 2498//8370
f 4221//8371 4222//8371 2498//8371
f 2498//8372 4222//8372 2497//8372
f 4222//8373 4223//8373 2497//8373
f 2497//8374 4223//8374 2496//8374
f 4223//8375 4224//8375 2496//8375
f 2496//8376 4224//8376 2495//8376
f 4224//8377 4225//8377 2495//8377
f 2495//8378 4225//8378 2494//8378
f 4225//8379 3960//8379 2494//8379
f 2494//8380 3960//8380 2493//8380
f 3960//8381 3959//8381 2493//8381
f 2493//8382 3959//8382 2492//8382
f 2492//8383 3958//8383 2491//8383
f 3959//8384 3958//8384 2492//8384
f 2491//8385 3957//8385 2490//8385
f 3958//8386 3957//8386 2491//8386
f 2490//8387 3956//8387 713//8387
f 3957//8388 3956//8388 2490//8388
f 3956//8389 3937//8389 713//8389
f 713//8390 3937//8390 2479//8390
f 3937//8391 4226//8391 2479//8391
f 2479//8392 4226//8392 2480//8392
f 2480//8393 4227//8393 2481//8393
f 4226//8394 4227//8394 2480//8394
f 2481//8395 4228//8395 2482//8395
f 4227//8396 4228//8396 2481//8396
f 2482//8397 4229//8397 2483//8397
f 4228//8398 4229//8398 2482//8398
f 2483//8399 3932//8399 2484//8399
f 4229//8400 3932//8400 2483//8400
f 2484//8401 3931//8401 2485//8401
f 3932//8402 3931//8402 2484//8402
f 2485//8403 3929//8403 2486//8403
f 3931//8404 3929//8404 2485//8404
f 2486//8405 3927//8405 2487//8405
f 3929//8406 3927//8406 2486//8406
f 2487//8407 3925//8407 2488//8407
f 3927//8408 3925//8408 2487//8408
f 2488//8409 3923//8409 2489//8409
f 3925//8410 3923//8410 2488//8410
f 2489//8411 3921//8411 2478//8411
f 3923//8412 3921//8412 2489//8412
f 2478//8413 3919//8413 2477//8413
f 3921//8414 3919//8414 2478//8414
f 2477//8415 3917//8415 2476//8415
f 3919//8416 3917//8416 2477//8416
f 2476//8417 4230//8417 2475//8417
f 3917//8418 4230//8418 2476//8418
f 4230//8419 3914//8419 2475//8419
f 2475//8420 3914//8420 2474//8420
f 3914//8421 4231//8421 2474//8421
f 2474//8422 4231//8422 2473//8422
f 4231//8423 3911//8423 2473//8423
f 2473//8424 3911//8424 2472//8424
f 3911//8425 3909//8425 2472//8425
f 2472//8426 3909//8426 2471//8426
f 3909//8427 3907//8427 2471//8427
f 2471//8428 3907//8428 2470//8428
f 3907//8429 4232//8429 2470//8429
f 2470//8430 4232//8430 2469//8430
f 4232//8431 4233//8431 2469//8431
f 2469//8432 4233//8432 2468//8432
f 4233//8433 4234//8433 2468//8433
f 2468//8434 4234//8434 2467//8434
f 4234//8435 3904//8435 2467//8435
f 2467//8436 3904//8436 2466//8436
f 2466//8437 3902//8437 2465//8437
f 3904//8438 3902//8438 2466//8438
f 2465//8439 3900//8439 2464//8439
f 3902//8440 3900//8440 2465//8440
f 2464//8441 4235//8441 2463//8441
f 3900//8442 4235//8442 2464//8442
f 2463//8443 4236//8443 2462//8443
f 4235//8444 4236//8444 2463//8444
f 2462//8445 4237//8445 2461//8445
f 4236//8446 4237//8446 2462//8446
f 2461//8447 4238//8447 2460//8447
f 4237//8448 4238//8448 2461//8448
f 2460//8449 3898//8449 2459//8449
f 4238//8450 3898//8450 2460//8450
f 2459//8451 3899//8451 2458//8451
f 3898//8452 3899//8452 2459//8452
f 2458//8453 3901//8453 2457//8453
f 3899//8454 3901//8454 2458//8454
f 2457//8455 3903//8455 2456//8455
f 3901//8456 3903//8456 2457//8456
f 2456//8457 4239//8457 2455//8457
f 3903//8458 4239//8458 2456//8458
f 2455//8459 3905//8459 2454//8459
f 4239//8460 3905//8460 2455//8460
f 2454//8461 3906//8461 2453//8461
f 3905//8462 3906//8462 2454//8462
f 2453//8463 4240//8463 2452//8463
f 3906//8464 4240//8464 2453//8464
f 2452//8465 3908//8465 2451//8465
f 4240//8466 3908//8466 2452//8466
f 2451//8467 3910//8467 2450//8467
f 3908//8468 3910//8468 2451//8468
f 3910//8469 3912//8469 2450//8469
f 2450//8470 3912//8470 2449//8470
f 3912//8471 3913//8471 2449//8471
f 2449//8472 3913//8472 2448//8472
f 3913//8473 3915//8473 2448//8473
f 2448//8474 3915//8474 2447//8474
f 3915//8475 3916//8475 2447//8475
f 2447//8476 3916//8476 2446//8476
f 2446//8477 3918//8477 2445//8477
f 3916//8478 3918//8478 2446//8478
f 2445//8479 3920//8479 2435//8479
f 3918//8480 3920//8480 2445//8480
f 2435//8481 3922//8481 2434//8481
f 3920//8482 3922//8482 2435//8482
f 2434//8483 3924//8483 2432//8483
f 3922//8484 3924//8484 2434//8484
f 2432//8485 3926//8485 2433//8485
f 3924//8486 3926//8486 2432//8486
f 2433//8487 3928//8487 2444//8487
f 3926//8488 3928//8488 2433//8488
f 2444//8489 3930//8489 2443//8489
f 3928//8490 3930//8490 2444//8490
f 2443//8491 4241//8491 2442//8491
f 3930//8492 4241//8492 2443//8492
f 2442//8493 3933//8493 2441//8493
f 4241//8494 3933//8494 2442//8494
f 2441//8495 3934//8495 2440//8495
f 3933//8496 3934//8496 2441//8496
f 2440//8497 3935//8497 2439//8497
f 3934//8498 3935//8498 2440//8498
f 2439//8499 4242//8499 2438//8499
f 3935//8500 4242//8500 2439//8500
f 2438//8501 3936//8501 2437//8501
f 4242//8502 3936//8502 2438//8502
f 3936//8503 3938//8503 2437//8503
f 2437//8504 3938//8504 2436//8504
